"scenario_index","scenario_id","replicate","seed"
1,"VD_B_N",1,20560001
1,"VD_B_N",2,20560002
1,"VD_B_N",3,20560003
1,"VD_B_N",4,20560004
1,"VD_B_N",5,20560005
1,"VD_B_N",6,20560006
1,"VD_B_N",7,20560007
1,"VD_B_N",8,20560008
1,"VD_B_N",9,20560009
1,"VD_B_N",10,20560010
1,"VD_B_N",11,20560011
1,"VD_B_N",12,20560012
1,"VD_B_N",13,20560013
1,"VD_B_N",14,20560014
1,"VD_B_N",15,20560015
1,"VD_B_N",16,20560016
1,"VD_B_N",17,20560017
1,"VD_B_N",18,20560018
1,"VD_B_N",19,20560019
1,"VD_B_N",20,20560020
1,"VD_B_N",21,20560021
1,"VD_B_N",22,20560022
1,"VD_B_N",23,20560023
1,"VD_B_N",24,20560024
1,"VD_B_N",25,20560025
1,"VD_B_N",26,20560026
1,"VD_B_N",27,20560027
1,"VD_B_N",28,20560028
1,"VD_B_N",29,20560029
1,"VD_B_N",30,20560030
1,"VD_B_N",31,20560031
1,"VD_B_N",32,20560032
1,"VD_B_N",33,20560033
1,"VD_B_N",34,20560034
1,"VD_B_N",35,20560035
1,"VD_B_N",36,20560036
1,"VD_B_N",37,20560037
1,"VD_B_N",38,20560038
1,"VD_B_N",39,20560039
1,"VD_B_N",40,20560040
1,"VD_B_N",41,20560041
1,"VD_B_N",42,20560042
1,"VD_B_N",43,20560043
1,"VD_B_N",44,20560044
1,"VD_B_N",45,20560045
1,"VD_B_N",46,20560046
1,"VD_B_N",47,20560047
1,"VD_B_N",48,20560048
1,"VD_B_N",49,20560049
1,"VD_B_N",50,20560050
1,"VD_B_N",51,20560051
1,"VD_B_N",52,20560052
1,"VD_B_N",53,20560053
1,"VD_B_N",54,20560054
1,"VD_B_N",55,20560055
1,"VD_B_N",56,20560056
1,"VD_B_N",57,20560057
1,"VD_B_N",58,20560058
1,"VD_B_N",59,20560059
1,"VD_B_N",60,20560060
1,"VD_B_N",61,20560061
1,"VD_B_N",62,20560062
1,"VD_B_N",63,20560063
1,"VD_B_N",64,20560064
1,"VD_B_N",65,20560065
1,"VD_B_N",66,20560066
1,"VD_B_N",67,20560067
1,"VD_B_N",68,20560068
1,"VD_B_N",69,20560069
1,"VD_B_N",70,20560070
1,"VD_B_N",71,20560071
1,"VD_B_N",72,20560072
1,"VD_B_N",73,20560073
1,"VD_B_N",74,20560074
1,"VD_B_N",75,20560075
1,"VD_B_N",76,20560076
1,"VD_B_N",77,20560077
1,"VD_B_N",78,20560078
1,"VD_B_N",79,20560079
1,"VD_B_N",80,20560080
1,"VD_B_N",81,20560081
1,"VD_B_N",82,20560082
1,"VD_B_N",83,20560083
1,"VD_B_N",84,20560084
1,"VD_B_N",85,20560085
1,"VD_B_N",86,20560086
1,"VD_B_N",87,20560087
1,"VD_B_N",88,20560088
1,"VD_B_N",89,20560089
1,"VD_B_N",90,20560090
1,"VD_B_N",91,20560091
1,"VD_B_N",92,20560092
1,"VD_B_N",93,20560093
1,"VD_B_N",94,20560094
1,"VD_B_N",95,20560095
1,"VD_B_N",96,20560096
1,"VD_B_N",97,20560097
1,"VD_B_N",98,20560098
1,"VD_B_N",99,20560099
1,"VD_B_N",100,20560100
1,"VD_B_N",101,20560101
1,"VD_B_N",102,20560102
1,"VD_B_N",103,20560103
1,"VD_B_N",104,20560104
1,"VD_B_N",105,20560105
1,"VD_B_N",106,20560106
1,"VD_B_N",107,20560107
1,"VD_B_N",108,20560108
1,"VD_B_N",109,20560109
1,"VD_B_N",110,20560110
1,"VD_B_N",111,20560111
1,"VD_B_N",112,20560112
1,"VD_B_N",113,20560113
1,"VD_B_N",114,20560114
1,"VD_B_N",115,20560115
1,"VD_B_N",116,20560116
1,"VD_B_N",117,20560117
1,"VD_B_N",118,20560118
1,"VD_B_N",119,20560119
1,"VD_B_N",120,20560120
1,"VD_B_N",121,20560121
1,"VD_B_N",122,20560122
1,"VD_B_N",123,20560123
1,"VD_B_N",124,20560124
1,"VD_B_N",125,20560125
1,"VD_B_N",126,20560126
1,"VD_B_N",127,20560127
1,"VD_B_N",128,20560128
1,"VD_B_N",129,20560129
1,"VD_B_N",130,20560130
1,"VD_B_N",131,20560131
1,"VD_B_N",132,20560132
1,"VD_B_N",133,20560133
1,"VD_B_N",134,20560134
1,"VD_B_N",135,20560135
1,"VD_B_N",136,20560136
1,"VD_B_N",137,20560137
1,"VD_B_N",138,20560138
1,"VD_B_N",139,20560139
1,"VD_B_N",140,20560140
1,"VD_B_N",141,20560141
1,"VD_B_N",142,20560142
1,"VD_B_N",143,20560143
1,"VD_B_N",144,20560144
1,"VD_B_N",145,20560145
1,"VD_B_N",146,20560146
1,"VD_B_N",147,20560147
1,"VD_B_N",148,20560148
1,"VD_B_N",149,20560149
1,"VD_B_N",150,20560150
1,"VD_B_N",151,20560151
1,"VD_B_N",152,20560152
1,"VD_B_N",153,20560153
1,"VD_B_N",154,20560154
1,"VD_B_N",155,20560155
1,"VD_B_N",156,20560156
1,"VD_B_N",157,20560157
1,"VD_B_N",158,20560158
1,"VD_B_N",159,20560159
1,"VD_B_N",160,20560160
1,"VD_B_N",161,20560161
1,"VD_B_N",162,20560162
1,"VD_B_N",163,20560163
1,"VD_B_N",164,20560164
1,"VD_B_N",165,20560165
1,"VD_B_N",166,20560166
1,"VD_B_N",167,20560167
1,"VD_B_N",168,20560168
1,"VD_B_N",169,20560169
1,"VD_B_N",170,20560170
1,"VD_B_N",171,20560171
1,"VD_B_N",172,20560172
1,"VD_B_N",173,20560173
1,"VD_B_N",174,20560174
1,"VD_B_N",175,20560175
1,"VD_B_N",176,20560176
1,"VD_B_N",177,20560177
1,"VD_B_N",178,20560178
1,"VD_B_N",179,20560179
1,"VD_B_N",180,20560180
1,"VD_B_N",181,20560181
1,"VD_B_N",182,20560182
1,"VD_B_N",183,20560183
1,"VD_B_N",184,20560184
1,"VD_B_N",185,20560185
1,"VD_B_N",186,20560186
1,"VD_B_N",187,20560187
1,"VD_B_N",188,20560188
1,"VD_B_N",189,20560189
1,"VD_B_N",190,20560190
1,"VD_B_N",191,20560191
1,"VD_B_N",192,20560192
1,"VD_B_N",193,20560193
1,"VD_B_N",194,20560194
1,"VD_B_N",195,20560195
1,"VD_B_N",196,20560196
1,"VD_B_N",197,20560197
1,"VD_B_N",198,20560198
1,"VD_B_N",199,20560199
1,"VD_B_N",200,20560200
1,"VD_B_N",201,20560201
1,"VD_B_N",202,20560202
1,"VD_B_N",203,20560203
1,"VD_B_N",204,20560204
1,"VD_B_N",205,20560205
1,"VD_B_N",206,20560206
1,"VD_B_N",207,20560207
1,"VD_B_N",208,20560208
1,"VD_B_N",209,20560209
1,"VD_B_N",210,20560210
1,"VD_B_N",211,20560211
1,"VD_B_N",212,20560212
1,"VD_B_N",213,20560213
1,"VD_B_N",214,20560214
1,"VD_B_N",215,20560215
1,"VD_B_N",216,20560216
1,"VD_B_N",217,20560217
1,"VD_B_N",218,20560218
1,"VD_B_N",219,20560219
1,"VD_B_N",220,20560220
1,"VD_B_N",221,20560221
1,"VD_B_N",222,20560222
1,"VD_B_N",223,20560223
1,"VD_B_N",224,20560224
1,"VD_B_N",225,20560225
1,"VD_B_N",226,20560226
1,"VD_B_N",227,20560227
1,"VD_B_N",228,20560228
1,"VD_B_N",229,20560229
1,"VD_B_N",230,20560230
1,"VD_B_N",231,20560231
1,"VD_B_N",232,20560232
1,"VD_B_N",233,20560233
1,"VD_B_N",234,20560234
1,"VD_B_N",235,20560235
1,"VD_B_N",236,20560236
1,"VD_B_N",237,20560237
1,"VD_B_N",238,20560238
1,"VD_B_N",239,20560239
1,"VD_B_N",240,20560240
1,"VD_B_N",241,20560241
1,"VD_B_N",242,20560242
1,"VD_B_N",243,20560243
1,"VD_B_N",244,20560244
1,"VD_B_N",245,20560245
1,"VD_B_N",246,20560246
1,"VD_B_N",247,20560247
1,"VD_B_N",248,20560248
1,"VD_B_N",249,20560249
1,"VD_B_N",250,20560250
1,"VD_B_N",251,20560251
1,"VD_B_N",252,20560252
1,"VD_B_N",253,20560253
1,"VD_B_N",254,20560254
1,"VD_B_N",255,20560255
1,"VD_B_N",256,20560256
1,"VD_B_N",257,20560257
1,"VD_B_N",258,20560258
1,"VD_B_N",259,20560259
1,"VD_B_N",260,20560260
1,"VD_B_N",261,20560261
1,"VD_B_N",262,20560262
1,"VD_B_N",263,20560263
1,"VD_B_N",264,20560264
1,"VD_B_N",265,20560265
1,"VD_B_N",266,20560266
1,"VD_B_N",267,20560267
1,"VD_B_N",268,20560268
1,"VD_B_N",269,20560269
1,"VD_B_N",270,20560270
1,"VD_B_N",271,20560271
1,"VD_B_N",272,20560272
1,"VD_B_N",273,20560273
1,"VD_B_N",274,20560274
1,"VD_B_N",275,20560275
1,"VD_B_N",276,20560276
1,"VD_B_N",277,20560277
1,"VD_B_N",278,20560278
1,"VD_B_N",279,20560279
1,"VD_B_N",280,20560280
1,"VD_B_N",281,20560281
1,"VD_B_N",282,20560282
1,"VD_B_N",283,20560283
1,"VD_B_N",284,20560284
1,"VD_B_N",285,20560285
1,"VD_B_N",286,20560286
1,"VD_B_N",287,20560287
1,"VD_B_N",288,20560288
1,"VD_B_N",289,20560289
1,"VD_B_N",290,20560290
1,"VD_B_N",291,20560291
1,"VD_B_N",292,20560292
1,"VD_B_N",293,20560293
1,"VD_B_N",294,20560294
1,"VD_B_N",295,20560295
1,"VD_B_N",296,20560296
1,"VD_B_N",297,20560297
1,"VD_B_N",298,20560298
1,"VD_B_N",299,20560299
1,"VD_B_N",300,20560300
1,"VD_B_N",301,20560301
1,"VD_B_N",302,20560302
1,"VD_B_N",303,20560303
1,"VD_B_N",304,20560304
1,"VD_B_N",305,20560305
1,"VD_B_N",306,20560306
1,"VD_B_N",307,20560307
1,"VD_B_N",308,20560308
1,"VD_B_N",309,20560309
1,"VD_B_N",310,20560310
1,"VD_B_N",311,20560311
1,"VD_B_N",312,20560312
1,"VD_B_N",313,20560313
1,"VD_B_N",314,20560314
1,"VD_B_N",315,20560315
1,"VD_B_N",316,20560316
1,"VD_B_N",317,20560317
1,"VD_B_N",318,20560318
1,"VD_B_N",319,20560319
1,"VD_B_N",320,20560320
1,"VD_B_N",321,20560321
1,"VD_B_N",322,20560322
1,"VD_B_N",323,20560323
1,"VD_B_N",324,20560324
1,"VD_B_N",325,20560325
1,"VD_B_N",326,20560326
1,"VD_B_N",327,20560327
1,"VD_B_N",328,20560328
1,"VD_B_N",329,20560329
1,"VD_B_N",330,20560330
1,"VD_B_N",331,20560331
1,"VD_B_N",332,20560332
1,"VD_B_N",333,20560333
1,"VD_B_N",334,20560334
1,"VD_B_N",335,20560335
1,"VD_B_N",336,20560336
1,"VD_B_N",337,20560337
1,"VD_B_N",338,20560338
1,"VD_B_N",339,20560339
1,"VD_B_N",340,20560340
1,"VD_B_N",341,20560341
1,"VD_B_N",342,20560342
1,"VD_B_N",343,20560343
1,"VD_B_N",344,20560344
1,"VD_B_N",345,20560345
1,"VD_B_N",346,20560346
1,"VD_B_N",347,20560347
1,"VD_B_N",348,20560348
1,"VD_B_N",349,20560349
1,"VD_B_N",350,20560350
1,"VD_B_N",351,20560351
1,"VD_B_N",352,20560352
1,"VD_B_N",353,20560353
1,"VD_B_N",354,20560354
1,"VD_B_N",355,20560355
1,"VD_B_N",356,20560356
1,"VD_B_N",357,20560357
1,"VD_B_N",358,20560358
1,"VD_B_N",359,20560359
1,"VD_B_N",360,20560360
1,"VD_B_N",361,20560361
1,"VD_B_N",362,20560362
1,"VD_B_N",363,20560363
1,"VD_B_N",364,20560364
1,"VD_B_N",365,20560365
1,"VD_B_N",366,20560366
1,"VD_B_N",367,20560367
1,"VD_B_N",368,20560368
1,"VD_B_N",369,20560369
1,"VD_B_N",370,20560370
1,"VD_B_N",371,20560371
1,"VD_B_N",372,20560372
1,"VD_B_N",373,20560373
1,"VD_B_N",374,20560374
1,"VD_B_N",375,20560375
1,"VD_B_N",376,20560376
1,"VD_B_N",377,20560377
1,"VD_B_N",378,20560378
1,"VD_B_N",379,20560379
1,"VD_B_N",380,20560380
1,"VD_B_N",381,20560381
1,"VD_B_N",382,20560382
1,"VD_B_N",383,20560383
1,"VD_B_N",384,20560384
1,"VD_B_N",385,20560385
1,"VD_B_N",386,20560386
1,"VD_B_N",387,20560387
1,"VD_B_N",388,20560388
1,"VD_B_N",389,20560389
1,"VD_B_N",390,20560390
1,"VD_B_N",391,20560391
1,"VD_B_N",392,20560392
1,"VD_B_N",393,20560393
1,"VD_B_N",394,20560394
1,"VD_B_N",395,20560395
1,"VD_B_N",396,20560396
1,"VD_B_N",397,20560397
1,"VD_B_N",398,20560398
1,"VD_B_N",399,20560399
1,"VD_B_N",400,20560400
1,"VD_B_N",401,20560401
1,"VD_B_N",402,20560402
1,"VD_B_N",403,20560403
1,"VD_B_N",404,20560404
1,"VD_B_N",405,20560405
1,"VD_B_N",406,20560406
1,"VD_B_N",407,20560407
1,"VD_B_N",408,20560408
1,"VD_B_N",409,20560409
1,"VD_B_N",410,20560410
1,"VD_B_N",411,20560411
1,"VD_B_N",412,20560412
1,"VD_B_N",413,20560413
1,"VD_B_N",414,20560414
1,"VD_B_N",415,20560415
1,"VD_B_N",416,20560416
1,"VD_B_N",417,20560417
1,"VD_B_N",418,20560418
1,"VD_B_N",419,20560419
1,"VD_B_N",420,20560420
1,"VD_B_N",421,20560421
1,"VD_B_N",422,20560422
1,"VD_B_N",423,20560423
1,"VD_B_N",424,20560424
1,"VD_B_N",425,20560425
1,"VD_B_N",426,20560426
1,"VD_B_N",427,20560427
1,"VD_B_N",428,20560428
1,"VD_B_N",429,20560429
1,"VD_B_N",430,20560430
1,"VD_B_N",431,20560431
1,"VD_B_N",432,20560432
1,"VD_B_N",433,20560433
1,"VD_B_N",434,20560434
1,"VD_B_N",435,20560435
1,"VD_B_N",436,20560436
1,"VD_B_N",437,20560437
1,"VD_B_N",438,20560438
1,"VD_B_N",439,20560439
1,"VD_B_N",440,20560440
1,"VD_B_N",441,20560441
1,"VD_B_N",442,20560442
1,"VD_B_N",443,20560443
1,"VD_B_N",444,20560444
1,"VD_B_N",445,20560445
1,"VD_B_N",446,20560446
1,"VD_B_N",447,20560447
1,"VD_B_N",448,20560448
1,"VD_B_N",449,20560449
1,"VD_B_N",450,20560450
1,"VD_B_N",451,20560451
1,"VD_B_N",452,20560452
1,"VD_B_N",453,20560453
1,"VD_B_N",454,20560454
1,"VD_B_N",455,20560455
1,"VD_B_N",456,20560456
1,"VD_B_N",457,20560457
1,"VD_B_N",458,20560458
1,"VD_B_N",459,20560459
1,"VD_B_N",460,20560460
1,"VD_B_N",461,20560461
1,"VD_B_N",462,20560462
1,"VD_B_N",463,20560463
1,"VD_B_N",464,20560464
1,"VD_B_N",465,20560465
1,"VD_B_N",466,20560466
1,"VD_B_N",467,20560467
1,"VD_B_N",468,20560468
1,"VD_B_N",469,20560469
1,"VD_B_N",470,20560470
1,"VD_B_N",471,20560471
1,"VD_B_N",472,20560472
1,"VD_B_N",473,20560473
1,"VD_B_N",474,20560474
1,"VD_B_N",475,20560475
1,"VD_B_N",476,20560476
1,"VD_B_N",477,20560477
1,"VD_B_N",478,20560478
1,"VD_B_N",479,20560479
1,"VD_B_N",480,20560480
1,"VD_B_N",481,20560481
1,"VD_B_N",482,20560482
1,"VD_B_N",483,20560483
1,"VD_B_N",484,20560484
1,"VD_B_N",485,20560485
1,"VD_B_N",486,20560486
1,"VD_B_N",487,20560487
1,"VD_B_N",488,20560488
1,"VD_B_N",489,20560489
1,"VD_B_N",490,20560490
1,"VD_B_N",491,20560491
1,"VD_B_N",492,20560492
1,"VD_B_N",493,20560493
1,"VD_B_N",494,20560494
1,"VD_B_N",495,20560495
1,"VD_B_N",496,20560496
1,"VD_B_N",497,20560497
1,"VD_B_N",498,20560498
1,"VD_B_N",499,20560499
1,"VD_B_N",500,20560500
1,"VD_B_N",501,20560501
1,"VD_B_N",502,20560502
1,"VD_B_N",503,20560503
1,"VD_B_N",504,20560504
1,"VD_B_N",505,20560505
1,"VD_B_N",506,20560506
1,"VD_B_N",507,20560507
1,"VD_B_N",508,20560508
1,"VD_B_N",509,20560509
1,"VD_B_N",510,20560510
1,"VD_B_N",511,20560511
1,"VD_B_N",512,20560512
1,"VD_B_N",513,20560513
1,"VD_B_N",514,20560514
1,"VD_B_N",515,20560515
1,"VD_B_N",516,20560516
1,"VD_B_N",517,20560517
1,"VD_B_N",518,20560518
1,"VD_B_N",519,20560519
1,"VD_B_N",520,20560520
1,"VD_B_N",521,20560521
1,"VD_B_N",522,20560522
1,"VD_B_N",523,20560523
1,"VD_B_N",524,20560524
1,"VD_B_N",525,20560525
1,"VD_B_N",526,20560526
1,"VD_B_N",527,20560527
1,"VD_B_N",528,20560528
1,"VD_B_N",529,20560529
1,"VD_B_N",530,20560530
1,"VD_B_N",531,20560531
1,"VD_B_N",532,20560532
1,"VD_B_N",533,20560533
1,"VD_B_N",534,20560534
1,"VD_B_N",535,20560535
1,"VD_B_N",536,20560536
1,"VD_B_N",537,20560537
1,"VD_B_N",538,20560538
1,"VD_B_N",539,20560539
1,"VD_B_N",540,20560540
1,"VD_B_N",541,20560541
1,"VD_B_N",542,20560542
1,"VD_B_N",543,20560543
1,"VD_B_N",544,20560544
1,"VD_B_N",545,20560545
1,"VD_B_N",546,20560546
1,"VD_B_N",547,20560547
1,"VD_B_N",548,20560548
1,"VD_B_N",549,20560549
1,"VD_B_N",550,20560550
1,"VD_B_N",551,20560551
1,"VD_B_N",552,20560552
1,"VD_B_N",553,20560553
1,"VD_B_N",554,20560554
1,"VD_B_N",555,20560555
1,"VD_B_N",556,20560556
1,"VD_B_N",557,20560557
1,"VD_B_N",558,20560558
1,"VD_B_N",559,20560559
1,"VD_B_N",560,20560560
1,"VD_B_N",561,20560561
1,"VD_B_N",562,20560562
1,"VD_B_N",563,20560563
1,"VD_B_N",564,20560564
1,"VD_B_N",565,20560565
1,"VD_B_N",566,20560566
1,"VD_B_N",567,20560567
1,"VD_B_N",568,20560568
1,"VD_B_N",569,20560569
1,"VD_B_N",570,20560570
1,"VD_B_N",571,20560571
1,"VD_B_N",572,20560572
1,"VD_B_N",573,20560573
1,"VD_B_N",574,20560574
1,"VD_B_N",575,20560575
1,"VD_B_N",576,20560576
1,"VD_B_N",577,20560577
1,"VD_B_N",578,20560578
1,"VD_B_N",579,20560579
1,"VD_B_N",580,20560580
1,"VD_B_N",581,20560581
1,"VD_B_N",582,20560582
1,"VD_B_N",583,20560583
1,"VD_B_N",584,20560584
1,"VD_B_N",585,20560585
1,"VD_B_N",586,20560586
1,"VD_B_N",587,20560587
1,"VD_B_N",588,20560588
1,"VD_B_N",589,20560589
1,"VD_B_N",590,20560590
1,"VD_B_N",591,20560591
1,"VD_B_N",592,20560592
1,"VD_B_N",593,20560593
1,"VD_B_N",594,20560594
1,"VD_B_N",595,20560595
1,"VD_B_N",596,20560596
1,"VD_B_N",597,20560597
1,"VD_B_N",598,20560598
1,"VD_B_N",599,20560599
1,"VD_B_N",600,20560600
1,"VD_B_N",601,20560601
1,"VD_B_N",602,20560602
1,"VD_B_N",603,20560603
1,"VD_B_N",604,20560604
1,"VD_B_N",605,20560605
1,"VD_B_N",606,20560606
1,"VD_B_N",607,20560607
1,"VD_B_N",608,20560608
1,"VD_B_N",609,20560609
1,"VD_B_N",610,20560610
1,"VD_B_N",611,20560611
1,"VD_B_N",612,20560612
1,"VD_B_N",613,20560613
1,"VD_B_N",614,20560614
1,"VD_B_N",615,20560615
1,"VD_B_N",616,20560616
1,"VD_B_N",617,20560617
1,"VD_B_N",618,20560618
1,"VD_B_N",619,20560619
1,"VD_B_N",620,20560620
1,"VD_B_N",621,20560621
1,"VD_B_N",622,20560622
1,"VD_B_N",623,20560623
1,"VD_B_N",624,20560624
1,"VD_B_N",625,20560625
1,"VD_B_N",626,20560626
1,"VD_B_N",627,20560627
1,"VD_B_N",628,20560628
1,"VD_B_N",629,20560629
1,"VD_B_N",630,20560630
1,"VD_B_N",631,20560631
1,"VD_B_N",632,20560632
1,"VD_B_N",633,20560633
1,"VD_B_N",634,20560634
1,"VD_B_N",635,20560635
1,"VD_B_N",636,20560636
1,"VD_B_N",637,20560637
1,"VD_B_N",638,20560638
1,"VD_B_N",639,20560639
1,"VD_B_N",640,20560640
1,"VD_B_N",641,20560641
1,"VD_B_N",642,20560642
1,"VD_B_N",643,20560643
1,"VD_B_N",644,20560644
1,"VD_B_N",645,20560645
1,"VD_B_N",646,20560646
1,"VD_B_N",647,20560647
1,"VD_B_N",648,20560648
1,"VD_B_N",649,20560649
1,"VD_B_N",650,20560650
1,"VD_B_N",651,20560651
1,"VD_B_N",652,20560652
1,"VD_B_N",653,20560653
1,"VD_B_N",654,20560654
1,"VD_B_N",655,20560655
1,"VD_B_N",656,20560656
1,"VD_B_N",657,20560657
1,"VD_B_N",658,20560658
1,"VD_B_N",659,20560659
1,"VD_B_N",660,20560660
1,"VD_B_N",661,20560661
1,"VD_B_N",662,20560662
1,"VD_B_N",663,20560663
1,"VD_B_N",664,20560664
1,"VD_B_N",665,20560665
1,"VD_B_N",666,20560666
1,"VD_B_N",667,20560667
1,"VD_B_N",668,20560668
1,"VD_B_N",669,20560669
1,"VD_B_N",670,20560670
1,"VD_B_N",671,20560671
1,"VD_B_N",672,20560672
1,"VD_B_N",673,20560673
1,"VD_B_N",674,20560674
1,"VD_B_N",675,20560675
1,"VD_B_N",676,20560676
1,"VD_B_N",677,20560677
1,"VD_B_N",678,20560678
1,"VD_B_N",679,20560679
1,"VD_B_N",680,20560680
1,"VD_B_N",681,20560681
1,"VD_B_N",682,20560682
1,"VD_B_N",683,20560683
1,"VD_B_N",684,20560684
1,"VD_B_N",685,20560685
1,"VD_B_N",686,20560686
1,"VD_B_N",687,20560687
1,"VD_B_N",688,20560688
1,"VD_B_N",689,20560689
1,"VD_B_N",690,20560690
1,"VD_B_N",691,20560691
1,"VD_B_N",692,20560692
1,"VD_B_N",693,20560693
1,"VD_B_N",694,20560694
1,"VD_B_N",695,20560695
1,"VD_B_N",696,20560696
1,"VD_B_N",697,20560697
1,"VD_B_N",698,20560698
1,"VD_B_N",699,20560699
1,"VD_B_N",700,20560700
1,"VD_B_N",701,20560701
1,"VD_B_N",702,20560702
1,"VD_B_N",703,20560703
1,"VD_B_N",704,20560704
1,"VD_B_N",705,20560705
1,"VD_B_N",706,20560706
1,"VD_B_N",707,20560707
1,"VD_B_N",708,20560708
1,"VD_B_N",709,20560709
1,"VD_B_N",710,20560710
1,"VD_B_N",711,20560711
1,"VD_B_N",712,20560712
1,"VD_B_N",713,20560713
1,"VD_B_N",714,20560714
1,"VD_B_N",715,20560715
1,"VD_B_N",716,20560716
1,"VD_B_N",717,20560717
1,"VD_B_N",718,20560718
1,"VD_B_N",719,20560719
1,"VD_B_N",720,20560720
1,"VD_B_N",721,20560721
1,"VD_B_N",722,20560722
1,"VD_B_N",723,20560723
1,"VD_B_N",724,20560724
1,"VD_B_N",725,20560725
1,"VD_B_N",726,20560726
1,"VD_B_N",727,20560727
1,"VD_B_N",728,20560728
1,"VD_B_N",729,20560729
1,"VD_B_N",730,20560730
1,"VD_B_N",731,20560731
1,"VD_B_N",732,20560732
1,"VD_B_N",733,20560733
1,"VD_B_N",734,20560734
1,"VD_B_N",735,20560735
1,"VD_B_N",736,20560736
1,"VD_B_N",737,20560737
1,"VD_B_N",738,20560738
1,"VD_B_N",739,20560739
1,"VD_B_N",740,20560740
1,"VD_B_N",741,20560741
1,"VD_B_N",742,20560742
1,"VD_B_N",743,20560743
1,"VD_B_N",744,20560744
1,"VD_B_N",745,20560745
1,"VD_B_N",746,20560746
1,"VD_B_N",747,20560747
1,"VD_B_N",748,20560748
1,"VD_B_N",749,20560749
1,"VD_B_N",750,20560750
1,"VD_B_N",751,20560751
1,"VD_B_N",752,20560752
1,"VD_B_N",753,20560753
1,"VD_B_N",754,20560754
1,"VD_B_N",755,20560755
1,"VD_B_N",756,20560756
1,"VD_B_N",757,20560757
1,"VD_B_N",758,20560758
1,"VD_B_N",759,20560759
1,"VD_B_N",760,20560760
1,"VD_B_N",761,20560761
1,"VD_B_N",762,20560762
1,"VD_B_N",763,20560763
1,"VD_B_N",764,20560764
1,"VD_B_N",765,20560765
1,"VD_B_N",766,20560766
1,"VD_B_N",767,20560767
1,"VD_B_N",768,20560768
1,"VD_B_N",769,20560769
1,"VD_B_N",770,20560770
1,"VD_B_N",771,20560771
1,"VD_B_N",772,20560772
1,"VD_B_N",773,20560773
1,"VD_B_N",774,20560774
1,"VD_B_N",775,20560775
1,"VD_B_N",776,20560776
1,"VD_B_N",777,20560777
1,"VD_B_N",778,20560778
1,"VD_B_N",779,20560779
1,"VD_B_N",780,20560780
1,"VD_B_N",781,20560781
1,"VD_B_N",782,20560782
1,"VD_B_N",783,20560783
1,"VD_B_N",784,20560784
1,"VD_B_N",785,20560785
1,"VD_B_N",786,20560786
1,"VD_B_N",787,20560787
1,"VD_B_N",788,20560788
1,"VD_B_N",789,20560789
1,"VD_B_N",790,20560790
1,"VD_B_N",791,20560791
1,"VD_B_N",792,20560792
1,"VD_B_N",793,20560793
1,"VD_B_N",794,20560794
1,"VD_B_N",795,20560795
1,"VD_B_N",796,20560796
1,"VD_B_N",797,20560797
1,"VD_B_N",798,20560798
1,"VD_B_N",799,20560799
1,"VD_B_N",800,20560800
1,"VD_B_N",801,20560801
1,"VD_B_N",802,20560802
1,"VD_B_N",803,20560803
1,"VD_B_N",804,20560804
1,"VD_B_N",805,20560805
1,"VD_B_N",806,20560806
1,"VD_B_N",807,20560807
1,"VD_B_N",808,20560808
1,"VD_B_N",809,20560809
1,"VD_B_N",810,20560810
1,"VD_B_N",811,20560811
1,"VD_B_N",812,20560812
1,"VD_B_N",813,20560813
1,"VD_B_N",814,20560814
1,"VD_B_N",815,20560815
1,"VD_B_N",816,20560816
1,"VD_B_N",817,20560817
1,"VD_B_N",818,20560818
1,"VD_B_N",819,20560819
1,"VD_B_N",820,20560820
1,"VD_B_N",821,20560821
1,"VD_B_N",822,20560822
1,"VD_B_N",823,20560823
1,"VD_B_N",824,20560824
1,"VD_B_N",825,20560825
1,"VD_B_N",826,20560826
1,"VD_B_N",827,20560827
1,"VD_B_N",828,20560828
1,"VD_B_N",829,20560829
1,"VD_B_N",830,20560830
1,"VD_B_N",831,20560831
1,"VD_B_N",832,20560832
1,"VD_B_N",833,20560833
1,"VD_B_N",834,20560834
1,"VD_B_N",835,20560835
1,"VD_B_N",836,20560836
1,"VD_B_N",837,20560837
1,"VD_B_N",838,20560838
1,"VD_B_N",839,20560839
1,"VD_B_N",840,20560840
1,"VD_B_N",841,20560841
1,"VD_B_N",842,20560842
1,"VD_B_N",843,20560843
1,"VD_B_N",844,20560844
1,"VD_B_N",845,20560845
1,"VD_B_N",846,20560846
1,"VD_B_N",847,20560847
1,"VD_B_N",848,20560848
1,"VD_B_N",849,20560849
1,"VD_B_N",850,20560850
1,"VD_B_N",851,20560851
1,"VD_B_N",852,20560852
1,"VD_B_N",853,20560853
1,"VD_B_N",854,20560854
1,"VD_B_N",855,20560855
1,"VD_B_N",856,20560856
1,"VD_B_N",857,20560857
1,"VD_B_N",858,20560858
1,"VD_B_N",859,20560859
1,"VD_B_N",860,20560860
1,"VD_B_N",861,20560861
1,"VD_B_N",862,20560862
1,"VD_B_N",863,20560863
1,"VD_B_N",864,20560864
1,"VD_B_N",865,20560865
1,"VD_B_N",866,20560866
1,"VD_B_N",867,20560867
1,"VD_B_N",868,20560868
1,"VD_B_N",869,20560869
1,"VD_B_N",870,20560870
1,"VD_B_N",871,20560871
1,"VD_B_N",872,20560872
1,"VD_B_N",873,20560873
1,"VD_B_N",874,20560874
1,"VD_B_N",875,20560875
1,"VD_B_N",876,20560876
1,"VD_B_N",877,20560877
1,"VD_B_N",878,20560878
1,"VD_B_N",879,20560879
1,"VD_B_N",880,20560880
1,"VD_B_N",881,20560881
1,"VD_B_N",882,20560882
1,"VD_B_N",883,20560883
1,"VD_B_N",884,20560884
1,"VD_B_N",885,20560885
1,"VD_B_N",886,20560886
1,"VD_B_N",887,20560887
1,"VD_B_N",888,20560888
1,"VD_B_N",889,20560889
1,"VD_B_N",890,20560890
1,"VD_B_N",891,20560891
1,"VD_B_N",892,20560892
1,"VD_B_N",893,20560893
1,"VD_B_N",894,20560894
1,"VD_B_N",895,20560895
1,"VD_B_N",896,20560896
1,"VD_B_N",897,20560897
1,"VD_B_N",898,20560898
1,"VD_B_N",899,20560899
1,"VD_B_N",900,20560900
1,"VD_B_N",901,20560901
1,"VD_B_N",902,20560902
1,"VD_B_N",903,20560903
1,"VD_B_N",904,20560904
1,"VD_B_N",905,20560905
1,"VD_B_N",906,20560906
1,"VD_B_N",907,20560907
1,"VD_B_N",908,20560908
1,"VD_B_N",909,20560909
1,"VD_B_N",910,20560910
1,"VD_B_N",911,20560911
1,"VD_B_N",912,20560912
1,"VD_B_N",913,20560913
1,"VD_B_N",914,20560914
1,"VD_B_N",915,20560915
1,"VD_B_N",916,20560916
1,"VD_B_N",917,20560917
1,"VD_B_N",918,20560918
1,"VD_B_N",919,20560919
1,"VD_B_N",920,20560920
1,"VD_B_N",921,20560921
1,"VD_B_N",922,20560922
1,"VD_B_N",923,20560923
1,"VD_B_N",924,20560924
1,"VD_B_N",925,20560925
1,"VD_B_N",926,20560926
1,"VD_B_N",927,20560927
1,"VD_B_N",928,20560928
1,"VD_B_N",929,20560929
1,"VD_B_N",930,20560930
1,"VD_B_N",931,20560931
1,"VD_B_N",932,20560932
1,"VD_B_N",933,20560933
1,"VD_B_N",934,20560934
1,"VD_B_N",935,20560935
1,"VD_B_N",936,20560936
1,"VD_B_N",937,20560937
1,"VD_B_N",938,20560938
1,"VD_B_N",939,20560939
1,"VD_B_N",940,20560940
1,"VD_B_N",941,20560941
1,"VD_B_N",942,20560942
1,"VD_B_N",943,20560943
1,"VD_B_N",944,20560944
1,"VD_B_N",945,20560945
1,"VD_B_N",946,20560946
1,"VD_B_N",947,20560947
1,"VD_B_N",948,20560948
1,"VD_B_N",949,20560949
1,"VD_B_N",950,20560950
1,"VD_B_N",951,20560951
1,"VD_B_N",952,20560952
1,"VD_B_N",953,20560953
1,"VD_B_N",954,20560954
1,"VD_B_N",955,20560955
1,"VD_B_N",956,20560956
1,"VD_B_N",957,20560957
1,"VD_B_N",958,20560958
1,"VD_B_N",959,20560959
1,"VD_B_N",960,20560960
1,"VD_B_N",961,20560961
1,"VD_B_N",962,20560962
1,"VD_B_N",963,20560963
1,"VD_B_N",964,20560964
1,"VD_B_N",965,20560965
1,"VD_B_N",966,20560966
1,"VD_B_N",967,20560967
1,"VD_B_N",968,20560968
1,"VD_B_N",969,20560969
1,"VD_B_N",970,20560970
1,"VD_B_N",971,20560971
1,"VD_B_N",972,20560972
1,"VD_B_N",973,20560973
1,"VD_B_N",974,20560974
1,"VD_B_N",975,20560975
1,"VD_B_N",976,20560976
1,"VD_B_N",977,20560977
1,"VD_B_N",978,20560978
1,"VD_B_N",979,20560979
1,"VD_B_N",980,20560980
1,"VD_B_N",981,20560981
1,"VD_B_N",982,20560982
1,"VD_B_N",983,20560983
1,"VD_B_N",984,20560984
1,"VD_B_N",985,20560985
1,"VD_B_N",986,20560986
1,"VD_B_N",987,20560987
1,"VD_B_N",988,20560988
1,"VD_B_N",989,20560989
1,"VD_B_N",990,20560990
1,"VD_B_N",991,20560991
1,"VD_B_N",992,20560992
1,"VD_B_N",993,20560993
1,"VD_B_N",994,20560994
1,"VD_B_N",995,20560995
1,"VD_B_N",996,20560996
1,"VD_B_N",997,20560997
1,"VD_B_N",998,20560998
1,"VD_B_N",999,20560999
1,"VD_B_N",1000,20561000
2,"VD_B_A",1,20660001
2,"VD_B_A",2,20660002
2,"VD_B_A",3,20660003
2,"VD_B_A",4,20660004
2,"VD_B_A",5,20660005
2,"VD_B_A",6,20660006
2,"VD_B_A",7,20660007
2,"VD_B_A",8,20660008
2,"VD_B_A",9,20660009
2,"VD_B_A",10,20660010
2,"VD_B_A",11,20660011
2,"VD_B_A",12,20660012
2,"VD_B_A",13,20660013
2,"VD_B_A",14,20660014
2,"VD_B_A",15,20660015
2,"VD_B_A",16,20660016
2,"VD_B_A",17,20660017
2,"VD_B_A",18,20660018
2,"VD_B_A",19,20660019
2,"VD_B_A",20,20660020
2,"VD_B_A",21,20660021
2,"VD_B_A",22,20660022
2,"VD_B_A",23,20660023
2,"VD_B_A",24,20660024
2,"VD_B_A",25,20660025
2,"VD_B_A",26,20660026
2,"VD_B_A",27,20660027
2,"VD_B_A",28,20660028
2,"VD_B_A",29,20660029
2,"VD_B_A",30,20660030
2,"VD_B_A",31,20660031
2,"VD_B_A",32,20660032
2,"VD_B_A",33,20660033
2,"VD_B_A",34,20660034
2,"VD_B_A",35,20660035
2,"VD_B_A",36,20660036
2,"VD_B_A",37,20660037
2,"VD_B_A",38,20660038
2,"VD_B_A",39,20660039
2,"VD_B_A",40,20660040
2,"VD_B_A",41,20660041
2,"VD_B_A",42,20660042
2,"VD_B_A",43,20660043
2,"VD_B_A",44,20660044
2,"VD_B_A",45,20660045
2,"VD_B_A",46,20660046
2,"VD_B_A",47,20660047
2,"VD_B_A",48,20660048
2,"VD_B_A",49,20660049
2,"VD_B_A",50,20660050
2,"VD_B_A",51,20660051
2,"VD_B_A",52,20660052
2,"VD_B_A",53,20660053
2,"VD_B_A",54,20660054
2,"VD_B_A",55,20660055
2,"VD_B_A",56,20660056
2,"VD_B_A",57,20660057
2,"VD_B_A",58,20660058
2,"VD_B_A",59,20660059
2,"VD_B_A",60,20660060
2,"VD_B_A",61,20660061
2,"VD_B_A",62,20660062
2,"VD_B_A",63,20660063
2,"VD_B_A",64,20660064
2,"VD_B_A",65,20660065
2,"VD_B_A",66,20660066
2,"VD_B_A",67,20660067
2,"VD_B_A",68,20660068
2,"VD_B_A",69,20660069
2,"VD_B_A",70,20660070
2,"VD_B_A",71,20660071
2,"VD_B_A",72,20660072
2,"VD_B_A",73,20660073
2,"VD_B_A",74,20660074
2,"VD_B_A",75,20660075
2,"VD_B_A",76,20660076
2,"VD_B_A",77,20660077
2,"VD_B_A",78,20660078
2,"VD_B_A",79,20660079
2,"VD_B_A",80,20660080
2,"VD_B_A",81,20660081
2,"VD_B_A",82,20660082
2,"VD_B_A",83,20660083
2,"VD_B_A",84,20660084
2,"VD_B_A",85,20660085
2,"VD_B_A",86,20660086
2,"VD_B_A",87,20660087
2,"VD_B_A",88,20660088
2,"VD_B_A",89,20660089
2,"VD_B_A",90,20660090
2,"VD_B_A",91,20660091
2,"VD_B_A",92,20660092
2,"VD_B_A",93,20660093
2,"VD_B_A",94,20660094
2,"VD_B_A",95,20660095
2,"VD_B_A",96,20660096
2,"VD_B_A",97,20660097
2,"VD_B_A",98,20660098
2,"VD_B_A",99,20660099
2,"VD_B_A",100,20660100
2,"VD_B_A",101,20660101
2,"VD_B_A",102,20660102
2,"VD_B_A",103,20660103
2,"VD_B_A",104,20660104
2,"VD_B_A",105,20660105
2,"VD_B_A",106,20660106
2,"VD_B_A",107,20660107
2,"VD_B_A",108,20660108
2,"VD_B_A",109,20660109
2,"VD_B_A",110,20660110
2,"VD_B_A",111,20660111
2,"VD_B_A",112,20660112
2,"VD_B_A",113,20660113
2,"VD_B_A",114,20660114
2,"VD_B_A",115,20660115
2,"VD_B_A",116,20660116
2,"VD_B_A",117,20660117
2,"VD_B_A",118,20660118
2,"VD_B_A",119,20660119
2,"VD_B_A",120,20660120
2,"VD_B_A",121,20660121
2,"VD_B_A",122,20660122
2,"VD_B_A",123,20660123
2,"VD_B_A",124,20660124
2,"VD_B_A",125,20660125
2,"VD_B_A",126,20660126
2,"VD_B_A",127,20660127
2,"VD_B_A",128,20660128
2,"VD_B_A",129,20660129
2,"VD_B_A",130,20660130
2,"VD_B_A",131,20660131
2,"VD_B_A",132,20660132
2,"VD_B_A",133,20660133
2,"VD_B_A",134,20660134
2,"VD_B_A",135,20660135
2,"VD_B_A",136,20660136
2,"VD_B_A",137,20660137
2,"VD_B_A",138,20660138
2,"VD_B_A",139,20660139
2,"VD_B_A",140,20660140
2,"VD_B_A",141,20660141
2,"VD_B_A",142,20660142
2,"VD_B_A",143,20660143
2,"VD_B_A",144,20660144
2,"VD_B_A",145,20660145
2,"VD_B_A",146,20660146
2,"VD_B_A",147,20660147
2,"VD_B_A",148,20660148
2,"VD_B_A",149,20660149
2,"VD_B_A",150,20660150
2,"VD_B_A",151,20660151
2,"VD_B_A",152,20660152
2,"VD_B_A",153,20660153
2,"VD_B_A",154,20660154
2,"VD_B_A",155,20660155
2,"VD_B_A",156,20660156
2,"VD_B_A",157,20660157
2,"VD_B_A",158,20660158
2,"VD_B_A",159,20660159
2,"VD_B_A",160,20660160
2,"VD_B_A",161,20660161
2,"VD_B_A",162,20660162
2,"VD_B_A",163,20660163
2,"VD_B_A",164,20660164
2,"VD_B_A",165,20660165
2,"VD_B_A",166,20660166
2,"VD_B_A",167,20660167
2,"VD_B_A",168,20660168
2,"VD_B_A",169,20660169
2,"VD_B_A",170,20660170
2,"VD_B_A",171,20660171
2,"VD_B_A",172,20660172
2,"VD_B_A",173,20660173
2,"VD_B_A",174,20660174
2,"VD_B_A",175,20660175
2,"VD_B_A",176,20660176
2,"VD_B_A",177,20660177
2,"VD_B_A",178,20660178
2,"VD_B_A",179,20660179
2,"VD_B_A",180,20660180
2,"VD_B_A",181,20660181
2,"VD_B_A",182,20660182
2,"VD_B_A",183,20660183
2,"VD_B_A",184,20660184
2,"VD_B_A",185,20660185
2,"VD_B_A",186,20660186
2,"VD_B_A",187,20660187
2,"VD_B_A",188,20660188
2,"VD_B_A",189,20660189
2,"VD_B_A",190,20660190
2,"VD_B_A",191,20660191
2,"VD_B_A",192,20660192
2,"VD_B_A",193,20660193
2,"VD_B_A",194,20660194
2,"VD_B_A",195,20660195
2,"VD_B_A",196,20660196
2,"VD_B_A",197,20660197
2,"VD_B_A",198,20660198
2,"VD_B_A",199,20660199
2,"VD_B_A",200,20660200
2,"VD_B_A",201,20660201
2,"VD_B_A",202,20660202
2,"VD_B_A",203,20660203
2,"VD_B_A",204,20660204
2,"VD_B_A",205,20660205
2,"VD_B_A",206,20660206
2,"VD_B_A",207,20660207
2,"VD_B_A",208,20660208
2,"VD_B_A",209,20660209
2,"VD_B_A",210,20660210
2,"VD_B_A",211,20660211
2,"VD_B_A",212,20660212
2,"VD_B_A",213,20660213
2,"VD_B_A",214,20660214
2,"VD_B_A",215,20660215
2,"VD_B_A",216,20660216
2,"VD_B_A",217,20660217
2,"VD_B_A",218,20660218
2,"VD_B_A",219,20660219
2,"VD_B_A",220,20660220
2,"VD_B_A",221,20660221
2,"VD_B_A",222,20660222
2,"VD_B_A",223,20660223
2,"VD_B_A",224,20660224
2,"VD_B_A",225,20660225
2,"VD_B_A",226,20660226
2,"VD_B_A",227,20660227
2,"VD_B_A",228,20660228
2,"VD_B_A",229,20660229
2,"VD_B_A",230,20660230
2,"VD_B_A",231,20660231
2,"VD_B_A",232,20660232
2,"VD_B_A",233,20660233
2,"VD_B_A",234,20660234
2,"VD_B_A",235,20660235
2,"VD_B_A",236,20660236
2,"VD_B_A",237,20660237
2,"VD_B_A",238,20660238
2,"VD_B_A",239,20660239
2,"VD_B_A",240,20660240
2,"VD_B_A",241,20660241
2,"VD_B_A",242,20660242
2,"VD_B_A",243,20660243
2,"VD_B_A",244,20660244
2,"VD_B_A",245,20660245
2,"VD_B_A",246,20660246
2,"VD_B_A",247,20660247
2,"VD_B_A",248,20660248
2,"VD_B_A",249,20660249
2,"VD_B_A",250,20660250
2,"VD_B_A",251,20660251
2,"VD_B_A",252,20660252
2,"VD_B_A",253,20660253
2,"VD_B_A",254,20660254
2,"VD_B_A",255,20660255
2,"VD_B_A",256,20660256
2,"VD_B_A",257,20660257
2,"VD_B_A",258,20660258
2,"VD_B_A",259,20660259
2,"VD_B_A",260,20660260
2,"VD_B_A",261,20660261
2,"VD_B_A",262,20660262
2,"VD_B_A",263,20660263
2,"VD_B_A",264,20660264
2,"VD_B_A",265,20660265
2,"VD_B_A",266,20660266
2,"VD_B_A",267,20660267
2,"VD_B_A",268,20660268
2,"VD_B_A",269,20660269
2,"VD_B_A",270,20660270
2,"VD_B_A",271,20660271
2,"VD_B_A",272,20660272
2,"VD_B_A",273,20660273
2,"VD_B_A",274,20660274
2,"VD_B_A",275,20660275
2,"VD_B_A",276,20660276
2,"VD_B_A",277,20660277
2,"VD_B_A",278,20660278
2,"VD_B_A",279,20660279
2,"VD_B_A",280,20660280
2,"VD_B_A",281,20660281
2,"VD_B_A",282,20660282
2,"VD_B_A",283,20660283
2,"VD_B_A",284,20660284
2,"VD_B_A",285,20660285
2,"VD_B_A",286,20660286
2,"VD_B_A",287,20660287
2,"VD_B_A",288,20660288
2,"VD_B_A",289,20660289
2,"VD_B_A",290,20660290
2,"VD_B_A",291,20660291
2,"VD_B_A",292,20660292
2,"VD_B_A",293,20660293
2,"VD_B_A",294,20660294
2,"VD_B_A",295,20660295
2,"VD_B_A",296,20660296
2,"VD_B_A",297,20660297
2,"VD_B_A",298,20660298
2,"VD_B_A",299,20660299
2,"VD_B_A",300,20660300
2,"VD_B_A",301,20660301
2,"VD_B_A",302,20660302
2,"VD_B_A",303,20660303
2,"VD_B_A",304,20660304
2,"VD_B_A",305,20660305
2,"VD_B_A",306,20660306
2,"VD_B_A",307,20660307
2,"VD_B_A",308,20660308
2,"VD_B_A",309,20660309
2,"VD_B_A",310,20660310
2,"VD_B_A",311,20660311
2,"VD_B_A",312,20660312
2,"VD_B_A",313,20660313
2,"VD_B_A",314,20660314
2,"VD_B_A",315,20660315
2,"VD_B_A",316,20660316
2,"VD_B_A",317,20660317
2,"VD_B_A",318,20660318
2,"VD_B_A",319,20660319
2,"VD_B_A",320,20660320
2,"VD_B_A",321,20660321
2,"VD_B_A",322,20660322
2,"VD_B_A",323,20660323
2,"VD_B_A",324,20660324
2,"VD_B_A",325,20660325
2,"VD_B_A",326,20660326
2,"VD_B_A",327,20660327
2,"VD_B_A",328,20660328
2,"VD_B_A",329,20660329
2,"VD_B_A",330,20660330
2,"VD_B_A",331,20660331
2,"VD_B_A",332,20660332
2,"VD_B_A",333,20660333
2,"VD_B_A",334,20660334
2,"VD_B_A",335,20660335
2,"VD_B_A",336,20660336
2,"VD_B_A",337,20660337
2,"VD_B_A",338,20660338
2,"VD_B_A",339,20660339
2,"VD_B_A",340,20660340
2,"VD_B_A",341,20660341
2,"VD_B_A",342,20660342
2,"VD_B_A",343,20660343
2,"VD_B_A",344,20660344
2,"VD_B_A",345,20660345
2,"VD_B_A",346,20660346
2,"VD_B_A",347,20660347
2,"VD_B_A",348,20660348
2,"VD_B_A",349,20660349
2,"VD_B_A",350,20660350
2,"VD_B_A",351,20660351
2,"VD_B_A",352,20660352
2,"VD_B_A",353,20660353
2,"VD_B_A",354,20660354
2,"VD_B_A",355,20660355
2,"VD_B_A",356,20660356
2,"VD_B_A",357,20660357
2,"VD_B_A",358,20660358
2,"VD_B_A",359,20660359
2,"VD_B_A",360,20660360
2,"VD_B_A",361,20660361
2,"VD_B_A",362,20660362
2,"VD_B_A",363,20660363
2,"VD_B_A",364,20660364
2,"VD_B_A",365,20660365
2,"VD_B_A",366,20660366
2,"VD_B_A",367,20660367
2,"VD_B_A",368,20660368
2,"VD_B_A",369,20660369
2,"VD_B_A",370,20660370
2,"VD_B_A",371,20660371
2,"VD_B_A",372,20660372
2,"VD_B_A",373,20660373
2,"VD_B_A",374,20660374
2,"VD_B_A",375,20660375
2,"VD_B_A",376,20660376
2,"VD_B_A",377,20660377
2,"VD_B_A",378,20660378
2,"VD_B_A",379,20660379
2,"VD_B_A",380,20660380
2,"VD_B_A",381,20660381
2,"VD_B_A",382,20660382
2,"VD_B_A",383,20660383
2,"VD_B_A",384,20660384
2,"VD_B_A",385,20660385
2,"VD_B_A",386,20660386
2,"VD_B_A",387,20660387
2,"VD_B_A",388,20660388
2,"VD_B_A",389,20660389
2,"VD_B_A",390,20660390
2,"VD_B_A",391,20660391
2,"VD_B_A",392,20660392
2,"VD_B_A",393,20660393
2,"VD_B_A",394,20660394
2,"VD_B_A",395,20660395
2,"VD_B_A",396,20660396
2,"VD_B_A",397,20660397
2,"VD_B_A",398,20660398
2,"VD_B_A",399,20660399
2,"VD_B_A",400,20660400
2,"VD_B_A",401,20660401
2,"VD_B_A",402,20660402
2,"VD_B_A",403,20660403
2,"VD_B_A",404,20660404
2,"VD_B_A",405,20660405
2,"VD_B_A",406,20660406
2,"VD_B_A",407,20660407
2,"VD_B_A",408,20660408
2,"VD_B_A",409,20660409
2,"VD_B_A",410,20660410
2,"VD_B_A",411,20660411
2,"VD_B_A",412,20660412
2,"VD_B_A",413,20660413
2,"VD_B_A",414,20660414
2,"VD_B_A",415,20660415
2,"VD_B_A",416,20660416
2,"VD_B_A",417,20660417
2,"VD_B_A",418,20660418
2,"VD_B_A",419,20660419
2,"VD_B_A",420,20660420
2,"VD_B_A",421,20660421
2,"VD_B_A",422,20660422
2,"VD_B_A",423,20660423
2,"VD_B_A",424,20660424
2,"VD_B_A",425,20660425
2,"VD_B_A",426,20660426
2,"VD_B_A",427,20660427
2,"VD_B_A",428,20660428
2,"VD_B_A",429,20660429
2,"VD_B_A",430,20660430
2,"VD_B_A",431,20660431
2,"VD_B_A",432,20660432
2,"VD_B_A",433,20660433
2,"VD_B_A",434,20660434
2,"VD_B_A",435,20660435
2,"VD_B_A",436,20660436
2,"VD_B_A",437,20660437
2,"VD_B_A",438,20660438
2,"VD_B_A",439,20660439
2,"VD_B_A",440,20660440
2,"VD_B_A",441,20660441
2,"VD_B_A",442,20660442
2,"VD_B_A",443,20660443
2,"VD_B_A",444,20660444
2,"VD_B_A",445,20660445
2,"VD_B_A",446,20660446
2,"VD_B_A",447,20660447
2,"VD_B_A",448,20660448
2,"VD_B_A",449,20660449
2,"VD_B_A",450,20660450
2,"VD_B_A",451,20660451
2,"VD_B_A",452,20660452
2,"VD_B_A",453,20660453
2,"VD_B_A",454,20660454
2,"VD_B_A",455,20660455
2,"VD_B_A",456,20660456
2,"VD_B_A",457,20660457
2,"VD_B_A",458,20660458
2,"VD_B_A",459,20660459
2,"VD_B_A",460,20660460
2,"VD_B_A",461,20660461
2,"VD_B_A",462,20660462
2,"VD_B_A",463,20660463
2,"VD_B_A",464,20660464
2,"VD_B_A",465,20660465
2,"VD_B_A",466,20660466
2,"VD_B_A",467,20660467
2,"VD_B_A",468,20660468
2,"VD_B_A",469,20660469
2,"VD_B_A",470,20660470
2,"VD_B_A",471,20660471
2,"VD_B_A",472,20660472
2,"VD_B_A",473,20660473
2,"VD_B_A",474,20660474
2,"VD_B_A",475,20660475
2,"VD_B_A",476,20660476
2,"VD_B_A",477,20660477
2,"VD_B_A",478,20660478
2,"VD_B_A",479,20660479
2,"VD_B_A",480,20660480
2,"VD_B_A",481,20660481
2,"VD_B_A",482,20660482
2,"VD_B_A",483,20660483
2,"VD_B_A",484,20660484
2,"VD_B_A",485,20660485
2,"VD_B_A",486,20660486
2,"VD_B_A",487,20660487
2,"VD_B_A",488,20660488
2,"VD_B_A",489,20660489
2,"VD_B_A",490,20660490
2,"VD_B_A",491,20660491
2,"VD_B_A",492,20660492
2,"VD_B_A",493,20660493
2,"VD_B_A",494,20660494
2,"VD_B_A",495,20660495
2,"VD_B_A",496,20660496
2,"VD_B_A",497,20660497
2,"VD_B_A",498,20660498
2,"VD_B_A",499,20660499
2,"VD_B_A",500,20660500
2,"VD_B_A",501,20660501
2,"VD_B_A",502,20660502
2,"VD_B_A",503,20660503
2,"VD_B_A",504,20660504
2,"VD_B_A",505,20660505
2,"VD_B_A",506,20660506
2,"VD_B_A",507,20660507
2,"VD_B_A",508,20660508
2,"VD_B_A",509,20660509
2,"VD_B_A",510,20660510
2,"VD_B_A",511,20660511
2,"VD_B_A",512,20660512
2,"VD_B_A",513,20660513
2,"VD_B_A",514,20660514
2,"VD_B_A",515,20660515
2,"VD_B_A",516,20660516
2,"VD_B_A",517,20660517
2,"VD_B_A",518,20660518
2,"VD_B_A",519,20660519
2,"VD_B_A",520,20660520
2,"VD_B_A",521,20660521
2,"VD_B_A",522,20660522
2,"VD_B_A",523,20660523
2,"VD_B_A",524,20660524
2,"VD_B_A",525,20660525
2,"VD_B_A",526,20660526
2,"VD_B_A",527,20660527
2,"VD_B_A",528,20660528
2,"VD_B_A",529,20660529
2,"VD_B_A",530,20660530
2,"VD_B_A",531,20660531
2,"VD_B_A",532,20660532
2,"VD_B_A",533,20660533
2,"VD_B_A",534,20660534
2,"VD_B_A",535,20660535
2,"VD_B_A",536,20660536
2,"VD_B_A",537,20660537
2,"VD_B_A",538,20660538
2,"VD_B_A",539,20660539
2,"VD_B_A",540,20660540
2,"VD_B_A",541,20660541
2,"VD_B_A",542,20660542
2,"VD_B_A",543,20660543
2,"VD_B_A",544,20660544
2,"VD_B_A",545,20660545
2,"VD_B_A",546,20660546
2,"VD_B_A",547,20660547
2,"VD_B_A",548,20660548
2,"VD_B_A",549,20660549
2,"VD_B_A",550,20660550
2,"VD_B_A",551,20660551
2,"VD_B_A",552,20660552
2,"VD_B_A",553,20660553
2,"VD_B_A",554,20660554
2,"VD_B_A",555,20660555
2,"VD_B_A",556,20660556
2,"VD_B_A",557,20660557
2,"VD_B_A",558,20660558
2,"VD_B_A",559,20660559
2,"VD_B_A",560,20660560
2,"VD_B_A",561,20660561
2,"VD_B_A",562,20660562
2,"VD_B_A",563,20660563
2,"VD_B_A",564,20660564
2,"VD_B_A",565,20660565
2,"VD_B_A",566,20660566
2,"VD_B_A",567,20660567
2,"VD_B_A",568,20660568
2,"VD_B_A",569,20660569
2,"VD_B_A",570,20660570
2,"VD_B_A",571,20660571
2,"VD_B_A",572,20660572
2,"VD_B_A",573,20660573
2,"VD_B_A",574,20660574
2,"VD_B_A",575,20660575
2,"VD_B_A",576,20660576
2,"VD_B_A",577,20660577
2,"VD_B_A",578,20660578
2,"VD_B_A",579,20660579
2,"VD_B_A",580,20660580
2,"VD_B_A",581,20660581
2,"VD_B_A",582,20660582
2,"VD_B_A",583,20660583
2,"VD_B_A",584,20660584
2,"VD_B_A",585,20660585
2,"VD_B_A",586,20660586
2,"VD_B_A",587,20660587
2,"VD_B_A",588,20660588
2,"VD_B_A",589,20660589
2,"VD_B_A",590,20660590
2,"VD_B_A",591,20660591
2,"VD_B_A",592,20660592
2,"VD_B_A",593,20660593
2,"VD_B_A",594,20660594
2,"VD_B_A",595,20660595
2,"VD_B_A",596,20660596
2,"VD_B_A",597,20660597
2,"VD_B_A",598,20660598
2,"VD_B_A",599,20660599
2,"VD_B_A",600,20660600
2,"VD_B_A",601,20660601
2,"VD_B_A",602,20660602
2,"VD_B_A",603,20660603
2,"VD_B_A",604,20660604
2,"VD_B_A",605,20660605
2,"VD_B_A",606,20660606
2,"VD_B_A",607,20660607
2,"VD_B_A",608,20660608
2,"VD_B_A",609,20660609
2,"VD_B_A",610,20660610
2,"VD_B_A",611,20660611
2,"VD_B_A",612,20660612
2,"VD_B_A",613,20660613
2,"VD_B_A",614,20660614
2,"VD_B_A",615,20660615
2,"VD_B_A",616,20660616
2,"VD_B_A",617,20660617
2,"VD_B_A",618,20660618
2,"VD_B_A",619,20660619
2,"VD_B_A",620,20660620
2,"VD_B_A",621,20660621
2,"VD_B_A",622,20660622
2,"VD_B_A",623,20660623
2,"VD_B_A",624,20660624
2,"VD_B_A",625,20660625
2,"VD_B_A",626,20660626
2,"VD_B_A",627,20660627
2,"VD_B_A",628,20660628
2,"VD_B_A",629,20660629
2,"VD_B_A",630,20660630
2,"VD_B_A",631,20660631
2,"VD_B_A",632,20660632
2,"VD_B_A",633,20660633
2,"VD_B_A",634,20660634
2,"VD_B_A",635,20660635
2,"VD_B_A",636,20660636
2,"VD_B_A",637,20660637
2,"VD_B_A",638,20660638
2,"VD_B_A",639,20660639
2,"VD_B_A",640,20660640
2,"VD_B_A",641,20660641
2,"VD_B_A",642,20660642
2,"VD_B_A",643,20660643
2,"VD_B_A",644,20660644
2,"VD_B_A",645,20660645
2,"VD_B_A",646,20660646
2,"VD_B_A",647,20660647
2,"VD_B_A",648,20660648
2,"VD_B_A",649,20660649
2,"VD_B_A",650,20660650
2,"VD_B_A",651,20660651
2,"VD_B_A",652,20660652
2,"VD_B_A",653,20660653
2,"VD_B_A",654,20660654
2,"VD_B_A",655,20660655
2,"VD_B_A",656,20660656
2,"VD_B_A",657,20660657
2,"VD_B_A",658,20660658
2,"VD_B_A",659,20660659
2,"VD_B_A",660,20660660
2,"VD_B_A",661,20660661
2,"VD_B_A",662,20660662
2,"VD_B_A",663,20660663
2,"VD_B_A",664,20660664
2,"VD_B_A",665,20660665
2,"VD_B_A",666,20660666
2,"VD_B_A",667,20660667
2,"VD_B_A",668,20660668
2,"VD_B_A",669,20660669
2,"VD_B_A",670,20660670
2,"VD_B_A",671,20660671
2,"VD_B_A",672,20660672
2,"VD_B_A",673,20660673
2,"VD_B_A",674,20660674
2,"VD_B_A",675,20660675
2,"VD_B_A",676,20660676
2,"VD_B_A",677,20660677
2,"VD_B_A",678,20660678
2,"VD_B_A",679,20660679
2,"VD_B_A",680,20660680
2,"VD_B_A",681,20660681
2,"VD_B_A",682,20660682
2,"VD_B_A",683,20660683
2,"VD_B_A",684,20660684
2,"VD_B_A",685,20660685
2,"VD_B_A",686,20660686
2,"VD_B_A",687,20660687
2,"VD_B_A",688,20660688
2,"VD_B_A",689,20660689
2,"VD_B_A",690,20660690
2,"VD_B_A",691,20660691
2,"VD_B_A",692,20660692
2,"VD_B_A",693,20660693
2,"VD_B_A",694,20660694
2,"VD_B_A",695,20660695
2,"VD_B_A",696,20660696
2,"VD_B_A",697,20660697
2,"VD_B_A",698,20660698
2,"VD_B_A",699,20660699
2,"VD_B_A",700,20660700
2,"VD_B_A",701,20660701
2,"VD_B_A",702,20660702
2,"VD_B_A",703,20660703
2,"VD_B_A",704,20660704
2,"VD_B_A",705,20660705
2,"VD_B_A",706,20660706
2,"VD_B_A",707,20660707
2,"VD_B_A",708,20660708
2,"VD_B_A",709,20660709
2,"VD_B_A",710,20660710
2,"VD_B_A",711,20660711
2,"VD_B_A",712,20660712
2,"VD_B_A",713,20660713
2,"VD_B_A",714,20660714
2,"VD_B_A",715,20660715
2,"VD_B_A",716,20660716
2,"VD_B_A",717,20660717
2,"VD_B_A",718,20660718
2,"VD_B_A",719,20660719
2,"VD_B_A",720,20660720
2,"VD_B_A",721,20660721
2,"VD_B_A",722,20660722
2,"VD_B_A",723,20660723
2,"VD_B_A",724,20660724
2,"VD_B_A",725,20660725
2,"VD_B_A",726,20660726
2,"VD_B_A",727,20660727
2,"VD_B_A",728,20660728
2,"VD_B_A",729,20660729
2,"VD_B_A",730,20660730
2,"VD_B_A",731,20660731
2,"VD_B_A",732,20660732
2,"VD_B_A",733,20660733
2,"VD_B_A",734,20660734
2,"VD_B_A",735,20660735
2,"VD_B_A",736,20660736
2,"VD_B_A",737,20660737
2,"VD_B_A",738,20660738
2,"VD_B_A",739,20660739
2,"VD_B_A",740,20660740
2,"VD_B_A",741,20660741
2,"VD_B_A",742,20660742
2,"VD_B_A",743,20660743
2,"VD_B_A",744,20660744
2,"VD_B_A",745,20660745
2,"VD_B_A",746,20660746
2,"VD_B_A",747,20660747
2,"VD_B_A",748,20660748
2,"VD_B_A",749,20660749
2,"VD_B_A",750,20660750
2,"VD_B_A",751,20660751
2,"VD_B_A",752,20660752
2,"VD_B_A",753,20660753
2,"VD_B_A",754,20660754
2,"VD_B_A",755,20660755
2,"VD_B_A",756,20660756
2,"VD_B_A",757,20660757
2,"VD_B_A",758,20660758
2,"VD_B_A",759,20660759
2,"VD_B_A",760,20660760
2,"VD_B_A",761,20660761
2,"VD_B_A",762,20660762
2,"VD_B_A",763,20660763
2,"VD_B_A",764,20660764
2,"VD_B_A",765,20660765
2,"VD_B_A",766,20660766
2,"VD_B_A",767,20660767
2,"VD_B_A",768,20660768
2,"VD_B_A",769,20660769
2,"VD_B_A",770,20660770
2,"VD_B_A",771,20660771
2,"VD_B_A",772,20660772
2,"VD_B_A",773,20660773
2,"VD_B_A",774,20660774
2,"VD_B_A",775,20660775
2,"VD_B_A",776,20660776
2,"VD_B_A",777,20660777
2,"VD_B_A",778,20660778
2,"VD_B_A",779,20660779
2,"VD_B_A",780,20660780
2,"VD_B_A",781,20660781
2,"VD_B_A",782,20660782
2,"VD_B_A",783,20660783
2,"VD_B_A",784,20660784
2,"VD_B_A",785,20660785
2,"VD_B_A",786,20660786
2,"VD_B_A",787,20660787
2,"VD_B_A",788,20660788
2,"VD_B_A",789,20660789
2,"VD_B_A",790,20660790
2,"VD_B_A",791,20660791
2,"VD_B_A",792,20660792
2,"VD_B_A",793,20660793
2,"VD_B_A",794,20660794
2,"VD_B_A",795,20660795
2,"VD_B_A",796,20660796
2,"VD_B_A",797,20660797
2,"VD_B_A",798,20660798
2,"VD_B_A",799,20660799
2,"VD_B_A",800,20660800
2,"VD_B_A",801,20660801
2,"VD_B_A",802,20660802
2,"VD_B_A",803,20660803
2,"VD_B_A",804,20660804
2,"VD_B_A",805,20660805
2,"VD_B_A",806,20660806
2,"VD_B_A",807,20660807
2,"VD_B_A",808,20660808
2,"VD_B_A",809,20660809
2,"VD_B_A",810,20660810
2,"VD_B_A",811,20660811
2,"VD_B_A",812,20660812
2,"VD_B_A",813,20660813
2,"VD_B_A",814,20660814
2,"VD_B_A",815,20660815
2,"VD_B_A",816,20660816
2,"VD_B_A",817,20660817
2,"VD_B_A",818,20660818
2,"VD_B_A",819,20660819
2,"VD_B_A",820,20660820
2,"VD_B_A",821,20660821
2,"VD_B_A",822,20660822
2,"VD_B_A",823,20660823
2,"VD_B_A",824,20660824
2,"VD_B_A",825,20660825
2,"VD_B_A",826,20660826
2,"VD_B_A",827,20660827
2,"VD_B_A",828,20660828
2,"VD_B_A",829,20660829
2,"VD_B_A",830,20660830
2,"VD_B_A",831,20660831
2,"VD_B_A",832,20660832
2,"VD_B_A",833,20660833
2,"VD_B_A",834,20660834
2,"VD_B_A",835,20660835
2,"VD_B_A",836,20660836
2,"VD_B_A",837,20660837
2,"VD_B_A",838,20660838
2,"VD_B_A",839,20660839
2,"VD_B_A",840,20660840
2,"VD_B_A",841,20660841
2,"VD_B_A",842,20660842
2,"VD_B_A",843,20660843
2,"VD_B_A",844,20660844
2,"VD_B_A",845,20660845
2,"VD_B_A",846,20660846
2,"VD_B_A",847,20660847
2,"VD_B_A",848,20660848
2,"VD_B_A",849,20660849
2,"VD_B_A",850,20660850
2,"VD_B_A",851,20660851
2,"VD_B_A",852,20660852
2,"VD_B_A",853,20660853
2,"VD_B_A",854,20660854
2,"VD_B_A",855,20660855
2,"VD_B_A",856,20660856
2,"VD_B_A",857,20660857
2,"VD_B_A",858,20660858
2,"VD_B_A",859,20660859
2,"VD_B_A",860,20660860
2,"VD_B_A",861,20660861
2,"VD_B_A",862,20660862
2,"VD_B_A",863,20660863
2,"VD_B_A",864,20660864
2,"VD_B_A",865,20660865
2,"VD_B_A",866,20660866
2,"VD_B_A",867,20660867
2,"VD_B_A",868,20660868
2,"VD_B_A",869,20660869
2,"VD_B_A",870,20660870
2,"VD_B_A",871,20660871
2,"VD_B_A",872,20660872
2,"VD_B_A",873,20660873
2,"VD_B_A",874,20660874
2,"VD_B_A",875,20660875
2,"VD_B_A",876,20660876
2,"VD_B_A",877,20660877
2,"VD_B_A",878,20660878
2,"VD_B_A",879,20660879
2,"VD_B_A",880,20660880
2,"VD_B_A",881,20660881
2,"VD_B_A",882,20660882
2,"VD_B_A",883,20660883
2,"VD_B_A",884,20660884
2,"VD_B_A",885,20660885
2,"VD_B_A",886,20660886
2,"VD_B_A",887,20660887
2,"VD_B_A",888,20660888
2,"VD_B_A",889,20660889
2,"VD_B_A",890,20660890
2,"VD_B_A",891,20660891
2,"VD_B_A",892,20660892
2,"VD_B_A",893,20660893
2,"VD_B_A",894,20660894
2,"VD_B_A",895,20660895
2,"VD_B_A",896,20660896
2,"VD_B_A",897,20660897
2,"VD_B_A",898,20660898
2,"VD_B_A",899,20660899
2,"VD_B_A",900,20660900
2,"VD_B_A",901,20660901
2,"VD_B_A",902,20660902
2,"VD_B_A",903,20660903
2,"VD_B_A",904,20660904
2,"VD_B_A",905,20660905
2,"VD_B_A",906,20660906
2,"VD_B_A",907,20660907
2,"VD_B_A",908,20660908
2,"VD_B_A",909,20660909
2,"VD_B_A",910,20660910
2,"VD_B_A",911,20660911
2,"VD_B_A",912,20660912
2,"VD_B_A",913,20660913
2,"VD_B_A",914,20660914
2,"VD_B_A",915,20660915
2,"VD_B_A",916,20660916
2,"VD_B_A",917,20660917
2,"VD_B_A",918,20660918
2,"VD_B_A",919,20660919
2,"VD_B_A",920,20660920
2,"VD_B_A",921,20660921
2,"VD_B_A",922,20660922
2,"VD_B_A",923,20660923
2,"VD_B_A",924,20660924
2,"VD_B_A",925,20660925
2,"VD_B_A",926,20660926
2,"VD_B_A",927,20660927
2,"VD_B_A",928,20660928
2,"VD_B_A",929,20660929
2,"VD_B_A",930,20660930
2,"VD_B_A",931,20660931
2,"VD_B_A",932,20660932
2,"VD_B_A",933,20660933
2,"VD_B_A",934,20660934
2,"VD_B_A",935,20660935
2,"VD_B_A",936,20660936
2,"VD_B_A",937,20660937
2,"VD_B_A",938,20660938
2,"VD_B_A",939,20660939
2,"VD_B_A",940,20660940
2,"VD_B_A",941,20660941
2,"VD_B_A",942,20660942
2,"VD_B_A",943,20660943
2,"VD_B_A",944,20660944
2,"VD_B_A",945,20660945
2,"VD_B_A",946,20660946
2,"VD_B_A",947,20660947
2,"VD_B_A",948,20660948
2,"VD_B_A",949,20660949
2,"VD_B_A",950,20660950
2,"VD_B_A",951,20660951
2,"VD_B_A",952,20660952
2,"VD_B_A",953,20660953
2,"VD_B_A",954,20660954
2,"VD_B_A",955,20660955
2,"VD_B_A",956,20660956
2,"VD_B_A",957,20660957
2,"VD_B_A",958,20660958
2,"VD_B_A",959,20660959
2,"VD_B_A",960,20660960
2,"VD_B_A",961,20660961
2,"VD_B_A",962,20660962
2,"VD_B_A",963,20660963
2,"VD_B_A",964,20660964
2,"VD_B_A",965,20660965
2,"VD_B_A",966,20660966
2,"VD_B_A",967,20660967
2,"VD_B_A",968,20660968
2,"VD_B_A",969,20660969
2,"VD_B_A",970,20660970
2,"VD_B_A",971,20660971
2,"VD_B_A",972,20660972
2,"VD_B_A",973,20660973
2,"VD_B_A",974,20660974
2,"VD_B_A",975,20660975
2,"VD_B_A",976,20660976
2,"VD_B_A",977,20660977
2,"VD_B_A",978,20660978
2,"VD_B_A",979,20660979
2,"VD_B_A",980,20660980
2,"VD_B_A",981,20660981
2,"VD_B_A",982,20660982
2,"VD_B_A",983,20660983
2,"VD_B_A",984,20660984
2,"VD_B_A",985,20660985
2,"VD_B_A",986,20660986
2,"VD_B_A",987,20660987
2,"VD_B_A",988,20660988
2,"VD_B_A",989,20660989
2,"VD_B_A",990,20660990
2,"VD_B_A",991,20660991
2,"VD_B_A",992,20660992
2,"VD_B_A",993,20660993
2,"VD_B_A",994,20660994
2,"VD_B_A",995,20660995
2,"VD_B_A",996,20660996
2,"VD_B_A",997,20660997
2,"VD_B_A",998,20660998
2,"VD_B_A",999,20660999
2,"VD_B_A",1000,20661000
3,"VD_SH_N",1,20760001
3,"VD_SH_N",2,20760002
3,"VD_SH_N",3,20760003
3,"VD_SH_N",4,20760004
3,"VD_SH_N",5,20760005
3,"VD_SH_N",6,20760006
3,"VD_SH_N",7,20760007
3,"VD_SH_N",8,20760008
3,"VD_SH_N",9,20760009
3,"VD_SH_N",10,20760010
3,"VD_SH_N",11,20760011
3,"VD_SH_N",12,20760012
3,"VD_SH_N",13,20760013
3,"VD_SH_N",14,20760014
3,"VD_SH_N",15,20760015
3,"VD_SH_N",16,20760016
3,"VD_SH_N",17,20760017
3,"VD_SH_N",18,20760018
3,"VD_SH_N",19,20760019
3,"VD_SH_N",20,20760020
3,"VD_SH_N",21,20760021
3,"VD_SH_N",22,20760022
3,"VD_SH_N",23,20760023
3,"VD_SH_N",24,20760024
3,"VD_SH_N",25,20760025
3,"VD_SH_N",26,20760026
3,"VD_SH_N",27,20760027
3,"VD_SH_N",28,20760028
3,"VD_SH_N",29,20760029
3,"VD_SH_N",30,20760030
3,"VD_SH_N",31,20760031
3,"VD_SH_N",32,20760032
3,"VD_SH_N",33,20760033
3,"VD_SH_N",34,20760034
3,"VD_SH_N",35,20760035
3,"VD_SH_N",36,20760036
3,"VD_SH_N",37,20760037
3,"VD_SH_N",38,20760038
3,"VD_SH_N",39,20760039
3,"VD_SH_N",40,20760040
3,"VD_SH_N",41,20760041
3,"VD_SH_N",42,20760042
3,"VD_SH_N",43,20760043
3,"VD_SH_N",44,20760044
3,"VD_SH_N",45,20760045
3,"VD_SH_N",46,20760046
3,"VD_SH_N",47,20760047
3,"VD_SH_N",48,20760048
3,"VD_SH_N",49,20760049
3,"VD_SH_N",50,20760050
3,"VD_SH_N",51,20760051
3,"VD_SH_N",52,20760052
3,"VD_SH_N",53,20760053
3,"VD_SH_N",54,20760054
3,"VD_SH_N",55,20760055
3,"VD_SH_N",56,20760056
3,"VD_SH_N",57,20760057
3,"VD_SH_N",58,20760058
3,"VD_SH_N",59,20760059
3,"VD_SH_N",60,20760060
3,"VD_SH_N",61,20760061
3,"VD_SH_N",62,20760062
3,"VD_SH_N",63,20760063
3,"VD_SH_N",64,20760064
3,"VD_SH_N",65,20760065
3,"VD_SH_N",66,20760066
3,"VD_SH_N",67,20760067
3,"VD_SH_N",68,20760068
3,"VD_SH_N",69,20760069
3,"VD_SH_N",70,20760070
3,"VD_SH_N",71,20760071
3,"VD_SH_N",72,20760072
3,"VD_SH_N",73,20760073
3,"VD_SH_N",74,20760074
3,"VD_SH_N",75,20760075
3,"VD_SH_N",76,20760076
3,"VD_SH_N",77,20760077
3,"VD_SH_N",78,20760078
3,"VD_SH_N",79,20760079
3,"VD_SH_N",80,20760080
3,"VD_SH_N",81,20760081
3,"VD_SH_N",82,20760082
3,"VD_SH_N",83,20760083
3,"VD_SH_N",84,20760084
3,"VD_SH_N",85,20760085
3,"VD_SH_N",86,20760086
3,"VD_SH_N",87,20760087
3,"VD_SH_N",88,20760088
3,"VD_SH_N",89,20760089
3,"VD_SH_N",90,20760090
3,"VD_SH_N",91,20760091
3,"VD_SH_N",92,20760092
3,"VD_SH_N",93,20760093
3,"VD_SH_N",94,20760094
3,"VD_SH_N",95,20760095
3,"VD_SH_N",96,20760096
3,"VD_SH_N",97,20760097
3,"VD_SH_N",98,20760098
3,"VD_SH_N",99,20760099
3,"VD_SH_N",100,20760100
3,"VD_SH_N",101,20760101
3,"VD_SH_N",102,20760102
3,"VD_SH_N",103,20760103
3,"VD_SH_N",104,20760104
3,"VD_SH_N",105,20760105
3,"VD_SH_N",106,20760106
3,"VD_SH_N",107,20760107
3,"VD_SH_N",108,20760108
3,"VD_SH_N",109,20760109
3,"VD_SH_N",110,20760110
3,"VD_SH_N",111,20760111
3,"VD_SH_N",112,20760112
3,"VD_SH_N",113,20760113
3,"VD_SH_N",114,20760114
3,"VD_SH_N",115,20760115
3,"VD_SH_N",116,20760116
3,"VD_SH_N",117,20760117
3,"VD_SH_N",118,20760118
3,"VD_SH_N",119,20760119
3,"VD_SH_N",120,20760120
3,"VD_SH_N",121,20760121
3,"VD_SH_N",122,20760122
3,"VD_SH_N",123,20760123
3,"VD_SH_N",124,20760124
3,"VD_SH_N",125,20760125
3,"VD_SH_N",126,20760126
3,"VD_SH_N",127,20760127
3,"VD_SH_N",128,20760128
3,"VD_SH_N",129,20760129
3,"VD_SH_N",130,20760130
3,"VD_SH_N",131,20760131
3,"VD_SH_N",132,20760132
3,"VD_SH_N",133,20760133
3,"VD_SH_N",134,20760134
3,"VD_SH_N",135,20760135
3,"VD_SH_N",136,20760136
3,"VD_SH_N",137,20760137
3,"VD_SH_N",138,20760138
3,"VD_SH_N",139,20760139
3,"VD_SH_N",140,20760140
3,"VD_SH_N",141,20760141
3,"VD_SH_N",142,20760142
3,"VD_SH_N",143,20760143
3,"VD_SH_N",144,20760144
3,"VD_SH_N",145,20760145
3,"VD_SH_N",146,20760146
3,"VD_SH_N",147,20760147
3,"VD_SH_N",148,20760148
3,"VD_SH_N",149,20760149
3,"VD_SH_N",150,20760150
3,"VD_SH_N",151,20760151
3,"VD_SH_N",152,20760152
3,"VD_SH_N",153,20760153
3,"VD_SH_N",154,20760154
3,"VD_SH_N",155,20760155
3,"VD_SH_N",156,20760156
3,"VD_SH_N",157,20760157
3,"VD_SH_N",158,20760158
3,"VD_SH_N",159,20760159
3,"VD_SH_N",160,20760160
3,"VD_SH_N",161,20760161
3,"VD_SH_N",162,20760162
3,"VD_SH_N",163,20760163
3,"VD_SH_N",164,20760164
3,"VD_SH_N",165,20760165
3,"VD_SH_N",166,20760166
3,"VD_SH_N",167,20760167
3,"VD_SH_N",168,20760168
3,"VD_SH_N",169,20760169
3,"VD_SH_N",170,20760170
3,"VD_SH_N",171,20760171
3,"VD_SH_N",172,20760172
3,"VD_SH_N",173,20760173
3,"VD_SH_N",174,20760174
3,"VD_SH_N",175,20760175
3,"VD_SH_N",176,20760176
3,"VD_SH_N",177,20760177
3,"VD_SH_N",178,20760178
3,"VD_SH_N",179,20760179
3,"VD_SH_N",180,20760180
3,"VD_SH_N",181,20760181
3,"VD_SH_N",182,20760182
3,"VD_SH_N",183,20760183
3,"VD_SH_N",184,20760184
3,"VD_SH_N",185,20760185
3,"VD_SH_N",186,20760186
3,"VD_SH_N",187,20760187
3,"VD_SH_N",188,20760188
3,"VD_SH_N",189,20760189
3,"VD_SH_N",190,20760190
3,"VD_SH_N",191,20760191
3,"VD_SH_N",192,20760192
3,"VD_SH_N",193,20760193
3,"VD_SH_N",194,20760194
3,"VD_SH_N",195,20760195
3,"VD_SH_N",196,20760196
3,"VD_SH_N",197,20760197
3,"VD_SH_N",198,20760198
3,"VD_SH_N",199,20760199
3,"VD_SH_N",200,20760200
3,"VD_SH_N",201,20760201
3,"VD_SH_N",202,20760202
3,"VD_SH_N",203,20760203
3,"VD_SH_N",204,20760204
3,"VD_SH_N",205,20760205
3,"VD_SH_N",206,20760206
3,"VD_SH_N",207,20760207
3,"VD_SH_N",208,20760208
3,"VD_SH_N",209,20760209
3,"VD_SH_N",210,20760210
3,"VD_SH_N",211,20760211
3,"VD_SH_N",212,20760212
3,"VD_SH_N",213,20760213
3,"VD_SH_N",214,20760214
3,"VD_SH_N",215,20760215
3,"VD_SH_N",216,20760216
3,"VD_SH_N",217,20760217
3,"VD_SH_N",218,20760218
3,"VD_SH_N",219,20760219
3,"VD_SH_N",220,20760220
3,"VD_SH_N",221,20760221
3,"VD_SH_N",222,20760222
3,"VD_SH_N",223,20760223
3,"VD_SH_N",224,20760224
3,"VD_SH_N",225,20760225
3,"VD_SH_N",226,20760226
3,"VD_SH_N",227,20760227
3,"VD_SH_N",228,20760228
3,"VD_SH_N",229,20760229
3,"VD_SH_N",230,20760230
3,"VD_SH_N",231,20760231
3,"VD_SH_N",232,20760232
3,"VD_SH_N",233,20760233
3,"VD_SH_N",234,20760234
3,"VD_SH_N",235,20760235
3,"VD_SH_N",236,20760236
3,"VD_SH_N",237,20760237
3,"VD_SH_N",238,20760238
3,"VD_SH_N",239,20760239
3,"VD_SH_N",240,20760240
3,"VD_SH_N",241,20760241
3,"VD_SH_N",242,20760242
3,"VD_SH_N",243,20760243
3,"VD_SH_N",244,20760244
3,"VD_SH_N",245,20760245
3,"VD_SH_N",246,20760246
3,"VD_SH_N",247,20760247
3,"VD_SH_N",248,20760248
3,"VD_SH_N",249,20760249
3,"VD_SH_N",250,20760250
3,"VD_SH_N",251,20760251
3,"VD_SH_N",252,20760252
3,"VD_SH_N",253,20760253
3,"VD_SH_N",254,20760254
3,"VD_SH_N",255,20760255
3,"VD_SH_N",256,20760256
3,"VD_SH_N",257,20760257
3,"VD_SH_N",258,20760258
3,"VD_SH_N",259,20760259
3,"VD_SH_N",260,20760260
3,"VD_SH_N",261,20760261
3,"VD_SH_N",262,20760262
3,"VD_SH_N",263,20760263
3,"VD_SH_N",264,20760264
3,"VD_SH_N",265,20760265
3,"VD_SH_N",266,20760266
3,"VD_SH_N",267,20760267
3,"VD_SH_N",268,20760268
3,"VD_SH_N",269,20760269
3,"VD_SH_N",270,20760270
3,"VD_SH_N",271,20760271
3,"VD_SH_N",272,20760272
3,"VD_SH_N",273,20760273
3,"VD_SH_N",274,20760274
3,"VD_SH_N",275,20760275
3,"VD_SH_N",276,20760276
3,"VD_SH_N",277,20760277
3,"VD_SH_N",278,20760278
3,"VD_SH_N",279,20760279
3,"VD_SH_N",280,20760280
3,"VD_SH_N",281,20760281
3,"VD_SH_N",282,20760282
3,"VD_SH_N",283,20760283
3,"VD_SH_N",284,20760284
3,"VD_SH_N",285,20760285
3,"VD_SH_N",286,20760286
3,"VD_SH_N",287,20760287
3,"VD_SH_N",288,20760288
3,"VD_SH_N",289,20760289
3,"VD_SH_N",290,20760290
3,"VD_SH_N",291,20760291
3,"VD_SH_N",292,20760292
3,"VD_SH_N",293,20760293
3,"VD_SH_N",294,20760294
3,"VD_SH_N",295,20760295
3,"VD_SH_N",296,20760296
3,"VD_SH_N",297,20760297
3,"VD_SH_N",298,20760298
3,"VD_SH_N",299,20760299
3,"VD_SH_N",300,20760300
3,"VD_SH_N",301,20760301
3,"VD_SH_N",302,20760302
3,"VD_SH_N",303,20760303
3,"VD_SH_N",304,20760304
3,"VD_SH_N",305,20760305
3,"VD_SH_N",306,20760306
3,"VD_SH_N",307,20760307
3,"VD_SH_N",308,20760308
3,"VD_SH_N",309,20760309
3,"VD_SH_N",310,20760310
3,"VD_SH_N",311,20760311
3,"VD_SH_N",312,20760312
3,"VD_SH_N",313,20760313
3,"VD_SH_N",314,20760314
3,"VD_SH_N",315,20760315
3,"VD_SH_N",316,20760316
3,"VD_SH_N",317,20760317
3,"VD_SH_N",318,20760318
3,"VD_SH_N",319,20760319
3,"VD_SH_N",320,20760320
3,"VD_SH_N",321,20760321
3,"VD_SH_N",322,20760322
3,"VD_SH_N",323,20760323
3,"VD_SH_N",324,20760324
3,"VD_SH_N",325,20760325
3,"VD_SH_N",326,20760326
3,"VD_SH_N",327,20760327
3,"VD_SH_N",328,20760328
3,"VD_SH_N",329,20760329
3,"VD_SH_N",330,20760330
3,"VD_SH_N",331,20760331
3,"VD_SH_N",332,20760332
3,"VD_SH_N",333,20760333
3,"VD_SH_N",334,20760334
3,"VD_SH_N",335,20760335
3,"VD_SH_N",336,20760336
3,"VD_SH_N",337,20760337
3,"VD_SH_N",338,20760338
3,"VD_SH_N",339,20760339
3,"VD_SH_N",340,20760340
3,"VD_SH_N",341,20760341
3,"VD_SH_N",342,20760342
3,"VD_SH_N",343,20760343
3,"VD_SH_N",344,20760344
3,"VD_SH_N",345,20760345
3,"VD_SH_N",346,20760346
3,"VD_SH_N",347,20760347
3,"VD_SH_N",348,20760348
3,"VD_SH_N",349,20760349
3,"VD_SH_N",350,20760350
3,"VD_SH_N",351,20760351
3,"VD_SH_N",352,20760352
3,"VD_SH_N",353,20760353
3,"VD_SH_N",354,20760354
3,"VD_SH_N",355,20760355
3,"VD_SH_N",356,20760356
3,"VD_SH_N",357,20760357
3,"VD_SH_N",358,20760358
3,"VD_SH_N",359,20760359
3,"VD_SH_N",360,20760360
3,"VD_SH_N",361,20760361
3,"VD_SH_N",362,20760362
3,"VD_SH_N",363,20760363
3,"VD_SH_N",364,20760364
3,"VD_SH_N",365,20760365
3,"VD_SH_N",366,20760366
3,"VD_SH_N",367,20760367
3,"VD_SH_N",368,20760368
3,"VD_SH_N",369,20760369
3,"VD_SH_N",370,20760370
3,"VD_SH_N",371,20760371
3,"VD_SH_N",372,20760372
3,"VD_SH_N",373,20760373
3,"VD_SH_N",374,20760374
3,"VD_SH_N",375,20760375
3,"VD_SH_N",376,20760376
3,"VD_SH_N",377,20760377
3,"VD_SH_N",378,20760378
3,"VD_SH_N",379,20760379
3,"VD_SH_N",380,20760380
3,"VD_SH_N",381,20760381
3,"VD_SH_N",382,20760382
3,"VD_SH_N",383,20760383
3,"VD_SH_N",384,20760384
3,"VD_SH_N",385,20760385
3,"VD_SH_N",386,20760386
3,"VD_SH_N",387,20760387
3,"VD_SH_N",388,20760388
3,"VD_SH_N",389,20760389
3,"VD_SH_N",390,20760390
3,"VD_SH_N",391,20760391
3,"VD_SH_N",392,20760392
3,"VD_SH_N",393,20760393
3,"VD_SH_N",394,20760394
3,"VD_SH_N",395,20760395
3,"VD_SH_N",396,20760396
3,"VD_SH_N",397,20760397
3,"VD_SH_N",398,20760398
3,"VD_SH_N",399,20760399
3,"VD_SH_N",400,20760400
3,"VD_SH_N",401,20760401
3,"VD_SH_N",402,20760402
3,"VD_SH_N",403,20760403
3,"VD_SH_N",404,20760404
3,"VD_SH_N",405,20760405
3,"VD_SH_N",406,20760406
3,"VD_SH_N",407,20760407
3,"VD_SH_N",408,20760408
3,"VD_SH_N",409,20760409
3,"VD_SH_N",410,20760410
3,"VD_SH_N",411,20760411
3,"VD_SH_N",412,20760412
3,"VD_SH_N",413,20760413
3,"VD_SH_N",414,20760414
3,"VD_SH_N",415,20760415
3,"VD_SH_N",416,20760416
3,"VD_SH_N",417,20760417
3,"VD_SH_N",418,20760418
3,"VD_SH_N",419,20760419
3,"VD_SH_N",420,20760420
3,"VD_SH_N",421,20760421
3,"VD_SH_N",422,20760422
3,"VD_SH_N",423,20760423
3,"VD_SH_N",424,20760424
3,"VD_SH_N",425,20760425
3,"VD_SH_N",426,20760426
3,"VD_SH_N",427,20760427
3,"VD_SH_N",428,20760428
3,"VD_SH_N",429,20760429
3,"VD_SH_N",430,20760430
3,"VD_SH_N",431,20760431
3,"VD_SH_N",432,20760432
3,"VD_SH_N",433,20760433
3,"VD_SH_N",434,20760434
3,"VD_SH_N",435,20760435
3,"VD_SH_N",436,20760436
3,"VD_SH_N",437,20760437
3,"VD_SH_N",438,20760438
3,"VD_SH_N",439,20760439
3,"VD_SH_N",440,20760440
3,"VD_SH_N",441,20760441
3,"VD_SH_N",442,20760442
3,"VD_SH_N",443,20760443
3,"VD_SH_N",444,20760444
3,"VD_SH_N",445,20760445
3,"VD_SH_N",446,20760446
3,"VD_SH_N",447,20760447
3,"VD_SH_N",448,20760448
3,"VD_SH_N",449,20760449
3,"VD_SH_N",450,20760450
3,"VD_SH_N",451,20760451
3,"VD_SH_N",452,20760452
3,"VD_SH_N",453,20760453
3,"VD_SH_N",454,20760454
3,"VD_SH_N",455,20760455
3,"VD_SH_N",456,20760456
3,"VD_SH_N",457,20760457
3,"VD_SH_N",458,20760458
3,"VD_SH_N",459,20760459
3,"VD_SH_N",460,20760460
3,"VD_SH_N",461,20760461
3,"VD_SH_N",462,20760462
3,"VD_SH_N",463,20760463
3,"VD_SH_N",464,20760464
3,"VD_SH_N",465,20760465
3,"VD_SH_N",466,20760466
3,"VD_SH_N",467,20760467
3,"VD_SH_N",468,20760468
3,"VD_SH_N",469,20760469
3,"VD_SH_N",470,20760470
3,"VD_SH_N",471,20760471
3,"VD_SH_N",472,20760472
3,"VD_SH_N",473,20760473
3,"VD_SH_N",474,20760474
3,"VD_SH_N",475,20760475
3,"VD_SH_N",476,20760476
3,"VD_SH_N",477,20760477
3,"VD_SH_N",478,20760478
3,"VD_SH_N",479,20760479
3,"VD_SH_N",480,20760480
3,"VD_SH_N",481,20760481
3,"VD_SH_N",482,20760482
3,"VD_SH_N",483,20760483
3,"VD_SH_N",484,20760484
3,"VD_SH_N",485,20760485
3,"VD_SH_N",486,20760486
3,"VD_SH_N",487,20760487
3,"VD_SH_N",488,20760488
3,"VD_SH_N",489,20760489
3,"VD_SH_N",490,20760490
3,"VD_SH_N",491,20760491
3,"VD_SH_N",492,20760492
3,"VD_SH_N",493,20760493
3,"VD_SH_N",494,20760494
3,"VD_SH_N",495,20760495
3,"VD_SH_N",496,20760496
3,"VD_SH_N",497,20760497
3,"VD_SH_N",498,20760498
3,"VD_SH_N",499,20760499
3,"VD_SH_N",500,20760500
3,"VD_SH_N",501,20760501
3,"VD_SH_N",502,20760502
3,"VD_SH_N",503,20760503
3,"VD_SH_N",504,20760504
3,"VD_SH_N",505,20760505
3,"VD_SH_N",506,20760506
3,"VD_SH_N",507,20760507
3,"VD_SH_N",508,20760508
3,"VD_SH_N",509,20760509
3,"VD_SH_N",510,20760510
3,"VD_SH_N",511,20760511
3,"VD_SH_N",512,20760512
3,"VD_SH_N",513,20760513
3,"VD_SH_N",514,20760514
3,"VD_SH_N",515,20760515
3,"VD_SH_N",516,20760516
3,"VD_SH_N",517,20760517
3,"VD_SH_N",518,20760518
3,"VD_SH_N",519,20760519
3,"VD_SH_N",520,20760520
3,"VD_SH_N",521,20760521
3,"VD_SH_N",522,20760522
3,"VD_SH_N",523,20760523
3,"VD_SH_N",524,20760524
3,"VD_SH_N",525,20760525
3,"VD_SH_N",526,20760526
3,"VD_SH_N",527,20760527
3,"VD_SH_N",528,20760528
3,"VD_SH_N",529,20760529
3,"VD_SH_N",530,20760530
3,"VD_SH_N",531,20760531
3,"VD_SH_N",532,20760532
3,"VD_SH_N",533,20760533
3,"VD_SH_N",534,20760534
3,"VD_SH_N",535,20760535
3,"VD_SH_N",536,20760536
3,"VD_SH_N",537,20760537
3,"VD_SH_N",538,20760538
3,"VD_SH_N",539,20760539
3,"VD_SH_N",540,20760540
3,"VD_SH_N",541,20760541
3,"VD_SH_N",542,20760542
3,"VD_SH_N",543,20760543
3,"VD_SH_N",544,20760544
3,"VD_SH_N",545,20760545
3,"VD_SH_N",546,20760546
3,"VD_SH_N",547,20760547
3,"VD_SH_N",548,20760548
3,"VD_SH_N",549,20760549
3,"VD_SH_N",550,20760550
3,"VD_SH_N",551,20760551
3,"VD_SH_N",552,20760552
3,"VD_SH_N",553,20760553
3,"VD_SH_N",554,20760554
3,"VD_SH_N",555,20760555
3,"VD_SH_N",556,20760556
3,"VD_SH_N",557,20760557
3,"VD_SH_N",558,20760558
3,"VD_SH_N",559,20760559
3,"VD_SH_N",560,20760560
3,"VD_SH_N",561,20760561
3,"VD_SH_N",562,20760562
3,"VD_SH_N",563,20760563
3,"VD_SH_N",564,20760564
3,"VD_SH_N",565,20760565
3,"VD_SH_N",566,20760566
3,"VD_SH_N",567,20760567
3,"VD_SH_N",568,20760568
3,"VD_SH_N",569,20760569
3,"VD_SH_N",570,20760570
3,"VD_SH_N",571,20760571
3,"VD_SH_N",572,20760572
3,"VD_SH_N",573,20760573
3,"VD_SH_N",574,20760574
3,"VD_SH_N",575,20760575
3,"VD_SH_N",576,20760576
3,"VD_SH_N",577,20760577
3,"VD_SH_N",578,20760578
3,"VD_SH_N",579,20760579
3,"VD_SH_N",580,20760580
3,"VD_SH_N",581,20760581
3,"VD_SH_N",582,20760582
3,"VD_SH_N",583,20760583
3,"VD_SH_N",584,20760584
3,"VD_SH_N",585,20760585
3,"VD_SH_N",586,20760586
3,"VD_SH_N",587,20760587
3,"VD_SH_N",588,20760588
3,"VD_SH_N",589,20760589
3,"VD_SH_N",590,20760590
3,"VD_SH_N",591,20760591
3,"VD_SH_N",592,20760592
3,"VD_SH_N",593,20760593
3,"VD_SH_N",594,20760594
3,"VD_SH_N",595,20760595
3,"VD_SH_N",596,20760596
3,"VD_SH_N",597,20760597
3,"VD_SH_N",598,20760598
3,"VD_SH_N",599,20760599
3,"VD_SH_N",600,20760600
3,"VD_SH_N",601,20760601
3,"VD_SH_N",602,20760602
3,"VD_SH_N",603,20760603
3,"VD_SH_N",604,20760604
3,"VD_SH_N",605,20760605
3,"VD_SH_N",606,20760606
3,"VD_SH_N",607,20760607
3,"VD_SH_N",608,20760608
3,"VD_SH_N",609,20760609
3,"VD_SH_N",610,20760610
3,"VD_SH_N",611,20760611
3,"VD_SH_N",612,20760612
3,"VD_SH_N",613,20760613
3,"VD_SH_N",614,20760614
3,"VD_SH_N",615,20760615
3,"VD_SH_N",616,20760616
3,"VD_SH_N",617,20760617
3,"VD_SH_N",618,20760618
3,"VD_SH_N",619,20760619
3,"VD_SH_N",620,20760620
3,"VD_SH_N",621,20760621
3,"VD_SH_N",622,20760622
3,"VD_SH_N",623,20760623
3,"VD_SH_N",624,20760624
3,"VD_SH_N",625,20760625
3,"VD_SH_N",626,20760626
3,"VD_SH_N",627,20760627
3,"VD_SH_N",628,20760628
3,"VD_SH_N",629,20760629
3,"VD_SH_N",630,20760630
3,"VD_SH_N",631,20760631
3,"VD_SH_N",632,20760632
3,"VD_SH_N",633,20760633
3,"VD_SH_N",634,20760634
3,"VD_SH_N",635,20760635
3,"VD_SH_N",636,20760636
3,"VD_SH_N",637,20760637
3,"VD_SH_N",638,20760638
3,"VD_SH_N",639,20760639
3,"VD_SH_N",640,20760640
3,"VD_SH_N",641,20760641
3,"VD_SH_N",642,20760642
3,"VD_SH_N",643,20760643
3,"VD_SH_N",644,20760644
3,"VD_SH_N",645,20760645
3,"VD_SH_N",646,20760646
3,"VD_SH_N",647,20760647
3,"VD_SH_N",648,20760648
3,"VD_SH_N",649,20760649
3,"VD_SH_N",650,20760650
3,"VD_SH_N",651,20760651
3,"VD_SH_N",652,20760652
3,"VD_SH_N",653,20760653
3,"VD_SH_N",654,20760654
3,"VD_SH_N",655,20760655
3,"VD_SH_N",656,20760656
3,"VD_SH_N",657,20760657
3,"VD_SH_N",658,20760658
3,"VD_SH_N",659,20760659
3,"VD_SH_N",660,20760660
3,"VD_SH_N",661,20760661
3,"VD_SH_N",662,20760662
3,"VD_SH_N",663,20760663
3,"VD_SH_N",664,20760664
3,"VD_SH_N",665,20760665
3,"VD_SH_N",666,20760666
3,"VD_SH_N",667,20760667
3,"VD_SH_N",668,20760668
3,"VD_SH_N",669,20760669
3,"VD_SH_N",670,20760670
3,"VD_SH_N",671,20760671
3,"VD_SH_N",672,20760672
3,"VD_SH_N",673,20760673
3,"VD_SH_N",674,20760674
3,"VD_SH_N",675,20760675
3,"VD_SH_N",676,20760676
3,"VD_SH_N",677,20760677
3,"VD_SH_N",678,20760678
3,"VD_SH_N",679,20760679
3,"VD_SH_N",680,20760680
3,"VD_SH_N",681,20760681
3,"VD_SH_N",682,20760682
3,"VD_SH_N",683,20760683
3,"VD_SH_N",684,20760684
3,"VD_SH_N",685,20760685
3,"VD_SH_N",686,20760686
3,"VD_SH_N",687,20760687
3,"VD_SH_N",688,20760688
3,"VD_SH_N",689,20760689
3,"VD_SH_N",690,20760690
3,"VD_SH_N",691,20760691
3,"VD_SH_N",692,20760692
3,"VD_SH_N",693,20760693
3,"VD_SH_N",694,20760694
3,"VD_SH_N",695,20760695
3,"VD_SH_N",696,20760696
3,"VD_SH_N",697,20760697
3,"VD_SH_N",698,20760698
3,"VD_SH_N",699,20760699
3,"VD_SH_N",700,20760700
3,"VD_SH_N",701,20760701
3,"VD_SH_N",702,20760702
3,"VD_SH_N",703,20760703
3,"VD_SH_N",704,20760704
3,"VD_SH_N",705,20760705
3,"VD_SH_N",706,20760706
3,"VD_SH_N",707,20760707
3,"VD_SH_N",708,20760708
3,"VD_SH_N",709,20760709
3,"VD_SH_N",710,20760710
3,"VD_SH_N",711,20760711
3,"VD_SH_N",712,20760712
3,"VD_SH_N",713,20760713
3,"VD_SH_N",714,20760714
3,"VD_SH_N",715,20760715
3,"VD_SH_N",716,20760716
3,"VD_SH_N",717,20760717
3,"VD_SH_N",718,20760718
3,"VD_SH_N",719,20760719
3,"VD_SH_N",720,20760720
3,"VD_SH_N",721,20760721
3,"VD_SH_N",722,20760722
3,"VD_SH_N",723,20760723
3,"VD_SH_N",724,20760724
3,"VD_SH_N",725,20760725
3,"VD_SH_N",726,20760726
3,"VD_SH_N",727,20760727
3,"VD_SH_N",728,20760728
3,"VD_SH_N",729,20760729
3,"VD_SH_N",730,20760730
3,"VD_SH_N",731,20760731
3,"VD_SH_N",732,20760732
3,"VD_SH_N",733,20760733
3,"VD_SH_N",734,20760734
3,"VD_SH_N",735,20760735
3,"VD_SH_N",736,20760736
3,"VD_SH_N",737,20760737
3,"VD_SH_N",738,20760738
3,"VD_SH_N",739,20760739
3,"VD_SH_N",740,20760740
3,"VD_SH_N",741,20760741
3,"VD_SH_N",742,20760742
3,"VD_SH_N",743,20760743
3,"VD_SH_N",744,20760744
3,"VD_SH_N",745,20760745
3,"VD_SH_N",746,20760746
3,"VD_SH_N",747,20760747
3,"VD_SH_N",748,20760748
3,"VD_SH_N",749,20760749
3,"VD_SH_N",750,20760750
3,"VD_SH_N",751,20760751
3,"VD_SH_N",752,20760752
3,"VD_SH_N",753,20760753
3,"VD_SH_N",754,20760754
3,"VD_SH_N",755,20760755
3,"VD_SH_N",756,20760756
3,"VD_SH_N",757,20760757
3,"VD_SH_N",758,20760758
3,"VD_SH_N",759,20760759
3,"VD_SH_N",760,20760760
3,"VD_SH_N",761,20760761
3,"VD_SH_N",762,20760762
3,"VD_SH_N",763,20760763
3,"VD_SH_N",764,20760764
3,"VD_SH_N",765,20760765
3,"VD_SH_N",766,20760766
3,"VD_SH_N",767,20760767
3,"VD_SH_N",768,20760768
3,"VD_SH_N",769,20760769
3,"VD_SH_N",770,20760770
3,"VD_SH_N",771,20760771
3,"VD_SH_N",772,20760772
3,"VD_SH_N",773,20760773
3,"VD_SH_N",774,20760774
3,"VD_SH_N",775,20760775
3,"VD_SH_N",776,20760776
3,"VD_SH_N",777,20760777
3,"VD_SH_N",778,20760778
3,"VD_SH_N",779,20760779
3,"VD_SH_N",780,20760780
3,"VD_SH_N",781,20760781
3,"VD_SH_N",782,20760782
3,"VD_SH_N",783,20760783
3,"VD_SH_N",784,20760784
3,"VD_SH_N",785,20760785
3,"VD_SH_N",786,20760786
3,"VD_SH_N",787,20760787
3,"VD_SH_N",788,20760788
3,"VD_SH_N",789,20760789
3,"VD_SH_N",790,20760790
3,"VD_SH_N",791,20760791
3,"VD_SH_N",792,20760792
3,"VD_SH_N",793,20760793
3,"VD_SH_N",794,20760794
3,"VD_SH_N",795,20760795
3,"VD_SH_N",796,20760796
3,"VD_SH_N",797,20760797
3,"VD_SH_N",798,20760798
3,"VD_SH_N",799,20760799
3,"VD_SH_N",800,20760800
3,"VD_SH_N",801,20760801
3,"VD_SH_N",802,20760802
3,"VD_SH_N",803,20760803
3,"VD_SH_N",804,20760804
3,"VD_SH_N",805,20760805
3,"VD_SH_N",806,20760806
3,"VD_SH_N",807,20760807
3,"VD_SH_N",808,20760808
3,"VD_SH_N",809,20760809
3,"VD_SH_N",810,20760810
3,"VD_SH_N",811,20760811
3,"VD_SH_N",812,20760812
3,"VD_SH_N",813,20760813
3,"VD_SH_N",814,20760814
3,"VD_SH_N",815,20760815
3,"VD_SH_N",816,20760816
3,"VD_SH_N",817,20760817
3,"VD_SH_N",818,20760818
3,"VD_SH_N",819,20760819
3,"VD_SH_N",820,20760820
3,"VD_SH_N",821,20760821
3,"VD_SH_N",822,20760822
3,"VD_SH_N",823,20760823
3,"VD_SH_N",824,20760824
3,"VD_SH_N",825,20760825
3,"VD_SH_N",826,20760826
3,"VD_SH_N",827,20760827
3,"VD_SH_N",828,20760828
3,"VD_SH_N",829,20760829
3,"VD_SH_N",830,20760830
3,"VD_SH_N",831,20760831
3,"VD_SH_N",832,20760832
3,"VD_SH_N",833,20760833
3,"VD_SH_N",834,20760834
3,"VD_SH_N",835,20760835
3,"VD_SH_N",836,20760836
3,"VD_SH_N",837,20760837
3,"VD_SH_N",838,20760838
3,"VD_SH_N",839,20760839
3,"VD_SH_N",840,20760840
3,"VD_SH_N",841,20760841
3,"VD_SH_N",842,20760842
3,"VD_SH_N",843,20760843
3,"VD_SH_N",844,20760844
3,"VD_SH_N",845,20760845
3,"VD_SH_N",846,20760846
3,"VD_SH_N",847,20760847
3,"VD_SH_N",848,20760848
3,"VD_SH_N",849,20760849
3,"VD_SH_N",850,20760850
3,"VD_SH_N",851,20760851
3,"VD_SH_N",852,20760852
3,"VD_SH_N",853,20760853
3,"VD_SH_N",854,20760854
3,"VD_SH_N",855,20760855
3,"VD_SH_N",856,20760856
3,"VD_SH_N",857,20760857
3,"VD_SH_N",858,20760858
3,"VD_SH_N",859,20760859
3,"VD_SH_N",860,20760860
3,"VD_SH_N",861,20760861
3,"VD_SH_N",862,20760862
3,"VD_SH_N",863,20760863
3,"VD_SH_N",864,20760864
3,"VD_SH_N",865,20760865
3,"VD_SH_N",866,20760866
3,"VD_SH_N",867,20760867
3,"VD_SH_N",868,20760868
3,"VD_SH_N",869,20760869
3,"VD_SH_N",870,20760870
3,"VD_SH_N",871,20760871
3,"VD_SH_N",872,20760872
3,"VD_SH_N",873,20760873
3,"VD_SH_N",874,20760874
3,"VD_SH_N",875,20760875
3,"VD_SH_N",876,20760876
3,"VD_SH_N",877,20760877
3,"VD_SH_N",878,20760878
3,"VD_SH_N",879,20760879
3,"VD_SH_N",880,20760880
3,"VD_SH_N",881,20760881
3,"VD_SH_N",882,20760882
3,"VD_SH_N",883,20760883
3,"VD_SH_N",884,20760884
3,"VD_SH_N",885,20760885
3,"VD_SH_N",886,20760886
3,"VD_SH_N",887,20760887
3,"VD_SH_N",888,20760888
3,"VD_SH_N",889,20760889
3,"VD_SH_N",890,20760890
3,"VD_SH_N",891,20760891
3,"VD_SH_N",892,20760892
3,"VD_SH_N",893,20760893
3,"VD_SH_N",894,20760894
3,"VD_SH_N",895,20760895
3,"VD_SH_N",896,20760896
3,"VD_SH_N",897,20760897
3,"VD_SH_N",898,20760898
3,"VD_SH_N",899,20760899
3,"VD_SH_N",900,20760900
3,"VD_SH_N",901,20760901
3,"VD_SH_N",902,20760902
3,"VD_SH_N",903,20760903
3,"VD_SH_N",904,20760904
3,"VD_SH_N",905,20760905
3,"VD_SH_N",906,20760906
3,"VD_SH_N",907,20760907
3,"VD_SH_N",908,20760908
3,"VD_SH_N",909,20760909
3,"VD_SH_N",910,20760910
3,"VD_SH_N",911,20760911
3,"VD_SH_N",912,20760912
3,"VD_SH_N",913,20760913
3,"VD_SH_N",914,20760914
3,"VD_SH_N",915,20760915
3,"VD_SH_N",916,20760916
3,"VD_SH_N",917,20760917
3,"VD_SH_N",918,20760918
3,"VD_SH_N",919,20760919
3,"VD_SH_N",920,20760920
3,"VD_SH_N",921,20760921
3,"VD_SH_N",922,20760922
3,"VD_SH_N",923,20760923
3,"VD_SH_N",924,20760924
3,"VD_SH_N",925,20760925
3,"VD_SH_N",926,20760926
3,"VD_SH_N",927,20760927
3,"VD_SH_N",928,20760928
3,"VD_SH_N",929,20760929
3,"VD_SH_N",930,20760930
3,"VD_SH_N",931,20760931
3,"VD_SH_N",932,20760932
3,"VD_SH_N",933,20760933
3,"VD_SH_N",934,20760934
3,"VD_SH_N",935,20760935
3,"VD_SH_N",936,20760936
3,"VD_SH_N",937,20760937
3,"VD_SH_N",938,20760938
3,"VD_SH_N",939,20760939
3,"VD_SH_N",940,20760940
3,"VD_SH_N",941,20760941
3,"VD_SH_N",942,20760942
3,"VD_SH_N",943,20760943
3,"VD_SH_N",944,20760944
3,"VD_SH_N",945,20760945
3,"VD_SH_N",946,20760946
3,"VD_SH_N",947,20760947
3,"VD_SH_N",948,20760948
3,"VD_SH_N",949,20760949
3,"VD_SH_N",950,20760950
3,"VD_SH_N",951,20760951
3,"VD_SH_N",952,20760952
3,"VD_SH_N",953,20760953
3,"VD_SH_N",954,20760954
3,"VD_SH_N",955,20760955
3,"VD_SH_N",956,20760956
3,"VD_SH_N",957,20760957
3,"VD_SH_N",958,20760958
3,"VD_SH_N",959,20760959
3,"VD_SH_N",960,20760960
3,"VD_SH_N",961,20760961
3,"VD_SH_N",962,20760962
3,"VD_SH_N",963,20760963
3,"VD_SH_N",964,20760964
3,"VD_SH_N",965,20760965
3,"VD_SH_N",966,20760966
3,"VD_SH_N",967,20760967
3,"VD_SH_N",968,20760968
3,"VD_SH_N",969,20760969
3,"VD_SH_N",970,20760970
3,"VD_SH_N",971,20760971
3,"VD_SH_N",972,20760972
3,"VD_SH_N",973,20760973
3,"VD_SH_N",974,20760974
3,"VD_SH_N",975,20760975
3,"VD_SH_N",976,20760976
3,"VD_SH_N",977,20760977
3,"VD_SH_N",978,20760978
3,"VD_SH_N",979,20760979
3,"VD_SH_N",980,20760980
3,"VD_SH_N",981,20760981
3,"VD_SH_N",982,20760982
3,"VD_SH_N",983,20760983
3,"VD_SH_N",984,20760984
3,"VD_SH_N",985,20760985
3,"VD_SH_N",986,20760986
3,"VD_SH_N",987,20760987
3,"VD_SH_N",988,20760988
3,"VD_SH_N",989,20760989
3,"VD_SH_N",990,20760990
3,"VD_SH_N",991,20760991
3,"VD_SH_N",992,20760992
3,"VD_SH_N",993,20760993
3,"VD_SH_N",994,20760994
3,"VD_SH_N",995,20760995
3,"VD_SH_N",996,20760996
3,"VD_SH_N",997,20760997
3,"VD_SH_N",998,20760998
3,"VD_SH_N",999,20760999
3,"VD_SH_N",1000,20761000
4,"VD_SH_A",1,20860001
4,"VD_SH_A",2,20860002
4,"VD_SH_A",3,20860003
4,"VD_SH_A",4,20860004
4,"VD_SH_A",5,20860005
4,"VD_SH_A",6,20860006
4,"VD_SH_A",7,20860007
4,"VD_SH_A",8,20860008
4,"VD_SH_A",9,20860009
4,"VD_SH_A",10,20860010
4,"VD_SH_A",11,20860011
4,"VD_SH_A",12,20860012
4,"VD_SH_A",13,20860013
4,"VD_SH_A",14,20860014
4,"VD_SH_A",15,20860015
4,"VD_SH_A",16,20860016
4,"VD_SH_A",17,20860017
4,"VD_SH_A",18,20860018
4,"VD_SH_A",19,20860019
4,"VD_SH_A",20,20860020
4,"VD_SH_A",21,20860021
4,"VD_SH_A",22,20860022
4,"VD_SH_A",23,20860023
4,"VD_SH_A",24,20860024
4,"VD_SH_A",25,20860025
4,"VD_SH_A",26,20860026
4,"VD_SH_A",27,20860027
4,"VD_SH_A",28,20860028
4,"VD_SH_A",29,20860029
4,"VD_SH_A",30,20860030
4,"VD_SH_A",31,20860031
4,"VD_SH_A",32,20860032
4,"VD_SH_A",33,20860033
4,"VD_SH_A",34,20860034
4,"VD_SH_A",35,20860035
4,"VD_SH_A",36,20860036
4,"VD_SH_A",37,20860037
4,"VD_SH_A",38,20860038
4,"VD_SH_A",39,20860039
4,"VD_SH_A",40,20860040
4,"VD_SH_A",41,20860041
4,"VD_SH_A",42,20860042
4,"VD_SH_A",43,20860043
4,"VD_SH_A",44,20860044
4,"VD_SH_A",45,20860045
4,"VD_SH_A",46,20860046
4,"VD_SH_A",47,20860047
4,"VD_SH_A",48,20860048
4,"VD_SH_A",49,20860049
4,"VD_SH_A",50,20860050
4,"VD_SH_A",51,20860051
4,"VD_SH_A",52,20860052
4,"VD_SH_A",53,20860053
4,"VD_SH_A",54,20860054
4,"VD_SH_A",55,20860055
4,"VD_SH_A",56,20860056
4,"VD_SH_A",57,20860057
4,"VD_SH_A",58,20860058
4,"VD_SH_A",59,20860059
4,"VD_SH_A",60,20860060
4,"VD_SH_A",61,20860061
4,"VD_SH_A",62,20860062
4,"VD_SH_A",63,20860063
4,"VD_SH_A",64,20860064
4,"VD_SH_A",65,20860065
4,"VD_SH_A",66,20860066
4,"VD_SH_A",67,20860067
4,"VD_SH_A",68,20860068
4,"VD_SH_A",69,20860069
4,"VD_SH_A",70,20860070
4,"VD_SH_A",71,20860071
4,"VD_SH_A",72,20860072
4,"VD_SH_A",73,20860073
4,"VD_SH_A",74,20860074
4,"VD_SH_A",75,20860075
4,"VD_SH_A",76,20860076
4,"VD_SH_A",77,20860077
4,"VD_SH_A",78,20860078
4,"VD_SH_A",79,20860079
4,"VD_SH_A",80,20860080
4,"VD_SH_A",81,20860081
4,"VD_SH_A",82,20860082
4,"VD_SH_A",83,20860083
4,"VD_SH_A",84,20860084
4,"VD_SH_A",85,20860085
4,"VD_SH_A",86,20860086
4,"VD_SH_A",87,20860087
4,"VD_SH_A",88,20860088
4,"VD_SH_A",89,20860089
4,"VD_SH_A",90,20860090
4,"VD_SH_A",91,20860091
4,"VD_SH_A",92,20860092
4,"VD_SH_A",93,20860093
4,"VD_SH_A",94,20860094
4,"VD_SH_A",95,20860095
4,"VD_SH_A",96,20860096
4,"VD_SH_A",97,20860097
4,"VD_SH_A",98,20860098
4,"VD_SH_A",99,20860099
4,"VD_SH_A",100,20860100
4,"VD_SH_A",101,20860101
4,"VD_SH_A",102,20860102
4,"VD_SH_A",103,20860103
4,"VD_SH_A",104,20860104
4,"VD_SH_A",105,20860105
4,"VD_SH_A",106,20860106
4,"VD_SH_A",107,20860107
4,"VD_SH_A",108,20860108
4,"VD_SH_A",109,20860109
4,"VD_SH_A",110,20860110
4,"VD_SH_A",111,20860111
4,"VD_SH_A",112,20860112
4,"VD_SH_A",113,20860113
4,"VD_SH_A",114,20860114
4,"VD_SH_A",115,20860115
4,"VD_SH_A",116,20860116
4,"VD_SH_A",117,20860117
4,"VD_SH_A",118,20860118
4,"VD_SH_A",119,20860119
4,"VD_SH_A",120,20860120
4,"VD_SH_A",121,20860121
4,"VD_SH_A",122,20860122
4,"VD_SH_A",123,20860123
4,"VD_SH_A",124,20860124
4,"VD_SH_A",125,20860125
4,"VD_SH_A",126,20860126
4,"VD_SH_A",127,20860127
4,"VD_SH_A",128,20860128
4,"VD_SH_A",129,20860129
4,"VD_SH_A",130,20860130
4,"VD_SH_A",131,20860131
4,"VD_SH_A",132,20860132
4,"VD_SH_A",133,20860133
4,"VD_SH_A",134,20860134
4,"VD_SH_A",135,20860135
4,"VD_SH_A",136,20860136
4,"VD_SH_A",137,20860137
4,"VD_SH_A",138,20860138
4,"VD_SH_A",139,20860139
4,"VD_SH_A",140,20860140
4,"VD_SH_A",141,20860141
4,"VD_SH_A",142,20860142
4,"VD_SH_A",143,20860143
4,"VD_SH_A",144,20860144
4,"VD_SH_A",145,20860145
4,"VD_SH_A",146,20860146
4,"VD_SH_A",147,20860147
4,"VD_SH_A",148,20860148
4,"VD_SH_A",149,20860149
4,"VD_SH_A",150,20860150
4,"VD_SH_A",151,20860151
4,"VD_SH_A",152,20860152
4,"VD_SH_A",153,20860153
4,"VD_SH_A",154,20860154
4,"VD_SH_A",155,20860155
4,"VD_SH_A",156,20860156
4,"VD_SH_A",157,20860157
4,"VD_SH_A",158,20860158
4,"VD_SH_A",159,20860159
4,"VD_SH_A",160,20860160
4,"VD_SH_A",161,20860161
4,"VD_SH_A",162,20860162
4,"VD_SH_A",163,20860163
4,"VD_SH_A",164,20860164
4,"VD_SH_A",165,20860165
4,"VD_SH_A",166,20860166
4,"VD_SH_A",167,20860167
4,"VD_SH_A",168,20860168
4,"VD_SH_A",169,20860169
4,"VD_SH_A",170,20860170
4,"VD_SH_A",171,20860171
4,"VD_SH_A",172,20860172
4,"VD_SH_A",173,20860173
4,"VD_SH_A",174,20860174
4,"VD_SH_A",175,20860175
4,"VD_SH_A",176,20860176
4,"VD_SH_A",177,20860177
4,"VD_SH_A",178,20860178
4,"VD_SH_A",179,20860179
4,"VD_SH_A",180,20860180
4,"VD_SH_A",181,20860181
4,"VD_SH_A",182,20860182
4,"VD_SH_A",183,20860183
4,"VD_SH_A",184,20860184
4,"VD_SH_A",185,20860185
4,"VD_SH_A",186,20860186
4,"VD_SH_A",187,20860187
4,"VD_SH_A",188,20860188
4,"VD_SH_A",189,20860189
4,"VD_SH_A",190,20860190
4,"VD_SH_A",191,20860191
4,"VD_SH_A",192,20860192
4,"VD_SH_A",193,20860193
4,"VD_SH_A",194,20860194
4,"VD_SH_A",195,20860195
4,"VD_SH_A",196,20860196
4,"VD_SH_A",197,20860197
4,"VD_SH_A",198,20860198
4,"VD_SH_A",199,20860199
4,"VD_SH_A",200,20860200
4,"VD_SH_A",201,20860201
4,"VD_SH_A",202,20860202
4,"VD_SH_A",203,20860203
4,"VD_SH_A",204,20860204
4,"VD_SH_A",205,20860205
4,"VD_SH_A",206,20860206
4,"VD_SH_A",207,20860207
4,"VD_SH_A",208,20860208
4,"VD_SH_A",209,20860209
4,"VD_SH_A",210,20860210
4,"VD_SH_A",211,20860211
4,"VD_SH_A",212,20860212
4,"VD_SH_A",213,20860213
4,"VD_SH_A",214,20860214
4,"VD_SH_A",215,20860215
4,"VD_SH_A",216,20860216
4,"VD_SH_A",217,20860217
4,"VD_SH_A",218,20860218
4,"VD_SH_A",219,20860219
4,"VD_SH_A",220,20860220
4,"VD_SH_A",221,20860221
4,"VD_SH_A",222,20860222
4,"VD_SH_A",223,20860223
4,"VD_SH_A",224,20860224
4,"VD_SH_A",225,20860225
4,"VD_SH_A",226,20860226
4,"VD_SH_A",227,20860227
4,"VD_SH_A",228,20860228
4,"VD_SH_A",229,20860229
4,"VD_SH_A",230,20860230
4,"VD_SH_A",231,20860231
4,"VD_SH_A",232,20860232
4,"VD_SH_A",233,20860233
4,"VD_SH_A",234,20860234
4,"VD_SH_A",235,20860235
4,"VD_SH_A",236,20860236
4,"VD_SH_A",237,20860237
4,"VD_SH_A",238,20860238
4,"VD_SH_A",239,20860239
4,"VD_SH_A",240,20860240
4,"VD_SH_A",241,20860241
4,"VD_SH_A",242,20860242
4,"VD_SH_A",243,20860243
4,"VD_SH_A",244,20860244
4,"VD_SH_A",245,20860245
4,"VD_SH_A",246,20860246
4,"VD_SH_A",247,20860247
4,"VD_SH_A",248,20860248
4,"VD_SH_A",249,20860249
4,"VD_SH_A",250,20860250
4,"VD_SH_A",251,20860251
4,"VD_SH_A",252,20860252
4,"VD_SH_A",253,20860253
4,"VD_SH_A",254,20860254
4,"VD_SH_A",255,20860255
4,"VD_SH_A",256,20860256
4,"VD_SH_A",257,20860257
4,"VD_SH_A",258,20860258
4,"VD_SH_A",259,20860259
4,"VD_SH_A",260,20860260
4,"VD_SH_A",261,20860261
4,"VD_SH_A",262,20860262
4,"VD_SH_A",263,20860263
4,"VD_SH_A",264,20860264
4,"VD_SH_A",265,20860265
4,"VD_SH_A",266,20860266
4,"VD_SH_A",267,20860267
4,"VD_SH_A",268,20860268
4,"VD_SH_A",269,20860269
4,"VD_SH_A",270,20860270
4,"VD_SH_A",271,20860271
4,"VD_SH_A",272,20860272
4,"VD_SH_A",273,20860273
4,"VD_SH_A",274,20860274
4,"VD_SH_A",275,20860275
4,"VD_SH_A",276,20860276
4,"VD_SH_A",277,20860277
4,"VD_SH_A",278,20860278
4,"VD_SH_A",279,20860279
4,"VD_SH_A",280,20860280
4,"VD_SH_A",281,20860281
4,"VD_SH_A",282,20860282
4,"VD_SH_A",283,20860283
4,"VD_SH_A",284,20860284
4,"VD_SH_A",285,20860285
4,"VD_SH_A",286,20860286
4,"VD_SH_A",287,20860287
4,"VD_SH_A",288,20860288
4,"VD_SH_A",289,20860289
4,"VD_SH_A",290,20860290
4,"VD_SH_A",291,20860291
4,"VD_SH_A",292,20860292
4,"VD_SH_A",293,20860293
4,"VD_SH_A",294,20860294
4,"VD_SH_A",295,20860295
4,"VD_SH_A",296,20860296
4,"VD_SH_A",297,20860297
4,"VD_SH_A",298,20860298
4,"VD_SH_A",299,20860299
4,"VD_SH_A",300,20860300
4,"VD_SH_A",301,20860301
4,"VD_SH_A",302,20860302
4,"VD_SH_A",303,20860303
4,"VD_SH_A",304,20860304
4,"VD_SH_A",305,20860305
4,"VD_SH_A",306,20860306
4,"VD_SH_A",307,20860307
4,"VD_SH_A",308,20860308
4,"VD_SH_A",309,20860309
4,"VD_SH_A",310,20860310
4,"VD_SH_A",311,20860311
4,"VD_SH_A",312,20860312
4,"VD_SH_A",313,20860313
4,"VD_SH_A",314,20860314
4,"VD_SH_A",315,20860315
4,"VD_SH_A",316,20860316
4,"VD_SH_A",317,20860317
4,"VD_SH_A",318,20860318
4,"VD_SH_A",319,20860319
4,"VD_SH_A",320,20860320
4,"VD_SH_A",321,20860321
4,"VD_SH_A",322,20860322
4,"VD_SH_A",323,20860323
4,"VD_SH_A",324,20860324
4,"VD_SH_A",325,20860325
4,"VD_SH_A",326,20860326
4,"VD_SH_A",327,20860327
4,"VD_SH_A",328,20860328
4,"VD_SH_A",329,20860329
4,"VD_SH_A",330,20860330
4,"VD_SH_A",331,20860331
4,"VD_SH_A",332,20860332
4,"VD_SH_A",333,20860333
4,"VD_SH_A",334,20860334
4,"VD_SH_A",335,20860335
4,"VD_SH_A",336,20860336
4,"VD_SH_A",337,20860337
4,"VD_SH_A",338,20860338
4,"VD_SH_A",339,20860339
4,"VD_SH_A",340,20860340
4,"VD_SH_A",341,20860341
4,"VD_SH_A",342,20860342
4,"VD_SH_A",343,20860343
4,"VD_SH_A",344,20860344
4,"VD_SH_A",345,20860345
4,"VD_SH_A",346,20860346
4,"VD_SH_A",347,20860347
4,"VD_SH_A",348,20860348
4,"VD_SH_A",349,20860349
4,"VD_SH_A",350,20860350
4,"VD_SH_A",351,20860351
4,"VD_SH_A",352,20860352
4,"VD_SH_A",353,20860353
4,"VD_SH_A",354,20860354
4,"VD_SH_A",355,20860355
4,"VD_SH_A",356,20860356
4,"VD_SH_A",357,20860357
4,"VD_SH_A",358,20860358
4,"VD_SH_A",359,20860359
4,"VD_SH_A",360,20860360
4,"VD_SH_A",361,20860361
4,"VD_SH_A",362,20860362
4,"VD_SH_A",363,20860363
4,"VD_SH_A",364,20860364
4,"VD_SH_A",365,20860365
4,"VD_SH_A",366,20860366
4,"VD_SH_A",367,20860367
4,"VD_SH_A",368,20860368
4,"VD_SH_A",369,20860369
4,"VD_SH_A",370,20860370
4,"VD_SH_A",371,20860371
4,"VD_SH_A",372,20860372
4,"VD_SH_A",373,20860373
4,"VD_SH_A",374,20860374
4,"VD_SH_A",375,20860375
4,"VD_SH_A",376,20860376
4,"VD_SH_A",377,20860377
4,"VD_SH_A",378,20860378
4,"VD_SH_A",379,20860379
4,"VD_SH_A",380,20860380
4,"VD_SH_A",381,20860381
4,"VD_SH_A",382,20860382
4,"VD_SH_A",383,20860383
4,"VD_SH_A",384,20860384
4,"VD_SH_A",385,20860385
4,"VD_SH_A",386,20860386
4,"VD_SH_A",387,20860387
4,"VD_SH_A",388,20860388
4,"VD_SH_A",389,20860389
4,"VD_SH_A",390,20860390
4,"VD_SH_A",391,20860391
4,"VD_SH_A",392,20860392
4,"VD_SH_A",393,20860393
4,"VD_SH_A",394,20860394
4,"VD_SH_A",395,20860395
4,"VD_SH_A",396,20860396
4,"VD_SH_A",397,20860397
4,"VD_SH_A",398,20860398
4,"VD_SH_A",399,20860399
4,"VD_SH_A",400,20860400
4,"VD_SH_A",401,20860401
4,"VD_SH_A",402,20860402
4,"VD_SH_A",403,20860403
4,"VD_SH_A",404,20860404
4,"VD_SH_A",405,20860405
4,"VD_SH_A",406,20860406
4,"VD_SH_A",407,20860407
4,"VD_SH_A",408,20860408
4,"VD_SH_A",409,20860409
4,"VD_SH_A",410,20860410
4,"VD_SH_A",411,20860411
4,"VD_SH_A",412,20860412
4,"VD_SH_A",413,20860413
4,"VD_SH_A",414,20860414
4,"VD_SH_A",415,20860415
4,"VD_SH_A",416,20860416
4,"VD_SH_A",417,20860417
4,"VD_SH_A",418,20860418
4,"VD_SH_A",419,20860419
4,"VD_SH_A",420,20860420
4,"VD_SH_A",421,20860421
4,"VD_SH_A",422,20860422
4,"VD_SH_A",423,20860423
4,"VD_SH_A",424,20860424
4,"VD_SH_A",425,20860425
4,"VD_SH_A",426,20860426
4,"VD_SH_A",427,20860427
4,"VD_SH_A",428,20860428
4,"VD_SH_A",429,20860429
4,"VD_SH_A",430,20860430
4,"VD_SH_A",431,20860431
4,"VD_SH_A",432,20860432
4,"VD_SH_A",433,20860433
4,"VD_SH_A",434,20860434
4,"VD_SH_A",435,20860435
4,"VD_SH_A",436,20860436
4,"VD_SH_A",437,20860437
4,"VD_SH_A",438,20860438
4,"VD_SH_A",439,20860439
4,"VD_SH_A",440,20860440
4,"VD_SH_A",441,20860441
4,"VD_SH_A",442,20860442
4,"VD_SH_A",443,20860443
4,"VD_SH_A",444,20860444
4,"VD_SH_A",445,20860445
4,"VD_SH_A",446,20860446
4,"VD_SH_A",447,20860447
4,"VD_SH_A",448,20860448
4,"VD_SH_A",449,20860449
4,"VD_SH_A",450,20860450
4,"VD_SH_A",451,20860451
4,"VD_SH_A",452,20860452
4,"VD_SH_A",453,20860453
4,"VD_SH_A",454,20860454
4,"VD_SH_A",455,20860455
4,"VD_SH_A",456,20860456
4,"VD_SH_A",457,20860457
4,"VD_SH_A",458,20860458
4,"VD_SH_A",459,20860459
4,"VD_SH_A",460,20860460
4,"VD_SH_A",461,20860461
4,"VD_SH_A",462,20860462
4,"VD_SH_A",463,20860463
4,"VD_SH_A",464,20860464
4,"VD_SH_A",465,20860465
4,"VD_SH_A",466,20860466
4,"VD_SH_A",467,20860467
4,"VD_SH_A",468,20860468
4,"VD_SH_A",469,20860469
4,"VD_SH_A",470,20860470
4,"VD_SH_A",471,20860471
4,"VD_SH_A",472,20860472
4,"VD_SH_A",473,20860473
4,"VD_SH_A",474,20860474
4,"VD_SH_A",475,20860475
4,"VD_SH_A",476,20860476
4,"VD_SH_A",477,20860477
4,"VD_SH_A",478,20860478
4,"VD_SH_A",479,20860479
4,"VD_SH_A",480,20860480
4,"VD_SH_A",481,20860481
4,"VD_SH_A",482,20860482
4,"VD_SH_A",483,20860483
4,"VD_SH_A",484,20860484
4,"VD_SH_A",485,20860485
4,"VD_SH_A",486,20860486
4,"VD_SH_A",487,20860487
4,"VD_SH_A",488,20860488
4,"VD_SH_A",489,20860489
4,"VD_SH_A",490,20860490
4,"VD_SH_A",491,20860491
4,"VD_SH_A",492,20860492
4,"VD_SH_A",493,20860493
4,"VD_SH_A",494,20860494
4,"VD_SH_A",495,20860495
4,"VD_SH_A",496,20860496
4,"VD_SH_A",497,20860497
4,"VD_SH_A",498,20860498
4,"VD_SH_A",499,20860499
4,"VD_SH_A",500,20860500
4,"VD_SH_A",501,20860501
4,"VD_SH_A",502,20860502
4,"VD_SH_A",503,20860503
4,"VD_SH_A",504,20860504
4,"VD_SH_A",505,20860505
4,"VD_SH_A",506,20860506
4,"VD_SH_A",507,20860507
4,"VD_SH_A",508,20860508
4,"VD_SH_A",509,20860509
4,"VD_SH_A",510,20860510
4,"VD_SH_A",511,20860511
4,"VD_SH_A",512,20860512
4,"VD_SH_A",513,20860513
4,"VD_SH_A",514,20860514
4,"VD_SH_A",515,20860515
4,"VD_SH_A",516,20860516
4,"VD_SH_A",517,20860517
4,"VD_SH_A",518,20860518
4,"VD_SH_A",519,20860519
4,"VD_SH_A",520,20860520
4,"VD_SH_A",521,20860521
4,"VD_SH_A",522,20860522
4,"VD_SH_A",523,20860523
4,"VD_SH_A",524,20860524
4,"VD_SH_A",525,20860525
4,"VD_SH_A",526,20860526
4,"VD_SH_A",527,20860527
4,"VD_SH_A",528,20860528
4,"VD_SH_A",529,20860529
4,"VD_SH_A",530,20860530
4,"VD_SH_A",531,20860531
4,"VD_SH_A",532,20860532
4,"VD_SH_A",533,20860533
4,"VD_SH_A",534,20860534
4,"VD_SH_A",535,20860535
4,"VD_SH_A",536,20860536
4,"VD_SH_A",537,20860537
4,"VD_SH_A",538,20860538
4,"VD_SH_A",539,20860539
4,"VD_SH_A",540,20860540
4,"VD_SH_A",541,20860541
4,"VD_SH_A",542,20860542
4,"VD_SH_A",543,20860543
4,"VD_SH_A",544,20860544
4,"VD_SH_A",545,20860545
4,"VD_SH_A",546,20860546
4,"VD_SH_A",547,20860547
4,"VD_SH_A",548,20860548
4,"VD_SH_A",549,20860549
4,"VD_SH_A",550,20860550
4,"VD_SH_A",551,20860551
4,"VD_SH_A",552,20860552
4,"VD_SH_A",553,20860553
4,"VD_SH_A",554,20860554
4,"VD_SH_A",555,20860555
4,"VD_SH_A",556,20860556
4,"VD_SH_A",557,20860557
4,"VD_SH_A",558,20860558
4,"VD_SH_A",559,20860559
4,"VD_SH_A",560,20860560
4,"VD_SH_A",561,20860561
4,"VD_SH_A",562,20860562
4,"VD_SH_A",563,20860563
4,"VD_SH_A",564,20860564
4,"VD_SH_A",565,20860565
4,"VD_SH_A",566,20860566
4,"VD_SH_A",567,20860567
4,"VD_SH_A",568,20860568
4,"VD_SH_A",569,20860569
4,"VD_SH_A",570,20860570
4,"VD_SH_A",571,20860571
4,"VD_SH_A",572,20860572
4,"VD_SH_A",573,20860573
4,"VD_SH_A",574,20860574
4,"VD_SH_A",575,20860575
4,"VD_SH_A",576,20860576
4,"VD_SH_A",577,20860577
4,"VD_SH_A",578,20860578
4,"VD_SH_A",579,20860579
4,"VD_SH_A",580,20860580
4,"VD_SH_A",581,20860581
4,"VD_SH_A",582,20860582
4,"VD_SH_A",583,20860583
4,"VD_SH_A",584,20860584
4,"VD_SH_A",585,20860585
4,"VD_SH_A",586,20860586
4,"VD_SH_A",587,20860587
4,"VD_SH_A",588,20860588
4,"VD_SH_A",589,20860589
4,"VD_SH_A",590,20860590
4,"VD_SH_A",591,20860591
4,"VD_SH_A",592,20860592
4,"VD_SH_A",593,20860593
4,"VD_SH_A",594,20860594
4,"VD_SH_A",595,20860595
4,"VD_SH_A",596,20860596
4,"VD_SH_A",597,20860597
4,"VD_SH_A",598,20860598
4,"VD_SH_A",599,20860599
4,"VD_SH_A",600,20860600
4,"VD_SH_A",601,20860601
4,"VD_SH_A",602,20860602
4,"VD_SH_A",603,20860603
4,"VD_SH_A",604,20860604
4,"VD_SH_A",605,20860605
4,"VD_SH_A",606,20860606
4,"VD_SH_A",607,20860607
4,"VD_SH_A",608,20860608
4,"VD_SH_A",609,20860609
4,"VD_SH_A",610,20860610
4,"VD_SH_A",611,20860611
4,"VD_SH_A",612,20860612
4,"VD_SH_A",613,20860613
4,"VD_SH_A",614,20860614
4,"VD_SH_A",615,20860615
4,"VD_SH_A",616,20860616
4,"VD_SH_A",617,20860617
4,"VD_SH_A",618,20860618
4,"VD_SH_A",619,20860619
4,"VD_SH_A",620,20860620
4,"VD_SH_A",621,20860621
4,"VD_SH_A",622,20860622
4,"VD_SH_A",623,20860623
4,"VD_SH_A",624,20860624
4,"VD_SH_A",625,20860625
4,"VD_SH_A",626,20860626
4,"VD_SH_A",627,20860627
4,"VD_SH_A",628,20860628
4,"VD_SH_A",629,20860629
4,"VD_SH_A",630,20860630
4,"VD_SH_A",631,20860631
4,"VD_SH_A",632,20860632
4,"VD_SH_A",633,20860633
4,"VD_SH_A",634,20860634
4,"VD_SH_A",635,20860635
4,"VD_SH_A",636,20860636
4,"VD_SH_A",637,20860637
4,"VD_SH_A",638,20860638
4,"VD_SH_A",639,20860639
4,"VD_SH_A",640,20860640
4,"VD_SH_A",641,20860641
4,"VD_SH_A",642,20860642
4,"VD_SH_A",643,20860643
4,"VD_SH_A",644,20860644
4,"VD_SH_A",645,20860645
4,"VD_SH_A",646,20860646
4,"VD_SH_A",647,20860647
4,"VD_SH_A",648,20860648
4,"VD_SH_A",649,20860649
4,"VD_SH_A",650,20860650
4,"VD_SH_A",651,20860651
4,"VD_SH_A",652,20860652
4,"VD_SH_A",653,20860653
4,"VD_SH_A",654,20860654
4,"VD_SH_A",655,20860655
4,"VD_SH_A",656,20860656
4,"VD_SH_A",657,20860657
4,"VD_SH_A",658,20860658
4,"VD_SH_A",659,20860659
4,"VD_SH_A",660,20860660
4,"VD_SH_A",661,20860661
4,"VD_SH_A",662,20860662
4,"VD_SH_A",663,20860663
4,"VD_SH_A",664,20860664
4,"VD_SH_A",665,20860665
4,"VD_SH_A",666,20860666
4,"VD_SH_A",667,20860667
4,"VD_SH_A",668,20860668
4,"VD_SH_A",669,20860669
4,"VD_SH_A",670,20860670
4,"VD_SH_A",671,20860671
4,"VD_SH_A",672,20860672
4,"VD_SH_A",673,20860673
4,"VD_SH_A",674,20860674
4,"VD_SH_A",675,20860675
4,"VD_SH_A",676,20860676
4,"VD_SH_A",677,20860677
4,"VD_SH_A",678,20860678
4,"VD_SH_A",679,20860679
4,"VD_SH_A",680,20860680
4,"VD_SH_A",681,20860681
4,"VD_SH_A",682,20860682
4,"VD_SH_A",683,20860683
4,"VD_SH_A",684,20860684
4,"VD_SH_A",685,20860685
4,"VD_SH_A",686,20860686
4,"VD_SH_A",687,20860687
4,"VD_SH_A",688,20860688
4,"VD_SH_A",689,20860689
4,"VD_SH_A",690,20860690
4,"VD_SH_A",691,20860691
4,"VD_SH_A",692,20860692
4,"VD_SH_A",693,20860693
4,"VD_SH_A",694,20860694
4,"VD_SH_A",695,20860695
4,"VD_SH_A",696,20860696
4,"VD_SH_A",697,20860697
4,"VD_SH_A",698,20860698
4,"VD_SH_A",699,20860699
4,"VD_SH_A",700,20860700
4,"VD_SH_A",701,20860701
4,"VD_SH_A",702,20860702
4,"VD_SH_A",703,20860703
4,"VD_SH_A",704,20860704
4,"VD_SH_A",705,20860705
4,"VD_SH_A",706,20860706
4,"VD_SH_A",707,20860707
4,"VD_SH_A",708,20860708
4,"VD_SH_A",709,20860709
4,"VD_SH_A",710,20860710
4,"VD_SH_A",711,20860711
4,"VD_SH_A",712,20860712
4,"VD_SH_A",713,20860713
4,"VD_SH_A",714,20860714
4,"VD_SH_A",715,20860715
4,"VD_SH_A",716,20860716
4,"VD_SH_A",717,20860717
4,"VD_SH_A",718,20860718
4,"VD_SH_A",719,20860719
4,"VD_SH_A",720,20860720
4,"VD_SH_A",721,20860721
4,"VD_SH_A",722,20860722
4,"VD_SH_A",723,20860723
4,"VD_SH_A",724,20860724
4,"VD_SH_A",725,20860725
4,"VD_SH_A",726,20860726
4,"VD_SH_A",727,20860727
4,"VD_SH_A",728,20860728
4,"VD_SH_A",729,20860729
4,"VD_SH_A",730,20860730
4,"VD_SH_A",731,20860731
4,"VD_SH_A",732,20860732
4,"VD_SH_A",733,20860733
4,"VD_SH_A",734,20860734
4,"VD_SH_A",735,20860735
4,"VD_SH_A",736,20860736
4,"VD_SH_A",737,20860737
4,"VD_SH_A",738,20860738
4,"VD_SH_A",739,20860739
4,"VD_SH_A",740,20860740
4,"VD_SH_A",741,20860741
4,"VD_SH_A",742,20860742
4,"VD_SH_A",743,20860743
4,"VD_SH_A",744,20860744
4,"VD_SH_A",745,20860745
4,"VD_SH_A",746,20860746
4,"VD_SH_A",747,20860747
4,"VD_SH_A",748,20860748
4,"VD_SH_A",749,20860749
4,"VD_SH_A",750,20860750
4,"VD_SH_A",751,20860751
4,"VD_SH_A",752,20860752
4,"VD_SH_A",753,20860753
4,"VD_SH_A",754,20860754
4,"VD_SH_A",755,20860755
4,"VD_SH_A",756,20860756
4,"VD_SH_A",757,20860757
4,"VD_SH_A",758,20860758
4,"VD_SH_A",759,20860759
4,"VD_SH_A",760,20860760
4,"VD_SH_A",761,20860761
4,"VD_SH_A",762,20860762
4,"VD_SH_A",763,20860763
4,"VD_SH_A",764,20860764
4,"VD_SH_A",765,20860765
4,"VD_SH_A",766,20860766
4,"VD_SH_A",767,20860767
4,"VD_SH_A",768,20860768
4,"VD_SH_A",769,20860769
4,"VD_SH_A",770,20860770
4,"VD_SH_A",771,20860771
4,"VD_SH_A",772,20860772
4,"VD_SH_A",773,20860773
4,"VD_SH_A",774,20860774
4,"VD_SH_A",775,20860775
4,"VD_SH_A",776,20860776
4,"VD_SH_A",777,20860777
4,"VD_SH_A",778,20860778
4,"VD_SH_A",779,20860779
4,"VD_SH_A",780,20860780
4,"VD_SH_A",781,20860781
4,"VD_SH_A",782,20860782
4,"VD_SH_A",783,20860783
4,"VD_SH_A",784,20860784
4,"VD_SH_A",785,20860785
4,"VD_SH_A",786,20860786
4,"VD_SH_A",787,20860787
4,"VD_SH_A",788,20860788
4,"VD_SH_A",789,20860789
4,"VD_SH_A",790,20860790
4,"VD_SH_A",791,20860791
4,"VD_SH_A",792,20860792
4,"VD_SH_A",793,20860793
4,"VD_SH_A",794,20860794
4,"VD_SH_A",795,20860795
4,"VD_SH_A",796,20860796
4,"VD_SH_A",797,20860797
4,"VD_SH_A",798,20860798
4,"VD_SH_A",799,20860799
4,"VD_SH_A",800,20860800
4,"VD_SH_A",801,20860801
4,"VD_SH_A",802,20860802
4,"VD_SH_A",803,20860803
4,"VD_SH_A",804,20860804
4,"VD_SH_A",805,20860805
4,"VD_SH_A",806,20860806
4,"VD_SH_A",807,20860807
4,"VD_SH_A",808,20860808
4,"VD_SH_A",809,20860809
4,"VD_SH_A",810,20860810
4,"VD_SH_A",811,20860811
4,"VD_SH_A",812,20860812
4,"VD_SH_A",813,20860813
4,"VD_SH_A",814,20860814
4,"VD_SH_A",815,20860815
4,"VD_SH_A",816,20860816
4,"VD_SH_A",817,20860817
4,"VD_SH_A",818,20860818
4,"VD_SH_A",819,20860819
4,"VD_SH_A",820,20860820
4,"VD_SH_A",821,20860821
4,"VD_SH_A",822,20860822
4,"VD_SH_A",823,20860823
4,"VD_SH_A",824,20860824
4,"VD_SH_A",825,20860825
4,"VD_SH_A",826,20860826
4,"VD_SH_A",827,20860827
4,"VD_SH_A",828,20860828
4,"VD_SH_A",829,20860829
4,"VD_SH_A",830,20860830
4,"VD_SH_A",831,20860831
4,"VD_SH_A",832,20860832
4,"VD_SH_A",833,20860833
4,"VD_SH_A",834,20860834
4,"VD_SH_A",835,20860835
4,"VD_SH_A",836,20860836
4,"VD_SH_A",837,20860837
4,"VD_SH_A",838,20860838
4,"VD_SH_A",839,20860839
4,"VD_SH_A",840,20860840
4,"VD_SH_A",841,20860841
4,"VD_SH_A",842,20860842
4,"VD_SH_A",843,20860843
4,"VD_SH_A",844,20860844
4,"VD_SH_A",845,20860845
4,"VD_SH_A",846,20860846
4,"VD_SH_A",847,20860847
4,"VD_SH_A",848,20860848
4,"VD_SH_A",849,20860849
4,"VD_SH_A",850,20860850
4,"VD_SH_A",851,20860851
4,"VD_SH_A",852,20860852
4,"VD_SH_A",853,20860853
4,"VD_SH_A",854,20860854
4,"VD_SH_A",855,20860855
4,"VD_SH_A",856,20860856
4,"VD_SH_A",857,20860857
4,"VD_SH_A",858,20860858
4,"VD_SH_A",859,20860859
4,"VD_SH_A",860,20860860
4,"VD_SH_A",861,20860861
4,"VD_SH_A",862,20860862
4,"VD_SH_A",863,20860863
4,"VD_SH_A",864,20860864
4,"VD_SH_A",865,20860865
4,"VD_SH_A",866,20860866
4,"VD_SH_A",867,20860867
4,"VD_SH_A",868,20860868
4,"VD_SH_A",869,20860869
4,"VD_SH_A",870,20860870
4,"VD_SH_A",871,20860871
4,"VD_SH_A",872,20860872
4,"VD_SH_A",873,20860873
4,"VD_SH_A",874,20860874
4,"VD_SH_A",875,20860875
4,"VD_SH_A",876,20860876
4,"VD_SH_A",877,20860877
4,"VD_SH_A",878,20860878
4,"VD_SH_A",879,20860879
4,"VD_SH_A",880,20860880
4,"VD_SH_A",881,20860881
4,"VD_SH_A",882,20860882
4,"VD_SH_A",883,20860883
4,"VD_SH_A",884,20860884
4,"VD_SH_A",885,20860885
4,"VD_SH_A",886,20860886
4,"VD_SH_A",887,20860887
4,"VD_SH_A",888,20860888
4,"VD_SH_A",889,20860889
4,"VD_SH_A",890,20860890
4,"VD_SH_A",891,20860891
4,"VD_SH_A",892,20860892
4,"VD_SH_A",893,20860893
4,"VD_SH_A",894,20860894
4,"VD_SH_A",895,20860895
4,"VD_SH_A",896,20860896
4,"VD_SH_A",897,20860897
4,"VD_SH_A",898,20860898
4,"VD_SH_A",899,20860899
4,"VD_SH_A",900,20860900
4,"VD_SH_A",901,20860901
4,"VD_SH_A",902,20860902
4,"VD_SH_A",903,20860903
4,"VD_SH_A",904,20860904
4,"VD_SH_A",905,20860905
4,"VD_SH_A",906,20860906
4,"VD_SH_A",907,20860907
4,"VD_SH_A",908,20860908
4,"VD_SH_A",909,20860909
4,"VD_SH_A",910,20860910
4,"VD_SH_A",911,20860911
4,"VD_SH_A",912,20860912
4,"VD_SH_A",913,20860913
4,"VD_SH_A",914,20860914
4,"VD_SH_A",915,20860915
4,"VD_SH_A",916,20860916
4,"VD_SH_A",917,20860917
4,"VD_SH_A",918,20860918
4,"VD_SH_A",919,20860919
4,"VD_SH_A",920,20860920
4,"VD_SH_A",921,20860921
4,"VD_SH_A",922,20860922
4,"VD_SH_A",923,20860923
4,"VD_SH_A",924,20860924
4,"VD_SH_A",925,20860925
4,"VD_SH_A",926,20860926
4,"VD_SH_A",927,20860927
4,"VD_SH_A",928,20860928
4,"VD_SH_A",929,20860929
4,"VD_SH_A",930,20860930
4,"VD_SH_A",931,20860931
4,"VD_SH_A",932,20860932
4,"VD_SH_A",933,20860933
4,"VD_SH_A",934,20860934
4,"VD_SH_A",935,20860935
4,"VD_SH_A",936,20860936
4,"VD_SH_A",937,20860937
4,"VD_SH_A",938,20860938
4,"VD_SH_A",939,20860939
4,"VD_SH_A",940,20860940
4,"VD_SH_A",941,20860941
4,"VD_SH_A",942,20860942
4,"VD_SH_A",943,20860943
4,"VD_SH_A",944,20860944
4,"VD_SH_A",945,20860945
4,"VD_SH_A",946,20860946
4,"VD_SH_A",947,20860947
4,"VD_SH_A",948,20860948
4,"VD_SH_A",949,20860949
4,"VD_SH_A",950,20860950
4,"VD_SH_A",951,20860951
4,"VD_SH_A",952,20860952
4,"VD_SH_A",953,20860953
4,"VD_SH_A",954,20860954
4,"VD_SH_A",955,20860955
4,"VD_SH_A",956,20860956
4,"VD_SH_A",957,20860957
4,"VD_SH_A",958,20860958
4,"VD_SH_A",959,20860959
4,"VD_SH_A",960,20860960
4,"VD_SH_A",961,20860961
4,"VD_SH_A",962,20860962
4,"VD_SH_A",963,20860963
4,"VD_SH_A",964,20860964
4,"VD_SH_A",965,20860965
4,"VD_SH_A",966,20860966
4,"VD_SH_A",967,20860967
4,"VD_SH_A",968,20860968
4,"VD_SH_A",969,20860969
4,"VD_SH_A",970,20860970
4,"VD_SH_A",971,20860971
4,"VD_SH_A",972,20860972
4,"VD_SH_A",973,20860973
4,"VD_SH_A",974,20860974
4,"VD_SH_A",975,20860975
4,"VD_SH_A",976,20860976
4,"VD_SH_A",977,20860977
4,"VD_SH_A",978,20860978
4,"VD_SH_A",979,20860979
4,"VD_SH_A",980,20860980
4,"VD_SH_A",981,20860981
4,"VD_SH_A",982,20860982
4,"VD_SH_A",983,20860983
4,"VD_SH_A",984,20860984
4,"VD_SH_A",985,20860985
4,"VD_SH_A",986,20860986
4,"VD_SH_A",987,20860987
4,"VD_SH_A",988,20860988
4,"VD_SH_A",989,20860989
4,"VD_SH_A",990,20860990
4,"VD_SH_A",991,20860991
4,"VD_SH_A",992,20860992
4,"VD_SH_A",993,20860993
4,"VD_SH_A",994,20860994
4,"VD_SH_A",995,20860995
4,"VD_SH_A",996,20860996
4,"VD_SH_A",997,20860997
4,"VD_SH_A",998,20860998
4,"VD_SH_A",999,20860999
4,"VD_SH_A",1000,20861000
5,"VS_B_N",1,20960001
5,"VS_B_N",2,20960002
5,"VS_B_N",3,20960003
5,"VS_B_N",4,20960004
5,"VS_B_N",5,20960005
5,"VS_B_N",6,20960006
5,"VS_B_N",7,20960007
5,"VS_B_N",8,20960008
5,"VS_B_N",9,20960009
5,"VS_B_N",10,20960010
5,"VS_B_N",11,20960011
5,"VS_B_N",12,20960012
5,"VS_B_N",13,20960013
5,"VS_B_N",14,20960014
5,"VS_B_N",15,20960015
5,"VS_B_N",16,20960016
5,"VS_B_N",17,20960017
5,"VS_B_N",18,20960018
5,"VS_B_N",19,20960019
5,"VS_B_N",20,20960020
5,"VS_B_N",21,20960021
5,"VS_B_N",22,20960022
5,"VS_B_N",23,20960023
5,"VS_B_N",24,20960024
5,"VS_B_N",25,20960025
5,"VS_B_N",26,20960026
5,"VS_B_N",27,20960027
5,"VS_B_N",28,20960028
5,"VS_B_N",29,20960029
5,"VS_B_N",30,20960030
5,"VS_B_N",31,20960031
5,"VS_B_N",32,20960032
5,"VS_B_N",33,20960033
5,"VS_B_N",34,20960034
5,"VS_B_N",35,20960035
5,"VS_B_N",36,20960036
5,"VS_B_N",37,20960037
5,"VS_B_N",38,20960038
5,"VS_B_N",39,20960039
5,"VS_B_N",40,20960040
5,"VS_B_N",41,20960041
5,"VS_B_N",42,20960042
5,"VS_B_N",43,20960043
5,"VS_B_N",44,20960044
5,"VS_B_N",45,20960045
5,"VS_B_N",46,20960046
5,"VS_B_N",47,20960047
5,"VS_B_N",48,20960048
5,"VS_B_N",49,20960049
5,"VS_B_N",50,20960050
5,"VS_B_N",51,20960051
5,"VS_B_N",52,20960052
5,"VS_B_N",53,20960053
5,"VS_B_N",54,20960054
5,"VS_B_N",55,20960055
5,"VS_B_N",56,20960056
5,"VS_B_N",57,20960057
5,"VS_B_N",58,20960058
5,"VS_B_N",59,20960059
5,"VS_B_N",60,20960060
5,"VS_B_N",61,20960061
5,"VS_B_N",62,20960062
5,"VS_B_N",63,20960063
5,"VS_B_N",64,20960064
5,"VS_B_N",65,20960065
5,"VS_B_N",66,20960066
5,"VS_B_N",67,20960067
5,"VS_B_N",68,20960068
5,"VS_B_N",69,20960069
5,"VS_B_N",70,20960070
5,"VS_B_N",71,20960071
5,"VS_B_N",72,20960072
5,"VS_B_N",73,20960073
5,"VS_B_N",74,20960074
5,"VS_B_N",75,20960075
5,"VS_B_N",76,20960076
5,"VS_B_N",77,20960077
5,"VS_B_N",78,20960078
5,"VS_B_N",79,20960079
5,"VS_B_N",80,20960080
5,"VS_B_N",81,20960081
5,"VS_B_N",82,20960082
5,"VS_B_N",83,20960083
5,"VS_B_N",84,20960084
5,"VS_B_N",85,20960085
5,"VS_B_N",86,20960086
5,"VS_B_N",87,20960087
5,"VS_B_N",88,20960088
5,"VS_B_N",89,20960089
5,"VS_B_N",90,20960090
5,"VS_B_N",91,20960091
5,"VS_B_N",92,20960092
5,"VS_B_N",93,20960093
5,"VS_B_N",94,20960094
5,"VS_B_N",95,20960095
5,"VS_B_N",96,20960096
5,"VS_B_N",97,20960097
5,"VS_B_N",98,20960098
5,"VS_B_N",99,20960099
5,"VS_B_N",100,20960100
5,"VS_B_N",101,20960101
5,"VS_B_N",102,20960102
5,"VS_B_N",103,20960103
5,"VS_B_N",104,20960104
5,"VS_B_N",105,20960105
5,"VS_B_N",106,20960106
5,"VS_B_N",107,20960107
5,"VS_B_N",108,20960108
5,"VS_B_N",109,20960109
5,"VS_B_N",110,20960110
5,"VS_B_N",111,20960111
5,"VS_B_N",112,20960112
5,"VS_B_N",113,20960113
5,"VS_B_N",114,20960114
5,"VS_B_N",115,20960115
5,"VS_B_N",116,20960116
5,"VS_B_N",117,20960117
5,"VS_B_N",118,20960118
5,"VS_B_N",119,20960119
5,"VS_B_N",120,20960120
5,"VS_B_N",121,20960121
5,"VS_B_N",122,20960122
5,"VS_B_N",123,20960123
5,"VS_B_N",124,20960124
5,"VS_B_N",125,20960125
5,"VS_B_N",126,20960126
5,"VS_B_N",127,20960127
5,"VS_B_N",128,20960128
5,"VS_B_N",129,20960129
5,"VS_B_N",130,20960130
5,"VS_B_N",131,20960131
5,"VS_B_N",132,20960132
5,"VS_B_N",133,20960133
5,"VS_B_N",134,20960134
5,"VS_B_N",135,20960135
5,"VS_B_N",136,20960136
5,"VS_B_N",137,20960137
5,"VS_B_N",138,20960138
5,"VS_B_N",139,20960139
5,"VS_B_N",140,20960140
5,"VS_B_N",141,20960141
5,"VS_B_N",142,20960142
5,"VS_B_N",143,20960143
5,"VS_B_N",144,20960144
5,"VS_B_N",145,20960145
5,"VS_B_N",146,20960146
5,"VS_B_N",147,20960147
5,"VS_B_N",148,20960148
5,"VS_B_N",149,20960149
5,"VS_B_N",150,20960150
5,"VS_B_N",151,20960151
5,"VS_B_N",152,20960152
5,"VS_B_N",153,20960153
5,"VS_B_N",154,20960154
5,"VS_B_N",155,20960155
5,"VS_B_N",156,20960156
5,"VS_B_N",157,20960157
5,"VS_B_N",158,20960158
5,"VS_B_N",159,20960159
5,"VS_B_N",160,20960160
5,"VS_B_N",161,20960161
5,"VS_B_N",162,20960162
5,"VS_B_N",163,20960163
5,"VS_B_N",164,20960164
5,"VS_B_N",165,20960165
5,"VS_B_N",166,20960166
5,"VS_B_N",167,20960167
5,"VS_B_N",168,20960168
5,"VS_B_N",169,20960169
5,"VS_B_N",170,20960170
5,"VS_B_N",171,20960171
5,"VS_B_N",172,20960172
5,"VS_B_N",173,20960173
5,"VS_B_N",174,20960174
5,"VS_B_N",175,20960175
5,"VS_B_N",176,20960176
5,"VS_B_N",177,20960177
5,"VS_B_N",178,20960178
5,"VS_B_N",179,20960179
5,"VS_B_N",180,20960180
5,"VS_B_N",181,20960181
5,"VS_B_N",182,20960182
5,"VS_B_N",183,20960183
5,"VS_B_N",184,20960184
5,"VS_B_N",185,20960185
5,"VS_B_N",186,20960186
5,"VS_B_N",187,20960187
5,"VS_B_N",188,20960188
5,"VS_B_N",189,20960189
5,"VS_B_N",190,20960190
5,"VS_B_N",191,20960191
5,"VS_B_N",192,20960192
5,"VS_B_N",193,20960193
5,"VS_B_N",194,20960194
5,"VS_B_N",195,20960195
5,"VS_B_N",196,20960196
5,"VS_B_N",197,20960197
5,"VS_B_N",198,20960198
5,"VS_B_N",199,20960199
5,"VS_B_N",200,20960200
5,"VS_B_N",201,20960201
5,"VS_B_N",202,20960202
5,"VS_B_N",203,20960203
5,"VS_B_N",204,20960204
5,"VS_B_N",205,20960205
5,"VS_B_N",206,20960206
5,"VS_B_N",207,20960207
5,"VS_B_N",208,20960208
5,"VS_B_N",209,20960209
5,"VS_B_N",210,20960210
5,"VS_B_N",211,20960211
5,"VS_B_N",212,20960212
5,"VS_B_N",213,20960213
5,"VS_B_N",214,20960214
5,"VS_B_N",215,20960215
5,"VS_B_N",216,20960216
5,"VS_B_N",217,20960217
5,"VS_B_N",218,20960218
5,"VS_B_N",219,20960219
5,"VS_B_N",220,20960220
5,"VS_B_N",221,20960221
5,"VS_B_N",222,20960222
5,"VS_B_N",223,20960223
5,"VS_B_N",224,20960224
5,"VS_B_N",225,20960225
5,"VS_B_N",226,20960226
5,"VS_B_N",227,20960227
5,"VS_B_N",228,20960228
5,"VS_B_N",229,20960229
5,"VS_B_N",230,20960230
5,"VS_B_N",231,20960231
5,"VS_B_N",232,20960232
5,"VS_B_N",233,20960233
5,"VS_B_N",234,20960234
5,"VS_B_N",235,20960235
5,"VS_B_N",236,20960236
5,"VS_B_N",237,20960237
5,"VS_B_N",238,20960238
5,"VS_B_N",239,20960239
5,"VS_B_N",240,20960240
5,"VS_B_N",241,20960241
5,"VS_B_N",242,20960242
5,"VS_B_N",243,20960243
5,"VS_B_N",244,20960244
5,"VS_B_N",245,20960245
5,"VS_B_N",246,20960246
5,"VS_B_N",247,20960247
5,"VS_B_N",248,20960248
5,"VS_B_N",249,20960249
5,"VS_B_N",250,20960250
5,"VS_B_N",251,20960251
5,"VS_B_N",252,20960252
5,"VS_B_N",253,20960253
5,"VS_B_N",254,20960254
5,"VS_B_N",255,20960255
5,"VS_B_N",256,20960256
5,"VS_B_N",257,20960257
5,"VS_B_N",258,20960258
5,"VS_B_N",259,20960259
5,"VS_B_N",260,20960260
5,"VS_B_N",261,20960261
5,"VS_B_N",262,20960262
5,"VS_B_N",263,20960263
5,"VS_B_N",264,20960264
5,"VS_B_N",265,20960265
5,"VS_B_N",266,20960266
5,"VS_B_N",267,20960267
5,"VS_B_N",268,20960268
5,"VS_B_N",269,20960269
5,"VS_B_N",270,20960270
5,"VS_B_N",271,20960271
5,"VS_B_N",272,20960272
5,"VS_B_N",273,20960273
5,"VS_B_N",274,20960274
5,"VS_B_N",275,20960275
5,"VS_B_N",276,20960276
5,"VS_B_N",277,20960277
5,"VS_B_N",278,20960278
5,"VS_B_N",279,20960279
5,"VS_B_N",280,20960280
5,"VS_B_N",281,20960281
5,"VS_B_N",282,20960282
5,"VS_B_N",283,20960283
5,"VS_B_N",284,20960284
5,"VS_B_N",285,20960285
5,"VS_B_N",286,20960286
5,"VS_B_N",287,20960287
5,"VS_B_N",288,20960288
5,"VS_B_N",289,20960289
5,"VS_B_N",290,20960290
5,"VS_B_N",291,20960291
5,"VS_B_N",292,20960292
5,"VS_B_N",293,20960293
5,"VS_B_N",294,20960294
5,"VS_B_N",295,20960295
5,"VS_B_N",296,20960296
5,"VS_B_N",297,20960297
5,"VS_B_N",298,20960298
5,"VS_B_N",299,20960299
5,"VS_B_N",300,20960300
5,"VS_B_N",301,20960301
5,"VS_B_N",302,20960302
5,"VS_B_N",303,20960303
5,"VS_B_N",304,20960304
5,"VS_B_N",305,20960305
5,"VS_B_N",306,20960306
5,"VS_B_N",307,20960307
5,"VS_B_N",308,20960308
5,"VS_B_N",309,20960309
5,"VS_B_N",310,20960310
5,"VS_B_N",311,20960311
5,"VS_B_N",312,20960312
5,"VS_B_N",313,20960313
5,"VS_B_N",314,20960314
5,"VS_B_N",315,20960315
5,"VS_B_N",316,20960316
5,"VS_B_N",317,20960317
5,"VS_B_N",318,20960318
5,"VS_B_N",319,20960319
5,"VS_B_N",320,20960320
5,"VS_B_N",321,20960321
5,"VS_B_N",322,20960322
5,"VS_B_N",323,20960323
5,"VS_B_N",324,20960324
5,"VS_B_N",325,20960325
5,"VS_B_N",326,20960326
5,"VS_B_N",327,20960327
5,"VS_B_N",328,20960328
5,"VS_B_N",329,20960329
5,"VS_B_N",330,20960330
5,"VS_B_N",331,20960331
5,"VS_B_N",332,20960332
5,"VS_B_N",333,20960333
5,"VS_B_N",334,20960334
5,"VS_B_N",335,20960335
5,"VS_B_N",336,20960336
5,"VS_B_N",337,20960337
5,"VS_B_N",338,20960338
5,"VS_B_N",339,20960339
5,"VS_B_N",340,20960340
5,"VS_B_N",341,20960341
5,"VS_B_N",342,20960342
5,"VS_B_N",343,20960343
5,"VS_B_N",344,20960344
5,"VS_B_N",345,20960345
5,"VS_B_N",346,20960346
5,"VS_B_N",347,20960347
5,"VS_B_N",348,20960348
5,"VS_B_N",349,20960349
5,"VS_B_N",350,20960350
5,"VS_B_N",351,20960351
5,"VS_B_N",352,20960352
5,"VS_B_N",353,20960353
5,"VS_B_N",354,20960354
5,"VS_B_N",355,20960355
5,"VS_B_N",356,20960356
5,"VS_B_N",357,20960357
5,"VS_B_N",358,20960358
5,"VS_B_N",359,20960359
5,"VS_B_N",360,20960360
5,"VS_B_N",361,20960361
5,"VS_B_N",362,20960362
5,"VS_B_N",363,20960363
5,"VS_B_N",364,20960364
5,"VS_B_N",365,20960365
5,"VS_B_N",366,20960366
5,"VS_B_N",367,20960367
5,"VS_B_N",368,20960368
5,"VS_B_N",369,20960369
5,"VS_B_N",370,20960370
5,"VS_B_N",371,20960371
5,"VS_B_N",372,20960372
5,"VS_B_N",373,20960373
5,"VS_B_N",374,20960374
5,"VS_B_N",375,20960375
5,"VS_B_N",376,20960376
5,"VS_B_N",377,20960377
5,"VS_B_N",378,20960378
5,"VS_B_N",379,20960379
5,"VS_B_N",380,20960380
5,"VS_B_N",381,20960381
5,"VS_B_N",382,20960382
5,"VS_B_N",383,20960383
5,"VS_B_N",384,20960384
5,"VS_B_N",385,20960385
5,"VS_B_N",386,20960386
5,"VS_B_N",387,20960387
5,"VS_B_N",388,20960388
5,"VS_B_N",389,20960389
5,"VS_B_N",390,20960390
5,"VS_B_N",391,20960391
5,"VS_B_N",392,20960392
5,"VS_B_N",393,20960393
5,"VS_B_N",394,20960394
5,"VS_B_N",395,20960395
5,"VS_B_N",396,20960396
5,"VS_B_N",397,20960397
5,"VS_B_N",398,20960398
5,"VS_B_N",399,20960399
5,"VS_B_N",400,20960400
5,"VS_B_N",401,20960401
5,"VS_B_N",402,20960402
5,"VS_B_N",403,20960403
5,"VS_B_N",404,20960404
5,"VS_B_N",405,20960405
5,"VS_B_N",406,20960406
5,"VS_B_N",407,20960407
5,"VS_B_N",408,20960408
5,"VS_B_N",409,20960409
5,"VS_B_N",410,20960410
5,"VS_B_N",411,20960411
5,"VS_B_N",412,20960412
5,"VS_B_N",413,20960413
5,"VS_B_N",414,20960414
5,"VS_B_N",415,20960415
5,"VS_B_N",416,20960416
5,"VS_B_N",417,20960417
5,"VS_B_N",418,20960418
5,"VS_B_N",419,20960419
5,"VS_B_N",420,20960420
5,"VS_B_N",421,20960421
5,"VS_B_N",422,20960422
5,"VS_B_N",423,20960423
5,"VS_B_N",424,20960424
5,"VS_B_N",425,20960425
5,"VS_B_N",426,20960426
5,"VS_B_N",427,20960427
5,"VS_B_N",428,20960428
5,"VS_B_N",429,20960429
5,"VS_B_N",430,20960430
5,"VS_B_N",431,20960431
5,"VS_B_N",432,20960432
5,"VS_B_N",433,20960433
5,"VS_B_N",434,20960434
5,"VS_B_N",435,20960435
5,"VS_B_N",436,20960436
5,"VS_B_N",437,20960437
5,"VS_B_N",438,20960438
5,"VS_B_N",439,20960439
5,"VS_B_N",440,20960440
5,"VS_B_N",441,20960441
5,"VS_B_N",442,20960442
5,"VS_B_N",443,20960443
5,"VS_B_N",444,20960444
5,"VS_B_N",445,20960445
5,"VS_B_N",446,20960446
5,"VS_B_N",447,20960447
5,"VS_B_N",448,20960448
5,"VS_B_N",449,20960449
5,"VS_B_N",450,20960450
5,"VS_B_N",451,20960451
5,"VS_B_N",452,20960452
5,"VS_B_N",453,20960453
5,"VS_B_N",454,20960454
5,"VS_B_N",455,20960455
5,"VS_B_N",456,20960456
5,"VS_B_N",457,20960457
5,"VS_B_N",458,20960458
5,"VS_B_N",459,20960459
5,"VS_B_N",460,20960460
5,"VS_B_N",461,20960461
5,"VS_B_N",462,20960462
5,"VS_B_N",463,20960463
5,"VS_B_N",464,20960464
5,"VS_B_N",465,20960465
5,"VS_B_N",466,20960466
5,"VS_B_N",467,20960467
5,"VS_B_N",468,20960468
5,"VS_B_N",469,20960469
5,"VS_B_N",470,20960470
5,"VS_B_N",471,20960471
5,"VS_B_N",472,20960472
5,"VS_B_N",473,20960473
5,"VS_B_N",474,20960474
5,"VS_B_N",475,20960475
5,"VS_B_N",476,20960476
5,"VS_B_N",477,20960477
5,"VS_B_N",478,20960478
5,"VS_B_N",479,20960479
5,"VS_B_N",480,20960480
5,"VS_B_N",481,20960481
5,"VS_B_N",482,20960482
5,"VS_B_N",483,20960483
5,"VS_B_N",484,20960484
5,"VS_B_N",485,20960485
5,"VS_B_N",486,20960486
5,"VS_B_N",487,20960487
5,"VS_B_N",488,20960488
5,"VS_B_N",489,20960489
5,"VS_B_N",490,20960490
5,"VS_B_N",491,20960491
5,"VS_B_N",492,20960492
5,"VS_B_N",493,20960493
5,"VS_B_N",494,20960494
5,"VS_B_N",495,20960495
5,"VS_B_N",496,20960496
5,"VS_B_N",497,20960497
5,"VS_B_N",498,20960498
5,"VS_B_N",499,20960499
5,"VS_B_N",500,20960500
5,"VS_B_N",501,20960501
5,"VS_B_N",502,20960502
5,"VS_B_N",503,20960503
5,"VS_B_N",504,20960504
5,"VS_B_N",505,20960505
5,"VS_B_N",506,20960506
5,"VS_B_N",507,20960507
5,"VS_B_N",508,20960508
5,"VS_B_N",509,20960509
5,"VS_B_N",510,20960510
5,"VS_B_N",511,20960511
5,"VS_B_N",512,20960512
5,"VS_B_N",513,20960513
5,"VS_B_N",514,20960514
5,"VS_B_N",515,20960515
5,"VS_B_N",516,20960516
5,"VS_B_N",517,20960517
5,"VS_B_N",518,20960518
5,"VS_B_N",519,20960519
5,"VS_B_N",520,20960520
5,"VS_B_N",521,20960521
5,"VS_B_N",522,20960522
5,"VS_B_N",523,20960523
5,"VS_B_N",524,20960524
5,"VS_B_N",525,20960525
5,"VS_B_N",526,20960526
5,"VS_B_N",527,20960527
5,"VS_B_N",528,20960528
5,"VS_B_N",529,20960529
5,"VS_B_N",530,20960530
5,"VS_B_N",531,20960531
5,"VS_B_N",532,20960532
5,"VS_B_N",533,20960533
5,"VS_B_N",534,20960534
5,"VS_B_N",535,20960535
5,"VS_B_N",536,20960536
5,"VS_B_N",537,20960537
5,"VS_B_N",538,20960538
5,"VS_B_N",539,20960539
5,"VS_B_N",540,20960540
5,"VS_B_N",541,20960541
5,"VS_B_N",542,20960542
5,"VS_B_N",543,20960543
5,"VS_B_N",544,20960544
5,"VS_B_N",545,20960545
5,"VS_B_N",546,20960546
5,"VS_B_N",547,20960547
5,"VS_B_N",548,20960548
5,"VS_B_N",549,20960549
5,"VS_B_N",550,20960550
5,"VS_B_N",551,20960551
5,"VS_B_N",552,20960552
5,"VS_B_N",553,20960553
5,"VS_B_N",554,20960554
5,"VS_B_N",555,20960555
5,"VS_B_N",556,20960556
5,"VS_B_N",557,20960557
5,"VS_B_N",558,20960558
5,"VS_B_N",559,20960559
5,"VS_B_N",560,20960560
5,"VS_B_N",561,20960561
5,"VS_B_N",562,20960562
5,"VS_B_N",563,20960563
5,"VS_B_N",564,20960564
5,"VS_B_N",565,20960565
5,"VS_B_N",566,20960566
5,"VS_B_N",567,20960567
5,"VS_B_N",568,20960568
5,"VS_B_N",569,20960569
5,"VS_B_N",570,20960570
5,"VS_B_N",571,20960571
5,"VS_B_N",572,20960572
5,"VS_B_N",573,20960573
5,"VS_B_N",574,20960574
5,"VS_B_N",575,20960575
5,"VS_B_N",576,20960576
5,"VS_B_N",577,20960577
5,"VS_B_N",578,20960578
5,"VS_B_N",579,20960579
5,"VS_B_N",580,20960580
5,"VS_B_N",581,20960581
5,"VS_B_N",582,20960582
5,"VS_B_N",583,20960583
5,"VS_B_N",584,20960584
5,"VS_B_N",585,20960585
5,"VS_B_N",586,20960586
5,"VS_B_N",587,20960587
5,"VS_B_N",588,20960588
5,"VS_B_N",589,20960589
5,"VS_B_N",590,20960590
5,"VS_B_N",591,20960591
5,"VS_B_N",592,20960592
5,"VS_B_N",593,20960593
5,"VS_B_N",594,20960594
5,"VS_B_N",595,20960595
5,"VS_B_N",596,20960596
5,"VS_B_N",597,20960597
5,"VS_B_N",598,20960598
5,"VS_B_N",599,20960599
5,"VS_B_N",600,20960600
5,"VS_B_N",601,20960601
5,"VS_B_N",602,20960602
5,"VS_B_N",603,20960603
5,"VS_B_N",604,20960604
5,"VS_B_N",605,20960605
5,"VS_B_N",606,20960606
5,"VS_B_N",607,20960607
5,"VS_B_N",608,20960608
5,"VS_B_N",609,20960609
5,"VS_B_N",610,20960610
5,"VS_B_N",611,20960611
5,"VS_B_N",612,20960612
5,"VS_B_N",613,20960613
5,"VS_B_N",614,20960614
5,"VS_B_N",615,20960615
5,"VS_B_N",616,20960616
5,"VS_B_N",617,20960617
5,"VS_B_N",618,20960618
5,"VS_B_N",619,20960619
5,"VS_B_N",620,20960620
5,"VS_B_N",621,20960621
5,"VS_B_N",622,20960622
5,"VS_B_N",623,20960623
5,"VS_B_N",624,20960624
5,"VS_B_N",625,20960625
5,"VS_B_N",626,20960626
5,"VS_B_N",627,20960627
5,"VS_B_N",628,20960628
5,"VS_B_N",629,20960629
5,"VS_B_N",630,20960630
5,"VS_B_N",631,20960631
5,"VS_B_N",632,20960632
5,"VS_B_N",633,20960633
5,"VS_B_N",634,20960634
5,"VS_B_N",635,20960635
5,"VS_B_N",636,20960636
5,"VS_B_N",637,20960637
5,"VS_B_N",638,20960638
5,"VS_B_N",639,20960639
5,"VS_B_N",640,20960640
5,"VS_B_N",641,20960641
5,"VS_B_N",642,20960642
5,"VS_B_N",643,20960643
5,"VS_B_N",644,20960644
5,"VS_B_N",645,20960645
5,"VS_B_N",646,20960646
5,"VS_B_N",647,20960647
5,"VS_B_N",648,20960648
5,"VS_B_N",649,20960649
5,"VS_B_N",650,20960650
5,"VS_B_N",651,20960651
5,"VS_B_N",652,20960652
5,"VS_B_N",653,20960653
5,"VS_B_N",654,20960654
5,"VS_B_N",655,20960655
5,"VS_B_N",656,20960656
5,"VS_B_N",657,20960657
5,"VS_B_N",658,20960658
5,"VS_B_N",659,20960659
5,"VS_B_N",660,20960660
5,"VS_B_N",661,20960661
5,"VS_B_N",662,20960662
5,"VS_B_N",663,20960663
5,"VS_B_N",664,20960664
5,"VS_B_N",665,20960665
5,"VS_B_N",666,20960666
5,"VS_B_N",667,20960667
5,"VS_B_N",668,20960668
5,"VS_B_N",669,20960669
5,"VS_B_N",670,20960670
5,"VS_B_N",671,20960671
5,"VS_B_N",672,20960672
5,"VS_B_N",673,20960673
5,"VS_B_N",674,20960674
5,"VS_B_N",675,20960675
5,"VS_B_N",676,20960676
5,"VS_B_N",677,20960677
5,"VS_B_N",678,20960678
5,"VS_B_N",679,20960679
5,"VS_B_N",680,20960680
5,"VS_B_N",681,20960681
5,"VS_B_N",682,20960682
5,"VS_B_N",683,20960683
5,"VS_B_N",684,20960684
5,"VS_B_N",685,20960685
5,"VS_B_N",686,20960686
5,"VS_B_N",687,20960687
5,"VS_B_N",688,20960688
5,"VS_B_N",689,20960689
5,"VS_B_N",690,20960690
5,"VS_B_N",691,20960691
5,"VS_B_N",692,20960692
5,"VS_B_N",693,20960693
5,"VS_B_N",694,20960694
5,"VS_B_N",695,20960695
5,"VS_B_N",696,20960696
5,"VS_B_N",697,20960697
5,"VS_B_N",698,20960698
5,"VS_B_N",699,20960699
5,"VS_B_N",700,20960700
5,"VS_B_N",701,20960701
5,"VS_B_N",702,20960702
5,"VS_B_N",703,20960703
5,"VS_B_N",704,20960704
5,"VS_B_N",705,20960705
5,"VS_B_N",706,20960706
5,"VS_B_N",707,20960707
5,"VS_B_N",708,20960708
5,"VS_B_N",709,20960709
5,"VS_B_N",710,20960710
5,"VS_B_N",711,20960711
5,"VS_B_N",712,20960712
5,"VS_B_N",713,20960713
5,"VS_B_N",714,20960714
5,"VS_B_N",715,20960715
5,"VS_B_N",716,20960716
5,"VS_B_N",717,20960717
5,"VS_B_N",718,20960718
5,"VS_B_N",719,20960719
5,"VS_B_N",720,20960720
5,"VS_B_N",721,20960721
5,"VS_B_N",722,20960722
5,"VS_B_N",723,20960723
5,"VS_B_N",724,20960724
5,"VS_B_N",725,20960725
5,"VS_B_N",726,20960726
5,"VS_B_N",727,20960727
5,"VS_B_N",728,20960728
5,"VS_B_N",729,20960729
5,"VS_B_N",730,20960730
5,"VS_B_N",731,20960731
5,"VS_B_N",732,20960732
5,"VS_B_N",733,20960733
5,"VS_B_N",734,20960734
5,"VS_B_N",735,20960735
5,"VS_B_N",736,20960736
5,"VS_B_N",737,20960737
5,"VS_B_N",738,20960738
5,"VS_B_N",739,20960739
5,"VS_B_N",740,20960740
5,"VS_B_N",741,20960741
5,"VS_B_N",742,20960742
5,"VS_B_N",743,20960743
5,"VS_B_N",744,20960744
5,"VS_B_N",745,20960745
5,"VS_B_N",746,20960746
5,"VS_B_N",747,20960747
5,"VS_B_N",748,20960748
5,"VS_B_N",749,20960749
5,"VS_B_N",750,20960750
5,"VS_B_N",751,20960751
5,"VS_B_N",752,20960752
5,"VS_B_N",753,20960753
5,"VS_B_N",754,20960754
5,"VS_B_N",755,20960755
5,"VS_B_N",756,20960756
5,"VS_B_N",757,20960757
5,"VS_B_N",758,20960758
5,"VS_B_N",759,20960759
5,"VS_B_N",760,20960760
5,"VS_B_N",761,20960761
5,"VS_B_N",762,20960762
5,"VS_B_N",763,20960763
5,"VS_B_N",764,20960764
5,"VS_B_N",765,20960765
5,"VS_B_N",766,20960766
5,"VS_B_N",767,20960767
5,"VS_B_N",768,20960768
5,"VS_B_N",769,20960769
5,"VS_B_N",770,20960770
5,"VS_B_N",771,20960771
5,"VS_B_N",772,20960772
5,"VS_B_N",773,20960773
5,"VS_B_N",774,20960774
5,"VS_B_N",775,20960775
5,"VS_B_N",776,20960776
5,"VS_B_N",777,20960777
5,"VS_B_N",778,20960778
5,"VS_B_N",779,20960779
5,"VS_B_N",780,20960780
5,"VS_B_N",781,20960781
5,"VS_B_N",782,20960782
5,"VS_B_N",783,20960783
5,"VS_B_N",784,20960784
5,"VS_B_N",785,20960785
5,"VS_B_N",786,20960786
5,"VS_B_N",787,20960787
5,"VS_B_N",788,20960788
5,"VS_B_N",789,20960789
5,"VS_B_N",790,20960790
5,"VS_B_N",791,20960791
5,"VS_B_N",792,20960792
5,"VS_B_N",793,20960793
5,"VS_B_N",794,20960794
5,"VS_B_N",795,20960795
5,"VS_B_N",796,20960796
5,"VS_B_N",797,20960797
5,"VS_B_N",798,20960798
5,"VS_B_N",799,20960799
5,"VS_B_N",800,20960800
5,"VS_B_N",801,20960801
5,"VS_B_N",802,20960802
5,"VS_B_N",803,20960803
5,"VS_B_N",804,20960804
5,"VS_B_N",805,20960805
5,"VS_B_N",806,20960806
5,"VS_B_N",807,20960807
5,"VS_B_N",808,20960808
5,"VS_B_N",809,20960809
5,"VS_B_N",810,20960810
5,"VS_B_N",811,20960811
5,"VS_B_N",812,20960812
5,"VS_B_N",813,20960813
5,"VS_B_N",814,20960814
5,"VS_B_N",815,20960815
5,"VS_B_N",816,20960816
5,"VS_B_N",817,20960817
5,"VS_B_N",818,20960818
5,"VS_B_N",819,20960819
5,"VS_B_N",820,20960820
5,"VS_B_N",821,20960821
5,"VS_B_N",822,20960822
5,"VS_B_N",823,20960823
5,"VS_B_N",824,20960824
5,"VS_B_N",825,20960825
5,"VS_B_N",826,20960826
5,"VS_B_N",827,20960827
5,"VS_B_N",828,20960828
5,"VS_B_N",829,20960829
5,"VS_B_N",830,20960830
5,"VS_B_N",831,20960831
5,"VS_B_N",832,20960832
5,"VS_B_N",833,20960833
5,"VS_B_N",834,20960834
5,"VS_B_N",835,20960835
5,"VS_B_N",836,20960836
5,"VS_B_N",837,20960837
5,"VS_B_N",838,20960838
5,"VS_B_N",839,20960839
5,"VS_B_N",840,20960840
5,"VS_B_N",841,20960841
5,"VS_B_N",842,20960842
5,"VS_B_N",843,20960843
5,"VS_B_N",844,20960844
5,"VS_B_N",845,20960845
5,"VS_B_N",846,20960846
5,"VS_B_N",847,20960847
5,"VS_B_N",848,20960848
5,"VS_B_N",849,20960849
5,"VS_B_N",850,20960850
5,"VS_B_N",851,20960851
5,"VS_B_N",852,20960852
5,"VS_B_N",853,20960853
5,"VS_B_N",854,20960854
5,"VS_B_N",855,20960855
5,"VS_B_N",856,20960856
5,"VS_B_N",857,20960857
5,"VS_B_N",858,20960858
5,"VS_B_N",859,20960859
5,"VS_B_N",860,20960860
5,"VS_B_N",861,20960861
5,"VS_B_N",862,20960862
5,"VS_B_N",863,20960863
5,"VS_B_N",864,20960864
5,"VS_B_N",865,20960865
5,"VS_B_N",866,20960866
5,"VS_B_N",867,20960867
5,"VS_B_N",868,20960868
5,"VS_B_N",869,20960869
5,"VS_B_N",870,20960870
5,"VS_B_N",871,20960871
5,"VS_B_N",872,20960872
5,"VS_B_N",873,20960873
5,"VS_B_N",874,20960874
5,"VS_B_N",875,20960875
5,"VS_B_N",876,20960876
5,"VS_B_N",877,20960877
5,"VS_B_N",878,20960878
5,"VS_B_N",879,20960879
5,"VS_B_N",880,20960880
5,"VS_B_N",881,20960881
5,"VS_B_N",882,20960882
5,"VS_B_N",883,20960883
5,"VS_B_N",884,20960884
5,"VS_B_N",885,20960885
5,"VS_B_N",886,20960886
5,"VS_B_N",887,20960887
5,"VS_B_N",888,20960888
5,"VS_B_N",889,20960889
5,"VS_B_N",890,20960890
5,"VS_B_N",891,20960891
5,"VS_B_N",892,20960892
5,"VS_B_N",893,20960893
5,"VS_B_N",894,20960894
5,"VS_B_N",895,20960895
5,"VS_B_N",896,20960896
5,"VS_B_N",897,20960897
5,"VS_B_N",898,20960898
5,"VS_B_N",899,20960899
5,"VS_B_N",900,20960900
5,"VS_B_N",901,20960901
5,"VS_B_N",902,20960902
5,"VS_B_N",903,20960903
5,"VS_B_N",904,20960904
5,"VS_B_N",905,20960905
5,"VS_B_N",906,20960906
5,"VS_B_N",907,20960907
5,"VS_B_N",908,20960908
5,"VS_B_N",909,20960909
5,"VS_B_N",910,20960910
5,"VS_B_N",911,20960911
5,"VS_B_N",912,20960912
5,"VS_B_N",913,20960913
5,"VS_B_N",914,20960914
5,"VS_B_N",915,20960915
5,"VS_B_N",916,20960916
5,"VS_B_N",917,20960917
5,"VS_B_N",918,20960918
5,"VS_B_N",919,20960919
5,"VS_B_N",920,20960920
5,"VS_B_N",921,20960921
5,"VS_B_N",922,20960922
5,"VS_B_N",923,20960923
5,"VS_B_N",924,20960924
5,"VS_B_N",925,20960925
5,"VS_B_N",926,20960926
5,"VS_B_N",927,20960927
5,"VS_B_N",928,20960928
5,"VS_B_N",929,20960929
5,"VS_B_N",930,20960930
5,"VS_B_N",931,20960931
5,"VS_B_N",932,20960932
5,"VS_B_N",933,20960933
5,"VS_B_N",934,20960934
5,"VS_B_N",935,20960935
5,"VS_B_N",936,20960936
5,"VS_B_N",937,20960937
5,"VS_B_N",938,20960938
5,"VS_B_N",939,20960939
5,"VS_B_N",940,20960940
5,"VS_B_N",941,20960941
5,"VS_B_N",942,20960942
5,"VS_B_N",943,20960943
5,"VS_B_N",944,20960944
5,"VS_B_N",945,20960945
5,"VS_B_N",946,20960946
5,"VS_B_N",947,20960947
5,"VS_B_N",948,20960948
5,"VS_B_N",949,20960949
5,"VS_B_N",950,20960950
5,"VS_B_N",951,20960951
5,"VS_B_N",952,20960952
5,"VS_B_N",953,20960953
5,"VS_B_N",954,20960954
5,"VS_B_N",955,20960955
5,"VS_B_N",956,20960956
5,"VS_B_N",957,20960957
5,"VS_B_N",958,20960958
5,"VS_B_N",959,20960959
5,"VS_B_N",960,20960960
5,"VS_B_N",961,20960961
5,"VS_B_N",962,20960962
5,"VS_B_N",963,20960963
5,"VS_B_N",964,20960964
5,"VS_B_N",965,20960965
5,"VS_B_N",966,20960966
5,"VS_B_N",967,20960967
5,"VS_B_N",968,20960968
5,"VS_B_N",969,20960969
5,"VS_B_N",970,20960970
5,"VS_B_N",971,20960971
5,"VS_B_N",972,20960972
5,"VS_B_N",973,20960973
5,"VS_B_N",974,20960974
5,"VS_B_N",975,20960975
5,"VS_B_N",976,20960976
5,"VS_B_N",977,20960977
5,"VS_B_N",978,20960978
5,"VS_B_N",979,20960979
5,"VS_B_N",980,20960980
5,"VS_B_N",981,20960981
5,"VS_B_N",982,20960982
5,"VS_B_N",983,20960983
5,"VS_B_N",984,20960984
5,"VS_B_N",985,20960985
5,"VS_B_N",986,20960986
5,"VS_B_N",987,20960987
5,"VS_B_N",988,20960988
5,"VS_B_N",989,20960989
5,"VS_B_N",990,20960990
5,"VS_B_N",991,20960991
5,"VS_B_N",992,20960992
5,"VS_B_N",993,20960993
5,"VS_B_N",994,20960994
5,"VS_B_N",995,20960995
5,"VS_B_N",996,20960996
5,"VS_B_N",997,20960997
5,"VS_B_N",998,20960998
5,"VS_B_N",999,20960999
5,"VS_B_N",1000,20961000
6,"VS_B_A",1,21060001
6,"VS_B_A",2,21060002
6,"VS_B_A",3,21060003
6,"VS_B_A",4,21060004
6,"VS_B_A",5,21060005
6,"VS_B_A",6,21060006
6,"VS_B_A",7,21060007
6,"VS_B_A",8,21060008
6,"VS_B_A",9,21060009
6,"VS_B_A",10,21060010
6,"VS_B_A",11,21060011
6,"VS_B_A",12,21060012
6,"VS_B_A",13,21060013
6,"VS_B_A",14,21060014
6,"VS_B_A",15,21060015
6,"VS_B_A",16,21060016
6,"VS_B_A",17,21060017
6,"VS_B_A",18,21060018
6,"VS_B_A",19,21060019
6,"VS_B_A",20,21060020
6,"VS_B_A",21,21060021
6,"VS_B_A",22,21060022
6,"VS_B_A",23,21060023
6,"VS_B_A",24,21060024
6,"VS_B_A",25,21060025
6,"VS_B_A",26,21060026
6,"VS_B_A",27,21060027
6,"VS_B_A",28,21060028
6,"VS_B_A",29,21060029
6,"VS_B_A",30,21060030
6,"VS_B_A",31,21060031
6,"VS_B_A",32,21060032
6,"VS_B_A",33,21060033
6,"VS_B_A",34,21060034
6,"VS_B_A",35,21060035
6,"VS_B_A",36,21060036
6,"VS_B_A",37,21060037
6,"VS_B_A",38,21060038
6,"VS_B_A",39,21060039
6,"VS_B_A",40,21060040
6,"VS_B_A",41,21060041
6,"VS_B_A",42,21060042
6,"VS_B_A",43,21060043
6,"VS_B_A",44,21060044
6,"VS_B_A",45,21060045
6,"VS_B_A",46,21060046
6,"VS_B_A",47,21060047
6,"VS_B_A",48,21060048
6,"VS_B_A",49,21060049
6,"VS_B_A",50,21060050
6,"VS_B_A",51,21060051
6,"VS_B_A",52,21060052
6,"VS_B_A",53,21060053
6,"VS_B_A",54,21060054
6,"VS_B_A",55,21060055
6,"VS_B_A",56,21060056
6,"VS_B_A",57,21060057
6,"VS_B_A",58,21060058
6,"VS_B_A",59,21060059
6,"VS_B_A",60,21060060
6,"VS_B_A",61,21060061
6,"VS_B_A",62,21060062
6,"VS_B_A",63,21060063
6,"VS_B_A",64,21060064
6,"VS_B_A",65,21060065
6,"VS_B_A",66,21060066
6,"VS_B_A",67,21060067
6,"VS_B_A",68,21060068
6,"VS_B_A",69,21060069
6,"VS_B_A",70,21060070
6,"VS_B_A",71,21060071
6,"VS_B_A",72,21060072
6,"VS_B_A",73,21060073
6,"VS_B_A",74,21060074
6,"VS_B_A",75,21060075
6,"VS_B_A",76,21060076
6,"VS_B_A",77,21060077
6,"VS_B_A",78,21060078
6,"VS_B_A",79,21060079
6,"VS_B_A",80,21060080
6,"VS_B_A",81,21060081
6,"VS_B_A",82,21060082
6,"VS_B_A",83,21060083
6,"VS_B_A",84,21060084
6,"VS_B_A",85,21060085
6,"VS_B_A",86,21060086
6,"VS_B_A",87,21060087
6,"VS_B_A",88,21060088
6,"VS_B_A",89,21060089
6,"VS_B_A",90,21060090
6,"VS_B_A",91,21060091
6,"VS_B_A",92,21060092
6,"VS_B_A",93,21060093
6,"VS_B_A",94,21060094
6,"VS_B_A",95,21060095
6,"VS_B_A",96,21060096
6,"VS_B_A",97,21060097
6,"VS_B_A",98,21060098
6,"VS_B_A",99,21060099
6,"VS_B_A",100,21060100
6,"VS_B_A",101,21060101
6,"VS_B_A",102,21060102
6,"VS_B_A",103,21060103
6,"VS_B_A",104,21060104
6,"VS_B_A",105,21060105
6,"VS_B_A",106,21060106
6,"VS_B_A",107,21060107
6,"VS_B_A",108,21060108
6,"VS_B_A",109,21060109
6,"VS_B_A",110,21060110
6,"VS_B_A",111,21060111
6,"VS_B_A",112,21060112
6,"VS_B_A",113,21060113
6,"VS_B_A",114,21060114
6,"VS_B_A",115,21060115
6,"VS_B_A",116,21060116
6,"VS_B_A",117,21060117
6,"VS_B_A",118,21060118
6,"VS_B_A",119,21060119
6,"VS_B_A",120,21060120
6,"VS_B_A",121,21060121
6,"VS_B_A",122,21060122
6,"VS_B_A",123,21060123
6,"VS_B_A",124,21060124
6,"VS_B_A",125,21060125
6,"VS_B_A",126,21060126
6,"VS_B_A",127,21060127
6,"VS_B_A",128,21060128
6,"VS_B_A",129,21060129
6,"VS_B_A",130,21060130
6,"VS_B_A",131,21060131
6,"VS_B_A",132,21060132
6,"VS_B_A",133,21060133
6,"VS_B_A",134,21060134
6,"VS_B_A",135,21060135
6,"VS_B_A",136,21060136
6,"VS_B_A",137,21060137
6,"VS_B_A",138,21060138
6,"VS_B_A",139,21060139
6,"VS_B_A",140,21060140
6,"VS_B_A",141,21060141
6,"VS_B_A",142,21060142
6,"VS_B_A",143,21060143
6,"VS_B_A",144,21060144
6,"VS_B_A",145,21060145
6,"VS_B_A",146,21060146
6,"VS_B_A",147,21060147
6,"VS_B_A",148,21060148
6,"VS_B_A",149,21060149
6,"VS_B_A",150,21060150
6,"VS_B_A",151,21060151
6,"VS_B_A",152,21060152
6,"VS_B_A",153,21060153
6,"VS_B_A",154,21060154
6,"VS_B_A",155,21060155
6,"VS_B_A",156,21060156
6,"VS_B_A",157,21060157
6,"VS_B_A",158,21060158
6,"VS_B_A",159,21060159
6,"VS_B_A",160,21060160
6,"VS_B_A",161,21060161
6,"VS_B_A",162,21060162
6,"VS_B_A",163,21060163
6,"VS_B_A",164,21060164
6,"VS_B_A",165,21060165
6,"VS_B_A",166,21060166
6,"VS_B_A",167,21060167
6,"VS_B_A",168,21060168
6,"VS_B_A",169,21060169
6,"VS_B_A",170,21060170
6,"VS_B_A",171,21060171
6,"VS_B_A",172,21060172
6,"VS_B_A",173,21060173
6,"VS_B_A",174,21060174
6,"VS_B_A",175,21060175
6,"VS_B_A",176,21060176
6,"VS_B_A",177,21060177
6,"VS_B_A",178,21060178
6,"VS_B_A",179,21060179
6,"VS_B_A",180,21060180
6,"VS_B_A",181,21060181
6,"VS_B_A",182,21060182
6,"VS_B_A",183,21060183
6,"VS_B_A",184,21060184
6,"VS_B_A",185,21060185
6,"VS_B_A",186,21060186
6,"VS_B_A",187,21060187
6,"VS_B_A",188,21060188
6,"VS_B_A",189,21060189
6,"VS_B_A",190,21060190
6,"VS_B_A",191,21060191
6,"VS_B_A",192,21060192
6,"VS_B_A",193,21060193
6,"VS_B_A",194,21060194
6,"VS_B_A",195,21060195
6,"VS_B_A",196,21060196
6,"VS_B_A",197,21060197
6,"VS_B_A",198,21060198
6,"VS_B_A",199,21060199
6,"VS_B_A",200,21060200
6,"VS_B_A",201,21060201
6,"VS_B_A",202,21060202
6,"VS_B_A",203,21060203
6,"VS_B_A",204,21060204
6,"VS_B_A",205,21060205
6,"VS_B_A",206,21060206
6,"VS_B_A",207,21060207
6,"VS_B_A",208,21060208
6,"VS_B_A",209,21060209
6,"VS_B_A",210,21060210
6,"VS_B_A",211,21060211
6,"VS_B_A",212,21060212
6,"VS_B_A",213,21060213
6,"VS_B_A",214,21060214
6,"VS_B_A",215,21060215
6,"VS_B_A",216,21060216
6,"VS_B_A",217,21060217
6,"VS_B_A",218,21060218
6,"VS_B_A",219,21060219
6,"VS_B_A",220,21060220
6,"VS_B_A",221,21060221
6,"VS_B_A",222,21060222
6,"VS_B_A",223,21060223
6,"VS_B_A",224,21060224
6,"VS_B_A",225,21060225
6,"VS_B_A",226,21060226
6,"VS_B_A",227,21060227
6,"VS_B_A",228,21060228
6,"VS_B_A",229,21060229
6,"VS_B_A",230,21060230
6,"VS_B_A",231,21060231
6,"VS_B_A",232,21060232
6,"VS_B_A",233,21060233
6,"VS_B_A",234,21060234
6,"VS_B_A",235,21060235
6,"VS_B_A",236,21060236
6,"VS_B_A",237,21060237
6,"VS_B_A",238,21060238
6,"VS_B_A",239,21060239
6,"VS_B_A",240,21060240
6,"VS_B_A",241,21060241
6,"VS_B_A",242,21060242
6,"VS_B_A",243,21060243
6,"VS_B_A",244,21060244
6,"VS_B_A",245,21060245
6,"VS_B_A",246,21060246
6,"VS_B_A",247,21060247
6,"VS_B_A",248,21060248
6,"VS_B_A",249,21060249
6,"VS_B_A",250,21060250
6,"VS_B_A",251,21060251
6,"VS_B_A",252,21060252
6,"VS_B_A",253,21060253
6,"VS_B_A",254,21060254
6,"VS_B_A",255,21060255
6,"VS_B_A",256,21060256
6,"VS_B_A",257,21060257
6,"VS_B_A",258,21060258
6,"VS_B_A",259,21060259
6,"VS_B_A",260,21060260
6,"VS_B_A",261,21060261
6,"VS_B_A",262,21060262
6,"VS_B_A",263,21060263
6,"VS_B_A",264,21060264
6,"VS_B_A",265,21060265
6,"VS_B_A",266,21060266
6,"VS_B_A",267,21060267
6,"VS_B_A",268,21060268
6,"VS_B_A",269,21060269
6,"VS_B_A",270,21060270
6,"VS_B_A",271,21060271
6,"VS_B_A",272,21060272
6,"VS_B_A",273,21060273
6,"VS_B_A",274,21060274
6,"VS_B_A",275,21060275
6,"VS_B_A",276,21060276
6,"VS_B_A",277,21060277
6,"VS_B_A",278,21060278
6,"VS_B_A",279,21060279
6,"VS_B_A",280,21060280
6,"VS_B_A",281,21060281
6,"VS_B_A",282,21060282
6,"VS_B_A",283,21060283
6,"VS_B_A",284,21060284
6,"VS_B_A",285,21060285
6,"VS_B_A",286,21060286
6,"VS_B_A",287,21060287
6,"VS_B_A",288,21060288
6,"VS_B_A",289,21060289
6,"VS_B_A",290,21060290
6,"VS_B_A",291,21060291
6,"VS_B_A",292,21060292
6,"VS_B_A",293,21060293
6,"VS_B_A",294,21060294
6,"VS_B_A",295,21060295
6,"VS_B_A",296,21060296
6,"VS_B_A",297,21060297
6,"VS_B_A",298,21060298
6,"VS_B_A",299,21060299
6,"VS_B_A",300,21060300
6,"VS_B_A",301,21060301
6,"VS_B_A",302,21060302
6,"VS_B_A",303,21060303
6,"VS_B_A",304,21060304
6,"VS_B_A",305,21060305
6,"VS_B_A",306,21060306
6,"VS_B_A",307,21060307
6,"VS_B_A",308,21060308
6,"VS_B_A",309,21060309
6,"VS_B_A",310,21060310
6,"VS_B_A",311,21060311
6,"VS_B_A",312,21060312
6,"VS_B_A",313,21060313
6,"VS_B_A",314,21060314
6,"VS_B_A",315,21060315
6,"VS_B_A",316,21060316
6,"VS_B_A",317,21060317
6,"VS_B_A",318,21060318
6,"VS_B_A",319,21060319
6,"VS_B_A",320,21060320
6,"VS_B_A",321,21060321
6,"VS_B_A",322,21060322
6,"VS_B_A",323,21060323
6,"VS_B_A",324,21060324
6,"VS_B_A",325,21060325
6,"VS_B_A",326,21060326
6,"VS_B_A",327,21060327
6,"VS_B_A",328,21060328
6,"VS_B_A",329,21060329
6,"VS_B_A",330,21060330
6,"VS_B_A",331,21060331
6,"VS_B_A",332,21060332
6,"VS_B_A",333,21060333
6,"VS_B_A",334,21060334
6,"VS_B_A",335,21060335
6,"VS_B_A",336,21060336
6,"VS_B_A",337,21060337
6,"VS_B_A",338,21060338
6,"VS_B_A",339,21060339
6,"VS_B_A",340,21060340
6,"VS_B_A",341,21060341
6,"VS_B_A",342,21060342
6,"VS_B_A",343,21060343
6,"VS_B_A",344,21060344
6,"VS_B_A",345,21060345
6,"VS_B_A",346,21060346
6,"VS_B_A",347,21060347
6,"VS_B_A",348,21060348
6,"VS_B_A",349,21060349
6,"VS_B_A",350,21060350
6,"VS_B_A",351,21060351
6,"VS_B_A",352,21060352
6,"VS_B_A",353,21060353
6,"VS_B_A",354,21060354
6,"VS_B_A",355,21060355
6,"VS_B_A",356,21060356
6,"VS_B_A",357,21060357
6,"VS_B_A",358,21060358
6,"VS_B_A",359,21060359
6,"VS_B_A",360,21060360
6,"VS_B_A",361,21060361
6,"VS_B_A",362,21060362
6,"VS_B_A",363,21060363
6,"VS_B_A",364,21060364
6,"VS_B_A",365,21060365
6,"VS_B_A",366,21060366
6,"VS_B_A",367,21060367
6,"VS_B_A",368,21060368
6,"VS_B_A",369,21060369
6,"VS_B_A",370,21060370
6,"VS_B_A",371,21060371
6,"VS_B_A",372,21060372
6,"VS_B_A",373,21060373
6,"VS_B_A",374,21060374
6,"VS_B_A",375,21060375
6,"VS_B_A",376,21060376
6,"VS_B_A",377,21060377
6,"VS_B_A",378,21060378
6,"VS_B_A",379,21060379
6,"VS_B_A",380,21060380
6,"VS_B_A",381,21060381
6,"VS_B_A",382,21060382
6,"VS_B_A",383,21060383
6,"VS_B_A",384,21060384
6,"VS_B_A",385,21060385
6,"VS_B_A",386,21060386
6,"VS_B_A",387,21060387
6,"VS_B_A",388,21060388
6,"VS_B_A",389,21060389
6,"VS_B_A",390,21060390
6,"VS_B_A",391,21060391
6,"VS_B_A",392,21060392
6,"VS_B_A",393,21060393
6,"VS_B_A",394,21060394
6,"VS_B_A",395,21060395
6,"VS_B_A",396,21060396
6,"VS_B_A",397,21060397
6,"VS_B_A",398,21060398
6,"VS_B_A",399,21060399
6,"VS_B_A",400,21060400
6,"VS_B_A",401,21060401
6,"VS_B_A",402,21060402
6,"VS_B_A",403,21060403
6,"VS_B_A",404,21060404
6,"VS_B_A",405,21060405
6,"VS_B_A",406,21060406
6,"VS_B_A",407,21060407
6,"VS_B_A",408,21060408
6,"VS_B_A",409,21060409
6,"VS_B_A",410,21060410
6,"VS_B_A",411,21060411
6,"VS_B_A",412,21060412
6,"VS_B_A",413,21060413
6,"VS_B_A",414,21060414
6,"VS_B_A",415,21060415
6,"VS_B_A",416,21060416
6,"VS_B_A",417,21060417
6,"VS_B_A",418,21060418
6,"VS_B_A",419,21060419
6,"VS_B_A",420,21060420
6,"VS_B_A",421,21060421
6,"VS_B_A",422,21060422
6,"VS_B_A",423,21060423
6,"VS_B_A",424,21060424
6,"VS_B_A",425,21060425
6,"VS_B_A",426,21060426
6,"VS_B_A",427,21060427
6,"VS_B_A",428,21060428
6,"VS_B_A",429,21060429
6,"VS_B_A",430,21060430
6,"VS_B_A",431,21060431
6,"VS_B_A",432,21060432
6,"VS_B_A",433,21060433
6,"VS_B_A",434,21060434
6,"VS_B_A",435,21060435
6,"VS_B_A",436,21060436
6,"VS_B_A",437,21060437
6,"VS_B_A",438,21060438
6,"VS_B_A",439,21060439
6,"VS_B_A",440,21060440
6,"VS_B_A",441,21060441
6,"VS_B_A",442,21060442
6,"VS_B_A",443,21060443
6,"VS_B_A",444,21060444
6,"VS_B_A",445,21060445
6,"VS_B_A",446,21060446
6,"VS_B_A",447,21060447
6,"VS_B_A",448,21060448
6,"VS_B_A",449,21060449
6,"VS_B_A",450,21060450
6,"VS_B_A",451,21060451
6,"VS_B_A",452,21060452
6,"VS_B_A",453,21060453
6,"VS_B_A",454,21060454
6,"VS_B_A",455,21060455
6,"VS_B_A",456,21060456
6,"VS_B_A",457,21060457
6,"VS_B_A",458,21060458
6,"VS_B_A",459,21060459
6,"VS_B_A",460,21060460
6,"VS_B_A",461,21060461
6,"VS_B_A",462,21060462
6,"VS_B_A",463,21060463
6,"VS_B_A",464,21060464
6,"VS_B_A",465,21060465
6,"VS_B_A",466,21060466
6,"VS_B_A",467,21060467
6,"VS_B_A",468,21060468
6,"VS_B_A",469,21060469
6,"VS_B_A",470,21060470
6,"VS_B_A",471,21060471
6,"VS_B_A",472,21060472
6,"VS_B_A",473,21060473
6,"VS_B_A",474,21060474
6,"VS_B_A",475,21060475
6,"VS_B_A",476,21060476
6,"VS_B_A",477,21060477
6,"VS_B_A",478,21060478
6,"VS_B_A",479,21060479
6,"VS_B_A",480,21060480
6,"VS_B_A",481,21060481
6,"VS_B_A",482,21060482
6,"VS_B_A",483,21060483
6,"VS_B_A",484,21060484
6,"VS_B_A",485,21060485
6,"VS_B_A",486,21060486
6,"VS_B_A",487,21060487
6,"VS_B_A",488,21060488
6,"VS_B_A",489,21060489
6,"VS_B_A",490,21060490
6,"VS_B_A",491,21060491
6,"VS_B_A",492,21060492
6,"VS_B_A",493,21060493
6,"VS_B_A",494,21060494
6,"VS_B_A",495,21060495
6,"VS_B_A",496,21060496
6,"VS_B_A",497,21060497
6,"VS_B_A",498,21060498
6,"VS_B_A",499,21060499
6,"VS_B_A",500,21060500
6,"VS_B_A",501,21060501
6,"VS_B_A",502,21060502
6,"VS_B_A",503,21060503
6,"VS_B_A",504,21060504
6,"VS_B_A",505,21060505
6,"VS_B_A",506,21060506
6,"VS_B_A",507,21060507
6,"VS_B_A",508,21060508
6,"VS_B_A",509,21060509
6,"VS_B_A",510,21060510
6,"VS_B_A",511,21060511
6,"VS_B_A",512,21060512
6,"VS_B_A",513,21060513
6,"VS_B_A",514,21060514
6,"VS_B_A",515,21060515
6,"VS_B_A",516,21060516
6,"VS_B_A",517,21060517
6,"VS_B_A",518,21060518
6,"VS_B_A",519,21060519
6,"VS_B_A",520,21060520
6,"VS_B_A",521,21060521
6,"VS_B_A",522,21060522
6,"VS_B_A",523,21060523
6,"VS_B_A",524,21060524
6,"VS_B_A",525,21060525
6,"VS_B_A",526,21060526
6,"VS_B_A",527,21060527
6,"VS_B_A",528,21060528
6,"VS_B_A",529,21060529
6,"VS_B_A",530,21060530
6,"VS_B_A",531,21060531
6,"VS_B_A",532,21060532
6,"VS_B_A",533,21060533
6,"VS_B_A",534,21060534
6,"VS_B_A",535,21060535
6,"VS_B_A",536,21060536
6,"VS_B_A",537,21060537
6,"VS_B_A",538,21060538
6,"VS_B_A",539,21060539
6,"VS_B_A",540,21060540
6,"VS_B_A",541,21060541
6,"VS_B_A",542,21060542
6,"VS_B_A",543,21060543
6,"VS_B_A",544,21060544
6,"VS_B_A",545,21060545
6,"VS_B_A",546,21060546
6,"VS_B_A",547,21060547
6,"VS_B_A",548,21060548
6,"VS_B_A",549,21060549
6,"VS_B_A",550,21060550
6,"VS_B_A",551,21060551
6,"VS_B_A",552,21060552
6,"VS_B_A",553,21060553
6,"VS_B_A",554,21060554
6,"VS_B_A",555,21060555
6,"VS_B_A",556,21060556
6,"VS_B_A",557,21060557
6,"VS_B_A",558,21060558
6,"VS_B_A",559,21060559
6,"VS_B_A",560,21060560
6,"VS_B_A",561,21060561
6,"VS_B_A",562,21060562
6,"VS_B_A",563,21060563
6,"VS_B_A",564,21060564
6,"VS_B_A",565,21060565
6,"VS_B_A",566,21060566
6,"VS_B_A",567,21060567
6,"VS_B_A",568,21060568
6,"VS_B_A",569,21060569
6,"VS_B_A",570,21060570
6,"VS_B_A",571,21060571
6,"VS_B_A",572,21060572
6,"VS_B_A",573,21060573
6,"VS_B_A",574,21060574
6,"VS_B_A",575,21060575
6,"VS_B_A",576,21060576
6,"VS_B_A",577,21060577
6,"VS_B_A",578,21060578
6,"VS_B_A",579,21060579
6,"VS_B_A",580,21060580
6,"VS_B_A",581,21060581
6,"VS_B_A",582,21060582
6,"VS_B_A",583,21060583
6,"VS_B_A",584,21060584
6,"VS_B_A",585,21060585
6,"VS_B_A",586,21060586
6,"VS_B_A",587,21060587
6,"VS_B_A",588,21060588
6,"VS_B_A",589,21060589
6,"VS_B_A",590,21060590
6,"VS_B_A",591,21060591
6,"VS_B_A",592,21060592
6,"VS_B_A",593,21060593
6,"VS_B_A",594,21060594
6,"VS_B_A",595,21060595
6,"VS_B_A",596,21060596
6,"VS_B_A",597,21060597
6,"VS_B_A",598,21060598
6,"VS_B_A",599,21060599
6,"VS_B_A",600,21060600
6,"VS_B_A",601,21060601
6,"VS_B_A",602,21060602
6,"VS_B_A",603,21060603
6,"VS_B_A",604,21060604
6,"VS_B_A",605,21060605
6,"VS_B_A",606,21060606
6,"VS_B_A",607,21060607
6,"VS_B_A",608,21060608
6,"VS_B_A",609,21060609
6,"VS_B_A",610,21060610
6,"VS_B_A",611,21060611
6,"VS_B_A",612,21060612
6,"VS_B_A",613,21060613
6,"VS_B_A",614,21060614
6,"VS_B_A",615,21060615
6,"VS_B_A",616,21060616
6,"VS_B_A",617,21060617
6,"VS_B_A",618,21060618
6,"VS_B_A",619,21060619
6,"VS_B_A",620,21060620
6,"VS_B_A",621,21060621
6,"VS_B_A",622,21060622
6,"VS_B_A",623,21060623
6,"VS_B_A",624,21060624
6,"VS_B_A",625,21060625
6,"VS_B_A",626,21060626
6,"VS_B_A",627,21060627
6,"VS_B_A",628,21060628
6,"VS_B_A",629,21060629
6,"VS_B_A",630,21060630
6,"VS_B_A",631,21060631
6,"VS_B_A",632,21060632
6,"VS_B_A",633,21060633
6,"VS_B_A",634,21060634
6,"VS_B_A",635,21060635
6,"VS_B_A",636,21060636
6,"VS_B_A",637,21060637
6,"VS_B_A",638,21060638
6,"VS_B_A",639,21060639
6,"VS_B_A",640,21060640
6,"VS_B_A",641,21060641
6,"VS_B_A",642,21060642
6,"VS_B_A",643,21060643
6,"VS_B_A",644,21060644
6,"VS_B_A",645,21060645
6,"VS_B_A",646,21060646
6,"VS_B_A",647,21060647
6,"VS_B_A",648,21060648
6,"VS_B_A",649,21060649
6,"VS_B_A",650,21060650
6,"VS_B_A",651,21060651
6,"VS_B_A",652,21060652
6,"VS_B_A",653,21060653
6,"VS_B_A",654,21060654
6,"VS_B_A",655,21060655
6,"VS_B_A",656,21060656
6,"VS_B_A",657,21060657
6,"VS_B_A",658,21060658
6,"VS_B_A",659,21060659
6,"VS_B_A",660,21060660
6,"VS_B_A",661,21060661
6,"VS_B_A",662,21060662
6,"VS_B_A",663,21060663
6,"VS_B_A",664,21060664
6,"VS_B_A",665,21060665
6,"VS_B_A",666,21060666
6,"VS_B_A",667,21060667
6,"VS_B_A",668,21060668
6,"VS_B_A",669,21060669
6,"VS_B_A",670,21060670
6,"VS_B_A",671,21060671
6,"VS_B_A",672,21060672
6,"VS_B_A",673,21060673
6,"VS_B_A",674,21060674
6,"VS_B_A",675,21060675
6,"VS_B_A",676,21060676
6,"VS_B_A",677,21060677
6,"VS_B_A",678,21060678
6,"VS_B_A",679,21060679
6,"VS_B_A",680,21060680
6,"VS_B_A",681,21060681
6,"VS_B_A",682,21060682
6,"VS_B_A",683,21060683
6,"VS_B_A",684,21060684
6,"VS_B_A",685,21060685
6,"VS_B_A",686,21060686
6,"VS_B_A",687,21060687
6,"VS_B_A",688,21060688
6,"VS_B_A",689,21060689
6,"VS_B_A",690,21060690
6,"VS_B_A",691,21060691
6,"VS_B_A",692,21060692
6,"VS_B_A",693,21060693
6,"VS_B_A",694,21060694
6,"VS_B_A",695,21060695
6,"VS_B_A",696,21060696
6,"VS_B_A",697,21060697
6,"VS_B_A",698,21060698
6,"VS_B_A",699,21060699
6,"VS_B_A",700,21060700
6,"VS_B_A",701,21060701
6,"VS_B_A",702,21060702
6,"VS_B_A",703,21060703
6,"VS_B_A",704,21060704
6,"VS_B_A",705,21060705
6,"VS_B_A",706,21060706
6,"VS_B_A",707,21060707
6,"VS_B_A",708,21060708
6,"VS_B_A",709,21060709
6,"VS_B_A",710,21060710
6,"VS_B_A",711,21060711
6,"VS_B_A",712,21060712
6,"VS_B_A",713,21060713
6,"VS_B_A",714,21060714
6,"VS_B_A",715,21060715
6,"VS_B_A",716,21060716
6,"VS_B_A",717,21060717
6,"VS_B_A",718,21060718
6,"VS_B_A",719,21060719
6,"VS_B_A",720,21060720
6,"VS_B_A",721,21060721
6,"VS_B_A",722,21060722
6,"VS_B_A",723,21060723
6,"VS_B_A",724,21060724
6,"VS_B_A",725,21060725
6,"VS_B_A",726,21060726
6,"VS_B_A",727,21060727
6,"VS_B_A",728,21060728
6,"VS_B_A",729,21060729
6,"VS_B_A",730,21060730
6,"VS_B_A",731,21060731
6,"VS_B_A",732,21060732
6,"VS_B_A",733,21060733
6,"VS_B_A",734,21060734
6,"VS_B_A",735,21060735
6,"VS_B_A",736,21060736
6,"VS_B_A",737,21060737
6,"VS_B_A",738,21060738
6,"VS_B_A",739,21060739
6,"VS_B_A",740,21060740
6,"VS_B_A",741,21060741
6,"VS_B_A",742,21060742
6,"VS_B_A",743,21060743
6,"VS_B_A",744,21060744
6,"VS_B_A",745,21060745
6,"VS_B_A",746,21060746
6,"VS_B_A",747,21060747
6,"VS_B_A",748,21060748
6,"VS_B_A",749,21060749
6,"VS_B_A",750,21060750
6,"VS_B_A",751,21060751
6,"VS_B_A",752,21060752
6,"VS_B_A",753,21060753
6,"VS_B_A",754,21060754
6,"VS_B_A",755,21060755
6,"VS_B_A",756,21060756
6,"VS_B_A",757,21060757
6,"VS_B_A",758,21060758
6,"VS_B_A",759,21060759
6,"VS_B_A",760,21060760
6,"VS_B_A",761,21060761
6,"VS_B_A",762,21060762
6,"VS_B_A",763,21060763
6,"VS_B_A",764,21060764
6,"VS_B_A",765,21060765
6,"VS_B_A",766,21060766
6,"VS_B_A",767,21060767
6,"VS_B_A",768,21060768
6,"VS_B_A",769,21060769
6,"VS_B_A",770,21060770
6,"VS_B_A",771,21060771
6,"VS_B_A",772,21060772
6,"VS_B_A",773,21060773
6,"VS_B_A",774,21060774
6,"VS_B_A",775,21060775
6,"VS_B_A",776,21060776
6,"VS_B_A",777,21060777
6,"VS_B_A",778,21060778
6,"VS_B_A",779,21060779
6,"VS_B_A",780,21060780
6,"VS_B_A",781,21060781
6,"VS_B_A",782,21060782
6,"VS_B_A",783,21060783
6,"VS_B_A",784,21060784
6,"VS_B_A",785,21060785
6,"VS_B_A",786,21060786
6,"VS_B_A",787,21060787
6,"VS_B_A",788,21060788
6,"VS_B_A",789,21060789
6,"VS_B_A",790,21060790
6,"VS_B_A",791,21060791
6,"VS_B_A",792,21060792
6,"VS_B_A",793,21060793
6,"VS_B_A",794,21060794
6,"VS_B_A",795,21060795
6,"VS_B_A",796,21060796
6,"VS_B_A",797,21060797
6,"VS_B_A",798,21060798
6,"VS_B_A",799,21060799
6,"VS_B_A",800,21060800
6,"VS_B_A",801,21060801
6,"VS_B_A",802,21060802
6,"VS_B_A",803,21060803
6,"VS_B_A",804,21060804
6,"VS_B_A",805,21060805
6,"VS_B_A",806,21060806
6,"VS_B_A",807,21060807
6,"VS_B_A",808,21060808
6,"VS_B_A",809,21060809
6,"VS_B_A",810,21060810
6,"VS_B_A",811,21060811
6,"VS_B_A",812,21060812
6,"VS_B_A",813,21060813
6,"VS_B_A",814,21060814
6,"VS_B_A",815,21060815
6,"VS_B_A",816,21060816
6,"VS_B_A",817,21060817
6,"VS_B_A",818,21060818
6,"VS_B_A",819,21060819
6,"VS_B_A",820,21060820
6,"VS_B_A",821,21060821
6,"VS_B_A",822,21060822
6,"VS_B_A",823,21060823
6,"VS_B_A",824,21060824
6,"VS_B_A",825,21060825
6,"VS_B_A",826,21060826
6,"VS_B_A",827,21060827
6,"VS_B_A",828,21060828
6,"VS_B_A",829,21060829
6,"VS_B_A",830,21060830
6,"VS_B_A",831,21060831
6,"VS_B_A",832,21060832
6,"VS_B_A",833,21060833
6,"VS_B_A",834,21060834
6,"VS_B_A",835,21060835
6,"VS_B_A",836,21060836
6,"VS_B_A",837,21060837
6,"VS_B_A",838,21060838
6,"VS_B_A",839,21060839
6,"VS_B_A",840,21060840
6,"VS_B_A",841,21060841
6,"VS_B_A",842,21060842
6,"VS_B_A",843,21060843
6,"VS_B_A",844,21060844
6,"VS_B_A",845,21060845
6,"VS_B_A",846,21060846
6,"VS_B_A",847,21060847
6,"VS_B_A",848,21060848
6,"VS_B_A",849,21060849
6,"VS_B_A",850,21060850
6,"VS_B_A",851,21060851
6,"VS_B_A",852,21060852
6,"VS_B_A",853,21060853
6,"VS_B_A",854,21060854
6,"VS_B_A",855,21060855
6,"VS_B_A",856,21060856
6,"VS_B_A",857,21060857
6,"VS_B_A",858,21060858
6,"VS_B_A",859,21060859
6,"VS_B_A",860,21060860
6,"VS_B_A",861,21060861
6,"VS_B_A",862,21060862
6,"VS_B_A",863,21060863
6,"VS_B_A",864,21060864
6,"VS_B_A",865,21060865
6,"VS_B_A",866,21060866
6,"VS_B_A",867,21060867
6,"VS_B_A",868,21060868
6,"VS_B_A",869,21060869
6,"VS_B_A",870,21060870
6,"VS_B_A",871,21060871
6,"VS_B_A",872,21060872
6,"VS_B_A",873,21060873
6,"VS_B_A",874,21060874
6,"VS_B_A",875,21060875
6,"VS_B_A",876,21060876
6,"VS_B_A",877,21060877
6,"VS_B_A",878,21060878
6,"VS_B_A",879,21060879
6,"VS_B_A",880,21060880
6,"VS_B_A",881,21060881
6,"VS_B_A",882,21060882
6,"VS_B_A",883,21060883
6,"VS_B_A",884,21060884
6,"VS_B_A",885,21060885
6,"VS_B_A",886,21060886
6,"VS_B_A",887,21060887
6,"VS_B_A",888,21060888
6,"VS_B_A",889,21060889
6,"VS_B_A",890,21060890
6,"VS_B_A",891,21060891
6,"VS_B_A",892,21060892
6,"VS_B_A",893,21060893
6,"VS_B_A",894,21060894
6,"VS_B_A",895,21060895
6,"VS_B_A",896,21060896
6,"VS_B_A",897,21060897
6,"VS_B_A",898,21060898
6,"VS_B_A",899,21060899
6,"VS_B_A",900,21060900
6,"VS_B_A",901,21060901
6,"VS_B_A",902,21060902
6,"VS_B_A",903,21060903
6,"VS_B_A",904,21060904
6,"VS_B_A",905,21060905
6,"VS_B_A",906,21060906
6,"VS_B_A",907,21060907
6,"VS_B_A",908,21060908
6,"VS_B_A",909,21060909
6,"VS_B_A",910,21060910
6,"VS_B_A",911,21060911
6,"VS_B_A",912,21060912
6,"VS_B_A",913,21060913
6,"VS_B_A",914,21060914
6,"VS_B_A",915,21060915
6,"VS_B_A",916,21060916
6,"VS_B_A",917,21060917
6,"VS_B_A",918,21060918
6,"VS_B_A",919,21060919
6,"VS_B_A",920,21060920
6,"VS_B_A",921,21060921
6,"VS_B_A",922,21060922
6,"VS_B_A",923,21060923
6,"VS_B_A",924,21060924
6,"VS_B_A",925,21060925
6,"VS_B_A",926,21060926
6,"VS_B_A",927,21060927
6,"VS_B_A",928,21060928
6,"VS_B_A",929,21060929
6,"VS_B_A",930,21060930
6,"VS_B_A",931,21060931
6,"VS_B_A",932,21060932
6,"VS_B_A",933,21060933
6,"VS_B_A",934,21060934
6,"VS_B_A",935,21060935
6,"VS_B_A",936,21060936
6,"VS_B_A",937,21060937
6,"VS_B_A",938,21060938
6,"VS_B_A",939,21060939
6,"VS_B_A",940,21060940
6,"VS_B_A",941,21060941
6,"VS_B_A",942,21060942
6,"VS_B_A",943,21060943
6,"VS_B_A",944,21060944
6,"VS_B_A",945,21060945
6,"VS_B_A",946,21060946
6,"VS_B_A",947,21060947
6,"VS_B_A",948,21060948
6,"VS_B_A",949,21060949
6,"VS_B_A",950,21060950
6,"VS_B_A",951,21060951
6,"VS_B_A",952,21060952
6,"VS_B_A",953,21060953
6,"VS_B_A",954,21060954
6,"VS_B_A",955,21060955
6,"VS_B_A",956,21060956
6,"VS_B_A",957,21060957
6,"VS_B_A",958,21060958
6,"VS_B_A",959,21060959
6,"VS_B_A",960,21060960
6,"VS_B_A",961,21060961
6,"VS_B_A",962,21060962
6,"VS_B_A",963,21060963
6,"VS_B_A",964,21060964
6,"VS_B_A",965,21060965
6,"VS_B_A",966,21060966
6,"VS_B_A",967,21060967
6,"VS_B_A",968,21060968
6,"VS_B_A",969,21060969
6,"VS_B_A",970,21060970
6,"VS_B_A",971,21060971
6,"VS_B_A",972,21060972
6,"VS_B_A",973,21060973
6,"VS_B_A",974,21060974
6,"VS_B_A",975,21060975
6,"VS_B_A",976,21060976
6,"VS_B_A",977,21060977
6,"VS_B_A",978,21060978
6,"VS_B_A",979,21060979
6,"VS_B_A",980,21060980
6,"VS_B_A",981,21060981
6,"VS_B_A",982,21060982
6,"VS_B_A",983,21060983
6,"VS_B_A",984,21060984
6,"VS_B_A",985,21060985
6,"VS_B_A",986,21060986
6,"VS_B_A",987,21060987
6,"VS_B_A",988,21060988
6,"VS_B_A",989,21060989
6,"VS_B_A",990,21060990
6,"VS_B_A",991,21060991
6,"VS_B_A",992,21060992
6,"VS_B_A",993,21060993
6,"VS_B_A",994,21060994
6,"VS_B_A",995,21060995
6,"VS_B_A",996,21060996
6,"VS_B_A",997,21060997
6,"VS_B_A",998,21060998
6,"VS_B_A",999,21060999
6,"VS_B_A",1000,21061000
7,"VS_SH_N",1,21160001
7,"VS_SH_N",2,21160002
7,"VS_SH_N",3,21160003
7,"VS_SH_N",4,21160004
7,"VS_SH_N",5,21160005
7,"VS_SH_N",6,21160006
7,"VS_SH_N",7,21160007
7,"VS_SH_N",8,21160008
7,"VS_SH_N",9,21160009
7,"VS_SH_N",10,21160010
7,"VS_SH_N",11,21160011
7,"VS_SH_N",12,21160012
7,"VS_SH_N",13,21160013
7,"VS_SH_N",14,21160014
7,"VS_SH_N",15,21160015
7,"VS_SH_N",16,21160016
7,"VS_SH_N",17,21160017
7,"VS_SH_N",18,21160018
7,"VS_SH_N",19,21160019
7,"VS_SH_N",20,21160020
7,"VS_SH_N",21,21160021
7,"VS_SH_N",22,21160022
7,"VS_SH_N",23,21160023
7,"VS_SH_N",24,21160024
7,"VS_SH_N",25,21160025
7,"VS_SH_N",26,21160026
7,"VS_SH_N",27,21160027
7,"VS_SH_N",28,21160028
7,"VS_SH_N",29,21160029
7,"VS_SH_N",30,21160030
7,"VS_SH_N",31,21160031
7,"VS_SH_N",32,21160032
7,"VS_SH_N",33,21160033
7,"VS_SH_N",34,21160034
7,"VS_SH_N",35,21160035
7,"VS_SH_N",36,21160036
7,"VS_SH_N",37,21160037
7,"VS_SH_N",38,21160038
7,"VS_SH_N",39,21160039
7,"VS_SH_N",40,21160040
7,"VS_SH_N",41,21160041
7,"VS_SH_N",42,21160042
7,"VS_SH_N",43,21160043
7,"VS_SH_N",44,21160044
7,"VS_SH_N",45,21160045
7,"VS_SH_N",46,21160046
7,"VS_SH_N",47,21160047
7,"VS_SH_N",48,21160048
7,"VS_SH_N",49,21160049
7,"VS_SH_N",50,21160050
7,"VS_SH_N",51,21160051
7,"VS_SH_N",52,21160052
7,"VS_SH_N",53,21160053
7,"VS_SH_N",54,21160054
7,"VS_SH_N",55,21160055
7,"VS_SH_N",56,21160056
7,"VS_SH_N",57,21160057
7,"VS_SH_N",58,21160058
7,"VS_SH_N",59,21160059
7,"VS_SH_N",60,21160060
7,"VS_SH_N",61,21160061
7,"VS_SH_N",62,21160062
7,"VS_SH_N",63,21160063
7,"VS_SH_N",64,21160064
7,"VS_SH_N",65,21160065
7,"VS_SH_N",66,21160066
7,"VS_SH_N",67,21160067
7,"VS_SH_N",68,21160068
7,"VS_SH_N",69,21160069
7,"VS_SH_N",70,21160070
7,"VS_SH_N",71,21160071
7,"VS_SH_N",72,21160072
7,"VS_SH_N",73,21160073
7,"VS_SH_N",74,21160074
7,"VS_SH_N",75,21160075
7,"VS_SH_N",76,21160076
7,"VS_SH_N",77,21160077
7,"VS_SH_N",78,21160078
7,"VS_SH_N",79,21160079
7,"VS_SH_N",80,21160080
7,"VS_SH_N",81,21160081
7,"VS_SH_N",82,21160082
7,"VS_SH_N",83,21160083
7,"VS_SH_N",84,21160084
7,"VS_SH_N",85,21160085
7,"VS_SH_N",86,21160086
7,"VS_SH_N",87,21160087
7,"VS_SH_N",88,21160088
7,"VS_SH_N",89,21160089
7,"VS_SH_N",90,21160090
7,"VS_SH_N",91,21160091
7,"VS_SH_N",92,21160092
7,"VS_SH_N",93,21160093
7,"VS_SH_N",94,21160094
7,"VS_SH_N",95,21160095
7,"VS_SH_N",96,21160096
7,"VS_SH_N",97,21160097
7,"VS_SH_N",98,21160098
7,"VS_SH_N",99,21160099
7,"VS_SH_N",100,21160100
7,"VS_SH_N",101,21160101
7,"VS_SH_N",102,21160102
7,"VS_SH_N",103,21160103
7,"VS_SH_N",104,21160104
7,"VS_SH_N",105,21160105
7,"VS_SH_N",106,21160106
7,"VS_SH_N",107,21160107
7,"VS_SH_N",108,21160108
7,"VS_SH_N",109,21160109
7,"VS_SH_N",110,21160110
7,"VS_SH_N",111,21160111
7,"VS_SH_N",112,21160112
7,"VS_SH_N",113,21160113
7,"VS_SH_N",114,21160114
7,"VS_SH_N",115,21160115
7,"VS_SH_N",116,21160116
7,"VS_SH_N",117,21160117
7,"VS_SH_N",118,21160118
7,"VS_SH_N",119,21160119
7,"VS_SH_N",120,21160120
7,"VS_SH_N",121,21160121
7,"VS_SH_N",122,21160122
7,"VS_SH_N",123,21160123
7,"VS_SH_N",124,21160124
7,"VS_SH_N",125,21160125
7,"VS_SH_N",126,21160126
7,"VS_SH_N",127,21160127
7,"VS_SH_N",128,21160128
7,"VS_SH_N",129,21160129
7,"VS_SH_N",130,21160130
7,"VS_SH_N",131,21160131
7,"VS_SH_N",132,21160132
7,"VS_SH_N",133,21160133
7,"VS_SH_N",134,21160134
7,"VS_SH_N",135,21160135
7,"VS_SH_N",136,21160136
7,"VS_SH_N",137,21160137
7,"VS_SH_N",138,21160138
7,"VS_SH_N",139,21160139
7,"VS_SH_N",140,21160140
7,"VS_SH_N",141,21160141
7,"VS_SH_N",142,21160142
7,"VS_SH_N",143,21160143
7,"VS_SH_N",144,21160144
7,"VS_SH_N",145,21160145
7,"VS_SH_N",146,21160146
7,"VS_SH_N",147,21160147
7,"VS_SH_N",148,21160148
7,"VS_SH_N",149,21160149
7,"VS_SH_N",150,21160150
7,"VS_SH_N",151,21160151
7,"VS_SH_N",152,21160152
7,"VS_SH_N",153,21160153
7,"VS_SH_N",154,21160154
7,"VS_SH_N",155,21160155
7,"VS_SH_N",156,21160156
7,"VS_SH_N",157,21160157
7,"VS_SH_N",158,21160158
7,"VS_SH_N",159,21160159
7,"VS_SH_N",160,21160160
7,"VS_SH_N",161,21160161
7,"VS_SH_N",162,21160162
7,"VS_SH_N",163,21160163
7,"VS_SH_N",164,21160164
7,"VS_SH_N",165,21160165
7,"VS_SH_N",166,21160166
7,"VS_SH_N",167,21160167
7,"VS_SH_N",168,21160168
7,"VS_SH_N",169,21160169
7,"VS_SH_N",170,21160170
7,"VS_SH_N",171,21160171
7,"VS_SH_N",172,21160172
7,"VS_SH_N",173,21160173
7,"VS_SH_N",174,21160174
7,"VS_SH_N",175,21160175
7,"VS_SH_N",176,21160176
7,"VS_SH_N",177,21160177
7,"VS_SH_N",178,21160178
7,"VS_SH_N",179,21160179
7,"VS_SH_N",180,21160180
7,"VS_SH_N",181,21160181
7,"VS_SH_N",182,21160182
7,"VS_SH_N",183,21160183
7,"VS_SH_N",184,21160184
7,"VS_SH_N",185,21160185
7,"VS_SH_N",186,21160186
7,"VS_SH_N",187,21160187
7,"VS_SH_N",188,21160188
7,"VS_SH_N",189,21160189
7,"VS_SH_N",190,21160190
7,"VS_SH_N",191,21160191
7,"VS_SH_N",192,21160192
7,"VS_SH_N",193,21160193
7,"VS_SH_N",194,21160194
7,"VS_SH_N",195,21160195
7,"VS_SH_N",196,21160196
7,"VS_SH_N",197,21160197
7,"VS_SH_N",198,21160198
7,"VS_SH_N",199,21160199
7,"VS_SH_N",200,21160200
7,"VS_SH_N",201,21160201
7,"VS_SH_N",202,21160202
7,"VS_SH_N",203,21160203
7,"VS_SH_N",204,21160204
7,"VS_SH_N",205,21160205
7,"VS_SH_N",206,21160206
7,"VS_SH_N",207,21160207
7,"VS_SH_N",208,21160208
7,"VS_SH_N",209,21160209
7,"VS_SH_N",210,21160210
7,"VS_SH_N",211,21160211
7,"VS_SH_N",212,21160212
7,"VS_SH_N",213,21160213
7,"VS_SH_N",214,21160214
7,"VS_SH_N",215,21160215
7,"VS_SH_N",216,21160216
7,"VS_SH_N",217,21160217
7,"VS_SH_N",218,21160218
7,"VS_SH_N",219,21160219
7,"VS_SH_N",220,21160220
7,"VS_SH_N",221,21160221
7,"VS_SH_N",222,21160222
7,"VS_SH_N",223,21160223
7,"VS_SH_N",224,21160224
7,"VS_SH_N",225,21160225
7,"VS_SH_N",226,21160226
7,"VS_SH_N",227,21160227
7,"VS_SH_N",228,21160228
7,"VS_SH_N",229,21160229
7,"VS_SH_N",230,21160230
7,"VS_SH_N",231,21160231
7,"VS_SH_N",232,21160232
7,"VS_SH_N",233,21160233
7,"VS_SH_N",234,21160234
7,"VS_SH_N",235,21160235
7,"VS_SH_N",236,21160236
7,"VS_SH_N",237,21160237
7,"VS_SH_N",238,21160238
7,"VS_SH_N",239,21160239
7,"VS_SH_N",240,21160240
7,"VS_SH_N",241,21160241
7,"VS_SH_N",242,21160242
7,"VS_SH_N",243,21160243
7,"VS_SH_N",244,21160244
7,"VS_SH_N",245,21160245
7,"VS_SH_N",246,21160246
7,"VS_SH_N",247,21160247
7,"VS_SH_N",248,21160248
7,"VS_SH_N",249,21160249
7,"VS_SH_N",250,21160250
7,"VS_SH_N",251,21160251
7,"VS_SH_N",252,21160252
7,"VS_SH_N",253,21160253
7,"VS_SH_N",254,21160254
7,"VS_SH_N",255,21160255
7,"VS_SH_N",256,21160256
7,"VS_SH_N",257,21160257
7,"VS_SH_N",258,21160258
7,"VS_SH_N",259,21160259
7,"VS_SH_N",260,21160260
7,"VS_SH_N",261,21160261
7,"VS_SH_N",262,21160262
7,"VS_SH_N",263,21160263
7,"VS_SH_N",264,21160264
7,"VS_SH_N",265,21160265
7,"VS_SH_N",266,21160266
7,"VS_SH_N",267,21160267
7,"VS_SH_N",268,21160268
7,"VS_SH_N",269,21160269
7,"VS_SH_N",270,21160270
7,"VS_SH_N",271,21160271
7,"VS_SH_N",272,21160272
7,"VS_SH_N",273,21160273
7,"VS_SH_N",274,21160274
7,"VS_SH_N",275,21160275
7,"VS_SH_N",276,21160276
7,"VS_SH_N",277,21160277
7,"VS_SH_N",278,21160278
7,"VS_SH_N",279,21160279
7,"VS_SH_N",280,21160280
7,"VS_SH_N",281,21160281
7,"VS_SH_N",282,21160282
7,"VS_SH_N",283,21160283
7,"VS_SH_N",284,21160284
7,"VS_SH_N",285,21160285
7,"VS_SH_N",286,21160286
7,"VS_SH_N",287,21160287
7,"VS_SH_N",288,21160288
7,"VS_SH_N",289,21160289
7,"VS_SH_N",290,21160290
7,"VS_SH_N",291,21160291
7,"VS_SH_N",292,21160292
7,"VS_SH_N",293,21160293
7,"VS_SH_N",294,21160294
7,"VS_SH_N",295,21160295
7,"VS_SH_N",296,21160296
7,"VS_SH_N",297,21160297
7,"VS_SH_N",298,21160298
7,"VS_SH_N",299,21160299
7,"VS_SH_N",300,21160300
7,"VS_SH_N",301,21160301
7,"VS_SH_N",302,21160302
7,"VS_SH_N",303,21160303
7,"VS_SH_N",304,21160304
7,"VS_SH_N",305,21160305
7,"VS_SH_N",306,21160306
7,"VS_SH_N",307,21160307
7,"VS_SH_N",308,21160308
7,"VS_SH_N",309,21160309
7,"VS_SH_N",310,21160310
7,"VS_SH_N",311,21160311
7,"VS_SH_N",312,21160312
7,"VS_SH_N",313,21160313
7,"VS_SH_N",314,21160314
7,"VS_SH_N",315,21160315
7,"VS_SH_N",316,21160316
7,"VS_SH_N",317,21160317
7,"VS_SH_N",318,21160318
7,"VS_SH_N",319,21160319
7,"VS_SH_N",320,21160320
7,"VS_SH_N",321,21160321
7,"VS_SH_N",322,21160322
7,"VS_SH_N",323,21160323
7,"VS_SH_N",324,21160324
7,"VS_SH_N",325,21160325
7,"VS_SH_N",326,21160326
7,"VS_SH_N",327,21160327
7,"VS_SH_N",328,21160328
7,"VS_SH_N",329,21160329
7,"VS_SH_N",330,21160330
7,"VS_SH_N",331,21160331
7,"VS_SH_N",332,21160332
7,"VS_SH_N",333,21160333
7,"VS_SH_N",334,21160334
7,"VS_SH_N",335,21160335
7,"VS_SH_N",336,21160336
7,"VS_SH_N",337,21160337
7,"VS_SH_N",338,21160338
7,"VS_SH_N",339,21160339
7,"VS_SH_N",340,21160340
7,"VS_SH_N",341,21160341
7,"VS_SH_N",342,21160342
7,"VS_SH_N",343,21160343
7,"VS_SH_N",344,21160344
7,"VS_SH_N",345,21160345
7,"VS_SH_N",346,21160346
7,"VS_SH_N",347,21160347
7,"VS_SH_N",348,21160348
7,"VS_SH_N",349,21160349
7,"VS_SH_N",350,21160350
7,"VS_SH_N",351,21160351
7,"VS_SH_N",352,21160352
7,"VS_SH_N",353,21160353
7,"VS_SH_N",354,21160354
7,"VS_SH_N",355,21160355
7,"VS_SH_N",356,21160356
7,"VS_SH_N",357,21160357
7,"VS_SH_N",358,21160358
7,"VS_SH_N",359,21160359
7,"VS_SH_N",360,21160360
7,"VS_SH_N",361,21160361
7,"VS_SH_N",362,21160362
7,"VS_SH_N",363,21160363
7,"VS_SH_N",364,21160364
7,"VS_SH_N",365,21160365
7,"VS_SH_N",366,21160366
7,"VS_SH_N",367,21160367
7,"VS_SH_N",368,21160368
7,"VS_SH_N",369,21160369
7,"VS_SH_N",370,21160370
7,"VS_SH_N",371,21160371
7,"VS_SH_N",372,21160372
7,"VS_SH_N",373,21160373
7,"VS_SH_N",374,21160374
7,"VS_SH_N",375,21160375
7,"VS_SH_N",376,21160376
7,"VS_SH_N",377,21160377
7,"VS_SH_N",378,21160378
7,"VS_SH_N",379,21160379
7,"VS_SH_N",380,21160380
7,"VS_SH_N",381,21160381
7,"VS_SH_N",382,21160382
7,"VS_SH_N",383,21160383
7,"VS_SH_N",384,21160384
7,"VS_SH_N",385,21160385
7,"VS_SH_N",386,21160386
7,"VS_SH_N",387,21160387
7,"VS_SH_N",388,21160388
7,"VS_SH_N",389,21160389
7,"VS_SH_N",390,21160390
7,"VS_SH_N",391,21160391
7,"VS_SH_N",392,21160392
7,"VS_SH_N",393,21160393
7,"VS_SH_N",394,21160394
7,"VS_SH_N",395,21160395
7,"VS_SH_N",396,21160396
7,"VS_SH_N",397,21160397
7,"VS_SH_N",398,21160398
7,"VS_SH_N",399,21160399
7,"VS_SH_N",400,21160400
7,"VS_SH_N",401,21160401
7,"VS_SH_N",402,21160402
7,"VS_SH_N",403,21160403
7,"VS_SH_N",404,21160404
7,"VS_SH_N",405,21160405
7,"VS_SH_N",406,21160406
7,"VS_SH_N",407,21160407
7,"VS_SH_N",408,21160408
7,"VS_SH_N",409,21160409
7,"VS_SH_N",410,21160410
7,"VS_SH_N",411,21160411
7,"VS_SH_N",412,21160412
7,"VS_SH_N",413,21160413
7,"VS_SH_N",414,21160414
7,"VS_SH_N",415,21160415
7,"VS_SH_N",416,21160416
7,"VS_SH_N",417,21160417
7,"VS_SH_N",418,21160418
7,"VS_SH_N",419,21160419
7,"VS_SH_N",420,21160420
7,"VS_SH_N",421,21160421
7,"VS_SH_N",422,21160422
7,"VS_SH_N",423,21160423
7,"VS_SH_N",424,21160424
7,"VS_SH_N",425,21160425
7,"VS_SH_N",426,21160426
7,"VS_SH_N",427,21160427
7,"VS_SH_N",428,21160428
7,"VS_SH_N",429,21160429
7,"VS_SH_N",430,21160430
7,"VS_SH_N",431,21160431
7,"VS_SH_N",432,21160432
7,"VS_SH_N",433,21160433
7,"VS_SH_N",434,21160434
7,"VS_SH_N",435,21160435
7,"VS_SH_N",436,21160436
7,"VS_SH_N",437,21160437
7,"VS_SH_N",438,21160438
7,"VS_SH_N",439,21160439
7,"VS_SH_N",440,21160440
7,"VS_SH_N",441,21160441
7,"VS_SH_N",442,21160442
7,"VS_SH_N",443,21160443
7,"VS_SH_N",444,21160444
7,"VS_SH_N",445,21160445
7,"VS_SH_N",446,21160446
7,"VS_SH_N",447,21160447
7,"VS_SH_N",448,21160448
7,"VS_SH_N",449,21160449
7,"VS_SH_N",450,21160450
7,"VS_SH_N",451,21160451
7,"VS_SH_N",452,21160452
7,"VS_SH_N",453,21160453
7,"VS_SH_N",454,21160454
7,"VS_SH_N",455,21160455
7,"VS_SH_N",456,21160456
7,"VS_SH_N",457,21160457
7,"VS_SH_N",458,21160458
7,"VS_SH_N",459,21160459
7,"VS_SH_N",460,21160460
7,"VS_SH_N",461,21160461
7,"VS_SH_N",462,21160462
7,"VS_SH_N",463,21160463
7,"VS_SH_N",464,21160464
7,"VS_SH_N",465,21160465
7,"VS_SH_N",466,21160466
7,"VS_SH_N",467,21160467
7,"VS_SH_N",468,21160468
7,"VS_SH_N",469,21160469
7,"VS_SH_N",470,21160470
7,"VS_SH_N",471,21160471
7,"VS_SH_N",472,21160472
7,"VS_SH_N",473,21160473
7,"VS_SH_N",474,21160474
7,"VS_SH_N",475,21160475
7,"VS_SH_N",476,21160476
7,"VS_SH_N",477,21160477
7,"VS_SH_N",478,21160478
7,"VS_SH_N",479,21160479
7,"VS_SH_N",480,21160480
7,"VS_SH_N",481,21160481
7,"VS_SH_N",482,21160482
7,"VS_SH_N",483,21160483
7,"VS_SH_N",484,21160484
7,"VS_SH_N",485,21160485
7,"VS_SH_N",486,21160486
7,"VS_SH_N",487,21160487
7,"VS_SH_N",488,21160488
7,"VS_SH_N",489,21160489
7,"VS_SH_N",490,21160490
7,"VS_SH_N",491,21160491
7,"VS_SH_N",492,21160492
7,"VS_SH_N",493,21160493
7,"VS_SH_N",494,21160494
7,"VS_SH_N",495,21160495
7,"VS_SH_N",496,21160496
7,"VS_SH_N",497,21160497
7,"VS_SH_N",498,21160498
7,"VS_SH_N",499,21160499
7,"VS_SH_N",500,21160500
7,"VS_SH_N",501,21160501
7,"VS_SH_N",502,21160502
7,"VS_SH_N",503,21160503
7,"VS_SH_N",504,21160504
7,"VS_SH_N",505,21160505
7,"VS_SH_N",506,21160506
7,"VS_SH_N",507,21160507
7,"VS_SH_N",508,21160508
7,"VS_SH_N",509,21160509
7,"VS_SH_N",510,21160510
7,"VS_SH_N",511,21160511
7,"VS_SH_N",512,21160512
7,"VS_SH_N",513,21160513
7,"VS_SH_N",514,21160514
7,"VS_SH_N",515,21160515
7,"VS_SH_N",516,21160516
7,"VS_SH_N",517,21160517
7,"VS_SH_N",518,21160518
7,"VS_SH_N",519,21160519
7,"VS_SH_N",520,21160520
7,"VS_SH_N",521,21160521
7,"VS_SH_N",522,21160522
7,"VS_SH_N",523,21160523
7,"VS_SH_N",524,21160524
7,"VS_SH_N",525,21160525
7,"VS_SH_N",526,21160526
7,"VS_SH_N",527,21160527
7,"VS_SH_N",528,21160528
7,"VS_SH_N",529,21160529
7,"VS_SH_N",530,21160530
7,"VS_SH_N",531,21160531
7,"VS_SH_N",532,21160532
7,"VS_SH_N",533,21160533
7,"VS_SH_N",534,21160534
7,"VS_SH_N",535,21160535
7,"VS_SH_N",536,21160536
7,"VS_SH_N",537,21160537
7,"VS_SH_N",538,21160538
7,"VS_SH_N",539,21160539
7,"VS_SH_N",540,21160540
7,"VS_SH_N",541,21160541
7,"VS_SH_N",542,21160542
7,"VS_SH_N",543,21160543
7,"VS_SH_N",544,21160544
7,"VS_SH_N",545,21160545
7,"VS_SH_N",546,21160546
7,"VS_SH_N",547,21160547
7,"VS_SH_N",548,21160548
7,"VS_SH_N",549,21160549
7,"VS_SH_N",550,21160550
7,"VS_SH_N",551,21160551
7,"VS_SH_N",552,21160552
7,"VS_SH_N",553,21160553
7,"VS_SH_N",554,21160554
7,"VS_SH_N",555,21160555
7,"VS_SH_N",556,21160556
7,"VS_SH_N",557,21160557
7,"VS_SH_N",558,21160558
7,"VS_SH_N",559,21160559
7,"VS_SH_N",560,21160560
7,"VS_SH_N",561,21160561
7,"VS_SH_N",562,21160562
7,"VS_SH_N",563,21160563
7,"VS_SH_N",564,21160564
7,"VS_SH_N",565,21160565
7,"VS_SH_N",566,21160566
7,"VS_SH_N",567,21160567
7,"VS_SH_N",568,21160568
7,"VS_SH_N",569,21160569
7,"VS_SH_N",570,21160570
7,"VS_SH_N",571,21160571
7,"VS_SH_N",572,21160572
7,"VS_SH_N",573,21160573
7,"VS_SH_N",574,21160574
7,"VS_SH_N",575,21160575
7,"VS_SH_N",576,21160576
7,"VS_SH_N",577,21160577
7,"VS_SH_N",578,21160578
7,"VS_SH_N",579,21160579
7,"VS_SH_N",580,21160580
7,"VS_SH_N",581,21160581
7,"VS_SH_N",582,21160582
7,"VS_SH_N",583,21160583
7,"VS_SH_N",584,21160584
7,"VS_SH_N",585,21160585
7,"VS_SH_N",586,21160586
7,"VS_SH_N",587,21160587
7,"VS_SH_N",588,21160588
7,"VS_SH_N",589,21160589
7,"VS_SH_N",590,21160590
7,"VS_SH_N",591,21160591
7,"VS_SH_N",592,21160592
7,"VS_SH_N",593,21160593
7,"VS_SH_N",594,21160594
7,"VS_SH_N",595,21160595
7,"VS_SH_N",596,21160596
7,"VS_SH_N",597,21160597
7,"VS_SH_N",598,21160598
7,"VS_SH_N",599,21160599
7,"VS_SH_N",600,21160600
7,"VS_SH_N",601,21160601
7,"VS_SH_N",602,21160602
7,"VS_SH_N",603,21160603
7,"VS_SH_N",604,21160604
7,"VS_SH_N",605,21160605
7,"VS_SH_N",606,21160606
7,"VS_SH_N",607,21160607
7,"VS_SH_N",608,21160608
7,"VS_SH_N",609,21160609
7,"VS_SH_N",610,21160610
7,"VS_SH_N",611,21160611
7,"VS_SH_N",612,21160612
7,"VS_SH_N",613,21160613
7,"VS_SH_N",614,21160614
7,"VS_SH_N",615,21160615
7,"VS_SH_N",616,21160616
7,"VS_SH_N",617,21160617
7,"VS_SH_N",618,21160618
7,"VS_SH_N",619,21160619
7,"VS_SH_N",620,21160620
7,"VS_SH_N",621,21160621
7,"VS_SH_N",622,21160622
7,"VS_SH_N",623,21160623
7,"VS_SH_N",624,21160624
7,"VS_SH_N",625,21160625
7,"VS_SH_N",626,21160626
7,"VS_SH_N",627,21160627
7,"VS_SH_N",628,21160628
7,"VS_SH_N",629,21160629
7,"VS_SH_N",630,21160630
7,"VS_SH_N",631,21160631
7,"VS_SH_N",632,21160632
7,"VS_SH_N",633,21160633
7,"VS_SH_N",634,21160634
7,"VS_SH_N",635,21160635
7,"VS_SH_N",636,21160636
7,"VS_SH_N",637,21160637
7,"VS_SH_N",638,21160638
7,"VS_SH_N",639,21160639
7,"VS_SH_N",640,21160640
7,"VS_SH_N",641,21160641
7,"VS_SH_N",642,21160642
7,"VS_SH_N",643,21160643
7,"VS_SH_N",644,21160644
7,"VS_SH_N",645,21160645
7,"VS_SH_N",646,21160646
7,"VS_SH_N",647,21160647
7,"VS_SH_N",648,21160648
7,"VS_SH_N",649,21160649
7,"VS_SH_N",650,21160650
7,"VS_SH_N",651,21160651
7,"VS_SH_N",652,21160652
7,"VS_SH_N",653,21160653
7,"VS_SH_N",654,21160654
7,"VS_SH_N",655,21160655
7,"VS_SH_N",656,21160656
7,"VS_SH_N",657,21160657
7,"VS_SH_N",658,21160658
7,"VS_SH_N",659,21160659
7,"VS_SH_N",660,21160660
7,"VS_SH_N",661,21160661
7,"VS_SH_N",662,21160662
7,"VS_SH_N",663,21160663
7,"VS_SH_N",664,21160664
7,"VS_SH_N",665,21160665
7,"VS_SH_N",666,21160666
7,"VS_SH_N",667,21160667
7,"VS_SH_N",668,21160668
7,"VS_SH_N",669,21160669
7,"VS_SH_N",670,21160670
7,"VS_SH_N",671,21160671
7,"VS_SH_N",672,21160672
7,"VS_SH_N",673,21160673
7,"VS_SH_N",674,21160674
7,"VS_SH_N",675,21160675
7,"VS_SH_N",676,21160676
7,"VS_SH_N",677,21160677
7,"VS_SH_N",678,21160678
7,"VS_SH_N",679,21160679
7,"VS_SH_N",680,21160680
7,"VS_SH_N",681,21160681
7,"VS_SH_N",682,21160682
7,"VS_SH_N",683,21160683
7,"VS_SH_N",684,21160684
7,"VS_SH_N",685,21160685
7,"VS_SH_N",686,21160686
7,"VS_SH_N",687,21160687
7,"VS_SH_N",688,21160688
7,"VS_SH_N",689,21160689
7,"VS_SH_N",690,21160690
7,"VS_SH_N",691,21160691
7,"VS_SH_N",692,21160692
7,"VS_SH_N",693,21160693
7,"VS_SH_N",694,21160694
7,"VS_SH_N",695,21160695
7,"VS_SH_N",696,21160696
7,"VS_SH_N",697,21160697
7,"VS_SH_N",698,21160698
7,"VS_SH_N",699,21160699
7,"VS_SH_N",700,21160700
7,"VS_SH_N",701,21160701
7,"VS_SH_N",702,21160702
7,"VS_SH_N",703,21160703
7,"VS_SH_N",704,21160704
7,"VS_SH_N",705,21160705
7,"VS_SH_N",706,21160706
7,"VS_SH_N",707,21160707
7,"VS_SH_N",708,21160708
7,"VS_SH_N",709,21160709
7,"VS_SH_N",710,21160710
7,"VS_SH_N",711,21160711
7,"VS_SH_N",712,21160712
7,"VS_SH_N",713,21160713
7,"VS_SH_N",714,21160714
7,"VS_SH_N",715,21160715
7,"VS_SH_N",716,21160716
7,"VS_SH_N",717,21160717
7,"VS_SH_N",718,21160718
7,"VS_SH_N",719,21160719
7,"VS_SH_N",720,21160720
7,"VS_SH_N",721,21160721
7,"VS_SH_N",722,21160722
7,"VS_SH_N",723,21160723
7,"VS_SH_N",724,21160724
7,"VS_SH_N",725,21160725
7,"VS_SH_N",726,21160726
7,"VS_SH_N",727,21160727
7,"VS_SH_N",728,21160728
7,"VS_SH_N",729,21160729
7,"VS_SH_N",730,21160730
7,"VS_SH_N",731,21160731
7,"VS_SH_N",732,21160732
7,"VS_SH_N",733,21160733
7,"VS_SH_N",734,21160734
7,"VS_SH_N",735,21160735
7,"VS_SH_N",736,21160736
7,"VS_SH_N",737,21160737
7,"VS_SH_N",738,21160738
7,"VS_SH_N",739,21160739
7,"VS_SH_N",740,21160740
7,"VS_SH_N",741,21160741
7,"VS_SH_N",742,21160742
7,"VS_SH_N",743,21160743
7,"VS_SH_N",744,21160744
7,"VS_SH_N",745,21160745
7,"VS_SH_N",746,21160746
7,"VS_SH_N",747,21160747
7,"VS_SH_N",748,21160748
7,"VS_SH_N",749,21160749
7,"VS_SH_N",750,21160750
7,"VS_SH_N",751,21160751
7,"VS_SH_N",752,21160752
7,"VS_SH_N",753,21160753
7,"VS_SH_N",754,21160754
7,"VS_SH_N",755,21160755
7,"VS_SH_N",756,21160756
7,"VS_SH_N",757,21160757
7,"VS_SH_N",758,21160758
7,"VS_SH_N",759,21160759
7,"VS_SH_N",760,21160760
7,"VS_SH_N",761,21160761
7,"VS_SH_N",762,21160762
7,"VS_SH_N",763,21160763
7,"VS_SH_N",764,21160764
7,"VS_SH_N",765,21160765
7,"VS_SH_N",766,21160766
7,"VS_SH_N",767,21160767
7,"VS_SH_N",768,21160768
7,"VS_SH_N",769,21160769
7,"VS_SH_N",770,21160770
7,"VS_SH_N",771,21160771
7,"VS_SH_N",772,21160772
7,"VS_SH_N",773,21160773
7,"VS_SH_N",774,21160774
7,"VS_SH_N",775,21160775
7,"VS_SH_N",776,21160776
7,"VS_SH_N",777,21160777
7,"VS_SH_N",778,21160778
7,"VS_SH_N",779,21160779
7,"VS_SH_N",780,21160780
7,"VS_SH_N",781,21160781
7,"VS_SH_N",782,21160782
7,"VS_SH_N",783,21160783
7,"VS_SH_N",784,21160784
7,"VS_SH_N",785,21160785
7,"VS_SH_N",786,21160786
7,"VS_SH_N",787,21160787
7,"VS_SH_N",788,21160788
7,"VS_SH_N",789,21160789
7,"VS_SH_N",790,21160790
7,"VS_SH_N",791,21160791
7,"VS_SH_N",792,21160792
7,"VS_SH_N",793,21160793
7,"VS_SH_N",794,21160794
7,"VS_SH_N",795,21160795
7,"VS_SH_N",796,21160796
7,"VS_SH_N",797,21160797
7,"VS_SH_N",798,21160798
7,"VS_SH_N",799,21160799
7,"VS_SH_N",800,21160800
7,"VS_SH_N",801,21160801
7,"VS_SH_N",802,21160802
7,"VS_SH_N",803,21160803
7,"VS_SH_N",804,21160804
7,"VS_SH_N",805,21160805
7,"VS_SH_N",806,21160806
7,"VS_SH_N",807,21160807
7,"VS_SH_N",808,21160808
7,"VS_SH_N",809,21160809
7,"VS_SH_N",810,21160810
7,"VS_SH_N",811,21160811
7,"VS_SH_N",812,21160812
7,"VS_SH_N",813,21160813
7,"VS_SH_N",814,21160814
7,"VS_SH_N",815,21160815
7,"VS_SH_N",816,21160816
7,"VS_SH_N",817,21160817
7,"VS_SH_N",818,21160818
7,"VS_SH_N",819,21160819
7,"VS_SH_N",820,21160820
7,"VS_SH_N",821,21160821
7,"VS_SH_N",822,21160822
7,"VS_SH_N",823,21160823
7,"VS_SH_N",824,21160824
7,"VS_SH_N",825,21160825
7,"VS_SH_N",826,21160826
7,"VS_SH_N",827,21160827
7,"VS_SH_N",828,21160828
7,"VS_SH_N",829,21160829
7,"VS_SH_N",830,21160830
7,"VS_SH_N",831,21160831
7,"VS_SH_N",832,21160832
7,"VS_SH_N",833,21160833
7,"VS_SH_N",834,21160834
7,"VS_SH_N",835,21160835
7,"VS_SH_N",836,21160836
7,"VS_SH_N",837,21160837
7,"VS_SH_N",838,21160838
7,"VS_SH_N",839,21160839
7,"VS_SH_N",840,21160840
7,"VS_SH_N",841,21160841
7,"VS_SH_N",842,21160842
7,"VS_SH_N",843,21160843
7,"VS_SH_N",844,21160844
7,"VS_SH_N",845,21160845
7,"VS_SH_N",846,21160846
7,"VS_SH_N",847,21160847
7,"VS_SH_N",848,21160848
7,"VS_SH_N",849,21160849
7,"VS_SH_N",850,21160850
7,"VS_SH_N",851,21160851
7,"VS_SH_N",852,21160852
7,"VS_SH_N",853,21160853
7,"VS_SH_N",854,21160854
7,"VS_SH_N",855,21160855
7,"VS_SH_N",856,21160856
7,"VS_SH_N",857,21160857
7,"VS_SH_N",858,21160858
7,"VS_SH_N",859,21160859
7,"VS_SH_N",860,21160860
7,"VS_SH_N",861,21160861
7,"VS_SH_N",862,21160862
7,"VS_SH_N",863,21160863
7,"VS_SH_N",864,21160864
7,"VS_SH_N",865,21160865
7,"VS_SH_N",866,21160866
7,"VS_SH_N",867,21160867
7,"VS_SH_N",868,21160868
7,"VS_SH_N",869,21160869
7,"VS_SH_N",870,21160870
7,"VS_SH_N",871,21160871
7,"VS_SH_N",872,21160872
7,"VS_SH_N",873,21160873
7,"VS_SH_N",874,21160874
7,"VS_SH_N",875,21160875
7,"VS_SH_N",876,21160876
7,"VS_SH_N",877,21160877
7,"VS_SH_N",878,21160878
7,"VS_SH_N",879,21160879
7,"VS_SH_N",880,21160880
7,"VS_SH_N",881,21160881
7,"VS_SH_N",882,21160882
7,"VS_SH_N",883,21160883
7,"VS_SH_N",884,21160884
7,"VS_SH_N",885,21160885
7,"VS_SH_N",886,21160886
7,"VS_SH_N",887,21160887
7,"VS_SH_N",888,21160888
7,"VS_SH_N",889,21160889
7,"VS_SH_N",890,21160890
7,"VS_SH_N",891,21160891
7,"VS_SH_N",892,21160892
7,"VS_SH_N",893,21160893
7,"VS_SH_N",894,21160894
7,"VS_SH_N",895,21160895
7,"VS_SH_N",896,21160896
7,"VS_SH_N",897,21160897
7,"VS_SH_N",898,21160898
7,"VS_SH_N",899,21160899
7,"VS_SH_N",900,21160900
7,"VS_SH_N",901,21160901
7,"VS_SH_N",902,21160902
7,"VS_SH_N",903,21160903
7,"VS_SH_N",904,21160904
7,"VS_SH_N",905,21160905
7,"VS_SH_N",906,21160906
7,"VS_SH_N",907,21160907
7,"VS_SH_N",908,21160908
7,"VS_SH_N",909,21160909
7,"VS_SH_N",910,21160910
7,"VS_SH_N",911,21160911
7,"VS_SH_N",912,21160912
7,"VS_SH_N",913,21160913
7,"VS_SH_N",914,21160914
7,"VS_SH_N",915,21160915
7,"VS_SH_N",916,21160916
7,"VS_SH_N",917,21160917
7,"VS_SH_N",918,21160918
7,"VS_SH_N",919,21160919
7,"VS_SH_N",920,21160920
7,"VS_SH_N",921,21160921
7,"VS_SH_N",922,21160922
7,"VS_SH_N",923,21160923
7,"VS_SH_N",924,21160924
7,"VS_SH_N",925,21160925
7,"VS_SH_N",926,21160926
7,"VS_SH_N",927,21160927
7,"VS_SH_N",928,21160928
7,"VS_SH_N",929,21160929
7,"VS_SH_N",930,21160930
7,"VS_SH_N",931,21160931
7,"VS_SH_N",932,21160932
7,"VS_SH_N",933,21160933
7,"VS_SH_N",934,21160934
7,"VS_SH_N",935,21160935
7,"VS_SH_N",936,21160936
7,"VS_SH_N",937,21160937
7,"VS_SH_N",938,21160938
7,"VS_SH_N",939,21160939
7,"VS_SH_N",940,21160940
7,"VS_SH_N",941,21160941
7,"VS_SH_N",942,21160942
7,"VS_SH_N",943,21160943
7,"VS_SH_N",944,21160944
7,"VS_SH_N",945,21160945
7,"VS_SH_N",946,21160946
7,"VS_SH_N",947,21160947
7,"VS_SH_N",948,21160948
7,"VS_SH_N",949,21160949
7,"VS_SH_N",950,21160950
7,"VS_SH_N",951,21160951
7,"VS_SH_N",952,21160952
7,"VS_SH_N",953,21160953
7,"VS_SH_N",954,21160954
7,"VS_SH_N",955,21160955
7,"VS_SH_N",956,21160956
7,"VS_SH_N",957,21160957
7,"VS_SH_N",958,21160958
7,"VS_SH_N",959,21160959
7,"VS_SH_N",960,21160960
7,"VS_SH_N",961,21160961
7,"VS_SH_N",962,21160962
7,"VS_SH_N",963,21160963
7,"VS_SH_N",964,21160964
7,"VS_SH_N",965,21160965
7,"VS_SH_N",966,21160966
7,"VS_SH_N",967,21160967
7,"VS_SH_N",968,21160968
7,"VS_SH_N",969,21160969
7,"VS_SH_N",970,21160970
7,"VS_SH_N",971,21160971
7,"VS_SH_N",972,21160972
7,"VS_SH_N",973,21160973
7,"VS_SH_N",974,21160974
7,"VS_SH_N",975,21160975
7,"VS_SH_N",976,21160976
7,"VS_SH_N",977,21160977
7,"VS_SH_N",978,21160978
7,"VS_SH_N",979,21160979
7,"VS_SH_N",980,21160980
7,"VS_SH_N",981,21160981
7,"VS_SH_N",982,21160982
7,"VS_SH_N",983,21160983
7,"VS_SH_N",984,21160984
7,"VS_SH_N",985,21160985
7,"VS_SH_N",986,21160986
7,"VS_SH_N",987,21160987
7,"VS_SH_N",988,21160988
7,"VS_SH_N",989,21160989
7,"VS_SH_N",990,21160990
7,"VS_SH_N",991,21160991
7,"VS_SH_N",992,21160992
7,"VS_SH_N",993,21160993
7,"VS_SH_N",994,21160994
7,"VS_SH_N",995,21160995
7,"VS_SH_N",996,21160996
7,"VS_SH_N",997,21160997
7,"VS_SH_N",998,21160998
7,"VS_SH_N",999,21160999
7,"VS_SH_N",1000,21161000
8,"VS_SH_A",1,21260001
8,"VS_SH_A",2,21260002
8,"VS_SH_A",3,21260003
8,"VS_SH_A",4,21260004
8,"VS_SH_A",5,21260005
8,"VS_SH_A",6,21260006
8,"VS_SH_A",7,21260007
8,"VS_SH_A",8,21260008
8,"VS_SH_A",9,21260009
8,"VS_SH_A",10,21260010
8,"VS_SH_A",11,21260011
8,"VS_SH_A",12,21260012
8,"VS_SH_A",13,21260013
8,"VS_SH_A",14,21260014
8,"VS_SH_A",15,21260015
8,"VS_SH_A",16,21260016
8,"VS_SH_A",17,21260017
8,"VS_SH_A",18,21260018
8,"VS_SH_A",19,21260019
8,"VS_SH_A",20,21260020
8,"VS_SH_A",21,21260021
8,"VS_SH_A",22,21260022
8,"VS_SH_A",23,21260023
8,"VS_SH_A",24,21260024
8,"VS_SH_A",25,21260025
8,"VS_SH_A",26,21260026
8,"VS_SH_A",27,21260027
8,"VS_SH_A",28,21260028
8,"VS_SH_A",29,21260029
8,"VS_SH_A",30,21260030
8,"VS_SH_A",31,21260031
8,"VS_SH_A",32,21260032
8,"VS_SH_A",33,21260033
8,"VS_SH_A",34,21260034
8,"VS_SH_A",35,21260035
8,"VS_SH_A",36,21260036
8,"VS_SH_A",37,21260037
8,"VS_SH_A",38,21260038
8,"VS_SH_A",39,21260039
8,"VS_SH_A",40,21260040
8,"VS_SH_A",41,21260041
8,"VS_SH_A",42,21260042
8,"VS_SH_A",43,21260043
8,"VS_SH_A",44,21260044
8,"VS_SH_A",45,21260045
8,"VS_SH_A",46,21260046
8,"VS_SH_A",47,21260047
8,"VS_SH_A",48,21260048
8,"VS_SH_A",49,21260049
8,"VS_SH_A",50,21260050
8,"VS_SH_A",51,21260051
8,"VS_SH_A",52,21260052
8,"VS_SH_A",53,21260053
8,"VS_SH_A",54,21260054
8,"VS_SH_A",55,21260055
8,"VS_SH_A",56,21260056
8,"VS_SH_A",57,21260057
8,"VS_SH_A",58,21260058
8,"VS_SH_A",59,21260059
8,"VS_SH_A",60,21260060
8,"VS_SH_A",61,21260061
8,"VS_SH_A",62,21260062
8,"VS_SH_A",63,21260063
8,"VS_SH_A",64,21260064
8,"VS_SH_A",65,21260065
8,"VS_SH_A",66,21260066
8,"VS_SH_A",67,21260067
8,"VS_SH_A",68,21260068
8,"VS_SH_A",69,21260069
8,"VS_SH_A",70,21260070
8,"VS_SH_A",71,21260071
8,"VS_SH_A",72,21260072
8,"VS_SH_A",73,21260073
8,"VS_SH_A",74,21260074
8,"VS_SH_A",75,21260075
8,"VS_SH_A",76,21260076
8,"VS_SH_A",77,21260077
8,"VS_SH_A",78,21260078
8,"VS_SH_A",79,21260079
8,"VS_SH_A",80,21260080
8,"VS_SH_A",81,21260081
8,"VS_SH_A",82,21260082
8,"VS_SH_A",83,21260083
8,"VS_SH_A",84,21260084
8,"VS_SH_A",85,21260085
8,"VS_SH_A",86,21260086
8,"VS_SH_A",87,21260087
8,"VS_SH_A",88,21260088
8,"VS_SH_A",89,21260089
8,"VS_SH_A",90,21260090
8,"VS_SH_A",91,21260091
8,"VS_SH_A",92,21260092
8,"VS_SH_A",93,21260093
8,"VS_SH_A",94,21260094
8,"VS_SH_A",95,21260095
8,"VS_SH_A",96,21260096
8,"VS_SH_A",97,21260097
8,"VS_SH_A",98,21260098
8,"VS_SH_A",99,21260099
8,"VS_SH_A",100,21260100
8,"VS_SH_A",101,21260101
8,"VS_SH_A",102,21260102
8,"VS_SH_A",103,21260103
8,"VS_SH_A",104,21260104
8,"VS_SH_A",105,21260105
8,"VS_SH_A",106,21260106
8,"VS_SH_A",107,21260107
8,"VS_SH_A",108,21260108
8,"VS_SH_A",109,21260109
8,"VS_SH_A",110,21260110
8,"VS_SH_A",111,21260111
8,"VS_SH_A",112,21260112
8,"VS_SH_A",113,21260113
8,"VS_SH_A",114,21260114
8,"VS_SH_A",115,21260115
8,"VS_SH_A",116,21260116
8,"VS_SH_A",117,21260117
8,"VS_SH_A",118,21260118
8,"VS_SH_A",119,21260119
8,"VS_SH_A",120,21260120
8,"VS_SH_A",121,21260121
8,"VS_SH_A",122,21260122
8,"VS_SH_A",123,21260123
8,"VS_SH_A",124,21260124
8,"VS_SH_A",125,21260125
8,"VS_SH_A",126,21260126
8,"VS_SH_A",127,21260127
8,"VS_SH_A",128,21260128
8,"VS_SH_A",129,21260129
8,"VS_SH_A",130,21260130
8,"VS_SH_A",131,21260131
8,"VS_SH_A",132,21260132
8,"VS_SH_A",133,21260133
8,"VS_SH_A",134,21260134
8,"VS_SH_A",135,21260135
8,"VS_SH_A",136,21260136
8,"VS_SH_A",137,21260137
8,"VS_SH_A",138,21260138
8,"VS_SH_A",139,21260139
8,"VS_SH_A",140,21260140
8,"VS_SH_A",141,21260141
8,"VS_SH_A",142,21260142
8,"VS_SH_A",143,21260143
8,"VS_SH_A",144,21260144
8,"VS_SH_A",145,21260145
8,"VS_SH_A",146,21260146
8,"VS_SH_A",147,21260147
8,"VS_SH_A",148,21260148
8,"VS_SH_A",149,21260149
8,"VS_SH_A",150,21260150
8,"VS_SH_A",151,21260151
8,"VS_SH_A",152,21260152
8,"VS_SH_A",153,21260153
8,"VS_SH_A",154,21260154
8,"VS_SH_A",155,21260155
8,"VS_SH_A",156,21260156
8,"VS_SH_A",157,21260157
8,"VS_SH_A",158,21260158
8,"VS_SH_A",159,21260159
8,"VS_SH_A",160,21260160
8,"VS_SH_A",161,21260161
8,"VS_SH_A",162,21260162
8,"VS_SH_A",163,21260163
8,"VS_SH_A",164,21260164
8,"VS_SH_A",165,21260165
8,"VS_SH_A",166,21260166
8,"VS_SH_A",167,21260167
8,"VS_SH_A",168,21260168
8,"VS_SH_A",169,21260169
8,"VS_SH_A",170,21260170
8,"VS_SH_A",171,21260171
8,"VS_SH_A",172,21260172
8,"VS_SH_A",173,21260173
8,"VS_SH_A",174,21260174
8,"VS_SH_A",175,21260175
8,"VS_SH_A",176,21260176
8,"VS_SH_A",177,21260177
8,"VS_SH_A",178,21260178
8,"VS_SH_A",179,21260179
8,"VS_SH_A",180,21260180
8,"VS_SH_A",181,21260181
8,"VS_SH_A",182,21260182
8,"VS_SH_A",183,21260183
8,"VS_SH_A",184,21260184
8,"VS_SH_A",185,21260185
8,"VS_SH_A",186,21260186
8,"VS_SH_A",187,21260187
8,"VS_SH_A",188,21260188
8,"VS_SH_A",189,21260189
8,"VS_SH_A",190,21260190
8,"VS_SH_A",191,21260191
8,"VS_SH_A",192,21260192
8,"VS_SH_A",193,21260193
8,"VS_SH_A",194,21260194
8,"VS_SH_A",195,21260195
8,"VS_SH_A",196,21260196
8,"VS_SH_A",197,21260197
8,"VS_SH_A",198,21260198
8,"VS_SH_A",199,21260199
8,"VS_SH_A",200,21260200
8,"VS_SH_A",201,21260201
8,"VS_SH_A",202,21260202
8,"VS_SH_A",203,21260203
8,"VS_SH_A",204,21260204
8,"VS_SH_A",205,21260205
8,"VS_SH_A",206,21260206
8,"VS_SH_A",207,21260207
8,"VS_SH_A",208,21260208
8,"VS_SH_A",209,21260209
8,"VS_SH_A",210,21260210
8,"VS_SH_A",211,21260211
8,"VS_SH_A",212,21260212
8,"VS_SH_A",213,21260213
8,"VS_SH_A",214,21260214
8,"VS_SH_A",215,21260215
8,"VS_SH_A",216,21260216
8,"VS_SH_A",217,21260217
8,"VS_SH_A",218,21260218
8,"VS_SH_A",219,21260219
8,"VS_SH_A",220,21260220
8,"VS_SH_A",221,21260221
8,"VS_SH_A",222,21260222
8,"VS_SH_A",223,21260223
8,"VS_SH_A",224,21260224
8,"VS_SH_A",225,21260225
8,"VS_SH_A",226,21260226
8,"VS_SH_A",227,21260227
8,"VS_SH_A",228,21260228
8,"VS_SH_A",229,21260229
8,"VS_SH_A",230,21260230
8,"VS_SH_A",231,21260231
8,"VS_SH_A",232,21260232
8,"VS_SH_A",233,21260233
8,"VS_SH_A",234,21260234
8,"VS_SH_A",235,21260235
8,"VS_SH_A",236,21260236
8,"VS_SH_A",237,21260237
8,"VS_SH_A",238,21260238
8,"VS_SH_A",239,21260239
8,"VS_SH_A",240,21260240
8,"VS_SH_A",241,21260241
8,"VS_SH_A",242,21260242
8,"VS_SH_A",243,21260243
8,"VS_SH_A",244,21260244
8,"VS_SH_A",245,21260245
8,"VS_SH_A",246,21260246
8,"VS_SH_A",247,21260247
8,"VS_SH_A",248,21260248
8,"VS_SH_A",249,21260249
8,"VS_SH_A",250,21260250
8,"VS_SH_A",251,21260251
8,"VS_SH_A",252,21260252
8,"VS_SH_A",253,21260253
8,"VS_SH_A",254,21260254
8,"VS_SH_A",255,21260255
8,"VS_SH_A",256,21260256
8,"VS_SH_A",257,21260257
8,"VS_SH_A",258,21260258
8,"VS_SH_A",259,21260259
8,"VS_SH_A",260,21260260
8,"VS_SH_A",261,21260261
8,"VS_SH_A",262,21260262
8,"VS_SH_A",263,21260263
8,"VS_SH_A",264,21260264
8,"VS_SH_A",265,21260265
8,"VS_SH_A",266,21260266
8,"VS_SH_A",267,21260267
8,"VS_SH_A",268,21260268
8,"VS_SH_A",269,21260269
8,"VS_SH_A",270,21260270
8,"VS_SH_A",271,21260271
8,"VS_SH_A",272,21260272
8,"VS_SH_A",273,21260273
8,"VS_SH_A",274,21260274
8,"VS_SH_A",275,21260275
8,"VS_SH_A",276,21260276
8,"VS_SH_A",277,21260277
8,"VS_SH_A",278,21260278
8,"VS_SH_A",279,21260279
8,"VS_SH_A",280,21260280
8,"VS_SH_A",281,21260281
8,"VS_SH_A",282,21260282
8,"VS_SH_A",283,21260283
8,"VS_SH_A",284,21260284
8,"VS_SH_A",285,21260285
8,"VS_SH_A",286,21260286
8,"VS_SH_A",287,21260287
8,"VS_SH_A",288,21260288
8,"VS_SH_A",289,21260289
8,"VS_SH_A",290,21260290
8,"VS_SH_A",291,21260291
8,"VS_SH_A",292,21260292
8,"VS_SH_A",293,21260293
8,"VS_SH_A",294,21260294
8,"VS_SH_A",295,21260295
8,"VS_SH_A",296,21260296
8,"VS_SH_A",297,21260297
8,"VS_SH_A",298,21260298
8,"VS_SH_A",299,21260299
8,"VS_SH_A",300,21260300
8,"VS_SH_A",301,21260301
8,"VS_SH_A",302,21260302
8,"VS_SH_A",303,21260303
8,"VS_SH_A",304,21260304
8,"VS_SH_A",305,21260305
8,"VS_SH_A",306,21260306
8,"VS_SH_A",307,21260307
8,"VS_SH_A",308,21260308
8,"VS_SH_A",309,21260309
8,"VS_SH_A",310,21260310
8,"VS_SH_A",311,21260311
8,"VS_SH_A",312,21260312
8,"VS_SH_A",313,21260313
8,"VS_SH_A",314,21260314
8,"VS_SH_A",315,21260315
8,"VS_SH_A",316,21260316
8,"VS_SH_A",317,21260317
8,"VS_SH_A",318,21260318
8,"VS_SH_A",319,21260319
8,"VS_SH_A",320,21260320
8,"VS_SH_A",321,21260321
8,"VS_SH_A",322,21260322
8,"VS_SH_A",323,21260323
8,"VS_SH_A",324,21260324
8,"VS_SH_A",325,21260325
8,"VS_SH_A",326,21260326
8,"VS_SH_A",327,21260327
8,"VS_SH_A",328,21260328
8,"VS_SH_A",329,21260329
8,"VS_SH_A",330,21260330
8,"VS_SH_A",331,21260331
8,"VS_SH_A",332,21260332
8,"VS_SH_A",333,21260333
8,"VS_SH_A",334,21260334
8,"VS_SH_A",335,21260335
8,"VS_SH_A",336,21260336
8,"VS_SH_A",337,21260337
8,"VS_SH_A",338,21260338
8,"VS_SH_A",339,21260339
8,"VS_SH_A",340,21260340
8,"VS_SH_A",341,21260341
8,"VS_SH_A",342,21260342
8,"VS_SH_A",343,21260343
8,"VS_SH_A",344,21260344
8,"VS_SH_A",345,21260345
8,"VS_SH_A",346,21260346
8,"VS_SH_A",347,21260347
8,"VS_SH_A",348,21260348
8,"VS_SH_A",349,21260349
8,"VS_SH_A",350,21260350
8,"VS_SH_A",351,21260351
8,"VS_SH_A",352,21260352
8,"VS_SH_A",353,21260353
8,"VS_SH_A",354,21260354
8,"VS_SH_A",355,21260355
8,"VS_SH_A",356,21260356
8,"VS_SH_A",357,21260357
8,"VS_SH_A",358,21260358
8,"VS_SH_A",359,21260359
8,"VS_SH_A",360,21260360
8,"VS_SH_A",361,21260361
8,"VS_SH_A",362,21260362
8,"VS_SH_A",363,21260363
8,"VS_SH_A",364,21260364
8,"VS_SH_A",365,21260365
8,"VS_SH_A",366,21260366
8,"VS_SH_A",367,21260367
8,"VS_SH_A",368,21260368
8,"VS_SH_A",369,21260369
8,"VS_SH_A",370,21260370
8,"VS_SH_A",371,21260371
8,"VS_SH_A",372,21260372
8,"VS_SH_A",373,21260373
8,"VS_SH_A",374,21260374
8,"VS_SH_A",375,21260375
8,"VS_SH_A",376,21260376
8,"VS_SH_A",377,21260377
8,"VS_SH_A",378,21260378
8,"VS_SH_A",379,21260379
8,"VS_SH_A",380,21260380
8,"VS_SH_A",381,21260381
8,"VS_SH_A",382,21260382
8,"VS_SH_A",383,21260383
8,"VS_SH_A",384,21260384
8,"VS_SH_A",385,21260385
8,"VS_SH_A",386,21260386
8,"VS_SH_A",387,21260387
8,"VS_SH_A",388,21260388
8,"VS_SH_A",389,21260389
8,"VS_SH_A",390,21260390
8,"VS_SH_A",391,21260391
8,"VS_SH_A",392,21260392
8,"VS_SH_A",393,21260393
8,"VS_SH_A",394,21260394
8,"VS_SH_A",395,21260395
8,"VS_SH_A",396,21260396
8,"VS_SH_A",397,21260397
8,"VS_SH_A",398,21260398
8,"VS_SH_A",399,21260399
8,"VS_SH_A",400,21260400
8,"VS_SH_A",401,21260401
8,"VS_SH_A",402,21260402
8,"VS_SH_A",403,21260403
8,"VS_SH_A",404,21260404
8,"VS_SH_A",405,21260405
8,"VS_SH_A",406,21260406
8,"VS_SH_A",407,21260407
8,"VS_SH_A",408,21260408
8,"VS_SH_A",409,21260409
8,"VS_SH_A",410,21260410
8,"VS_SH_A",411,21260411
8,"VS_SH_A",412,21260412
8,"VS_SH_A",413,21260413
8,"VS_SH_A",414,21260414
8,"VS_SH_A",415,21260415
8,"VS_SH_A",416,21260416
8,"VS_SH_A",417,21260417
8,"VS_SH_A",418,21260418
8,"VS_SH_A",419,21260419
8,"VS_SH_A",420,21260420
8,"VS_SH_A",421,21260421
8,"VS_SH_A",422,21260422
8,"VS_SH_A",423,21260423
8,"VS_SH_A",424,21260424
8,"VS_SH_A",425,21260425
8,"VS_SH_A",426,21260426
8,"VS_SH_A",427,21260427
8,"VS_SH_A",428,21260428
8,"VS_SH_A",429,21260429
8,"VS_SH_A",430,21260430
8,"VS_SH_A",431,21260431
8,"VS_SH_A",432,21260432
8,"VS_SH_A",433,21260433
8,"VS_SH_A",434,21260434
8,"VS_SH_A",435,21260435
8,"VS_SH_A",436,21260436
8,"VS_SH_A",437,21260437
8,"VS_SH_A",438,21260438
8,"VS_SH_A",439,21260439
8,"VS_SH_A",440,21260440
8,"VS_SH_A",441,21260441
8,"VS_SH_A",442,21260442
8,"VS_SH_A",443,21260443
8,"VS_SH_A",444,21260444
8,"VS_SH_A",445,21260445
8,"VS_SH_A",446,21260446
8,"VS_SH_A",447,21260447
8,"VS_SH_A",448,21260448
8,"VS_SH_A",449,21260449
8,"VS_SH_A",450,21260450
8,"VS_SH_A",451,21260451
8,"VS_SH_A",452,21260452
8,"VS_SH_A",453,21260453
8,"VS_SH_A",454,21260454
8,"VS_SH_A",455,21260455
8,"VS_SH_A",456,21260456
8,"VS_SH_A",457,21260457
8,"VS_SH_A",458,21260458
8,"VS_SH_A",459,21260459
8,"VS_SH_A",460,21260460
8,"VS_SH_A",461,21260461
8,"VS_SH_A",462,21260462
8,"VS_SH_A",463,21260463
8,"VS_SH_A",464,21260464
8,"VS_SH_A",465,21260465
8,"VS_SH_A",466,21260466
8,"VS_SH_A",467,21260467
8,"VS_SH_A",468,21260468
8,"VS_SH_A",469,21260469
8,"VS_SH_A",470,21260470
8,"VS_SH_A",471,21260471
8,"VS_SH_A",472,21260472
8,"VS_SH_A",473,21260473
8,"VS_SH_A",474,21260474
8,"VS_SH_A",475,21260475
8,"VS_SH_A",476,21260476
8,"VS_SH_A",477,21260477
8,"VS_SH_A",478,21260478
8,"VS_SH_A",479,21260479
8,"VS_SH_A",480,21260480
8,"VS_SH_A",481,21260481
8,"VS_SH_A",482,21260482
8,"VS_SH_A",483,21260483
8,"VS_SH_A",484,21260484
8,"VS_SH_A",485,21260485
8,"VS_SH_A",486,21260486
8,"VS_SH_A",487,21260487
8,"VS_SH_A",488,21260488
8,"VS_SH_A",489,21260489
8,"VS_SH_A",490,21260490
8,"VS_SH_A",491,21260491
8,"VS_SH_A",492,21260492
8,"VS_SH_A",493,21260493
8,"VS_SH_A",494,21260494
8,"VS_SH_A",495,21260495
8,"VS_SH_A",496,21260496
8,"VS_SH_A",497,21260497
8,"VS_SH_A",498,21260498
8,"VS_SH_A",499,21260499
8,"VS_SH_A",500,21260500
8,"VS_SH_A",501,21260501
8,"VS_SH_A",502,21260502
8,"VS_SH_A",503,21260503
8,"VS_SH_A",504,21260504
8,"VS_SH_A",505,21260505
8,"VS_SH_A",506,21260506
8,"VS_SH_A",507,21260507
8,"VS_SH_A",508,21260508
8,"VS_SH_A",509,21260509
8,"VS_SH_A",510,21260510
8,"VS_SH_A",511,21260511
8,"VS_SH_A",512,21260512
8,"VS_SH_A",513,21260513
8,"VS_SH_A",514,21260514
8,"VS_SH_A",515,21260515
8,"VS_SH_A",516,21260516
8,"VS_SH_A",517,21260517
8,"VS_SH_A",518,21260518
8,"VS_SH_A",519,21260519
8,"VS_SH_A",520,21260520
8,"VS_SH_A",521,21260521
8,"VS_SH_A",522,21260522
8,"VS_SH_A",523,21260523
8,"VS_SH_A",524,21260524
8,"VS_SH_A",525,21260525
8,"VS_SH_A",526,21260526
8,"VS_SH_A",527,21260527
8,"VS_SH_A",528,21260528
8,"VS_SH_A",529,21260529
8,"VS_SH_A",530,21260530
8,"VS_SH_A",531,21260531
8,"VS_SH_A",532,21260532
8,"VS_SH_A",533,21260533
8,"VS_SH_A",534,21260534
8,"VS_SH_A",535,21260535
8,"VS_SH_A",536,21260536
8,"VS_SH_A",537,21260537
8,"VS_SH_A",538,21260538
8,"VS_SH_A",539,21260539
8,"VS_SH_A",540,21260540
8,"VS_SH_A",541,21260541
8,"VS_SH_A",542,21260542
8,"VS_SH_A",543,21260543
8,"VS_SH_A",544,21260544
8,"VS_SH_A",545,21260545
8,"VS_SH_A",546,21260546
8,"VS_SH_A",547,21260547
8,"VS_SH_A",548,21260548
8,"VS_SH_A",549,21260549
8,"VS_SH_A",550,21260550
8,"VS_SH_A",551,21260551
8,"VS_SH_A",552,21260552
8,"VS_SH_A",553,21260553
8,"VS_SH_A",554,21260554
8,"VS_SH_A",555,21260555
8,"VS_SH_A",556,21260556
8,"VS_SH_A",557,21260557
8,"VS_SH_A",558,21260558
8,"VS_SH_A",559,21260559
8,"VS_SH_A",560,21260560
8,"VS_SH_A",561,21260561
8,"VS_SH_A",562,21260562
8,"VS_SH_A",563,21260563
8,"VS_SH_A",564,21260564
8,"VS_SH_A",565,21260565
8,"VS_SH_A",566,21260566
8,"VS_SH_A",567,21260567
8,"VS_SH_A",568,21260568
8,"VS_SH_A",569,21260569
8,"VS_SH_A",570,21260570
8,"VS_SH_A",571,21260571
8,"VS_SH_A",572,21260572
8,"VS_SH_A",573,21260573
8,"VS_SH_A",574,21260574
8,"VS_SH_A",575,21260575
8,"VS_SH_A",576,21260576
8,"VS_SH_A",577,21260577
8,"VS_SH_A",578,21260578
8,"VS_SH_A",579,21260579
8,"VS_SH_A",580,21260580
8,"VS_SH_A",581,21260581
8,"VS_SH_A",582,21260582
8,"VS_SH_A",583,21260583
8,"VS_SH_A",584,21260584
8,"VS_SH_A",585,21260585
8,"VS_SH_A",586,21260586
8,"VS_SH_A",587,21260587
8,"VS_SH_A",588,21260588
8,"VS_SH_A",589,21260589
8,"VS_SH_A",590,21260590
8,"VS_SH_A",591,21260591
8,"VS_SH_A",592,21260592
8,"VS_SH_A",593,21260593
8,"VS_SH_A",594,21260594
8,"VS_SH_A",595,21260595
8,"VS_SH_A",596,21260596
8,"VS_SH_A",597,21260597
8,"VS_SH_A",598,21260598
8,"VS_SH_A",599,21260599
8,"VS_SH_A",600,21260600
8,"VS_SH_A",601,21260601
8,"VS_SH_A",602,21260602
8,"VS_SH_A",603,21260603
8,"VS_SH_A",604,21260604
8,"VS_SH_A",605,21260605
8,"VS_SH_A",606,21260606
8,"VS_SH_A",607,21260607
8,"VS_SH_A",608,21260608
8,"VS_SH_A",609,21260609
8,"VS_SH_A",610,21260610
8,"VS_SH_A",611,21260611
8,"VS_SH_A",612,21260612
8,"VS_SH_A",613,21260613
8,"VS_SH_A",614,21260614
8,"VS_SH_A",615,21260615
8,"VS_SH_A",616,21260616
8,"VS_SH_A",617,21260617
8,"VS_SH_A",618,21260618
8,"VS_SH_A",619,21260619
8,"VS_SH_A",620,21260620
8,"VS_SH_A",621,21260621
8,"VS_SH_A",622,21260622
8,"VS_SH_A",623,21260623
8,"VS_SH_A",624,21260624
8,"VS_SH_A",625,21260625
8,"VS_SH_A",626,21260626
8,"VS_SH_A",627,21260627
8,"VS_SH_A",628,21260628
8,"VS_SH_A",629,21260629
8,"VS_SH_A",630,21260630
8,"VS_SH_A",631,21260631
8,"VS_SH_A",632,21260632
8,"VS_SH_A",633,21260633
8,"VS_SH_A",634,21260634
8,"VS_SH_A",635,21260635
8,"VS_SH_A",636,21260636
8,"VS_SH_A",637,21260637
8,"VS_SH_A",638,21260638
8,"VS_SH_A",639,21260639
8,"VS_SH_A",640,21260640
8,"VS_SH_A",641,21260641
8,"VS_SH_A",642,21260642
8,"VS_SH_A",643,21260643
8,"VS_SH_A",644,21260644
8,"VS_SH_A",645,21260645
8,"VS_SH_A",646,21260646
8,"VS_SH_A",647,21260647
8,"VS_SH_A",648,21260648
8,"VS_SH_A",649,21260649
8,"VS_SH_A",650,21260650
8,"VS_SH_A",651,21260651
8,"VS_SH_A",652,21260652
8,"VS_SH_A",653,21260653
8,"VS_SH_A",654,21260654
8,"VS_SH_A",655,21260655
8,"VS_SH_A",656,21260656
8,"VS_SH_A",657,21260657
8,"VS_SH_A",658,21260658
8,"VS_SH_A",659,21260659
8,"VS_SH_A",660,21260660
8,"VS_SH_A",661,21260661
8,"VS_SH_A",662,21260662
8,"VS_SH_A",663,21260663
8,"VS_SH_A",664,21260664
8,"VS_SH_A",665,21260665
8,"VS_SH_A",666,21260666
8,"VS_SH_A",667,21260667
8,"VS_SH_A",668,21260668
8,"VS_SH_A",669,21260669
8,"VS_SH_A",670,21260670
8,"VS_SH_A",671,21260671
8,"VS_SH_A",672,21260672
8,"VS_SH_A",673,21260673
8,"VS_SH_A",674,21260674
8,"VS_SH_A",675,21260675
8,"VS_SH_A",676,21260676
8,"VS_SH_A",677,21260677
8,"VS_SH_A",678,21260678
8,"VS_SH_A",679,21260679
8,"VS_SH_A",680,21260680
8,"VS_SH_A",681,21260681
8,"VS_SH_A",682,21260682
8,"VS_SH_A",683,21260683
8,"VS_SH_A",684,21260684
8,"VS_SH_A",685,21260685
8,"VS_SH_A",686,21260686
8,"VS_SH_A",687,21260687
8,"VS_SH_A",688,21260688
8,"VS_SH_A",689,21260689
8,"VS_SH_A",690,21260690
8,"VS_SH_A",691,21260691
8,"VS_SH_A",692,21260692
8,"VS_SH_A",693,21260693
8,"VS_SH_A",694,21260694
8,"VS_SH_A",695,21260695
8,"VS_SH_A",696,21260696
8,"VS_SH_A",697,21260697
8,"VS_SH_A",698,21260698
8,"VS_SH_A",699,21260699
8,"VS_SH_A",700,21260700
8,"VS_SH_A",701,21260701
8,"VS_SH_A",702,21260702
8,"VS_SH_A",703,21260703
8,"VS_SH_A",704,21260704
8,"VS_SH_A",705,21260705
8,"VS_SH_A",706,21260706
8,"VS_SH_A",707,21260707
8,"VS_SH_A",708,21260708
8,"VS_SH_A",709,21260709
8,"VS_SH_A",710,21260710
8,"VS_SH_A",711,21260711
8,"VS_SH_A",712,21260712
8,"VS_SH_A",713,21260713
8,"VS_SH_A",714,21260714
8,"VS_SH_A",715,21260715
8,"VS_SH_A",716,21260716
8,"VS_SH_A",717,21260717
8,"VS_SH_A",718,21260718
8,"VS_SH_A",719,21260719
8,"VS_SH_A",720,21260720
8,"VS_SH_A",721,21260721
8,"VS_SH_A",722,21260722
8,"VS_SH_A",723,21260723
8,"VS_SH_A",724,21260724
8,"VS_SH_A",725,21260725
8,"VS_SH_A",726,21260726
8,"VS_SH_A",727,21260727
8,"VS_SH_A",728,21260728
8,"VS_SH_A",729,21260729
8,"VS_SH_A",730,21260730
8,"VS_SH_A",731,21260731
8,"VS_SH_A",732,21260732
8,"VS_SH_A",733,21260733
8,"VS_SH_A",734,21260734
8,"VS_SH_A",735,21260735
8,"VS_SH_A",736,21260736
8,"VS_SH_A",737,21260737
8,"VS_SH_A",738,21260738
8,"VS_SH_A",739,21260739
8,"VS_SH_A",740,21260740
8,"VS_SH_A",741,21260741
8,"VS_SH_A",742,21260742
8,"VS_SH_A",743,21260743
8,"VS_SH_A",744,21260744
8,"VS_SH_A",745,21260745
8,"VS_SH_A",746,21260746
8,"VS_SH_A",747,21260747
8,"VS_SH_A",748,21260748
8,"VS_SH_A",749,21260749
8,"VS_SH_A",750,21260750
8,"VS_SH_A",751,21260751
8,"VS_SH_A",752,21260752
8,"VS_SH_A",753,21260753
8,"VS_SH_A",754,21260754
8,"VS_SH_A",755,21260755
8,"VS_SH_A",756,21260756
8,"VS_SH_A",757,21260757
8,"VS_SH_A",758,21260758
8,"VS_SH_A",759,21260759
8,"VS_SH_A",760,21260760
8,"VS_SH_A",761,21260761
8,"VS_SH_A",762,21260762
8,"VS_SH_A",763,21260763
8,"VS_SH_A",764,21260764
8,"VS_SH_A",765,21260765
8,"VS_SH_A",766,21260766
8,"VS_SH_A",767,21260767
8,"VS_SH_A",768,21260768
8,"VS_SH_A",769,21260769
8,"VS_SH_A",770,21260770
8,"VS_SH_A",771,21260771
8,"VS_SH_A",772,21260772
8,"VS_SH_A",773,21260773
8,"VS_SH_A",774,21260774
8,"VS_SH_A",775,21260775
8,"VS_SH_A",776,21260776
8,"VS_SH_A",777,21260777
8,"VS_SH_A",778,21260778
8,"VS_SH_A",779,21260779
8,"VS_SH_A",780,21260780
8,"VS_SH_A",781,21260781
8,"VS_SH_A",782,21260782
8,"VS_SH_A",783,21260783
8,"VS_SH_A",784,21260784
8,"VS_SH_A",785,21260785
8,"VS_SH_A",786,21260786
8,"VS_SH_A",787,21260787
8,"VS_SH_A",788,21260788
8,"VS_SH_A",789,21260789
8,"VS_SH_A",790,21260790
8,"VS_SH_A",791,21260791
8,"VS_SH_A",792,21260792
8,"VS_SH_A",793,21260793
8,"VS_SH_A",794,21260794
8,"VS_SH_A",795,21260795
8,"VS_SH_A",796,21260796
8,"VS_SH_A",797,21260797
8,"VS_SH_A",798,21260798
8,"VS_SH_A",799,21260799
8,"VS_SH_A",800,21260800
8,"VS_SH_A",801,21260801
8,"VS_SH_A",802,21260802
8,"VS_SH_A",803,21260803
8,"VS_SH_A",804,21260804
8,"VS_SH_A",805,21260805
8,"VS_SH_A",806,21260806
8,"VS_SH_A",807,21260807
8,"VS_SH_A",808,21260808
8,"VS_SH_A",809,21260809
8,"VS_SH_A",810,21260810
8,"VS_SH_A",811,21260811
8,"VS_SH_A",812,21260812
8,"VS_SH_A",813,21260813
8,"VS_SH_A",814,21260814
8,"VS_SH_A",815,21260815
8,"VS_SH_A",816,21260816
8,"VS_SH_A",817,21260817
8,"VS_SH_A",818,21260818
8,"VS_SH_A",819,21260819
8,"VS_SH_A",820,21260820
8,"VS_SH_A",821,21260821
8,"VS_SH_A",822,21260822
8,"VS_SH_A",823,21260823
8,"VS_SH_A",824,21260824
8,"VS_SH_A",825,21260825
8,"VS_SH_A",826,21260826
8,"VS_SH_A",827,21260827
8,"VS_SH_A",828,21260828
8,"VS_SH_A",829,21260829
8,"VS_SH_A",830,21260830
8,"VS_SH_A",831,21260831
8,"VS_SH_A",832,21260832
8,"VS_SH_A",833,21260833
8,"VS_SH_A",834,21260834
8,"VS_SH_A",835,21260835
8,"VS_SH_A",836,21260836
8,"VS_SH_A",837,21260837
8,"VS_SH_A",838,21260838
8,"VS_SH_A",839,21260839
8,"VS_SH_A",840,21260840
8,"VS_SH_A",841,21260841
8,"VS_SH_A",842,21260842
8,"VS_SH_A",843,21260843
8,"VS_SH_A",844,21260844
8,"VS_SH_A",845,21260845
8,"VS_SH_A",846,21260846
8,"VS_SH_A",847,21260847
8,"VS_SH_A",848,21260848
8,"VS_SH_A",849,21260849
8,"VS_SH_A",850,21260850
8,"VS_SH_A",851,21260851
8,"VS_SH_A",852,21260852
8,"VS_SH_A",853,21260853
8,"VS_SH_A",854,21260854
8,"VS_SH_A",855,21260855
8,"VS_SH_A",856,21260856
8,"VS_SH_A",857,21260857
8,"VS_SH_A",858,21260858
8,"VS_SH_A",859,21260859
8,"VS_SH_A",860,21260860
8,"VS_SH_A",861,21260861
8,"VS_SH_A",862,21260862
8,"VS_SH_A",863,21260863
8,"VS_SH_A",864,21260864
8,"VS_SH_A",865,21260865
8,"VS_SH_A",866,21260866
8,"VS_SH_A",867,21260867
8,"VS_SH_A",868,21260868
8,"VS_SH_A",869,21260869
8,"VS_SH_A",870,21260870
8,"VS_SH_A",871,21260871
8,"VS_SH_A",872,21260872
8,"VS_SH_A",873,21260873
8,"VS_SH_A",874,21260874
8,"VS_SH_A",875,21260875
8,"VS_SH_A",876,21260876
8,"VS_SH_A",877,21260877
8,"VS_SH_A",878,21260878
8,"VS_SH_A",879,21260879
8,"VS_SH_A",880,21260880
8,"VS_SH_A",881,21260881
8,"VS_SH_A",882,21260882
8,"VS_SH_A",883,21260883
8,"VS_SH_A",884,21260884
8,"VS_SH_A",885,21260885
8,"VS_SH_A",886,21260886
8,"VS_SH_A",887,21260887
8,"VS_SH_A",888,21260888
8,"VS_SH_A",889,21260889
8,"VS_SH_A",890,21260890
8,"VS_SH_A",891,21260891
8,"VS_SH_A",892,21260892
8,"VS_SH_A",893,21260893
8,"VS_SH_A",894,21260894
8,"VS_SH_A",895,21260895
8,"VS_SH_A",896,21260896
8,"VS_SH_A",897,21260897
8,"VS_SH_A",898,21260898
8,"VS_SH_A",899,21260899
8,"VS_SH_A",900,21260900
8,"VS_SH_A",901,21260901
8,"VS_SH_A",902,21260902
8,"VS_SH_A",903,21260903
8,"VS_SH_A",904,21260904
8,"VS_SH_A",905,21260905
8,"VS_SH_A",906,21260906
8,"VS_SH_A",907,21260907
8,"VS_SH_A",908,21260908
8,"VS_SH_A",909,21260909
8,"VS_SH_A",910,21260910
8,"VS_SH_A",911,21260911
8,"VS_SH_A",912,21260912
8,"VS_SH_A",913,21260913
8,"VS_SH_A",914,21260914
8,"VS_SH_A",915,21260915
8,"VS_SH_A",916,21260916
8,"VS_SH_A",917,21260917
8,"VS_SH_A",918,21260918
8,"VS_SH_A",919,21260919
8,"VS_SH_A",920,21260920
8,"VS_SH_A",921,21260921
8,"VS_SH_A",922,21260922
8,"VS_SH_A",923,21260923
8,"VS_SH_A",924,21260924
8,"VS_SH_A",925,21260925
8,"VS_SH_A",926,21260926
8,"VS_SH_A",927,21260927
8,"VS_SH_A",928,21260928
8,"VS_SH_A",929,21260929
8,"VS_SH_A",930,21260930
8,"VS_SH_A",931,21260931
8,"VS_SH_A",932,21260932
8,"VS_SH_A",933,21260933
8,"VS_SH_A",934,21260934
8,"VS_SH_A",935,21260935
8,"VS_SH_A",936,21260936
8,"VS_SH_A",937,21260937
8,"VS_SH_A",938,21260938
8,"VS_SH_A",939,21260939
8,"VS_SH_A",940,21260940
8,"VS_SH_A",941,21260941
8,"VS_SH_A",942,21260942
8,"VS_SH_A",943,21260943
8,"VS_SH_A",944,21260944
8,"VS_SH_A",945,21260945
8,"VS_SH_A",946,21260946
8,"VS_SH_A",947,21260947
8,"VS_SH_A",948,21260948
8,"VS_SH_A",949,21260949
8,"VS_SH_A",950,21260950
8,"VS_SH_A",951,21260951
8,"VS_SH_A",952,21260952
8,"VS_SH_A",953,21260953
8,"VS_SH_A",954,21260954
8,"VS_SH_A",955,21260955
8,"VS_SH_A",956,21260956
8,"VS_SH_A",957,21260957
8,"VS_SH_A",958,21260958
8,"VS_SH_A",959,21260959
8,"VS_SH_A",960,21260960
8,"VS_SH_A",961,21260961
8,"VS_SH_A",962,21260962
8,"VS_SH_A",963,21260963
8,"VS_SH_A",964,21260964
8,"VS_SH_A",965,21260965
8,"VS_SH_A",966,21260966
8,"VS_SH_A",967,21260967
8,"VS_SH_A",968,21260968
8,"VS_SH_A",969,21260969
8,"VS_SH_A",970,21260970
8,"VS_SH_A",971,21260971
8,"VS_SH_A",972,21260972
8,"VS_SH_A",973,21260973
8,"VS_SH_A",974,21260974
8,"VS_SH_A",975,21260975
8,"VS_SH_A",976,21260976
8,"VS_SH_A",977,21260977
8,"VS_SH_A",978,21260978
8,"VS_SH_A",979,21260979
8,"VS_SH_A",980,21260980
8,"VS_SH_A",981,21260981
8,"VS_SH_A",982,21260982
8,"VS_SH_A",983,21260983
8,"VS_SH_A",984,21260984
8,"VS_SH_A",985,21260985
8,"VS_SH_A",986,21260986
8,"VS_SH_A",987,21260987
8,"VS_SH_A",988,21260988
8,"VS_SH_A",989,21260989
8,"VS_SH_A",990,21260990
8,"VS_SH_A",991,21260991
8,"VS_SH_A",992,21260992
8,"VS_SH_A",993,21260993
8,"VS_SH_A",994,21260994
8,"VS_SH_A",995,21260995
8,"VS_SH_A",996,21260996
8,"VS_SH_A",997,21260997
8,"VS_SH_A",998,21260998
8,"VS_SH_A",999,21260999
8,"VS_SH_A",1000,21261000
