"scenario_id","mechanism","structure","true_beta3","replicate","seed","variant","estimate","std_error","ci_lower","ci_upper","p_value","converged"
"VD_B_N","VD","B",0,1,20560001,"frozen_trunc_1_99",-0.0126463766855569,0.0267366890851402,-0.0650502872924317,0.0397575339213179,0.636215240561719,TRUE
"VD_B_N","VD","B",0,1,20560001,"mild_trunc_0.5_99.5",-0.0105751466755341,0.0271578239167155,-0.0638044815522965,0.0426541882012283,0.696983266673787,TRUE
"VD_B_N","VD","B",0,1,20560001,"untruncated",-0.00261946925753361,0.0283066023409789,-0.0581004098458523,0.0528614713307851,0.926269677976129,TRUE
"VD_B_N","VD","B",0,2,20560002,"frozen_trunc_1_99",-0.0181179725045109,0.0288876276635512,-0.0747377227250713,0.0385017777160495,0.530536029033043,TRUE
"VD_B_N","VD","B",0,2,20560002,"mild_trunc_0.5_99.5",-0.0180723853311019,0.0293493932447616,-0.0755971960908347,0.0394524254286309,0.538048366434014,TRUE
"VD_B_N","VD","B",0,2,20560002,"untruncated",-0.0211653109963278,0.0303017652769618,-0.0805567709391728,0.0382261489465173,0.484874296892882,TRUE
"VD_B_N","VD","B",0,3,20560003,"frozen_trunc_1_99",0.0474814567498954,0.0263767242861851,-0.00421692285102746,0.0991798363508182,0.0718405680808731,TRUE
"VD_B_N","VD","B",0,3,20560003,"mild_trunc_0.5_99.5",0.0504263727888992,0.0266911300949773,-0.00188824219725643,0.102740987775055,0.0588575587827585,TRUE
"VD_B_N","VD","B",0,3,20560003,"untruncated",0.0550460193945343,0.0270389731624867,0.00204963199606045,0.108042406793008,0.0417701532888223,TRUE
"VD_B_N","VD","B",0,4,20560004,"frozen_trunc_1_99",-0.0305254090466648,0.0245722061150672,-0.0786869330321965,0.0176361149388669,0.214135540876272,TRUE
"VD_B_N","VD","B",0,4,20560004,"mild_trunc_0.5_99.5",-0.0251870239512557,0.0248698045864817,-0.0739318409407598,0.0235577930382485,0.311177103645205,TRUE
"VD_B_N","VD","B",0,4,20560004,"untruncated",-0.018044190143397,0.0257491052866463,-0.0685124365052237,0.0324240562184297,0.483446814341165,TRUE
"VD_B_N","VD","B",0,5,20560005,"frozen_trunc_1_99",0.00253829422575523,0.0270460056071919,-0.0504718767643409,0.0555484652158514,0.925227531404776,TRUE
"VD_B_N","VD","B",0,5,20560005,"mild_trunc_0.5_99.5",0.00522526986426553,0.0273185688315043,-0.0483191250454829,0.058769664774014,0.848312710012562,TRUE
"VD_B_N","VD","B",0,5,20560005,"untruncated",0.0085607049508939,0.027765662372188,-0.0458599932985946,0.0629814032003824,0.757838960615878,TRUE
"VD_B_N","VD","B",0,6,20560006,"frozen_trunc_1_99",0.00245950695305166,0.0268825137413102,-0.0502302199799163,0.0551492338860196,0.927102490060544,TRUE
"VD_B_N","VD","B",0,6,20560006,"mild_trunc_0.5_99.5",0.00597957872290834,0.0271512249949083,-0.047236822267112,0.0591959797129287,0.825690185135378,TRUE
"VD_B_N","VD","B",0,6,20560006,"untruncated",0.0144258305233697,0.0279933867806467,-0.0404412075666979,0.0692928686134372,0.606322475731332,TRUE
"VD_B_N","VD","B",0,7,20560007,"frozen_trunc_1_99",0.0178114089537365,0.0274683239202185,-0.0360265059298918,0.0716493238373647,0.516703960760512,TRUE
"VD_B_N","VD","B",0,7,20560007,"mild_trunc_0.5_99.5",0.0197622997272042,0.0275711820099559,-0.0342772170123094,0.0738018164667178,0.473513706657485,TRUE
"VD_B_N","VD","B",0,7,20560007,"untruncated",0.0247035938233126,0.0278852657252215,-0.0299515269981215,0.0793587146447466,0.375670702670447,TRUE
"VD_B_N","VD","B",0,8,20560008,"frozen_trunc_1_99",-0.0436243072794056,0.0244898394351561,-0.0916243925723116,0.00437577801350034,0.0748597456926093,TRUE
"VD_B_N","VD","B",0,8,20560008,"mild_trunc_0.5_99.5",-0.0438241303891862,0.0246721329723845,-0.0921815110150598,0.00453325023668736,0.0756900229795183,TRUE
"VD_B_N","VD","B",0,8,20560008,"untruncated",-0.0437712275677564,0.0249257309049251,-0.0926256601414097,0.00508320500589687,0.0790771466125759,TRUE
"VD_B_N","VD","B",0,9,20560009,"frozen_trunc_1_99",-0.00703192888020916,0.0274538201152476,-0.0608414163060945,0.0467775585456762,0.797845340885463,TRUE
"VD_B_N","VD","B",0,9,20560009,"mild_trunc_0.5_99.5",-0.00145125090781274,0.0281099890179239,-0.0565468293829435,0.053644327567318,0.958825437279841,TRUE
"VD_B_N","VD","B",0,9,20560009,"untruncated",0.0115028904502164,0.0303947361592345,-0.0480707924218831,0.071076573322316,0.705096268296471,TRUE
"VD_B_N","VD","B",0,10,20560010,"frozen_trunc_1_99",0.0569767767432331,0.0263356230587623,0.00535895554805913,0.108594597938407,0.0305037465687187,TRUE
"VD_B_N","VD","B",0,10,20560010,"mild_trunc_0.5_99.5",0.0597306678064178,0.0264607843913192,0.00786753039943217,0.111593805213403,0.0239875910249127,TRUE
"VD_B_N","VD","B",0,10,20560010,"untruncated",0.0653059484055691,0.0267387528711162,0.0128979927781813,0.117713904032957,0.0145911525879583,TRUE
"VD_B_N","VD","B",0,11,20560011,"frozen_trunc_1_99",-0.00347361457928485,0.0237835092019793,-0.0500892926151642,0.0431420634565945,0.883880819942547,TRUE
"VD_B_N","VD","B",0,11,20560011,"mild_trunc_0.5_99.5",-0.000723915366379841,0.0238104426395688,-0.0473923829399348,0.0459445522071751,0.9757454353055,TRUE
"VD_B_N","VD","B",0,11,20560011,"untruncated",0.00318976867025469,0.0240843944786659,-0.0440156445079305,0.0503951818484399,0.894635244581633,TRUE
"VD_B_N","VD","B",0,12,20560012,"frozen_trunc_1_99",1.32176363811669e-05,0.026549983797405,-0.0520247506065326,0.0520511858792949,0.999602781393628,TRUE
"VD_B_N","VD","B",0,12,20560012,"mild_trunc_0.5_99.5",0.00154874760108303,0.0268762215732842,-0.051128646682554,0.0542261418847201,0.95404717757953,TRUE
"VD_B_N","VD","B",0,12,20560012,"untruncated",0.00249077632957425,0.0278328365905207,-0.0520615833878464,0.0570431360469949,0.928692049895493,TRUE
"VD_B_N","VD","B",0,13,20560013,"frozen_trunc_1_99",0.00021721406694847,0.0279131136191957,-0.0544924886266751,0.054926916760572,0.993791090324022,TRUE
"VD_B_N","VD","B",0,13,20560013,"mild_trunc_0.5_99.5",0.00215314079271512,0.0280995139867602,-0.0529219066213349,0.0572281882067651,0.938921430515064,TRUE
"VD_B_N","VD","B",0,13,20560013,"untruncated",0.000748108437378075,0.0284800443369752,-0.0550727784630933,0.0565689953378494,0.979043728715467,TRUE
"VD_B_N","VD","B",0,14,20560014,"frozen_trunc_1_99",-0.00340722627958694,0.0275967202755308,-0.0574967980196273,0.0506823454604534,0.901738968184971,TRUE
"VD_B_N","VD","B",0,14,20560014,"mild_trunc_0.5_99.5",-0.00205842795674576,0.0279118021144907,-0.0567655601011476,0.0526487041876561,0.94121123569661,TRUE
"VD_B_N","VD","B",0,14,20560014,"untruncated",-0.00209026121461434,0.0283161811330496,-0.0575899762353915,0.0534094538061629,0.941154716457956,TRUE
"VD_B_N","VD","B",0,15,20560015,"frozen_trunc_1_99",-0.0286246145887822,0.0261632227770786,-0.0799045312318563,0.0226553020542919,0.273920633874739,TRUE
"VD_B_N","VD","B",0,15,20560015,"mild_trunc_0.5_99.5",-0.0253649252080431,0.0264696074041681,-0.0772453557202125,0.0265155053041264,0.337928636237256,TRUE
"VD_B_N","VD","B",0,15,20560015,"untruncated",-0.0181260169029321,0.0271632501441643,-0.0713659871854942,0.0351139533796299,0.504580994683239,TRUE
"VD_B_N","VD","B",0,16,20560016,"frozen_trunc_1_99",-0.00944009696154799,0.0271163418539129,-0.0625881269952173,0.0437079330721213,0.727740204614357,TRUE
"VD_B_N","VD","B",0,16,20560016,"mild_trunc_0.5_99.5",-0.00838129105605289,0.0274070391081376,-0.0620990877080026,0.0453365055958968,0.759750858084166,TRUE
"VD_B_N","VD","B",0,16,20560016,"untruncated",-0.00888639298428505,0.0279005361870522,-0.0635714439109074,0.0457986579423373,0.750103731792335,TRUE
"VD_B_N","VD","B",0,17,20560017,"frozen_trunc_1_99",-0.0756109808214789,0.0254322443446229,-0.12545817973694,-0.025763781906018,0.00294869757616612,TRUE
"VD_B_N","VD","B",0,17,20560017,"mild_trunc_0.5_99.5",-0.0751107323812961,0.0255631544584875,-0.125214515119932,-0.0250069496426605,0.00330079331922992,TRUE
"VD_B_N","VD","B",0,17,20560017,"untruncated",-0.0728464811147501,0.0262545324418073,-0.124305364700692,-0.0213875975288078,0.00552653976820487,TRUE
"VD_B_N","VD","B",0,18,20560018,"frozen_trunc_1_99",0.0218281161427047,0.0269441597144591,-0.0309824368976351,0.0746386691830446,0.417868790301738,TRUE
"VD_B_N","VD","B",0,18,20560018,"mild_trunc_0.5_99.5",0.0261120152855268,0.0272863275767427,-0.0273691867648889,0.0795932173359424,0.338585756965183,TRUE
"VD_B_N","VD","B",0,18,20560018,"untruncated",0.0308570093225337,0.0281685840073424,-0.0243534153318574,0.0860674339769248,0.273323674700034,TRUE
"VD_B_N","VD","B",0,19,20560019,"frozen_trunc_1_99",-0.00891555072109374,0.0260261394495528,-0.0599267840422173,0.0420956826000298,0.731928446457206,TRUE
"VD_B_N","VD","B",0,19,20560019,"mild_trunc_0.5_99.5",-0.00549565878546238,0.0263822897070959,-0.0572049466113703,0.0462136290404455,0.834987988937183,TRUE
"VD_B_N","VD","B",0,19,20560019,"untruncated",-0.000633288052059874,0.0271428698201979,-0.0538333128996477,0.0525667367955279,0.981385722198477,TRUE
"VD_B_N","VD","B",0,20,20560020,"frozen_trunc_1_99",0.0212117921184643,0.0257855608317721,-0.0293279071118091,0.0717514913487377,0.410722487657631,TRUE
"VD_B_N","VD","B",0,20,20560020,"mild_trunc_0.5_99.5",0.0241464082306963,0.0262393663852285,-0.0272827498843516,0.0755755663457442,0.35744947204836,TRUE
"VD_B_N","VD","B",0,20,20560020,"untruncated",0.0268753082100273,0.0268774046076936,-0.0258044048210522,0.0795550212411068,0.317348256049738,TRUE
"VD_B_N","VD","B",0,21,20560021,"frozen_trunc_1_99",0.041966033316588,0.026654083064172,-0.0102759694891891,0.094208036122365,0.115379012512122,TRUE
"VD_B_N","VD","B",0,21,20560021,"mild_trunc_0.5_99.5",0.0437999523686879,0.0269507348920951,-0.00902348801981857,0.0966233927571944,0.104122969475784,TRUE
"VD_B_N","VD","B",0,21,20560021,"untruncated",0.0443180835310403,0.0272982286187015,-0.00918644456161454,0.0978226116236952,0.104487184867134,TRUE
"VD_B_N","VD","B",0,22,20560022,"frozen_trunc_1_99",0.0283639745505449,0.0247090521441763,-0.0200657676520407,0.0767937167531304,0.251002269114212,TRUE
"VD_B_N","VD","B",0,22,20560022,"mild_trunc_0.5_99.5",0.0282028282101894,0.0248815132596922,-0.0205649377788073,0.0769705941991862,0.257010533034803,TRUE
"VD_B_N","VD","B",0,22,20560022,"untruncated",0.029858210196624,0.0258220921753527,-0.0207530904670672,0.0804695108603153,0.247556488765502,TRUE
"VD_B_N","VD","B",0,23,20560023,"frozen_trunc_1_99",-0.0202175193198424,0.025007936605462,-0.069233075066548,0.0287980364268632,0.418834961725642,TRUE
"VD_B_N","VD","B",0,23,20560023,"mild_trunc_0.5_99.5",-0.0173591112987259,0.0251023257368457,-0.0665596697429436,0.0318414471454917,0.489230032453798,TRUE
"VD_B_N","VD","B",0,23,20560023,"untruncated",-0.0131941053285179,0.0256731921527379,-0.0635135619478842,0.0371253512908483,0.607304154221784,TRUE
"VD_B_N","VD","B",0,24,20560024,"frozen_trunc_1_99",-0.0178885115251589,0.0262925621068778,-0.0694219332546394,0.0336449102043216,0.496274038691857,TRUE
"VD_B_N","VD","B",0,24,20560024,"mild_trunc_0.5_99.5",-0.0153102651285366,0.0263248710924553,-0.066907012469749,0.0362864822126758,0.560843306411455,TRUE
"VD_B_N","VD","B",0,24,20560024,"untruncated",-0.0112312475026181,0.0266526381928835,-0.0634704183606697,0.0410079233554335,0.673467791909066,TRUE
"VD_B_N","VD","B",0,25,20560025,"frozen_trunc_1_99",-0.0208279834701378,0.027031549210022,-0.073809819921781,0.0321538529815054,0.440999520562026,TRUE
"VD_B_N","VD","B",0,25,20560025,"mild_trunc_0.5_99.5",-0.0185638410147555,0.0273554223059971,-0.0721804687345098,0.0350527867049988,0.497380883698492,TRUE
"VD_B_N","VD","B",0,25,20560025,"untruncated",-0.0155194584799327,0.027670518125557,-0.0697536740060245,0.0387147570461591,0.574888750196847,TRUE
"VD_B_N","VD","B",0,26,20560026,"frozen_trunc_1_99",0.00213720210018391,0.0262020825821739,-0.0492188797608769,0.0534932839612447,0.934991747211872,TRUE
"VD_B_N","VD","B",0,26,20560026,"mild_trunc_0.5_99.5",0.00609803370558962,0.0267194688619401,-0.0462721252638129,0.0584681926749921,0.819471823843096,TRUE
"VD_B_N","VD","B",0,26,20560026,"untruncated",0.0153210584824165,0.0282615890849695,-0.0400716561241237,0.0707137730889568,0.587738625061749,TRUE
"VD_B_N","VD","B",0,27,20560027,"frozen_trunc_1_99",-0.000409713323067371,0.0289401209691606,-0.0571323504226221,0.0563129237764874,0.988704504194616,TRUE
"VD_B_N","VD","B",0,27,20560027,"mild_trunc_0.5_99.5",0.00281657328110221,0.0290020750582954,-0.0540274938331568,0.0596606403953612,0.92263406228427,TRUE
"VD_B_N","VD","B",0,27,20560027,"untruncated",0.00376382133914602,0.0292210784070388,-0.0535094923386499,0.061037135016942,0.897511939993521,TRUE
"VD_B_N","VD","B",0,28,20560028,"frozen_trunc_1_99",0.0242758993051595,0.0279223971081658,-0.0304519990268456,0.0790037976371646,0.384625107849957,TRUE
"VD_B_N","VD","B",0,28,20560028,"mild_trunc_0.5_99.5",0.0270971940626343,0.0281116149178266,-0.0280015711763059,0.0821959593015744,0.335088778841896,TRUE
"VD_B_N","VD","B",0,28,20560028,"untruncated",0.0292271786667272,0.0284572796815623,-0.0265490895091349,0.0850034468425893,0.304394776921586,TRUE
"VD_B_N","VD","B",0,29,20560029,"frozen_trunc_1_99",-0.019275523934488,0.0260020939324143,-0.07023962804202,0.031688580173044,0.458507558771332,TRUE
"VD_B_N","VD","B",0,29,20560029,"mild_trunc_0.5_99.5",-0.0216980720314457,0.0265438505143696,-0.0737240190396101,0.0303278749767187,0.413675585485027,TRUE
"VD_B_N","VD","B",0,29,20560029,"untruncated",-0.0249154272374636,0.027521636398983,-0.0788578345794703,0.0290269801045431,0.365304748192444,TRUE
"VD_B_N","VD","B",0,30,20560030,"frozen_trunc_1_99",0.0163592001397624,0.0272692316353438,-0.0370884938655115,0.0698068941450362,0.54856339732814,TRUE
"VD_B_N","VD","B",0,30,20560030,"mild_trunc_0.5_99.5",0.0196191677944647,0.0276197499381471,-0.0345155420843037,0.0737538776732331,0.477498828536772,TRUE
"VD_B_N","VD","B",0,30,20560030,"untruncated",0.0235844502185727,0.0282065091335675,-0.0317003076832196,0.0788692081203649,0.403078946321935,TRUE
"VD_B_N","VD","B",0,31,20560031,"frozen_trunc_1_99",-0.0404253565914111,0.0262916297517873,-0.0919569509049143,0.0111062377220921,0.124152527016984,TRUE
"VD_B_N","VD","B",0,31,20560031,"mild_trunc_0.5_99.5",-0.0385048213143632,0.0265712902081281,-0.0905845501222943,0.0135749074935679,0.147305825890753,TRUE
"VD_B_N","VD","B",0,31,20560031,"untruncated",-0.0279662544437062,0.0284379542501161,-0.0837046447739338,0.0277721358865213,0.325404205319975,TRUE
"VD_B_N","VD","B",0,32,20560032,"frozen_trunc_1_99",0.0221926884226144,0.0283896254210413,-0.0334509774026266,0.0778363542478553,0.434380171382675,TRUE
"VD_B_N","VD","B",0,32,20560032,"mild_trunc_0.5_99.5",0.0277509597265579,0.0291360632173135,-0.0293557241793766,0.0848576436324923,0.34086330859302,TRUE
"VD_B_N","VD","B",0,32,20560032,"untruncated",0.0390743279310445,0.0323146598048802,-0.0242624052865207,0.10241106114861,0.2265926585603,TRUE
"VD_B_N","VD","B",0,33,20560033,"frozen_trunc_1_99",-0.001555880067087,0.0280784391986638,-0.0565896208964681,0.0534778607622941,0.955810304168059,TRUE
"VD_B_N","VD","B",0,33,20560033,"mild_trunc_0.5_99.5",0.00266997759500369,0.0282317279413848,-0.0526642091701105,0.0580041643601179,0.924653479193832,TRUE
"VD_B_N","VD","B",0,33,20560033,"untruncated",0.00901170256929675,0.0290146892267457,-0.0478570883151248,0.0658804934537183,0.756111537827647,TRUE
"VD_B_N","VD","B",0,34,20560034,"frozen_trunc_1_99",-0.0408117071580732,0.0257045093334721,-0.0911925454516785,0.00956913113553214,0.112348404636459,TRUE
"VD_B_N","VD","B",0,34,20560034,"mild_trunc_0.5_99.5",-0.0406937108784754,0.0258963419976121,-0.0914505411937952,0.0100631194368443,0.116087981602956,TRUE
"VD_B_N","VD","B",0,34,20560034,"untruncated",-0.0405692304407204,0.0261717762790978,-0.0918659119477522,0.0107274510663114,0.121114214817589,TRUE
"VD_B_N","VD","B",0,35,20560035,"frozen_trunc_1_99",0.0110373649672383,0.0286171966950659,-0.0450523405550909,0.0671270704895674,0.699726311832812,TRUE
"VD_B_N","VD","B",0,35,20560035,"mild_trunc_0.5_99.5",0.0118845398608434,0.0290692965010476,-0.0450912812812099,0.0688603610028967,0.682660903587232,TRUE
"VD_B_N","VD","B",0,35,20560035,"untruncated",0.0160632254993953,0.0305650411430474,-0.0438442551409776,0.0759707061397683,0.599206176739278,TRUE
"VD_B_N","VD","B",0,36,20560036,"frozen_trunc_1_99",-0.0626249144496853,0.0254560030996015,-0.112518680524904,-0.0127311483744663,0.0138889167295969,TRUE
"VD_B_N","VD","B",0,36,20560036,"mild_trunc_0.5_99.5",-0.0604575768382419,0.0256767798476551,-0.110784065339646,-0.0101310883368379,0.018544536723763,TRUE
"VD_B_N","VD","B",0,36,20560036,"untruncated",-0.0590392130754908,0.0263458386596657,-0.110677056848436,-0.00740136930254602,0.0250305288565122,TRUE
"VD_B_N","VD","B",0,37,20560037,"frozen_trunc_1_99",0.00630741011069246,0.0261471077008084,-0.044940920982892,0.0575557412042769,0.809378540702341,TRUE
"VD_B_N","VD","B",0,37,20560037,"mild_trunc_0.5_99.5",0.00768485965030115,0.0262663712290002,-0.0437972279585392,0.0591669472591415,0.769847721020932,TRUE
"VD_B_N","VD","B",0,37,20560037,"untruncated",0.0112987004834632,0.0266666893500512,-0.0409680106426371,0.0635654116095636,0.671783953101939,TRUE
"VD_B_N","VD","B",0,38,20560038,"frozen_trunc_1_99",-0.0410957935506536,0.0268008073816741,-0.093625376018735,0.0114337889174277,0.12518251522928,TRUE
"VD_B_N","VD","B",0,38,20560038,"mild_trunc_0.5_99.5",-0.0404779849162743,0.0270854200037778,-0.0935654081236789,0.0126094382911303,0.135056315175669,TRUE
"VD_B_N","VD","B",0,38,20560038,"untruncated",-0.0392143987862282,0.027790170907609,-0.0936831337651418,0.0152543361926854,0.158218433416368,TRUE
"VD_B_N","VD","B",0,39,20560039,"frozen_trunc_1_99",0.0220481373176411,0.0276973384234512,-0.0322386459923232,0.0763349206276054,0.426009876736014,TRUE
"VD_B_N","VD","B",0,39,20560039,"mild_trunc_0.5_99.5",0.0238718882968661,0.0277570248745372,-0.0305318804572269,0.078275657050959,0.389772223745472,TRUE
"VD_B_N","VD","B",0,39,20560039,"untruncated",0.0295110144573413,0.0279148507344905,-0.02520209298226,0.0842241218969426,0.290429567378158,TRUE
"VD_B_N","VD","B",0,40,20560040,"frozen_trunc_1_99",0.0172287568031439,0.0266426564525197,-0.0349908498437947,0.0694483634500825,0.517851613682758,TRUE
"VD_B_N","VD","B",0,40,20560040,"mild_trunc_0.5_99.5",0.0202422241015712,0.0268624964270847,-0.0324082688955148,0.0728927170986572,0.45111970267786,TRUE
"VD_B_N","VD","B",0,40,20560040,"untruncated",0.024630443164046,0.0276241175165547,-0.0295128271684012,0.0787737134964932,0.372592230653126,TRUE
"VD_B_N","VD","B",0,41,20560041,"frozen_trunc_1_99",-0.026537693363082,0.0272228975523101,-0.0798945725656098,0.0268191858394459,0.329644663622092,TRUE
"VD_B_N","VD","B",0,41,20560041,"mild_trunc_0.5_99.5",-0.0241668267622769,0.027420919062073,-0.07791182812394,0.0295781745993862,0.378140255920688,TRUE
"VD_B_N","VD","B",0,41,20560041,"untruncated",-0.0218777490114673,0.0278504260418419,-0.0764645840534774,0.0327090860305427,0.432134389906263,TRUE
"VD_B_N","VD","B",0,42,20560042,"frozen_trunc_1_99",-0.00218126903378747,0.0277083927720508,-0.056489718867007,0.052127180799432,0.937253489732777,TRUE
"VD_B_N","VD","B",0,42,20560042,"mild_trunc_0.5_99.5",0.000410515399787551,0.0278474777441765,-0.0541705409787984,0.0549915717783735,0.988238358979586,TRUE
"VD_B_N","VD","B",0,42,20560042,"untruncated",0.00344293946996169,0.028029994660023,-0.0514958500636835,0.0583817290036069,0.902241287415578,TRUE
"VD_B_N","VD","B",0,43,20560043,"frozen_trunc_1_99",-0.0339692561118411,0.026422575177979,-0.08575750346068,0.0178189912369978,0.198577497138785,TRUE
"VD_B_N","VD","B",0,43,20560043,"mild_trunc_0.5_99.5",-0.0326002687852281,0.0266748605878889,-0.0848829955374905,0.0196824579670342,0.221656748882069,TRUE
"VD_B_N","VD","B",0,43,20560043,"untruncated",-0.0331672532669806,0.0271733799930463,-0.0864270780533514,0.0200925715193901,0.222245513176618,TRUE
"VD_B_N","VD","B",0,44,20560044,"frozen_trunc_1_99",0.0337812788071837,0.0236764819378698,-0.0126246257910412,0.0801871834054086,0.153641516546793,TRUE
"VD_B_N","VD","B",0,44,20560044,"mild_trunc_0.5_99.5",0.0349642669527804,0.0237472767359067,-0.0115803954495967,0.0815089293551574,0.140926796332641,TRUE
"VD_B_N","VD","B",0,44,20560044,"untruncated",0.0381361483318076,0.0238209883582247,-0.00855298885031282,0.0848252855139281,0.109388579570598,TRUE
"VD_B_N","VD","B",0,45,20560045,"frozen_trunc_1_99",-0.0268544732740388,0.0262037645724637,-0.0782138518360676,0.0245049052879901,0.305442161600607,TRUE
"VD_B_N","VD","B",0,45,20560045,"mild_trunc_0.5_99.5",-0.025344511254905,0.0264371842931917,-0.0771613924695608,0.0264723699597509,0.337725477699416,TRUE
"VD_B_N","VD","B",0,45,20560045,"untruncated",-0.0200869449399662,0.027066454973116,-0.0731371966872735,0.0329633068073411,0.458005962689522,TRUE
"VD_B_N","VD","B",0,46,20560046,"frozen_trunc_1_99",-0.00397909007674335,0.0263276183853824,-0.0555812221120928,0.0476230419586062,0.879867261929821,TRUE
"VD_B_N","VD","B",0,46,20560046,"mild_trunc_0.5_99.5",-0.00397847620161987,0.0265903416782301,-0.0560955458909508,0.0481385934877111,0.881063559284031,TRUE
"VD_B_N","VD","B",0,46,20560046,"untruncated",-0.00921079451820113,0.0274059058287306,-0.0629263699425131,0.0445047809061109,0.736804550177297,TRUE
"VD_B_N","VD","B",0,47,20560047,"frozen_trunc_1_99",0.0209101319757113,0.0273723048161441,-0.0327395854639311,0.0745598494153537,0.444917511634599,TRUE
"VD_B_N","VD","B",0,47,20560047,"mild_trunc_0.5_99.5",0.0258004905121633,0.0278276829836945,-0.028741768135878,0.0803427491602046,0.353847647152194,TRUE
"VD_B_N","VD","B",0,47,20560047,"untruncated",0.0329514631572289,0.0288814367519831,-0.023656152876658,0.0895590791911159,0.253902432764348,TRUE
"VD_B_N","VD","B",0,48,20560048,"frozen_trunc_1_99",-0.000208987836405348,0.0277881750066535,-0.0546738108494461,0.0542558351766354,0.993999368576312,TRUE
"VD_B_N","VD","B",0,48,20560048,"mild_trunc_0.5_99.5",0.00144924237755218,0.0281977782315487,-0.0538184029562833,0.0567168877113877,0.959010272558614,TRUE
"VD_B_N","VD","B",0,48,20560048,"untruncated",0.00109818690348615,0.0290885169266905,-0.0559153062728273,0.0581116800797996,0.969884395522146,TRUE
"VD_B_N","VD","B",0,49,20560049,"frozen_trunc_1_99",-0.00203579864765439,0.027193344030944,-0.0553347529483047,0.0512631556529959,0.940323032920355,TRUE
"VD_B_N","VD","B",0,49,20560049,"mild_trunc_0.5_99.5",0.00124630159664283,0.0273426993401263,-0.0523453891100047,0.0548379923032904,0.963644387612126,TRUE
"VD_B_N","VD","B",0,49,20560049,"untruncated",0.0088872168077107,0.027530073709154,-0.0450717276622311,0.0628461612776525,0.746832709565932,TRUE
"VD_B_N","VD","B",0,50,20560050,"frozen_trunc_1_99",0.00942288733688284,0.0251490627066222,-0.0398692755680968,0.0587150502418625,0.707897388030487,TRUE
"VD_B_N","VD","B",0,50,20560050,"mild_trunc_0.5_99.5",0.010817408251609,0.0252618079104265,-0.038695735252827,0.060330551756045,0.668496810345981,TRUE
"VD_B_N","VD","B",0,50,20560050,"untruncated",0.0129484336690996,0.0259309580206663,-0.0378762440514063,0.0637731113896055,0.617538003617833,TRUE
"VD_B_A","VD","B",0.2,1,20660001,"frozen_trunc_1_99",0.219120358983151,0.0273402007897587,0.165533565435224,0.272707152531078,1.10509649988502e-15,TRUE
"VD_B_A","VD","B",0.2,1,20660001,"mild_trunc_0.5_99.5",0.226317808939507,0.0276900705674153,0.172045270627373,0.280590347251641,3.00196459620831e-16,TRUE
"VD_B_A","VD","B",0.2,1,20660001,"untruncated",0.235678864695416,0.0281973010938324,0.180412154551505,0.290945574839328,6.36789225403736e-17,TRUE
"VD_B_A","VD","B",0.2,2,20660002,"frozen_trunc_1_99",0.184417859006017,0.0263976618404446,0.132678441798746,0.236157276213288,2.82544681184737e-12,TRUE
"VD_B_A","VD","B",0.2,2,20660002,"mild_trunc_0.5_99.5",0.189067975936622,0.0265036733638202,0.137120776143535,0.24101517572971,9.77404377891891e-13,TRUE
"VD_B_A","VD","B",0.2,2,20660002,"untruncated",0.194976539542397,0.0268232978448101,0.142402875766569,0.247550203318224,3.62359578752343e-13,TRUE
"VD_B_A","VD","B",0.2,3,20660003,"frozen_trunc_1_99",0.220934543598118,0.0279776836171808,0.166098283708443,0.275770803487792,2.86124502780776e-15,TRUE
"VD_B_A","VD","B",0.2,3,20660003,"mild_trunc_0.5_99.5",0.228538686398444,0.0281962605945663,0.173274015633094,0.283803357163794,5.26226589691991e-16,TRUE
"VD_B_A","VD","B",0.2,3,20660003,"untruncated",0.240582652438642,0.0285352541719431,0.184653554261634,0.296511750615651,3.42526262108908e-17,TRUE
"VD_B_A","VD","B",0.2,4,20660004,"frozen_trunc_1_99",0.186752294196105,0.0258122128702746,0.136160356970367,0.237344231421843,4.65405024338276e-13,TRUE
"VD_B_A","VD","B",0.2,4,20660004,"mild_trunc_0.5_99.5",0.189939840672596,0.026080240868426,0.138822568570481,0.241057112774711,3.26714358991441e-13,TRUE
"VD_B_A","VD","B",0.2,4,20660004,"untruncated",0.203057736592266,0.027027711906966,0.150083421254612,0.256032051929919,5.78114356229297e-14,TRUE
"VD_B_A","VD","B",0.2,5,20660005,"frozen_trunc_1_99",0.162056459130662,0.0262059270652852,0.110692842082703,0.213420076178621,6.2512391661153e-10,TRUE
"VD_B_A","VD","B",0.2,5,20660005,"mild_trunc_0.5_99.5",0.166719480471181,0.0265675432380134,0.114647095724674,0.218791865217687,3.48945891883529e-10,TRUE
"VD_B_A","VD","B",0.2,5,20660005,"untruncated",0.183565917912007,0.0282725312870225,0.128151756589443,0.238980079234571,8.42945685804912e-11,TRUE
"VD_B_A","VD","B",0.2,6,20660006,"frozen_trunc_1_99",0.195701348522177,0.0269297412017991,0.142919055766651,0.248483641277704,3.67264085142877e-13,TRUE
"VD_B_A","VD","B",0.2,6,20660006,"mild_trunc_0.5_99.5",0.200230007839207,0.027264502182396,0.14679158356171,0.253668432116703,2.07331327781064e-13,TRUE
"VD_B_A","VD","B",0.2,6,20660006,"untruncated",0.204089252041071,0.0276407723640537,0.149913338207526,0.258265165874616,1.54030454616477e-13,TRUE
"VD_B_A","VD","B",0.2,7,20660007,"frozen_trunc_1_99",0.157789740289154,0.0281142161594079,0.102685876616714,0.212893603961593,1.99477438310571e-08,TRUE
"VD_B_A","VD","B",0.2,7,20660007,"mild_trunc_0.5_99.5",0.161745014172726,0.0284033887975685,0.106074372129492,0.21741565621596,1.23685061587002e-08,TRUE
"VD_B_A","VD","B",0.2,7,20660007,"untruncated",0.169448786145747,0.0293358098202594,0.111950598898038,0.226946973393455,7.64176639770863e-09,TRUE
"VD_B_A","VD","B",0.2,8,20660008,"frozen_trunc_1_99",0.149442410180556,0.0270059476319455,0.0965107528219432,0.202374067539169,3.13571721424147e-08,TRUE
"VD_B_A","VD","B",0.2,8,20660008,"mild_trunc_0.5_99.5",0.154469363620967,0.0274473284377087,0.100672599883058,0.208266127358876,1.82472881364421e-08,TRUE
"VD_B_A","VD","B",0.2,8,20660008,"untruncated",0.168250426195188,0.0294220970856176,0.110583115907377,0.225917736482998,1.07464992094799e-08,TRUE
"VD_B_A","VD","B",0.2,9,20660009,"frozen_trunc_1_99",0.186018176350698,0.0258969962656033,0.135260063670116,0.236776289031281,6.81970952390498e-13,TRUE
"VD_B_A","VD","B",0.2,9,20660009,"mild_trunc_0.5_99.5",0.18909507913003,0.0261548926728359,0.137831489491272,0.240358668768788,4.83646471756252e-13,TRUE
"VD_B_A","VD","B",0.2,9,20660009,"untruncated",0.196362803226333,0.0266498915811097,0.144129015727358,0.248596590725308,1.72895031694681e-13,TRUE
"VD_B_A","VD","B",0.2,10,20660010,"frozen_trunc_1_99",0.23193208628725,0.0266780180945758,0.179643170821881,0.284221001752619,3.50661143184451e-18,TRUE
"VD_B_A","VD","B",0.2,10,20660010,"mild_trunc_0.5_99.5",0.236145593781465,0.0269363993651135,0.183350251025842,0.288940936537087,1.8384207137964e-18,TRUE
"VD_B_A","VD","B",0.2,10,20660010,"untruncated",0.246301131073299,0.0281847293975209,0.191059061454158,0.30154320069244,2.35568628742913e-18,TRUE
"VD_B_A","VD","B",0.2,11,20660011,"frozen_trunc_1_99",0.163539907300153,0.0281027887514933,0.108458441347226,0.21862137325308,5.90776226303408e-09,TRUE
"VD_B_A","VD","B",0.2,11,20660011,"mild_trunc_0.5_99.5",0.167233027477263,0.0282796656308531,0.111804882840791,0.222661172113735,3.34825435159219e-09,TRUE
"VD_B_A","VD","B",0.2,11,20660011,"untruncated",0.181916808207644,0.0297408044181616,0.123624831548047,0.240208784867241,9.55081932377083e-10,TRUE
"VD_B_A","VD","B",0.2,12,20660012,"frozen_trunc_1_99",0.210225584194817,0.0253289624489409,0.160580817794893,0.259870350594741,1.04277738459695e-16,TRUE
"VD_B_A","VD","B",0.2,12,20660012,"mild_trunc_0.5_99.5",0.2160095095786,0.0254677756210747,0.166092669361294,0.265926349795907,2.2196635593751e-17,TRUE
"VD_B_A","VD","B",0.2,12,20660012,"untruncated",0.230999423441196,0.0263126100882965,0.179426707668135,0.282572139214257,1.64877728235237e-18,TRUE
"VD_B_A","VD","B",0.2,13,20660013,"frozen_trunc_1_99",0.186588600746832,0.0265905726390983,0.134471078374199,0.238706123119465,2.26526984399524e-12,TRUE
"VD_B_A","VD","B",0.2,13,20660013,"mild_trunc_0.5_99.5",0.191471972420301,0.0268130681936009,0.138918358760844,0.244025586079759,9.26580617551208e-13,TRUE
"VD_B_A","VD","B",0.2,13,20660013,"untruncated",0.206232473808557,0.0276016937534738,0.152133154051748,0.260331793565366,7.91457418475464e-14,TRUE
"VD_B_A","VD","B",0.2,14,20660014,"frozen_trunc_1_99",0.138317082951179,0.0265058979950635,0.0863655228808541,0.190268643021503,1.80522982633276e-07,TRUE
"VD_B_A","VD","B",0.2,14,20660014,"mild_trunc_0.5_99.5",0.140736848881843,0.0267928578784609,0.0882228474400593,0.193250850323626,1.4982467851848e-07,TRUE
"VD_B_A","VD","B",0.2,14,20660014,"untruncated",0.146153219359146,0.0271365720537912,0.0929655381337157,0.199340900584577,7.21073214226456e-08,TRUE
"VD_B_A","VD","B",0.2,15,20660015,"frozen_trunc_1_99",0.191898734601419,0.0250889999155252,0.142724294766989,0.241073174435848,2.02989747301871e-14,TRUE
"VD_B_A","VD","B",0.2,15,20660015,"mild_trunc_0.5_99.5",0.1953833598186,0.02542661323952,0.145547197869141,0.24521952176806,1.53947557521292e-14,TRUE
"VD_B_A","VD","B",0.2,15,20660015,"untruncated",0.199609386830358,0.0261165996334518,0.148420851548792,0.250797922111923,2.1220436488886e-14,TRUE
"VD_B_A","VD","B",0.2,16,20660016,"frozen_trunc_1_99",0.182087162071639,0.0289379154709279,0.125368847748621,0.238805476394658,3.12718445537414e-10,TRUE
"VD_B_A","VD","B",0.2,16,20660016,"mild_trunc_0.5_99.5",0.187755958496386,0.0291727601991699,0.130577348506012,0.244934568486759,1.22660988085186e-10,TRUE
"VD_B_A","VD","B",0.2,16,20660016,"untruncated",0.194726323353241,0.0294970672360629,0.136912071570557,0.252540575135924,4.06884791249041e-11,TRUE
"VD_B_A","VD","B",0.2,17,20660017,"frozen_trunc_1_99",0.271483556593389,0.029811770180139,0.213052487040316,0.329914626146461,8.50122488806398e-20,TRUE
"VD_B_A","VD","B",0.2,17,20660017,"mild_trunc_0.5_99.5",0.276202424141452,0.030078942780324,0.217247696292017,0.335157151990887,4.2086787016231e-20,TRUE
"VD_B_A","VD","B",0.2,17,20660017,"untruncated",0.285997167614861,0.0314681832515903,0.224319528441744,0.347674806787978,1.00456337481642e-19,TRUE
"VD_B_A","VD","B",0.2,18,20660018,"frozen_trunc_1_99",0.204033496801593,0.0260436790049287,0.152987885951932,0.255079107651253,4.71533569918652e-15,TRUE
"VD_B_A","VD","B",0.2,18,20660018,"mild_trunc_0.5_99.5",0.208453192497255,0.0262439864756412,0.157014979004998,0.259891405989511,1.97518351886971e-15,TRUE
"VD_B_A","VD","B",0.2,18,20660018,"untruncated",0.221287479989552,0.0280461165625655,0.166317091526924,0.27625786845218,3.0187412960938e-15,TRUE
"VD_B_A","VD","B",0.2,19,20660019,"frozen_trunc_1_99",0.202454970584605,0.0256570737822801,0.152167105971335,0.252742835197874,3.00243056898765e-15,TRUE
"VD_B_A","VD","B",0.2,19,20660019,"mild_trunc_0.5_99.5",0.207554354349557,0.0261070828934479,0.156384471878399,0.258724236820715,1.86335978465037e-15,TRUE
"VD_B_A","VD","B",0.2,19,20660019,"untruncated",0.211679740177157,0.026925748373419,0.158905273365256,0.264454206989059,3.79226350269628e-15,TRUE
"VD_B_A","VD","B",0.2,20,20660020,"frozen_trunc_1_99",0.158212877740344,0.025255544910796,0.108712009715184,0.207713745765505,3.74069497394081e-10,TRUE
"VD_B_A","VD","B",0.2,20,20660020,"mild_trunc_0.5_99.5",0.160460394274242,0.025466922587191,0.110545226003347,0.210375562545136,2.96232709033717e-10,TRUE
"VD_B_A","VD","B",0.2,20,20660020,"untruncated",0.169429094283342,0.0265575894559336,0.117376218949713,0.221481969616972,1.7745089241815e-10,TRUE
"VD_B_A","VD","B",0.2,21,20660021,"frozen_trunc_1_99",0.184123437222294,0.0271908413427189,0.130829388190565,0.237417486254023,1.27432735175351e-11,TRUE
"VD_B_A","VD","B",0.2,21,20660021,"mild_trunc_0.5_99.5",0.189209779303379,0.0274393657222876,0.135428622487695,0.242990936119063,5.36532062265216e-12,TRUE
"VD_B_A","VD","B",0.2,21,20660021,"untruncated",0.197456045839867,0.0277385793308731,0.143088430351356,0.251823661328379,1.09137361470543e-12,TRUE
"VD_B_A","VD","B",0.2,22,20660022,"frozen_trunc_1_99",0.205995965561189,0.026864231918288,0.153342071001345,0.258649860121034,1.74646423722226e-14,TRUE
"VD_B_A","VD","B",0.2,22,20660022,"mild_trunc_0.5_99.5",0.209019231835039,0.0270429070181175,0.156015134079529,0.26202332959055,1.08249841167575e-14,TRUE
"VD_B_A","VD","B",0.2,22,20660022,"untruncated",0.215967001276183,0.0275565758250065,0.16195611265917,0.269977889893195,4.60623403699748e-15,TRUE
"VD_B_A","VD","B",0.2,23,20660023,"frozen_trunc_1_99",0.202072140251359,0.0282379645988237,0.146725729637664,0.257418550865053,8.30380049114849e-13,TRUE
"VD_B_A","VD","B",0.2,23,20660023,"mild_trunc_0.5_99.5",0.211894160172901,0.0289147649511456,0.155221220868655,0.268567099477146,2.33205484249392e-13,TRUE
"VD_B_A","VD","B",0.2,23,20660023,"untruncated",0.229991027089248,0.0306166655329506,0.169982362644665,0.289999691533831,5.82506199976839e-14,TRUE
"VD_B_A","VD","B",0.2,24,20660024,"frozen_trunc_1_99",0.162807296918915,0.0267764764859608,0.110325403006432,0.215289190831398,1.20005767921307e-09,TRUE
"VD_B_A","VD","B",0.2,24,20660024,"mild_trunc_0.5_99.5",0.167174736094932,0.0268950453020573,0.114460447302899,0.219889024886964,5.1057601478303e-10,TRUE
"VD_B_A","VD","B",0.2,24,20660024,"untruncated",0.175301252726337,0.0272888158634562,0.121815173633962,0.228787331818711,1.32806372699566e-10,TRUE
"VD_B_A","VD","B",0.2,25,20660025,"frozen_trunc_1_99",0.145177639322434,0.0263489385993072,0.0935337196677922,0.196821558977076,3.59221701502686e-08,TRUE
"VD_B_A","VD","B",0.2,25,20660025,"mild_trunc_0.5_99.5",0.149460398816265,0.0268791254104594,0.0967773130117643,0.202143484620765,2.69058945626689e-08,TRUE
"VD_B_A","VD","B",0.2,25,20660025,"untruncated",0.167852465670791,0.0295300110299666,0.109973644052057,0.225731287289526,1.31479091400118e-08,TRUE
"VD_B_A","VD","B",0.2,26,20660026,"frozen_trunc_1_99",0.172233115602689,0.0265294276958875,0.120235437318749,0.224230793886628,8.46180014151317e-11,TRUE
"VD_B_A","VD","B",0.2,26,20660026,"mild_trunc_0.5_99.5",0.176360359213721,0.0266803851220242,0.124066804374554,0.228653914052889,3.8402690343072e-11,TRUE
"VD_B_A","VD","B",0.2,26,20660026,"untruncated",0.188445705670053,0.0272036387466214,0.135126573726675,0.241764837613431,4.29178028138484e-12,TRUE
"VD_B_A","VD","B",0.2,27,20660027,"frozen_trunc_1_99",0.239974958019472,0.0288316301485003,0.183464962928412,0.296484953110533,8.55312674157798e-17,TRUE
"VD_B_A","VD","B",0.2,27,20660027,"mild_trunc_0.5_99.5",0.249543992519199,0.0290917492177422,0.192524164052424,0.306563820985973,9.6682196860135e-18,TRUE
"VD_B_A","VD","B",0.2,27,20660027,"untruncated",0.265055997093903,0.0299313247891755,0.206390600507119,0.323721393680687,8.33307231419696e-19,TRUE
"VD_B_A","VD","B",0.2,28,20660028,"frozen_trunc_1_99",0.204622539925958,0.0292563469873712,0.14728009983071,0.261964980021205,2.66920018915341e-12,TRUE
"VD_B_A","VD","B",0.2,28,20660028,"mild_trunc_0.5_99.5",0.212630866197839,0.0297665370316436,0.154288453615818,0.270973278779861,9.1126215469819e-13,TRUE
"VD_B_A","VD","B",0.2,28,20660028,"untruncated",0.231544061384411,0.0312427445618908,0.170308282043106,0.292779840725717,1.25227150931126e-13,TRUE
"VD_B_A","VD","B",0.2,29,20660029,"frozen_trunc_1_99",0.20058644733605,0.0264717754053756,0.148701767541514,0.252471127130586,3.52628981127663e-14,TRUE
"VD_B_A","VD","B",0.2,29,20660029,"mild_trunc_0.5_99.5",0.207222273912542,0.0267136013567972,0.15486361525322,0.259580932571865,8.68371076506284e-15,TRUE
"VD_B_A","VD","B",0.2,29,20660029,"untruncated",0.221331037283087,0.0277084278305119,0.167022518735284,0.275639555830891,1.37301447366164e-15,TRUE
"VD_B_A","VD","B",0.2,30,20660030,"frozen_trunc_1_99",0.172686887764131,0.0274855701339053,0.118815170301676,0.226558605226585,3.32486104826434e-10,TRUE
"VD_B_A","VD","B",0.2,30,20660030,"mild_trunc_0.5_99.5",0.176129422092666,0.0277521590452819,0.121735190363913,0.230523653821418,2.20250771895245e-10,TRUE
"VD_B_A","VD","B",0.2,30,20660030,"untruncated",0.178976290409896,0.0284054475936865,0.12330161312627,0.234650967693521,2.96163986195528e-10,TRUE
"VD_B_A","VD","B",0.2,31,20660031,"frozen_trunc_1_99",0.137940902278291,0.0277148973424078,0.083619703487172,0.19226210106941,6.45309119143312e-07,TRUE
"VD_B_A","VD","B",0.2,31,20660031,"mild_trunc_0.5_99.5",0.144809734849512,0.027931950628036,0.0900631116185617,0.199556358080463,2.16739272254104e-07,TRUE
"VD_B_A","VD","B",0.2,31,20660031,"untruncated",0.158007541413437,0.028702255182961,0.101751121254833,0.214263961572041,3.69049530427194e-08,TRUE
"VD_B_A","VD","B",0.2,32,20660032,"frozen_trunc_1_99",0.199247584876907,0.0252476168589869,0.149762255833293,0.248732913920521,2.98006141584464e-15,TRUE
"VD_B_A","VD","B",0.2,32,20660032,"mild_trunc_0.5_99.5",0.202790757838327,0.0256704830783556,0.15247661100475,0.253104904671904,2.79432014976425e-15,TRUE
"VD_B_A","VD","B",0.2,32,20660032,"untruncated",0.208706757678685,0.0268130659400404,0.156153148436206,0.261260366921165,7.03942819444769e-15,TRUE
"VD_B_A","VD","B",0.2,33,20660033,"frozen_trunc_1_99",0.181495469883526,0.0278627214637621,0.126884535814552,0.2361064039525,7.32157035168204e-11,TRUE
"VD_B_A","VD","B",0.2,33,20660033,"mild_trunc_0.5_99.5",0.18403917813531,0.0285889364192671,0.128004862753546,0.240073493517073,1.21516098121276e-10,TRUE
"VD_B_A","VD","B",0.2,33,20660033,"untruncated",0.195181624212365,0.0304764019782658,0.135447876334964,0.254915372089766,1.51008762824304e-10,TRUE
"VD_B_A","VD","B",0.2,34,20660034,"frozen_trunc_1_99",0.220140593261639,0.02611733177641,0.168950622979876,0.271330563543403,3.48905006197095e-17,TRUE
"VD_B_A","VD","B",0.2,34,20660034,"mild_trunc_0.5_99.5",0.225646250704247,0.0263396403990125,0.174020555522183,0.277271945886312,1.06406792045288e-17,TRUE
"VD_B_A","VD","B",0.2,34,20660034,"untruncated",0.234857999660474,0.0269478880459141,0.182040139090483,0.287675860230466,2.90077980733876e-18,TRUE
"VD_B_A","VD","B",0.2,35,20660035,"frozen_trunc_1_99",0.228615001000611,0.0300850670542659,0.16964826957425,0.287581732426972,2.98536902497631e-14,TRUE
"VD_B_A","VD","B",0.2,35,20660035,"mild_trunc_0.5_99.5",0.231535120852347,0.030368587843007,0.172012688680054,0.291057553024641,2.4561926743902e-14,TRUE
"VD_B_A","VD","B",0.2,35,20660035,"untruncated",0.238664321269749,0.0311538884614771,0.177602699885254,0.299725942654245,1.84750130727685e-14,TRUE
"VD_B_A","VD","B",0.2,36,20660036,"frozen_trunc_1_99",0.210290656787716,0.0270633036610681,0.157246581612023,0.26333473196341,7.82851891217618e-15,TRUE
"VD_B_A","VD","B",0.2,36,20660036,"mild_trunc_0.5_99.5",0.217640347463838,0.0275931483352039,0.163557776726838,0.271722918200837,3.08354755454946e-15,TRUE
"VD_B_A","VD","B",0.2,36,20660036,"untruncated",0.229485597774232,0.0288090760666326,0.173019808683632,0.285951386864832,1.64238484367206e-15,TRUE
"VD_B_A","VD","B",0.2,37,20660037,"frozen_trunc_1_99",0.201672120169421,0.0281604238401529,0.146477689442721,0.256866550896121,7.97732811677266e-13,TRUE
"VD_B_A","VD","B",0.2,37,20660037,"mild_trunc_0.5_99.5",0.206109521734446,0.0285333552298447,0.150184145483951,0.262034897984942,5.06815831668512e-13,TRUE
"VD_B_A","VD","B",0.2,37,20660037,"untruncated",0.213299384390072,0.0288132138278696,0.156825485287448,0.269773283492697,1.33310257494817e-13,TRUE
"VD_B_A","VD","B",0.2,38,20660038,"frozen_trunc_1_99",0.210244053937506,0.0251756394015461,0.160899800710475,0.259588307164536,6.76353231205013e-17,TRUE
"VD_B_A","VD","B",0.2,38,20660038,"mild_trunc_0.5_99.5",0.216350823937759,0.0256399622466902,0.166096497934247,0.266605149941272,3.22725066530824e-17,TRUE
"VD_B_A","VD","B",0.2,38,20660038,"untruncated",0.225617825962653,0.0264424444207018,0.173790634898078,0.277445017027229,1.43327761548062e-17,TRUE
"VD_B_A","VD","B",0.2,39,20660039,"frozen_trunc_1_99",0.217354361559593,0.0243970741465587,0.169536096232338,0.265172626886849,5.14791533216707e-19,TRUE
"VD_B_A","VD","B",0.2,39,20660039,"mild_trunc_0.5_99.5",0.222423960985359,0.0247390950535109,0.173935334680477,0.27091258729024,2.45463936996834e-19,TRUE
"VD_B_A","VD","B",0.2,39,20660039,"untruncated",0.225955057340869,0.0253465402946525,0.17627583836335,0.275634276318388,4.89442781299471e-19,TRUE
"VD_B_A","VD","B",0.2,40,20660040,"frozen_trunc_1_99",0.168456082925309,0.0260213973612215,0.117454144097315,0.219458021753303,9.55985271693524e-11,TRUE
"VD_B_A","VD","B",0.2,40,20660040,"mild_trunc_0.5_99.5",0.17225154349078,0.0261602370255598,0.120977478920682,0.223525608060877,4.56481810766271e-11,TRUE
"VD_B_A","VD","B",0.2,40,20660040,"untruncated",0.177461408640736,0.0269314481066107,0.124675770351779,0.230247046929693,4.41682158328949e-11,TRUE
"VD_B_A","VD","B",0.2,41,20660041,"frozen_trunc_1_99",0.146380033260965,0.0280090344426797,0.0914823257533129,0.201277740768617,1.73055329990017e-07,TRUE
"VD_B_A","VD","B",0.2,41,20660041,"mild_trunc_0.5_99.5",0.151686895250803,0.028433211774549,0.0959578001726866,0.207415990328919,9.56240283704724e-08,TRUE
"VD_B_A","VD","B",0.2,41,20660041,"untruncated",0.159662787607287,0.0291819113852414,0.102466241292214,0.21685933392236,4.4676395011186e-08,TRUE
"VD_B_A","VD","B",0.2,42,20660042,"frozen_trunc_1_99",0.156566820984901,0.0269697782441935,0.103706055626282,0.20942758634352,6.42626983607194e-09,TRUE
"VD_B_A","VD","B",0.2,42,20660042,"mild_trunc_0.5_99.5",0.161938647024797,0.0271157557163736,0.108791765820705,0.215085528228889,2.3418486824592e-09,TRUE
"VD_B_A","VD","B",0.2,42,20660042,"untruncated",0.171250587164996,0.0279495379062677,0.116469492868712,0.226031681461281,8.94756477516555e-10,TRUE
"VD_B_A","VD","B",0.2,43,20660043,"frozen_trunc_1_99",0.160582275170219,0.0249584997831255,0.111663615595293,0.209500934745145,1.24312214873666e-10,TRUE
"VD_B_A","VD","B",0.2,43,20660043,"mild_trunc_0.5_99.5",0.163950214573067,0.0252072332749397,0.114544037354185,0.213356391791949,7.81630146535743e-11,TRUE
"VD_B_A","VD","B",0.2,43,20660043,"untruncated",0.171401761162509,0.0259655520540144,0.12050927913664,0.222294243188377,4.0805923478774e-11,TRUE
"VD_B_A","VD","B",0.2,44,20660044,"frozen_trunc_1_99",0.181058453855765,0.0260430381627053,0.130014099056863,0.232102808654668,3.59432965765918e-12,TRUE
"VD_B_A","VD","B",0.2,44,20660044,"mild_trunc_0.5_99.5",0.184570367721115,0.0262950518702605,0.133032066055404,0.236108669386826,2.23133700613241e-12,TRUE
"VD_B_A","VD","B",0.2,44,20660044,"untruncated",0.191274749240732,0.0266345137800634,0.139071102231808,0.243478396249657,6.89698431698513e-13,TRUE
"VD_B_A","VD","B",0.2,45,20660045,"frozen_trunc_1_99",0.150042680393681,0.0267787451350394,0.0975563399290042,0.202529020858359,2.10610963905902e-08,TRUE
"VD_B_A","VD","B",0.2,45,20660045,"mild_trunc_0.5_99.5",0.156790363466365,0.02697931352071,0.103910908965773,0.209669817966956,6.19143961863977e-09,TRUE
"VD_B_A","VD","B",0.2,45,20660045,"untruncated",0.167094567778212,0.0274095024582633,0.113371942960016,0.220817192596408,1.08600701781511e-09,TRUE
"VD_B_A","VD","B",0.2,46,20660046,"frozen_trunc_1_99",0.199649027811356,0.0277014931361321,0.145354101264537,0.253943954358175,5.71318520557307e-13,TRUE
"VD_B_A","VD","B",0.2,46,20660046,"mild_trunc_0.5_99.5",0.205857003823846,0.0280553647568504,0.150868488900419,0.260845518747273,2.17576086096211e-13,TRUE
"VD_B_A","VD","B",0.2,46,20660046,"untruncated",0.212916884372981,0.0289319349304541,0.156210291909291,0.269623476836671,1.84968295983058e-13,TRUE
"VD_B_A","VD","B",0.2,47,20660047,"frozen_trunc_1_99",0.183019837545561,0.0263622070845432,0.131349911659857,0.234689763431266,3.85198719829227e-12,TRUE
"VD_B_A","VD","B",0.2,47,20660047,"mild_trunc_0.5_99.5",0.188073127776484,0.0266984728812223,0.135744120929288,0.24040213462368,1.86342263362437e-12,TRUE
"VD_B_A","VD","B",0.2,47,20660047,"untruncated",0.200730956245395,0.02803005727513,0.14579204398614,0.25566986850465,7.99299580482036e-13,TRUE
"VD_B_A","VD","B",0.2,48,20660048,"frozen_trunc_1_99",0.149606980832238,0.0260982886415625,0.0984543350947755,0.200759626569701,9.89936634330768e-09,TRUE
"VD_B_A","VD","B",0.2,48,20660048,"mild_trunc_0.5_99.5",0.153154014918743,0.0262274456998821,0.101748221346974,0.204559808490512,5.23715481001056e-09,TRUE
"VD_B_A","VD","B",0.2,48,20660048,"untruncated",0.161616153134289,0.026933739253214,0.108826024197989,0.214406282070588,1.96699572479047e-09,TRUE
"VD_B_A","VD","B",0.2,49,20660049,"frozen_trunc_1_99",0.218892506447579,0.0291090262545262,0.161838814988707,0.27594619790645,5.48824333266981e-14,TRUE
"VD_B_A","VD","B",0.2,49,20660049,"mild_trunc_0.5_99.5",0.22414054419837,0.0294950678132565,0.166330211284387,0.281950877112353,2.97840171977291e-14,TRUE
"VD_B_A","VD","B",0.2,49,20660049,"untruncated",0.234027231570106,0.0297180736997517,0.175779807118593,0.292274656021619,3.40981267261931e-15,TRUE
"VD_B_A","VD","B",0.2,50,20660050,"frozen_trunc_1_99",0.211267472652494,0.0255912799769946,0.161108563897585,0.261426381407404,1.51333922105666e-16,TRUE
"VD_B_A","VD","B",0.2,50,20660050,"mild_trunc_0.5_99.5",0.218774462796056,0.0259668650191146,0.167879407358591,0.269669518233521,3.60320388419021e-17,TRUE
"VD_B_A","VD","B",0.2,50,20660050,"untruncated",0.231664025662383,0.0270027374921562,0.178738660177756,0.284589391147009,9.54694419800899e-18,TRUE
"VD_SH_N","VD","SH",0,1,20760001,"frozen_trunc_1_99",-0.00554668383319519,0.0269194825814933,-0.0583088696929221,0.0472155020265318,0.836754047158555,TRUE
"VD_SH_N","VD","SH",0,1,20760001,"mild_trunc_0.5_99.5",-0.00282782972181733,0.0270663594070588,-0.0558778941596526,0.0502222347160179,0.916790301076114,TRUE
"VD_SH_N","VD","SH",0,1,20760001,"untruncated",0.0021535520536642,0.0278518580386986,-0.052436089702185,0.0567431938095134,0.938367655843125,TRUE
"VD_SH_N","VD","SH",0,2,20760002,"frozen_trunc_1_99",0.0133068078637396,0.0271781247131883,-0.0399623165741095,0.0665759323015887,0.624406611813737,TRUE
"VD_SH_N","VD","SH",0,2,20760002,"mild_trunc_0.5_99.5",0.0154152636058252,0.0273585118359065,-0.0382074195925516,0.0690379468042019,0.573125758213582,TRUE
"VD_SH_N","VD","SH",0,2,20760002,"untruncated",0.0224036452262976,0.0280089480553308,-0.0324938929621508,0.077301183414746,0.423783473986247,TRUE
"VD_SH_N","VD","SH",0,3,20760003,"frozen_trunc_1_99",-0.00752690826134591,0.0246832867653547,-0.0559061503214412,0.0408523337987494,0.760412257560864,TRUE
"VD_SH_N","VD","SH",0,3,20760003,"mild_trunc_0.5_99.5",-0.00389374596118422,0.0249559939580084,-0.0528074941188806,0.0450200021965122,0.876013725871965,TRUE
"VD_SH_N","VD","SH",0,3,20760003,"untruncated",0.00618195345375401,0.025716130960192,-0.0442216632282224,0.0565855701357304,0.810026340295551,TRUE
"VD_SH_N","VD","SH",0,4,20760004,"frozen_trunc_1_99",0.0284431039416713,0.0294354580405465,-0.0292503938177998,0.0861366017011425,0.333900529832576,TRUE
"VD_SH_N","VD","SH",0,4,20760004,"mild_trunc_0.5_99.5",0.0310568740965093,0.029741088604446,-0.0272356595682049,0.0893494077612235,0.296373746824794,TRUE
"VD_SH_N","VD","SH",0,4,20760004,"untruncated",0.0387846804398017,0.0308424551531942,-0.021666531660459,0.0992358925400624,0.208569200245237,TRUE
"VD_SH_N","VD","SH",0,5,20760005,"frozen_trunc_1_99",0.0119878858649224,0.0272837697062083,-0.041488302759246,0.0654640744890907,0.660387725837323,TRUE
"VD_SH_N","VD","SH",0,5,20760005,"mild_trunc_0.5_99.5",0.0160585613383446,0.02792912299344,-0.0386825197287978,0.0707996424054871,0.565307869594663,TRUE
"VD_SH_N","VD","SH",0,5,20760005,"untruncated",0.0227166929084261,0.0286314925808047,-0.0334010325499512,0.0788344183668034,0.427535317051151,TRUE
"VD_SH_N","VD","SH",0,6,20760006,"frozen_trunc_1_99",-0.0273270733150634,0.0270006226647978,-0.0802482937380672,0.0255941471079403,0.311494790934426,TRUE
"VD_SH_N","VD","SH",0,6,20760006,"mild_trunc_0.5_99.5",-0.0238532527819213,0.027401832871908,-0.077560845210861,0.0298543396470185,0.384028071087485,TRUE
"VD_SH_N","VD","SH",0,6,20760006,"untruncated",-0.0178366347719635,0.0280010982703103,-0.0727187873817717,0.0370455178378447,0.524126351608684,TRUE
"VD_SH_N","VD","SH",0,7,20760007,"frozen_trunc_1_99",-0.012496543430995,0.0270544961462433,-0.0655233558776319,0.0405302690156418,0.644151134446725,TRUE
"VD_SH_N","VD","SH",0,7,20760007,"mild_trunc_0.5_99.5",-0.00952726394229793,0.0274455059117361,-0.0633204555293007,0.0442659276447048,0.728490769390398,TRUE
"VD_SH_N","VD","SH",0,7,20760007,"untruncated",-0.000226386208631118,0.028674757087252,-0.056428910099645,0.0559761376823828,0.993700794616889,TRUE
"VD_SH_N","VD","SH",0,8,20760008,"frozen_trunc_1_99",0.0232759980779959,0.0254280019047651,-0.0265628856553436,0.0731148818113354,0.359998083067957,TRUE
"VD_SH_N","VD","SH",0,8,20760008,"mild_trunc_0.5_99.5",0.0266815486288239,0.0257091654598364,-0.0237084156724553,0.0770715129301032,0.299352731221488,TRUE
"VD_SH_N","VD","SH",0,8,20760008,"untruncated",0.0325831940337852,0.0267356346451453,-0.0198186498706997,0.0849850379382701,0.222951316802653,TRUE
"VD_SH_N","VD","SH",0,9,20760009,"frozen_trunc_1_99",-0.0463920532206512,0.0268505185683428,-0.0990190696146031,0.0062349631733007,0.0840259093107137,TRUE
"VD_SH_N","VD","SH",0,9,20760009,"mild_trunc_0.5_99.5",-0.0424430747132695,0.0273460750596827,-0.0960413818302475,0.0111552324037085,0.12064502039179,TRUE
"VD_SH_N","VD","SH",0,9,20760009,"untruncated",-0.0358839266929852,0.0282999993350054,-0.0913519253895958,0.0195840720036255,0.204803912567619,TRUE
"VD_SH_N","VD","SH",0,10,20760010,"frozen_trunc_1_99",0.0162635337360048,0.0249076939602371,-0.0325555464260598,0.0650826138980695,0.513787090525251,TRUE
"VD_SH_N","VD","SH",0,10,20760010,"mild_trunc_0.5_99.5",0.0172557229036578,0.0250065362078007,-0.0317570880636316,0.0662685338709471,0.49016368539131,TRUE
"VD_SH_N","VD","SH",0,10,20760010,"untruncated",0.0201130892902654,0.025098363060127,-0.0290797023075834,0.0693058808881143,0.422917152595775,TRUE
"VD_SH_N","VD","SH",0,11,20760011,"frozen_trunc_1_99",-0.0329275705452092,0.0262794939542814,-0.0844353786956008,0.0185802376051823,0.210214505826457,TRUE
"VD_SH_N","VD","SH",0,11,20760011,"mild_trunc_0.5_99.5",-0.0311740042919929,0.0265713833738399,-0.0832539157047191,0.0209059071207333,0.240708711903492,TRUE
"VD_SH_N","VD","SH",0,11,20760011,"untruncated",-0.029310661865396,0.0275150537902282,-0.0832401672942433,0.0246188435634513,0.286758688672926,TRUE
"VD_SH_N","VD","SH",0,12,20760012,"frozen_trunc_1_99",-0.0221894143957109,0.0294011539859752,-0.0798156762082222,0.0354368474168005,0.450421586997139,TRUE
"VD_SH_N","VD","SH",0,12,20760012,"mild_trunc_0.5_99.5",-0.0188279415922871,0.0296158334707477,-0.0768749751949526,0.0392190920103784,0.524946524995176,TRUE
"VD_SH_N","VD","SH",0,12,20760012,"untruncated",-0.0173351676132915,0.0300631278663705,-0.0762588982313777,0.0415885630047946,0.564192436138153,TRUE
"VD_SH_N","VD","SH",0,13,20760013,"frozen_trunc_1_99",-0.00391924489089372,0.0268941908638803,-0.0566318589840991,0.0487933692023117,0.884135874507134,TRUE
"VD_SH_N","VD","SH",0,13,20760013,"mild_trunc_0.5_99.5",-0.000473134334166236,0.0270030850172051,-0.0533991809678883,0.0524529122995558,0.986020587457168,TRUE
"VD_SH_N","VD","SH",0,13,20760013,"untruncated",0.00981789966703688,0.0276973704568465,-0.0444689464283822,0.064104745762456,0.722986337681576,TRUE
"VD_SH_N","VD","SH",0,14,20760014,"frozen_trunc_1_99",0.0174071211195767,0.0253523439018481,-0.0322834729280456,0.067097715167199,0.492329811219371,TRUE
"VD_SH_N","VD","SH",0,14,20760014,"mild_trunc_0.5_99.5",0.018609379093056,0.0254153232846236,-0.0312046545448062,0.0684234127309181,0.464039795806283,TRUE
"VD_SH_N","VD","SH",0,14,20760014,"untruncated",0.0206700562905075,0.0254507114100566,-0.0292133380732035,0.0705534506542184,0.416699681652652,TRUE
"VD_SH_N","VD","SH",0,15,20760015,"frozen_trunc_1_99",0.0253392233347748,0.0259094118491419,-0.0254432238895434,0.0761216705590929,0.328077787877114,TRUE
"VD_SH_N","VD","SH",0,15,20760015,"mild_trunc_0.5_99.5",0.0258018516453435,0.0260646397697954,-0.0252848423034554,0.0768885455941424,0.322214283677461,TRUE
"VD_SH_N","VD","SH",0,15,20760015,"untruncated",0.0252792046813448,0.0261254987688193,-0.025926772905541,0.0764851822682306,0.333240886623313,TRUE
"VD_SH_N","VD","SH",0,16,20760016,"frozen_trunc_1_99",-0.0285503318079613,0.0278247251565963,-0.08308679311489,0.0259861294989675,0.304854929950749,TRUE
"VD_SH_N","VD","SH",0,16,20760016,"mild_trunc_0.5_99.5",-0.0264617739531582,0.0279674997047491,-0.0812780733744665,0.02835452546815,0.344066174433661,TRUE
"VD_SH_N","VD","SH",0,16,20760016,"untruncated",-0.0213727735293385,0.0286289089579339,-0.077485435086889,0.0347398880282119,0.455338159657444,TRUE
"VD_SH_N","VD","SH",0,17,20760017,"frozen_trunc_1_99",-0.0116044111792995,0.0272918084370858,-0.0650963557159876,0.0418875333573886,0.670692640755526,TRUE
"VD_SH_N","VD","SH",0,17,20760017,"mild_trunc_0.5_99.5",-0.010330929004982,0.0275479864870736,-0.0643249825196464,0.0436631245096823,0.707648748082672,TRUE
"VD_SH_N","VD","SH",0,17,20760017,"untruncated",-0.00579072337876317,0.027984890607156,-0.0606411089687889,0.0490596622112626,0.836069830302059,TRUE
"VD_SH_N","VD","SH",0,18,20760018,"frozen_trunc_1_99",-0.000761457910117164,0.0299290644904098,-0.0594224243113203,0.057899508491086,0.97970234012355,TRUE
"VD_SH_N","VD","SH",0,18,20760018,"mild_trunc_0.5_99.5",0.00293259423195548,0.0306223626364518,-0.05708723653549,0.062952424999401,0.923706082764666,TRUE
"VD_SH_N","VD","SH",0,18,20760018,"untruncated",0.0123789870682985,0.0337957134696682,-0.0538606113322511,0.0786185854688481,0.714149680199901,TRUE
"VD_SH_N","VD","SH",0,19,20760019,"frozen_trunc_1_99",0.034938905597169,0.0249286801895687,-0.0139213075743857,0.0837991187687238,0.161048301775736,TRUE
"VD_SH_N","VD","SH",0,19,20760019,"mild_trunc_0.5_99.5",0.0371729300317013,0.0250091653961213,-0.0118450341446965,0.0861908942080992,0.137180679424363,TRUE
"VD_SH_N","VD","SH",0,19,20760019,"untruncated",0.0381023319555717,0.0251832807046343,-0.0112568982255115,0.087461562136655,0.13027937391761,TRUE
"VD_SH_N","VD","SH",0,20,20760020,"frozen_trunc_1_99",0.0389826684556312,0.0269453381318703,-0.0138301942828346,0.0917955311940969,0.147972148842934,TRUE
"VD_SH_N","VD","SH",0,20,20760020,"mild_trunc_0.5_99.5",0.0409109648709011,0.0270604125072407,-0.0121274436432908,0.0939493733850929,0.130575033216697,TRUE
"VD_SH_N","VD","SH",0,20,20760020,"untruncated",0.0424604473523708,0.027314553543189,-0.0110760775922797,0.0959969722970213,0.12006542467961,TRUE
"VD_SH_N","VD","SH",0,21,20760021,"frozen_trunc_1_99",0.0183694223255529,0.0284626564695472,-0.0374173843547596,0.0741562290058654,0.518676565666705,TRUE
"VD_SH_N","VD","SH",0,21,20760021,"mild_trunc_0.5_99.5",0.0214081201687466,0.028708870330701,-0.0348612656794274,0.0776775060169205,0.455850436269481,TRUE
"VD_SH_N","VD","SH",0,21,20760021,"untruncated",0.0206738503657013,0.0294150792496962,-0.0369797049637032,0.0783274056951058,0.48216063492256,TRUE
"VD_SH_N","VD","SH",0,22,20760022,"frozen_trunc_1_99",-0.0159608257781041,0.027654464429548,-0.0701635760600181,0.0382419245038099,0.563836869070407,TRUE
"VD_SH_N","VD","SH",0,22,20760022,"mild_trunc_0.5_99.5",-0.0151401079447972,0.0278875627035975,-0.0697997308438484,0.039519514954254,0.587199886703031,TRUE
"VD_SH_N","VD","SH",0,22,20760022,"untruncated",-0.0159235805693062,0.0281852794022411,-0.0711667281976989,0.0393195670590864,0.572100365348873,TRUE
"VD_SH_N","VD","SH",0,23,20760023,"frozen_trunc_1_99",-0.0202386331776448,0.0288573877028979,-0.0767991130753246,0.0363218467200351,0.48309533450436,TRUE
"VD_SH_N","VD","SH",0,23,20760023,"mild_trunc_0.5_99.5",-0.0201936375760848,0.0292164436996286,-0.0774578672273569,0.0370705920751874,0.489456387647548,TRUE
"VD_SH_N","VD","SH",0,23,20760023,"untruncated",-0.0212593440399402,0.0296455346214002,-0.0793645918978846,0.0368459038180042,0.473301341198168,TRUE
"VD_SH_N","VD","SH",0,24,20760024,"frozen_trunc_1_99",-0.0338586891971029,0.0259491522010659,-0.0847190275111921,0.0170016491169864,0.191957869304575,TRUE
"VD_SH_N","VD","SH",0,24,20760024,"mild_trunc_0.5_99.5",-0.035698733379469,0.026356087093599,-0.0873566640829231,0.0159591973239851,0.175584009265834,TRUE
"VD_SH_N","VD","SH",0,24,20760024,"untruncated",-0.0388619148620245,0.0274718464356513,-0.092706733875901,0.0149829041518519,0.157183236379672,TRUE
"VD_SH_N","VD","SH",0,25,20760025,"frozen_trunc_1_99",-0.033926888063044,0.0273713041514019,-0.0875746441997918,0.0197208680737039,0.215158271730364,TRUE
"VD_SH_N","VD","SH",0,25,20760025,"mild_trunc_0.5_99.5",-0.0301260996248554,0.0276796144855509,-0.0843781440165351,0.0241259447668243,0.276424822948767,TRUE
"VD_SH_N","VD","SH",0,25,20760025,"untruncated",-0.0120605504014543,0.031131975181839,-0.0730792217578588,0.0489581209549502,0.698459551806632,TRUE
"VD_SH_N","VD","SH",0,26,20760026,"frozen_trunc_1_99",-0.0130712326759093,0.0253989678655423,-0.0628532096923722,0.0367107443405537,0.60680714366841,TRUE
"VD_SH_N","VD","SH",0,26,20760026,"mild_trunc_0.5_99.5",-0.00885453694276792,0.0258889649180766,-0.0595969081821981,0.0418878342966623,0.73233603987806,TRUE
"VD_SH_N","VD","SH",0,26,20760026,"untruncated",-0.00149437787220183,0.0268448645437733,-0.0541103123779975,0.0511215566335938,0.95560694653088,TRUE
"VD_SH_N","VD","SH",0,27,20760027,"frozen_trunc_1_99",-0.017974280731549,0.0266498153117731,-0.0702079187426244,0.0342593572795263,0.50001780390854,TRUE
"VD_SH_N","VD","SH",0,27,20760027,"mild_trunc_0.5_99.5",-0.0133808638738338,0.0270987999232243,-0.0664945117233534,0.0397327839756858,0.621461078471535,TRUE
"VD_SH_N","VD","SH",0,27,20760027,"untruncated",-0.00639634145940222,0.0277343747128711,-0.0607557158966296,0.0479630329778251,0.81760330636927,TRUE
"VD_SH_N","VD","SH",0,28,20760028,"frozen_trunc_1_99",0.00444942649203399,0.0262305714497287,-0.0469624935494342,0.0558613465335022,0.865303087085182,TRUE
"VD_SH_N","VD","SH",0,28,20760028,"mild_trunc_0.5_99.5",0.00530498341219366,0.0265307251354074,-0.0466952378532048,0.0573052046775921,0.841514823910219,TRUE
"VD_SH_N","VD","SH",0,28,20760028,"untruncated",0.00331629531221323,0.026885246017768,-0.0493787868826121,0.0560113775070386,0.901829942472229,TRUE
"VD_SH_N","VD","SH",0,29,20760029,"frozen_trunc_1_99",0.0110989316264333,0.0280497659479702,-0.0438786096315883,0.0660764728844548,0.692335844682526,TRUE
"VD_SH_N","VD","SH",0,29,20760029,"mild_trunc_0.5_99.5",0.0135161443238964,0.0283714332844899,-0.0420918649137039,0.0691241535614966,0.633789597680961,TRUE
"VD_SH_N","VD","SH",0,29,20760029,"untruncated",0.0185032157662282,0.0288955743587839,-0.0381321099769882,0.0751385415094446,0.52194654957646,TRUE
"VD_SH_N","VD","SH",0,30,20760030,"frozen_trunc_1_99",-0.0312643730162275,0.0284592016412335,-0.0870444082330451,0.0245156622005901,0.271956468565679,TRUE
"VD_SH_N","VD","SH",0,30,20760030,"mild_trunc_0.5_99.5",-0.0296337341030469,0.0286691099357681,-0.0858251895771524,0.0265577213710586,0.301301306311075,TRUE
"VD_SH_N","VD","SH",0,30,20760030,"untruncated",-0.0302471849691565,0.0295762912762151,-0.0882167158705381,0.0277223459322251,0.30645751703843,TRUE
"VD_SH_N","VD","SH",0,31,20760031,"frozen_trunc_1_99",0.0254506705303647,0.0260592605533908,-0.0256254801542813,0.0765268212150107,0.328744476497445,TRUE
"VD_SH_N","VD","SH",0,31,20760031,"mild_trunc_0.5_99.5",0.0269187460414999,0.0263672418472503,-0.0247610479791106,0.0785985400621104,0.307294112813853,TRUE
"VD_SH_N","VD","SH",0,31,20760031,"untruncated",0.0332509284788087,0.0272810733651948,-0.0202199753169731,0.0867218322745905,0.222909587618211,TRUE
"VD_SH_N","VD","SH",0,32,20760032,"frozen_trunc_1_99",0.0508973251237486,0.0276526372717443,-0.00330184392887018,0.105096494176367,0.0656808290612475,TRUE
"VD_SH_N","VD","SH",0,32,20760032,"mild_trunc_0.5_99.5",0.0530673284815202,0.0278042060529462,-0.00142891538225422,0.107563572345295,0.0563126866921355,TRUE
"VD_SH_N","VD","SH",0,32,20760032,"untruncated",0.0550312036687063,0.0280737352291928,6.68261948846838e-06,0.110055724717924,0.0499679744395908,TRUE
"VD_SH_N","VD","SH",0,33,20760033,"frozen_trunc_1_99",0.0115855163739026,0.0263402765494866,-0.0400414256630912,0.0632124584108964,0.6600527433247,TRUE
"VD_SH_N","VD","SH",0,33,20760033,"mild_trunc_0.5_99.5",0.0140893336018311,0.0266184042396923,-0.0380827387079658,0.0662614059116279,0.59659182535863,TRUE
"VD_SH_N","VD","SH",0,33,20760033,"untruncated",0.0162816824717515,0.0269603710406058,-0.0365606447678358,0.0691240097113389,0.545902375217195,TRUE
"VD_SH_N","VD","SH",0,34,20760034,"frozen_trunc_1_99",-0.0207745146632782,0.0269994398241757,-0.0736934167186625,0.0321443873921062,0.441630706674898,TRUE
"VD_SH_N","VD","SH",0,34,20760034,"mild_trunc_0.5_99.5",-0.0198897834757521,0.0274678741929888,-0.0737268168940101,0.0339472499425059,0.468997734372958,TRUE
"VD_SH_N","VD","SH",0,34,20760034,"untruncated",-0.0218645269474316,0.0287017194862817,-0.0781198971405438,0.0343908432456805,0.44618859290097,TRUE
"VD_SH_N","VD","SH",0,35,20760035,"frozen_trunc_1_99",-0.034673996734146,0.0258745128022941,-0.0853880418266424,0.0160400483583503,0.180218337232321,TRUE
"VD_SH_N","VD","SH",0,35,20760035,"mild_trunc_0.5_99.5",-0.0317797381832858,0.0260605366251196,-0.0828583899685201,0.0192989136019486,0.222670286632734,TRUE
"VD_SH_N","VD","SH",0,35,20760035,"untruncated",-0.0297501602505182,0.0263928429790519,-0.0814801324894598,0.0219798119884235,0.259655565849393,TRUE
"VD_SH_N","VD","SH",0,36,20760036,"frozen_trunc_1_99",0.0061594081381341,0.0270497248022072,-0.046858052474192,0.0591768687504602,0.819874132138182,TRUE
"VD_SH_N","VD","SH",0,36,20760036,"mild_trunc_0.5_99.5",0.0091601818462172,0.0273740260932081,-0.0444929092964708,0.0628132729889051,0.737903894809854,TRUE
"VD_SH_N","VD","SH",0,36,20760036,"untruncated",0.0131383504805094,0.0280068606536731,-0.0417550964006898,0.0680317973617087,0.638989682480267,TRUE
"VD_SH_N","VD","SH",0,37,20760037,"frozen_trunc_1_99",0.0333223785816424,0.0261270063400274,-0.0178865538448113,0.0845313110080961,0.202167770514653,TRUE
"VD_SH_N","VD","SH",0,37,20760037,"mild_trunc_0.5_99.5",0.0355554498875194,0.0263640537114982,-0.016118095387017,0.0872289951620558,0.177454667921859,TRUE
"VD_SH_N","VD","SH",0,37,20760037,"untruncated",0.0379402427112624,0.0268315672496755,-0.0146496290981015,0.0905301145206264,0.157357452943344,TRUE
"VD_SH_N","VD","SH",0,38,20760038,"frozen_trunc_1_99",0.00886218622355763,0.0260030618760934,-0.0421038150535854,0.0598281875007007,0.733244227207257,TRUE
"VD_SH_N","VD","SH",0,38,20760038,"mild_trunc_0.5_99.5",0.0102436355305517,0.0261345627743391,-0.040980107507153,0.0614673785682565,0.69508968301933,TRUE
"VD_SH_N","VD","SH",0,38,20760038,"untruncated",0.0155018359614018,0.0263280862838068,-0.0361012131548595,0.067104885077663,0.555999045049373,TRUE
"VD_SH_N","VD","SH",0,39,20760039,"frozen_trunc_1_99",0.00728122951599396,0.0274428081917399,-0.0465066745398162,0.0610691335718041,0.790760049432011,TRUE
"VD_SH_N","VD","SH",0,39,20760039,"mild_trunc_0.5_99.5",0.00993706488035596,0.0276075292966485,-0.044173692541075,0.0640478223017869,0.71889171116669,TRUE
"VD_SH_N","VD","SH",0,39,20760039,"untruncated",0.0145987666243087,0.0283033485534313,-0.0408757965404167,0.0700733297890341,0.605996584288292,TRUE
"VD_SH_N","VD","SH",0,40,20760040,"frozen_trunc_1_99",-0.0278614942555887,0.0271537116171453,-0.0810827690251935,0.0253597805140162,0.304860579536752,TRUE
"VD_SH_N","VD","SH",0,40,20760040,"mild_trunc_0.5_99.5",-0.0251423671992342,0.027392436940845,-0.0788315436032904,0.0285468092048221,0.358693216092674,TRUE
"VD_SH_N","VD","SH",0,40,20760040,"untruncated",-0.0180416783492086,0.0277105001112093,-0.0723542585671788,0.0362709018687617,0.514996571494562,TRUE
"VD_SH_N","VD","SH",0,41,20760041,"frozen_trunc_1_99",-0.0107386584978773,0.0249705764895168,-0.0596809884173303,0.0382036714215757,0.667157461827972,TRUE
"VD_SH_N","VD","SH",0,41,20760041,"mild_trunc_0.5_99.5",-0.00847584927378511,0.0252261340425289,-0.0579190719971417,0.0409673734495714,0.73687480535608,TRUE
"VD_SH_N","VD","SH",0,41,20760041,"untruncated",-0.001601279363307,0.0260703565837214,-0.052699178267401,0.049496619540787,0.95102356203934,TRUE
"VD_SH_N","VD","SH",0,42,20760042,"frozen_trunc_1_99",0.0233511315866555,0.0271881987865916,-0.0299377380350642,0.0766400012083751,0.390412175506586,TRUE
"VD_SH_N","VD","SH",0,42,20760042,"mild_trunc_0.5_99.5",0.0254909079158511,0.027338583891284,-0.0280927165110656,0.0790745323427679,0.351122053882241,TRUE
"VD_SH_N","VD","SH",0,42,20760042,"untruncated",0.0290654752273445,0.0279101236469243,-0.0256383671206271,0.0837693175753161,0.29769206247598,TRUE
"VD_SH_N","VD","SH",0,43,20760043,"frozen_trunc_1_99",-0.00203555421936019,0.0270161763585019,-0.0549872598820239,0.0509161514433035,0.939939617267211,TRUE
"VD_SH_N","VD","SH",0,43,20760043,"mild_trunc_0.5_99.5",0.00273435662180235,0.0272176667377871,-0.0506122701842604,0.0560809834278651,0.919977101008505,TRUE
"VD_SH_N","VD","SH",0,43,20760043,"untruncated",0.0159564945878143,0.0280386696955602,-0.0389992980154836,0.0709122871911122,0.569295837602674,TRUE
"VD_SH_N","VD","SH",0,44,20760044,"frozen_trunc_1_99",0.013494135878565,0.0262702746878364,-0.0379956025095943,0.0649838742667243,0.607485820797659,TRUE
"VD_SH_N","VD","SH",0,44,20760044,"mild_trunc_0.5_99.5",0.0155148794297465,0.0267099223496247,-0.036836568375518,0.067866327235011,0.561330928477931,TRUE
"VD_SH_N","VD","SH",0,44,20760044,"untruncated",0.0190506612834166,0.0273609768805255,-0.0345768534024133,0.0726781759692465,0.486258981051703,TRUE
"VD_SH_N","VD","SH",0,45,20760045,"frozen_trunc_1_99",-0.0265563535898307,0.0296980427260634,-0.084764517332915,0.0316518101532535,0.371208339494022,TRUE
"VD_SH_N","VD","SH",0,45,20760045,"mild_trunc_0.5_99.5",-0.0231499150970568,0.03045683121082,-0.082845304270264,0.0365454740761504,0.447201137783259,TRUE
"VD_SH_N","VD","SH",0,45,20760045,"untruncated",-0.0231437398790844,0.0323155443912803,-0.0864822068859938,0.040194727127825,0.473880338934903,TRUE
"VD_SH_N","VD","SH",0,46,20760046,"frozen_trunc_1_99",-0.0414424274772557,0.0253970166776696,-0.091220580165488,0.00833572521097668,0.102725146298885,TRUE
"VD_SH_N","VD","SH",0,46,20760046,"mild_trunc_0.5_99.5",-0.0406068430321339,0.0256505316962347,-0.0908818851567539,0.00966819909248604,0.113403237583827,TRUE
"VD_SH_N","VD","SH",0,46,20760046,"untruncated",-0.041153427626357,0.0264541376844371,-0.0930035374878538,0.0106966822351398,0.119790907463687,TRUE
"VD_SH_N","VD","SH",0,47,20760047,"frozen_trunc_1_99",-0.00581438263479237,0.0263334035092307,-0.0574278535128846,0.0457990882432999,0.825249135241761,TRUE
"VD_SH_N","VD","SH",0,47,20760047,"mild_trunc_0.5_99.5",-0.00240833029884123,0.0265343661621723,-0.054415687976699,0.0495990273790166,0.927681161247043,TRUE
"VD_SH_N","VD","SH",0,47,20760047,"untruncated",0.00169522265242764,0.0270628247511928,-0.0513479138599102,0.0547383591647655,0.950052961453396,TRUE
"VD_SH_N","VD","SH",0,48,20760048,"frozen_trunc_1_99",0.00271780430396459,0.0278225941224706,-0.0518144801760778,0.057250088784007,0.922183734114931,TRUE
"VD_SH_N","VD","SH",0,48,20760048,"mild_trunc_0.5_99.5",0.00479461948033642,0.0279450803537602,-0.0499777380130336,0.0595669769737064,0.863773285922124,TRUE
"VD_SH_N","VD","SH",0,48,20760048,"untruncated",0.0106749059426642,0.0282233927465613,-0.0446429438405958,0.0659927557259243,0.705260475342839,TRUE
"VD_SH_N","VD","SH",0,49,20760049,"frozen_trunc_1_99",0.0176499469215256,0.0261054912003107,-0.0335168158310834,0.0688167096741346,0.498976565203627,TRUE
"VD_SH_N","VD","SH",0,49,20760049,"mild_trunc_0.5_99.5",0.0196107836860485,0.0261205848408096,-0.0315855626019383,0.0708071299740353,0.452785736082276,TRUE
"VD_SH_N","VD","SH",0,49,20760049,"untruncated",0.0214924753664412,0.0263648079115237,-0.0301825481401452,0.0731674988730276,0.414960356891584,TRUE
"VD_SH_N","VD","SH",0,50,20760050,"frozen_trunc_1_99",-0.0637308315501049,0.0268578101480973,-0.116372139440376,-0.0110895236598342,0.0176491591818239,TRUE
"VD_SH_N","VD","SH",0,50,20760050,"mild_trunc_0.5_99.5",-0.063030134481523,0.0271118249717023,-0.11616931142606,-0.00989095753698643,0.0200815445884388,TRUE
"VD_SH_N","VD","SH",0,50,20760050,"untruncated",-0.0627629070809109,0.0276814935998129,-0.117018634536544,-0.0085071796252776,0.0233704574053712,TRUE
"VD_SH_A","VD","SH",0.2,1,20860001,"frozen_trunc_1_99",0.133452068637398,0.0250941515251333,0.0842675316481364,0.182636605626659,1.0488258310727e-07,TRUE
"VD_SH_A","VD","SH",0.2,1,20860001,"mild_trunc_0.5_99.5",0.137372142112059,0.0252185775739985,0.0879437300670223,0.186800554157096,5.11517425472136e-08,TRUE
"VD_SH_A","VD","SH",0.2,1,20860001,"untruncated",0.149078534981338,0.0261545749196708,0.0978155681387832,0.200341501823893,1.19875753828843e-08,TRUE
"VD_SH_A","VD","SH",0.2,2,20860002,"frozen_trunc_1_99",0.205102240613368,0.0268684984613744,0.152439983629074,0.257764497597662,2.28361947353688e-14,TRUE
"VD_SH_A","VD","SH",0.2,2,20860002,"mild_trunc_0.5_99.5",0.210925687566848,0.0271192569766852,0.157771943892545,0.264079431241151,7.38497334382101e-15,TRUE
"VD_SH_A","VD","SH",0.2,2,20860002,"untruncated",0.224201940030589,0.0280530848952166,0.169217893635964,0.279185986425213,1.32702331510479e-15,TRUE
"VD_SH_A","VD","SH",0.2,3,20860003,"frozen_trunc_1_99",0.189360775341758,0.0246835423131058,0.14098103240807,0.237740518275445,1.69943831451325e-14,TRUE
"VD_SH_A","VD","SH",0.2,3,20860003,"mild_trunc_0.5_99.5",0.193462035492338,0.0247400406627139,0.144971555793419,0.241952515191257,5.29096129752905e-15,TRUE
"VD_SH_A","VD","SH",0.2,3,20860003,"untruncated",0.204322230395549,0.0256524971644426,0.154043335953242,0.254601124837856,1.65219064879033e-15,TRUE
"VD_SH_A","VD","SH",0.2,4,20860004,"frozen_trunc_1_99",0.208178673129672,0.0260007230937157,0.157217255865989,0.259140090393354,1.17875955218533e-15,TRUE
"VD_SH_A","VD","SH",0.2,4,20860004,"mild_trunc_0.5_99.5",0.212033578317297,0.0261371097360877,0.160804843234565,0.263262313400029,4.96469764291098e-16,TRUE
"VD_SH_A","VD","SH",0.2,4,20860004,"untruncated",0.217731732922892,0.0264386603603142,0.165911958616677,0.269551507229108,1.79027143810651e-16,TRUE
"VD_SH_A","VD","SH",0.2,5,20860005,"frozen_trunc_1_99",0.215628275541598,0.0257791940595102,0.165101055184958,0.266155495898238,6.04060116342793e-17,TRUE
"VD_SH_A","VD","SH",0.2,5,20860005,"mild_trunc_0.5_99.5",0.220440571760476,0.0260504173383745,0.169381753777262,0.27149938974369,2.62662670586237e-17,TRUE
"VD_SH_A","VD","SH",0.2,5,20860005,"untruncated",0.227898756229009,0.0266157768822686,0.175731833539763,0.280065678918256,1.10404044832898e-17,TRUE
"VD_SH_A","VD","SH",0.2,6,20860006,"frozen_trunc_1_99",0.1726660812544,0.0254666816439373,0.122751385232283,0.222580777276517,1.20111236434912e-11,TRUE
"VD_SH_A","VD","SH",0.2,6,20860006,"mild_trunc_0.5_99.5",0.175474902215664,0.0255732046240154,0.125351421152594,0.225598383278734,6.80599354447104e-12,TRUE
"VD_SH_A","VD","SH",0.2,6,20860006,"untruncated",0.181314797248789,0.0258297801458503,0.130688428162923,0.231941166334656,2.22499846858076e-12,TRUE
"VD_SH_A","VD","SH",0.2,7,20860007,"frozen_trunc_1_99",0.18321921249165,0.0271354067073667,0.130033815345211,0.236404609638089,1.45785817811277e-11,TRUE
"VD_SH_A","VD","SH",0.2,7,20860007,"mild_trunc_0.5_99.5",0.188451999985464,0.0274351159013539,0.134679172818811,0.242224827152118,6.46503870479506e-12,TRUE
"VD_SH_A","VD","SH",0.2,7,20860007,"untruncated",0.196179332349996,0.0279657785215365,0.141366406447785,0.250992258252208,2.29984477868587e-12,TRUE
"VD_SH_A","VD","SH",0.2,8,20860008,"frozen_trunc_1_99",0.183529593665057,0.0285268851187813,0.127616898832246,0.239442288497869,1.24644564177253e-10,TRUE
"VD_SH_A","VD","SH",0.2,8,20860008,"mild_trunc_0.5_99.5",0.188900935966005,0.0287630793552304,0.132525300429754,0.245276571502257,5.11740312029386e-11,TRUE
"VD_SH_A","VD","SH",0.2,8,20860008,"untruncated",0.200414955111203,0.0299764954307607,0.141661024066912,0.259168886155494,2.29765841491681e-11,TRUE
"VD_SH_A","VD","SH",0.2,9,20860009,"frozen_trunc_1_99",0.186673451304318,0.0258091438158503,0.136087529425251,0.237259373183384,4.7299067295147e-13,TRUE
"VD_SH_A","VD","SH",0.2,9,20860009,"mild_trunc_0.5_99.5",0.1926137565102,0.0260255191788536,0.141603738919647,0.243623774100753,1.35206193480915e-13,TRUE
"VD_SH_A","VD","SH",0.2,9,20860009,"untruncated",0.202472258709406,0.0268529780947028,0.149840421643789,0.255104095775024,4.69863582903553e-14,TRUE
"VD_SH_A","VD","SH",0.2,10,20860010,"frozen_trunc_1_99",0.221337546716236,0.026792112436595,0.168825006340509,0.273850087091962,1.44100363288657e-16,TRUE
"VD_SH_A","VD","SH",0.2,10,20860010,"mild_trunc_0.5_99.5",0.226045483201524,0.0271311277413287,0.17286847282852,0.279222493574528,7.97625085909084e-17,TRUE
"VD_SH_A","VD","SH",0.2,10,20860010,"untruncated",0.234296648124048,0.0277477768333966,0.179911005530591,0.288682290717505,3.07187432000308e-17,TRUE
"VD_SH_A","VD","SH",0.2,11,20860011,"frozen_trunc_1_99",0.153013459019541,0.0253196420993613,0.103386960504792,0.202639957534289,1.51020664730298e-09,TRUE
"VD_SH_A","VD","SH",0.2,11,20860011,"mild_trunc_0.5_99.5",0.156959387689468,0.0256502235701269,0.106684949492019,0.207233825886917,9.40338924904167e-10,TRUE
"VD_SH_A","VD","SH",0.2,11,20860011,"untruncated",0.165167879641474,0.0263121323625534,0.113596100210869,0.216739659072078,3.4460980112382e-10,TRUE
"VD_SH_A","VD","SH",0.2,12,20860012,"frozen_trunc_1_99",0.187230650078924,0.0265634630411079,0.135166262518353,0.239295037639496,1.80950660419096e-12,TRUE
"VD_SH_A","VD","SH",0.2,12,20860012,"mild_trunc_0.5_99.5",0.196603984138114,0.0272655027455291,0.143163598756877,0.250044369519351,5.56556234847775e-13,TRUE
"VD_SH_A","VD","SH",0.2,12,20860012,"untruncated",0.209101402732495,0.0289597904888803,0.152340213374289,0.2658625920907,5.18331450159019e-13,TRUE
"VD_SH_A","VD","SH",0.2,13,20860013,"frozen_trunc_1_99",0.184571997201788,0.0269129750480657,0.13182256610758,0.237321428295997,6.97801745794605e-12,TRUE
"VD_SH_A","VD","SH",0.2,13,20860013,"mild_trunc_0.5_99.5",0.18806700890711,0.0271929814549716,0.134768765255366,0.241365252558855,4.64532312910763e-12,TRUE
"VD_SH_A","VD","SH",0.2,13,20860013,"untruncated",0.197591928959896,0.0280434074362127,0.142626850384919,0.252557007534873,1.8422481874635e-12,TRUE
"VD_SH_A","VD","SH",0.2,14,20860014,"frozen_trunc_1_99",0.224124510154961,0.0267048469129043,0.171783010205668,0.276466010104253,4.75293378932737e-17,TRUE
"VD_SH_A","VD","SH",0.2,14,20860014,"mild_trunc_0.5_99.5",0.228246597326122,0.0269520784308767,0.175420523601603,0.28107267105064,2.48342094369585e-17,TRUE
"VD_SH_A","VD","SH",0.2,14,20860014,"untruncated",0.234036543119467,0.0278044700928765,0.179539781737429,0.288533304501505,3.85499465934102e-17,TRUE
"VD_SH_A","VD","SH",0.2,15,20860015,"frozen_trunc_1_99",0.153411729611757,0.025345893516703,0.103733778319019,0.203089680904495,1.4241565514182e-09,TRUE
"VD_SH_A","VD","SH",0.2,15,20860015,"mild_trunc_0.5_99.5",0.156683419520712,0.0253726980367881,0.106952931368608,0.206413907672817,6.6047883969085e-10,TRUE
"VD_SH_A","VD","SH",0.2,15,20860015,"untruncated",0.163326403106531,0.0254817192503376,0.113382233375869,0.213270572837193,1.45947919157995e-10,TRUE
"VD_SH_A","VD","SH",0.2,16,20860016,"frozen_trunc_1_99",0.11308225825701,0.0288487536817083,0.0565387010408618,0.169625815473158,8.86108385064819e-05,TRUE
"VD_SH_A","VD","SH",0.2,16,20860016,"mild_trunc_0.5_99.5",0.117015577039031,0.0292225681765364,0.0597393434130195,0.174291810665042,6.22045643653602e-05,TRUE
"VD_SH_A","VD","SH",0.2,16,20860016,"untruncated",0.122117745822088,0.029714692859394,0.0638769478176762,0.180358543826501,3.96215463394025e-05,TRUE
"VD_SH_A","VD","SH",0.2,17,20860017,"frozen_trunc_1_99",0.209663918665442,0.0252530670324085,0.160167907281921,0.259159930048963,1.01931947601385e-16,TRUE
"VD_SH_A","VD","SH",0.2,17,20860017,"mild_trunc_0.5_99.5",0.215771419628615,0.0255722317647944,0.165649845369618,0.265892993887612,3.2357811764599e-17,TRUE
"VD_SH_A","VD","SH",0.2,17,20860017,"untruncated",0.231067434038712,0.0275971514692977,0.176977017158888,0.285157850918535,5.6230375548051e-17,TRUE
"VD_SH_A","VD","SH",0.2,18,20860018,"frozen_trunc_1_99",0.188724817295198,0.026030971692604,0.137704112777694,0.239745521812702,4.16739418390211e-13,TRUE
"VD_SH_A","VD","SH",0.2,18,20860018,"mild_trunc_0.5_99.5",0.19404548348595,0.0261617260072934,0.142768500511655,0.245322466460245,1.19666101334645e-13,TRUE
"VD_SH_A","VD","SH",0.2,18,20860018,"untruncated",0.198901735908839,0.02638353994782,0.147189997611112,0.250613474206566,4.74108358596592e-14,TRUE
"VD_SH_A","VD","SH",0.2,19,20860019,"frozen_trunc_1_99",0.166977336808673,0.0257231984221655,0.116559867901228,0.217394805716117,8.50913856907679e-11,TRUE
"VD_SH_A","VD","SH",0.2,19,20860019,"mild_trunc_0.5_99.5",0.171021414275479,0.0260049061084424,0.120051798302932,0.221991030248026,4.81632417346983e-11,TRUE
"VD_SH_A","VD","SH",0.2,19,20860019,"untruncated",0.177432170165162,0.0266234435960785,0.125250220716848,0.229614119613475,2.65552261880439e-11,TRUE
"VD_SH_A","VD","SH",0.2,20,20860020,"frozen_trunc_1_99",0.169201229244197,0.0273651107951138,0.115565612085774,0.22283684640262,6.28546843642651e-10,TRUE
"VD_SH_A","VD","SH",0.2,20,20860020,"mild_trunc_0.5_99.5",0.173195350019538,0.0276721539694563,0.118957928239404,0.227432771799673,3.87872576776939e-10,TRUE
"VD_SH_A","VD","SH",0.2,20,20860020,"untruncated",0.180029738817021,0.0284459695216286,0.124275638554628,0.235783839079413,2.47025193352725e-10,TRUE
"VD_SH_A","VD","SH",0.2,21,20860021,"frozen_trunc_1_99",0.198822304539029,0.0273596451937653,0.145197399959249,0.252447209118809,3.67582375509613e-13,TRUE
"VD_SH_A","VD","SH",0.2,21,20860021,"mild_trunc_0.5_99.5",0.200945835366839,0.0275431269902473,0.146961306465954,0.254930364267724,2.97154834817849e-13,TRUE
"VD_SH_A","VD","SH",0.2,21,20860021,"untruncated",0.208556964613463,0.0281186053225543,0.153444498181256,0.263669431045669,1.19762149293599e-13,TRUE
"VD_SH_A","VD","SH",0.2,22,20860022,"frozen_trunc_1_99",0.162397571520125,0.0271015531533073,0.109278527339642,0.215516615700607,2.07037795224631e-09,TRUE
"VD_SH_A","VD","SH",0.2,22,20860022,"mild_trunc_0.5_99.5",0.165371387463308,0.0272175813805844,0.112024927957363,0.218717846969254,1.23291836864789e-09,TRUE
"VD_SH_A","VD","SH",0.2,22,20860022,"untruncated",0.169833586760197,0.0277117105231891,0.115518634134746,0.224148539385647,8.866378956735e-10,TRUE
"VD_SH_A","VD","SH",0.2,23,20860023,"frozen_trunc_1_99",0.187959875885332,0.0265668046942387,0.135888938684624,0.24003081308604,1.49459605486103e-12,TRUE
"VD_SH_A","VD","SH",0.2,23,20860023,"mild_trunc_0.5_99.5",0.192261942142767,0.0268680654863992,0.139600533789424,0.244923350496109,8.31990121212388e-13,TRUE
"VD_SH_A","VD","SH",0.2,23,20860023,"untruncated",0.203586718175671,0.028093102588921,0.148524237101386,0.258649199249957,4.26551538770897e-13,TRUE
"VD_SH_A","VD","SH",0.2,24,20860024,"frozen_trunc_1_99",0.193669851092495,0.0261841220791656,0.142348971817331,0.24499073036766,1.39861321147522e-13,TRUE
"VD_SH_A","VD","SH",0.2,24,20860024,"mild_trunc_0.5_99.5",0.19913897579554,0.0266880694384984,0.146830359696083,0.251447591894997,8.53984147859789e-14,TRUE
"VD_SH_A","VD","SH",0.2,24,20860024,"untruncated",0.2247096598502,0.033222473787446,0.159593611226805,0.289825708473594,1.34432815685479e-11,TRUE
"VD_SH_A","VD","SH",0.2,25,20860025,"frozen_trunc_1_99",0.181363490749614,0.0251386982793918,0.132091642122006,0.230635339377222,5.41269376384071e-13,TRUE
"VD_SH_A","VD","SH",0.2,25,20860025,"mild_trunc_0.5_99.5",0.188846961324531,0.025498587155966,0.138869730498838,0.238824192150225,1.29995707382438e-13,TRUE
"VD_SH_A","VD","SH",0.2,25,20860025,"untruncated",0.201197229784707,0.0262656345803415,0.149716586007238,0.252677873562177,1.85797047349878e-14,TRUE
"VD_SH_A","VD","SH",0.2,26,20860026,"frozen_trunc_1_99",0.169681224687167,0.0266643087017781,0.117419179631682,0.221943269742652,1.9706791423448e-10,TRUE
"VD_SH_A","VD","SH",0.2,26,20860026,"mild_trunc_0.5_99.5",0.173644222881819,0.0269041672891605,0.120912054995064,0.226376390768573,1.08809510398689e-10,TRUE
"VD_SH_A","VD","SH",0.2,26,20860026,"untruncated",0.181048439140902,0.0274798620087672,0.127187909603718,0.234908968678086,4.44578869030615e-11,TRUE
"VD_SH_A","VD","SH",0.2,27,20860027,"frozen_trunc_1_99",0.179080062931327,0.0271858963202704,0.125795706143597,0.232364419719057,4.48073323707941e-11,TRUE
"VD_SH_A","VD","SH",0.2,27,20860027,"mild_trunc_0.5_99.5",0.183999818503052,0.0272632609047055,0.130563827129829,0.237435809876274,1.48864931081155e-11,TRUE
"VD_SH_A","VD","SH",0.2,27,20860027,"untruncated",0.19392023286139,0.0284163136676169,0.138224258072861,0.249616207649919,8.83814204590363e-12,TRUE
"VD_SH_A","VD","SH",0.2,28,20860028,"frozen_trunc_1_99",0.182945690576043,0.0259071145788372,0.132167746001522,0.233723635150564,1.64595756610219e-12,TRUE
"VD_SH_A","VD","SH",0.2,28,20860028,"mild_trunc_0.5_99.5",0.189310230327325,0.0261719058982401,0.138013294766774,0.240607165887875,4.71266011936476e-13,TRUE
"VD_SH_A","VD","SH",0.2,28,20860028,"untruncated",0.199861726416255,0.0268268585411114,0.147281083675676,0.252442369156833,9.32972463994412e-14,TRUE
"VD_SH_A","VD","SH",0.2,29,20860029,"frozen_trunc_1_99",0.135445660797948,0.0243378784786463,0.0877434189798009,0.183147902616094,2.61821091747585e-08,TRUE
"VD_SH_A","VD","SH",0.2,29,20860029,"mild_trunc_0.5_99.5",0.138412070639336,0.0245569314736702,0.0902804849509429,0.18654365632773,1.73667152346661e-08,TRUE
"VD_SH_A","VD","SH",0.2,29,20860029,"untruncated",0.146776527969902,0.0260626741533196,0.0956936866293959,0.197859369310409,1.78467062737984e-08,TRUE
"VD_SH_A","VD","SH",0.2,30,20860030,"frozen_trunc_1_99",0.147898922034537,0.0288377123696693,0.0913770057899851,0.204420838279089,2.9180644431489e-07,TRUE
"VD_SH_A","VD","SH",0.2,30,20860030,"mild_trunc_0.5_99.5",0.153031697790435,0.0292922414678925,0.0956189045133656,0.210444491067504,1.74807398129767e-07,TRUE
"VD_SH_A","VD","SH",0.2,30,20860030,"untruncated",0.16481056056364,0.0309326249403157,0.104182615680621,0.225438505446659,9.9273006326662e-08,TRUE
"VD_SH_A","VD","SH",0.2,31,20860031,"frozen_trunc_1_99",0.1857402712327,0.02656100132059,0.133680708644344,0.237799833821057,2.69128100181592e-12,TRUE
"VD_SH_A","VD","SH",0.2,31,20860031,"mild_trunc_0.5_99.5",0.189720586745566,0.0267432354664646,0.137303845231296,0.242137328259837,1.30146696757665e-12,TRUE
"VD_SH_A","VD","SH",0.2,31,20860031,"untruncated",0.199625413896783,0.0274206116875204,0.145881014989243,0.253369812804323,3.33517026742656e-13,TRUE
"VD_SH_A","VD","SH",0.2,32,20860032,"frozen_trunc_1_99",0.163675153473094,0.026963526070753,0.110826642374418,0.21652366457177,1.27716905906083e-09,TRUE
"VD_SH_A","VD","SH",0.2,32,20860032,"mild_trunc_0.5_99.5",0.166395921553078,0.027245975729776,0.112993809122718,0.219798033983439,1.01410502062252e-09,TRUE
"VD_SH_A","VD","SH",0.2,32,20860032,"untruncated",0.167851148850054,0.0280653717775523,0.112843020166051,0.222859277534056,2.22152558643518e-09,TRUE
"VD_SH_A","VD","SH",0.2,33,20860033,"frozen_trunc_1_99",0.264092554233045,0.0267261174397662,0.211709364051103,0.316475744414986,5.01070776244085e-23,TRUE
"VD_SH_A","VD","SH",0.2,33,20860033,"mild_trunc_0.5_99.5",0.268775647228104,0.0269500755708377,0.215953499109263,0.321597795346946,1.99901806426848e-23,TRUE
"VD_SH_A","VD","SH",0.2,33,20860033,"untruncated",0.280955119741352,0.0280107682509646,0.226054013969461,0.335856225513243,1.12227549663988e-23,TRUE
"VD_SH_A","VD","SH",0.2,34,20860034,"frozen_trunc_1_99",0.20383517731959,0.0272325305245569,0.150459417491458,0.257210937147721,7.15534113271222e-14,TRUE
"VD_SH_A","VD","SH",0.2,34,20860034,"mild_trunc_0.5_99.5",0.2070956137161,0.0276335780870736,0.152933800665435,0.261257426766764,6.66294099041506e-14,TRUE
"VD_SH_A","VD","SH",0.2,34,20860034,"untruncated",0.21912536960146,0.030610952392564,0.159127902912034,0.279122836290885,8.16254968242701e-13,TRUE
"VD_SH_A","VD","SH",0.2,35,20860035,"frozen_trunc_1_99",0.161692247825234,0.0273945292456392,0.107998970503781,0.215385525146687,3.58348146515467e-09,TRUE
"VD_SH_A","VD","SH",0.2,35,20860035,"mild_trunc_0.5_99.5",0.166544081901781,0.0277299270993209,0.112193424787112,0.22089473901645,1.90234842234516e-09,TRUE
"VD_SH_A","VD","SH",0.2,35,20860035,"untruncated",0.174698754139899,0.0289937801312751,0.117870945082599,0.231526563197198,1.68705156664633e-09,TRUE
"VD_SH_A","VD","SH",0.2,36,20860036,"frozen_trunc_1_99",0.194348637327435,0.0270610469642231,0.141308985277558,0.247388289377312,6.87695737129481e-13,TRUE
"VD_SH_A","VD","SH",0.2,36,20860036,"mild_trunc_0.5_99.5",0.198698453757626,0.0274088490657731,0.144977109588711,0.252419797926542,4.18538091354596e-13,TRUE
"VD_SH_A","VD","SH",0.2,36,20860036,"untruncated",0.206575853636289,0.0284425903528798,0.150828376544645,0.262323330727934,3.78861871155553e-13,TRUE
"VD_SH_A","VD","SH",0.2,37,20860037,"frozen_trunc_1_99",0.235839887485558,0.0267861199874976,0.183339092310063,0.288340682661054,1.31371852020653e-18,TRUE
"VD_SH_A","VD","SH",0.2,37,20860037,"mild_trunc_0.5_99.5",0.240179376469595,0.0270486362876636,0.187164049345774,0.293194703593416,6.71390127839419e-19,TRUE
"VD_SH_A","VD","SH",0.2,37,20860037,"untruncated",0.246074890113123,0.0275823109315984,0.19201356068719,0.300136219539056,4.60119756681639e-19,TRUE
"VD_SH_A","VD","SH",0.2,38,20860038,"frozen_trunc_1_99",0.186451929663743,0.0263334860209385,0.134838297062704,0.238065562264783,1.4372654019522e-12,TRUE
"VD_SH_A","VD","SH",0.2,38,20860038,"mild_trunc_0.5_99.5",0.189695463586909,0.0265420546084941,0.13767303655426,0.241717890619557,8.87094963185717e-13,TRUE
"VD_SH_A","VD","SH",0.2,38,20860038,"untruncated",0.194348969013713,0.0270040014085724,0.141421126252911,0.247276811774515,6.15322005813648e-13,TRUE
"VD_SH_A","VD","SH",0.2,39,20860039,"frozen_trunc_1_99",0.192956283233374,0.0258259721241313,0.142337377870076,0.243575188596671,7.93433678695789e-14,TRUE
"VD_SH_A","VD","SH",0.2,39,20860039,"mild_trunc_0.5_99.5",0.199221579760193,0.0261044918165326,0.148056775799789,0.250386383720597,2.31682918709674e-14,TRUE
"VD_SH_A","VD","SH",0.2,39,20860039,"untruncated",0.209698847308764,0.0275986781396718,0.155605438155007,0.26379225646252,3.0039814717195e-14,TRUE
"VD_SH_A","VD","SH",0.2,40,20860040,"frozen_trunc_1_99",0.229034733120498,0.0261881483246738,0.177705962404137,0.280363503836859,2.21558997244444e-18,TRUE
"VD_SH_A","VD","SH",0.2,40,20860040,"mild_trunc_0.5_99.5",0.233892175055515,0.0263158058911874,0.182313195508787,0.285471154602242,6.22763105940986e-19,TRUE
"VD_SH_A","VD","SH",0.2,40,20860040,"untruncated",0.248068024424828,0.0265785166297248,0.195974131830567,0.300161917019089,1.02524494301392e-20,TRUE
"VD_SH_A","VD","SH",0.2,41,20860041,"frozen_trunc_1_99",0.201231948921514,0.0266238983286792,0.149049108197303,0.253414789645726,4.08307869489376e-14,TRUE
"VD_SH_A","VD","SH",0.2,41,20860041,"mild_trunc_0.5_99.5",0.206182345574094,0.0268153452657793,0.153624268853166,0.258740422295021,1.48325950382755e-14,TRUE
"VD_SH_A","VD","SH",0.2,41,20860041,"untruncated",0.213437853199636,0.0272291964280937,0.160068628200573,0.2668070781987,4.55720694953089e-15,TRUE
"VD_SH_A","VD","SH",0.2,42,20860042,"frozen_trunc_1_99",0.145297954647649,0.0253887610158335,0.0955359830566155,0.195059926238683,1.04705993391256e-08,TRUE
"VD_SH_A","VD","SH",0.2,42,20860042,"mild_trunc_0.5_99.5",0.149880862060827,0.0257749021967241,0.0993620537552481,0.200399670366407,6.06366173540229e-09,TRUE
"VD_SH_A","VD","SH",0.2,42,20860042,"untruncated",0.170057148389532,0.0279288324335963,0.115316636819683,0.224797659959381,1.13656548692774e-09,TRUE
"VD_SH_A","VD","SH",0.2,43,20860043,"frozen_trunc_1_99",0.210269592297901,0.0260661940552525,0.159179851949607,0.261359332646196,7.21914138935303e-16,TRUE
"VD_SH_A","VD","SH",0.2,43,20860043,"mild_trunc_0.5_99.5",0.216499723927051,0.0264786431202081,0.164601583411443,0.268397864442659,2.92473264499156e-16,TRUE
"VD_SH_A","VD","SH",0.2,43,20860043,"untruncated",0.228863460495662,0.0274525945036223,0.175056375268562,0.282670545722761,7.64062946988332e-17,TRUE
"VD_SH_A","VD","SH",0.2,44,20860044,"frozen_trunc_1_99",0.22225692379303,0.0261573917142,0.170988436033198,0.273525411552862,1.94709374224339e-17,TRUE
"VD_SH_A","VD","SH",0.2,44,20860044,"mild_trunc_0.5_99.5",0.226137961222935,0.0261747308558799,0.17483548874541,0.277440433700459,5.64336311737141e-18,TRUE
"VD_SH_A","VD","SH",0.2,44,20860044,"untruncated",0.235496101806766,0.02644100481984,0.183671732359879,0.287320471253652,5.26816745839069e-19,TRUE
"VD_SH_A","VD","SH",0.2,45,20860045,"frozen_trunc_1_99",0.236698337570915,0.0259496026347135,0.185837116406877,0.287559558734954,7.41170092478353e-20,TRUE
"VD_SH_A","VD","SH",0.2,45,20860045,"mild_trunc_0.5_99.5",0.241358974800222,0.0262111403768837,0.18998513966153,0.292732809938914,3.3145647265029e-20,TRUE
"VD_SH_A","VD","SH",0.2,45,20860045,"untruncated",0.253267529413947,0.0268868515973056,0.200569300283228,0.305965758544666,4.52145849541291e-21,TRUE
"VD_SH_A","VD","SH",0.2,46,20860046,"frozen_trunc_1_99",0.156111751722565,0.0271412653852656,0.102914871567444,0.209308631877686,8.82862606264597e-09,TRUE
"VD_SH_A","VD","SH",0.2,46,20860046,"mild_trunc_0.5_99.5",0.159143299703747,0.0273279074495892,0.105580601102552,0.212705998304942,5.76375270386176e-09,TRUE
"VD_SH_A","VD","SH",0.2,46,20860046,"untruncated",0.165255492974048,0.0279279628290798,0.110516685829051,0.219994300119044,3.27457623811886e-09,TRUE
"VD_SH_A","VD","SH",0.2,47,20860047,"frozen_trunc_1_99",0.212522954384842,0.0266707713461262,0.160248242546434,0.264797666223249,1.60762340359175e-15,TRUE
"VD_SH_A","VD","SH",0.2,47,20860047,"mild_trunc_0.5_99.5",0.217021373157748,0.0268674679679672,0.164361135940532,0.269681610374964,6.61201199622162e-16,TRUE
"VD_SH_A","VD","SH",0.2,47,20860047,"untruncated",0.221762751994148,0.0271191003955173,0.168609315218934,0.274916188769361,2.90120882806861e-16,TRUE
"VD_SH_A","VD","SH",0.2,48,20860048,"frozen_trunc_1_99",0.183565093063493,0.0265075591873254,0.131610277056335,0.235519909070651,4.35946977457219e-12,TRUE
"VD_SH_A","VD","SH",0.2,48,20860048,"mild_trunc_0.5_99.5",0.188075297644644,0.0266442826624982,0.135852503626147,0.24029809166314,1.68008497666022e-12,TRUE
"VD_SH_A","VD","SH",0.2,48,20860048,"untruncated",0.195590123940463,0.0276864976433907,0.141324588559417,0.249855659321508,1.61243088791753e-12,TRUE
"VD_SH_A","VD","SH",0.2,49,20860049,"frozen_trunc_1_99",0.230802734102141,0.0284928934892212,0.174956662863267,0.286648805341014,5.47961676255306e-16,TRUE
"VD_SH_A","VD","SH",0.2,49,20860049,"mild_trunc_0.5_99.5",0.237071157351601,0.0288826797335581,0.180461105073827,0.293681209629375,2.24765666573263e-16,TRUE
"VD_SH_A","VD","SH",0.2,49,20860049,"untruncated",0.245006652425854,0.0292654212269017,0.187646426821127,0.302366878030582,5.67052253556796e-17,TRUE
"VD_SH_A","VD","SH",0.2,50,20860050,"frozen_trunc_1_99",0.200609698205669,0.0266567983048202,0.148362373528221,0.252857022883116,5.24592322749342e-14,TRUE
"VD_SH_A","VD","SH",0.2,50,20860050,"mild_trunc_0.5_99.5",0.205454531180006,0.0270741941238778,0.152389110697205,0.258519951662806,3.23444718066803e-14,TRUE
"VD_SH_A","VD","SH",0.2,50,20860050,"untruncated",0.21316456272411,0.0275604133582659,0.159146152541909,0.267182972906311,1.03853346166291e-14,TRUE
"VS_B_N","VS","B",0,1,20960001,"frozen_trunc_1_99",-0.000658397003268804,0.0279243975630635,-0.0553902162268732,0.0540734222203356,0.981189347629097,TRUE
"VS_B_N","VS","B",0,1,20960001,"mild_trunc_0.5_99.5",-0.000618908138371642,0.0281715503541428,-0.0558351468324916,0.0545973305557483,0.982472475902895,TRUE
"VS_B_N","VS","B",0,1,20960001,"untruncated",-0.00117361516090768,0.0287742097038706,-0.057571066180494,0.0552238358586787,0.967465662512582,TRUE
"VS_B_N","VS","B",0,2,20960002,"frozen_trunc_1_99",-0.0474995798859641,0.0285320051266269,-0.103422309934153,0.0084231501622246,0.0959561771013355,TRUE
"VS_B_N","VS","B",0,2,20960002,"mild_trunc_0.5_99.5",-0.0468071019324413,0.0287128930495441,-0.103084372309548,0.00947016844466517,0.103064063465622,TRUE
"VS_B_N","VS","B",0,2,20960002,"untruncated",-0.0469932188666145,0.0290178456976757,-0.103868196434059,0.00988175870082982,0.105348485714892,TRUE
"VS_B_N","VS","B",0,3,20960003,"frozen_trunc_1_99",0.00793605600818702,0.0272703456005574,-0.0455138213689054,0.0613859333852795,0.77104050976589,TRUE
"VS_B_N","VS","B",0,3,20960003,"mild_trunc_0.5_99.5",0.0101579769060437,0.0276839644657746,-0.0441025934468744,0.0644185472589619,0.713673932342207,TRUE
"VS_B_N","VS","B",0,3,20960003,"untruncated",0.0145677100924668,0.0285193968633552,-0.0413303077597094,0.0704657279446429,0.609491055769582,TRUE
"VS_B_N","VS","B",0,4,20960004,"frozen_trunc_1_99",-0.00919547154138507,0.0284080209071825,-0.0648751925194628,0.0464842494366927,0.746170630095653,TRUE
"VS_B_N","VS","B",0,4,20960004,"mild_trunc_0.5_99.5",-0.00937497341475402,0.0287421970169708,-0.0657096795680168,0.0469597327385087,0.744292289285861,TRUE
"VS_B_N","VS","B",0,4,20960004,"untruncated",-0.0176541912208856,0.0307606638789076,-0.0779450924235444,0.0426367099817732,0.566021256242284,TRUE
"VS_B_N","VS","B",0,5,20960005,"frozen_trunc_1_99",0.00808628195649531,0.0278923724069562,-0.0465827679611388,0.0627553318741294,0.771884973948518,TRUE
"VS_B_N","VS","B",0,5,20960005,"mild_trunc_0.5_99.5",0.00979536243095885,0.0282376347462276,-0.0455504016716473,0.065141126533565,0.728673711773563,TRUE
"VS_B_N","VS","B",0,5,20960005,"untruncated",0.00914650236234803,0.0285993471715522,-0.0469082180938943,0.0652012228185904,0.749108519094738,TRUE
"VS_B_N","VS","B",0,6,20960006,"frozen_trunc_1_99",-0.00321505755542504,0.0280796243342453,-0.0582511212505458,0.0518210061396957,0.908843124097725,TRUE
"VS_B_N","VS","B",0,6,20960006,"mild_trunc_0.5_99.5",-0.00331114784819541,0.0281964964447739,-0.0585762808799523,0.0519539851835615,0.906518376965231,TRUE
"VS_B_N","VS","B",0,6,20960006,"untruncated",-0.00473922557632305,0.0283681728182173,-0.060340844300029,0.0508623931473829,0.867321767698251,TRUE
"VS_B_N","VS","B",0,7,20960007,"frozen_trunc_1_99",0.0121841194602504,0.0248043052923761,-0.0364323189128068,0.0608005578333076,0.623278022181958,TRUE
"VS_B_N","VS","B",0,7,20960007,"mild_trunc_0.5_99.5",0.0118979954711451,0.0250522664915495,-0.0372044468522918,0.061000437794582,0.634839071362805,TRUE
"VS_B_N","VS","B",0,7,20960007,"untruncated",0.00963611375583907,0.0254731767116716,-0.0402913125990373,0.0595635401107154,0.705219088350556,TRUE
"VS_B_N","VS","B",0,8,20960008,"frozen_trunc_1_99",-0.0206855572701042,0.0275386227527273,-0.0746612578654497,0.0332901433252413,0.452564118275284,TRUE
"VS_B_N","VS","B",0,8,20960008,"mild_trunc_0.5_99.5",-0.0208753108415883,0.0276647807326975,-0.0750982810776753,0.0333476593944987,0.450500580809884,TRUE
"VS_B_N","VS","B",0,8,20960008,"untruncated",-0.0218615626928817,0.0278695782043251,-0.0764859359733588,0.0327628105875954,0.432791430319518,TRUE
"VS_B_N","VS","B",0,9,20960009,"frozen_trunc_1_99",-0.0185863385548085,0.0263002096782699,-0.0701347495242176,0.0329620724146006,0.479753393375451,TRUE
"VS_B_N","VS","B",0,9,20960009,"mild_trunc_0.5_99.5",-0.0175533657280139,0.0265075638563336,-0.0695081908864277,0.0344014594303998,0.507841677689382,TRUE
"VS_B_N","VS","B",0,9,20960009,"untruncated",-0.0155403575504061,0.026711215899124,-0.0678943407126892,0.0368136256118769,0.560707150683655,TRUE
"VS_B_N","VS","B",0,10,20960010,"frozen_trunc_1_99",0.0084374815811662,0.0298813832900483,-0.0501300296673285,0.0670049928296609,0.777663013423968,TRUE
"VS_B_N","VS","B",0,10,20960010,"mild_trunc_0.5_99.5",0.00870696952997343,0.0303401012354338,-0.0507596288914768,0.0681735679514237,0.774128459931834,TRUE
"VS_B_N","VS","B",0,10,20960010,"untruncated",0.00900421672399881,0.0309565400965623,-0.0516706018652633,0.0696790353132609,0.771153515766953,TRUE
"VS_B_N","VS","B",0,11,20960011,"frozen_trunc_1_99",0.00615778354366881,0.0266959326199913,-0.0461662443915142,0.0584818114788518,0.817576048605979,TRUE
"VS_B_N","VS","B",0,11,20960011,"mild_trunc_0.5_99.5",0.00758540492483613,0.0268406915705723,-0.0450223505534857,0.0601931604031579,0.77747703974357,TRUE
"VS_B_N","VS","B",0,11,20960011,"untruncated",0.0101726493481211,0.0273907753710329,-0.0435132703791033,0.0638585690753455,0.710347364061756,TRUE
"VS_B_N","VS","B",0,12,20960012,"frozen_trunc_1_99",0.00702375139863963,0.0275395372629408,-0.0469537416367243,0.0610012444340036,0.798690303078896,TRUE
"VS_B_N","VS","B",0,12,20960012,"mild_trunc_0.5_99.5",0.00756949347263024,0.0278574824441088,-0.0470311721178231,0.0621701590630836,0.785835711435453,TRUE
"VS_B_N","VS","B",0,12,20960012,"untruncated",0.0144985941826895,0.0291700904414008,-0.0426747830824561,0.0716719714478351,0.619163444682153,TRUE
"VS_B_N","VS","B",0,13,20960013,"frozen_trunc_1_99",-0.051472225696777,0.0257162643619403,-0.10187610384618,-0.00106834754737407,0.0453338344351413,TRUE
"VS_B_N","VS","B",0,13,20960013,"mild_trunc_0.5_99.5",-0.0510771610954797,0.0259738985435408,-0.10198600224082,-0.000168319950139731,0.0492431499920625,TRUE
"VS_B_N","VS","B",0,13,20960013,"untruncated",-0.0514256201592426,0.0264444009975287,-0.103256646114399,0.000405405795913728,0.0518147682253691,TRUE
"VS_B_N","VS","B",0,14,20960014,"frozen_trunc_1_99",0.062165354954621,0.0281401003561557,0.00701075825655585,0.117319951652686,0.0271650685967739,TRUE
"VS_B_N","VS","B",0,14,20960014,"mild_trunc_0.5_99.5",0.0622410462217975,0.0282953989255835,0.00678206432765382,0.117700028115941,0.0278290469262873,TRUE
"VS_B_N","VS","B",0,14,20960014,"untruncated",0.0616466321028781,0.0286319285598374,0.00552805212559674,0.11776521208016,0.0313129424286434,TRUE
"VS_B_N","VS","B",0,15,20960015,"frozen_trunc_1_99",-0.0235178575876936,0.0283344187888658,-0.0790533184138706,0.0320176032384835,0.406532997121043,TRUE
"VS_B_N","VS","B",0,15,20960015,"mild_trunc_0.5_99.5",-0.0235126146755022,0.0287166500607317,-0.0797972487945362,0.0327720194435319,0.41291202441578,TRUE
"VS_B_N","VS","B",0,15,20960015,"untruncated",-0.0254063264420479,0.0292608391098847,-0.0827575710974218,0.0319449182133261,0.385246210829159,TRUE
"VS_B_N","VS","B",0,16,20960016,"frozen_trunc_1_99",-0.0582357291684842,0.0274617852277514,-0.112060828214877,-0.00441063012209154,0.0339546579885391,TRUE
"VS_B_N","VS","B",0,16,20960016,"mild_trunc_0.5_99.5",-0.058473227546969,0.0276526219131232,-0.112672366496691,-0.00427408859724749,0.034467159381176,TRUE
"VS_B_N","VS","B",0,16,20960016,"untruncated",-0.0607689881319636,0.0279074228557378,-0.11546753692921,-0.00607043933471747,0.0294417465909738,TRUE
"VS_B_N","VS","B",0,17,20960017,"frozen_trunc_1_99",-0.00167481901180099,0.0283772158775399,-0.0572941621317791,0.0539445241081772,0.952936298012922,TRUE
"VS_B_N","VS","B",0,17,20960017,"mild_trunc_0.5_99.5",-0.00128626713939389,0.0286141107206696,-0.0573699241519064,0.0547973898731186,0.964145411749104,TRUE
"VS_B_N","VS","B",0,17,20960017,"untruncated",-0.00137942181688378,0.0289028524049838,-0.0580290125306521,0.0552701688968846,0.961934494604857,TRUE
"VS_B_N","VS","B",0,18,20960018,"frozen_trunc_1_99",-0.00951094157116797,0.0291341612765644,-0.0666138976732343,0.0475920145308983,0.744081456188644,TRUE
"VS_B_N","VS","B",0,18,20960018,"mild_trunc_0.5_99.5",-0.00755347912550952,0.0298015671046484,-0.0659645506506205,0.0508575923996014,0.799913443515104,TRUE
"VS_B_N","VS","B",0,18,20960018,"untruncated",-0.00440819066217188,0.0313126931668688,-0.0657810692692347,0.056964687944891,0.888044002793256,TRUE
"VS_B_N","VS","B",0,19,20960019,"frozen_trunc_1_99",0.042535651773109,0.0262351611892298,-0.00888526415778137,0.0939565677039994,0.104948535773977,TRUE
"VS_B_N","VS","B",0,19,20960019,"mild_trunc_0.5_99.5",0.0422324924005239,0.0263158853944375,-0.00934664297257368,0.0938116277736214,0.10853147248071,TRUE
"VS_B_N","VS","B",0,19,20960019,"untruncated",0.042942440929997,0.0265204490428129,-0.0090376391939162,0.0949225210539102,0.105399940889079,TRUE
"VS_B_N","VS","B",0,20,20960020,"frozen_trunc_1_99",0.0129163041624318,0.0274582227550149,-0.0409018124373973,0.0667344207622609,0.638070404176707,TRUE
"VS_B_N","VS","B",0,20,20960020,"mild_trunc_0.5_99.5",0.0135194877842294,0.0276963035113576,-0.0407652670980314,0.0678042426664903,0.625455431773822,TRUE
"VS_B_N","VS","B",0,20,20960020,"untruncated",0.0133184775400976,0.0282229706102043,-0.0419985448559028,0.0686354999360979,0.636996708497983,TRUE
"VS_B_N","VS","B",0,21,20960021,"frozen_trunc_1_99",0.0127448819365941,0.0265143636013796,-0.0392232707221099,0.0647130345952981,0.630745083359671,TRUE
"VS_B_N","VS","B",0,21,20960021,"mild_trunc_0.5_99.5",0.013856044044954,0.0267404578136471,-0.0385552532697942,0.0662673413597023,0.60434120281889,TRUE
"VS_B_N","VS","B",0,21,20960021,"untruncated",0.014818622628391,0.0272416833174555,-0.0385750766738217,0.0682123219306038,0.586463022794186,TRUE
"VS_B_N","VS","B",0,22,20960022,"frozen_trunc_1_99",-0.00719587065071726,0.0276870793523966,-0.0614625461814145,0.04707080487998,0.794940946739074,TRUE
"VS_B_N","VS","B",0,22,20960022,"mild_trunc_0.5_99.5",-0.00439601544130331,0.0279317576475084,-0.0591422604304197,0.0503502295478131,0.874942118190894,TRUE
"VS_B_N","VS","B",0,22,20960022,"untruncated",-0.00171980566525913,0.0284369414163696,-0.0574562108413436,0.0540165995108254,0.951775040228886,TRUE
"VS_B_N","VS","B",0,23,20960023,"frozen_trunc_1_99",-0.00152435935605768,0.0258399905427027,-0.0521707408197549,0.0491220221076395,0.952958275604618,TRUE
"VS_B_N","VS","B",0,23,20960023,"mild_trunc_0.5_99.5",0.000387528656788233,0.0259556052746231,-0.050485457681473,0.0512605149950495,0.988087673494653,TRUE
"VS_B_N","VS","B",0,23,20960023,"untruncated",0.00468922717076874,0.0263539126738754,-0.0469644416700271,0.0563428960115645,0.858775700583866,TRUE
"VS_B_N","VS","B",0,24,20960024,"frozen_trunc_1_99",-0.0393810784714791,0.0253016817573223,-0.0889723747158308,0.0102102177728726,0.119598532323073,TRUE
"VS_B_N","VS","B",0,24,20960024,"mild_trunc_0.5_99.5",-0.0396298529114395,0.0253930593713339,-0.0894002492792539,0.0101405434563749,0.118604729457087,TRUE
"VS_B_N","VS","B",0,24,20960024,"untruncated",-0.0402857977170918,0.0254586787860078,-0.0901848081376672,0.00961321270348355,0.113558424470895,TRUE
"VS_B_N","VS","B",0,25,20960025,"frozen_trunc_1_99",0.0134345028355723,0.0271028900186002,-0.039687161600884,0.0665561672720287,0.6201164947709,TRUE
"VS_B_N","VS","B",0,25,20960025,"mild_trunc_0.5_99.5",0.0128503382010862,0.0271106406991802,-0.040286517569307,0.0659871939714793,0.63550268198588,TRUE
"VS_B_N","VS","B",0,25,20960025,"untruncated",0.00820273649365152,0.027225114599313,-0.0451584881210019,0.061563961108305,0.763191077128847,TRUE
"VS_B_N","VS","B",0,26,20960026,"frozen_trunc_1_99",0.00911709100766015,0.0292059231030202,-0.0481265182742594,0.0663607002895797,0.754914504825971,TRUE
"VS_B_N","VS","B",0,26,20960026,"mild_trunc_0.5_99.5",0.00912682961431199,0.0294494582056534,-0.0485941084687687,0.0668477676973927,0.756625575687735,TRUE
"VS_B_N","VS","B",0,26,20960026,"untruncated",0.00984215757480771,0.0299475730287206,-0.0488550855614848,0.0685394007111002,0.742423085596243,TRUE
"VS_B_N","VS","B",0,27,20960027,"frozen_trunc_1_99",-0.00544127025102082,0.0279509654893676,-0.0602251626101813,0.0493426221081396,0.845649736155788,TRUE
"VS_B_N","VS","B",0,27,20960027,"mild_trunc_0.5_99.5",-0.00579475368219351,0.028238451249429,-0.0611421181310743,0.0495526107666873,0.837409686356894,TRUE
"VS_B_N","VS","B",0,27,20960027,"untruncated",-0.00512299529032623,0.0286686832118568,-0.0613136143855656,0.0510676238049131,0.858175964388006,TRUE
"VS_B_N","VS","B",0,28,20960028,"frozen_trunc_1_99",-0.00805741932306464,0.0279955015360684,-0.0629286023337587,0.0468137636876295,0.773491251810979,TRUE
"VS_B_N","VS","B",0,28,20960028,"mild_trunc_0.5_99.5",-0.00893133872436252,0.0282827921987791,-0.0643656114339695,0.0465029339852445,0.752164169338969,TRUE
"VS_B_N","VS","B",0,28,20960028,"untruncated",-0.0105244462333117,0.02866939396834,-0.0667164584112581,0.0456675659446346,0.713546724405259,TRUE
"VS_B_N","VS","B",0,29,20960029,"frozen_trunc_1_99",-0.00106350778476488,0.0292262400358904,-0.05834693825511,0.0562199226855803,0.970972345080415,TRUE
"VS_B_N","VS","B",0,29,20960029,"mild_trunc_0.5_99.5",-0.00197199588871694,0.029405535865216,-0.0596068461845402,0.0556628544071063,0.946532295487519,TRUE
"VS_B_N","VS","B",0,29,20960029,"untruncated",-0.000364900237324345,0.0298668977659214,-0.0589040198585303,0.0581742193838817,0.990252050118183,TRUE
"VS_B_N","VS","B",0,30,20960030,"frozen_trunc_1_99",0.00124462370733427,0.0263550876546207,-0.0504113480957223,0.0529005955103908,0.962333760713756,TRUE
"VS_B_N","VS","B",0,30,20960030,"mild_trunc_0.5_99.5",0.00126632048115339,0.0265869672899777,-0.050844135407203,0.0533767763695098,0.962011625342566,TRUE
"VS_B_N","VS","B",0,30,20960030,"untruncated",0.0028712886800479,0.0271802893066188,-0.050402078360925,0.0561446557210207,0.915869069395368,TRUE
"VS_B_N","VS","B",0,31,20960031,"frozen_trunc_1_99",0.0600485154836102,0.0243063537566728,0.0124080621205314,0.107688968846689,0.0134929463464447,TRUE
"VS_B_N","VS","B",0,31,20960031,"mild_trunc_0.5_99.5",0.0594356703779497,0.0244907180619609,0.0114338629765064,0.107437477779393,0.0152299151859702,TRUE
"VS_B_N","VS","B",0,31,20960031,"untruncated",0.0589387414702753,0.0247975623474673,0.0103355192692393,0.107541963671311,0.0174637539750273,TRUE
"VS_B_N","VS","B",0,32,20960032,"frozen_trunc_1_99",-0.0138019106827531,0.024380243109815,-0.0615871871779905,0.0339833658124842,0.571318691969205,TRUE
"VS_B_N","VS","B",0,32,20960032,"mild_trunc_0.5_99.5",-0.0130900886802043,0.0246352345681215,-0.0613751484337224,0.0351949710733138,0.595171853394011,TRUE
"VS_B_N","VS","B",0,32,20960032,"untruncated",-0.0107339579616287,0.0252744576337034,-0.0602718949236872,0.0388039790004299,0.671058389464352,TRUE
"VS_B_N","VS","B",0,33,20960033,"frozen_trunc_1_99",-0.018979131340502,0.0266007036125396,-0.0711165104210796,0.0331582477400757,0.475547358638984,TRUE
"VS_B_N","VS","B",0,33,20960033,"mild_trunc_0.5_99.5",-0.0194659060683995,0.0267210326580695,-0.0718391300782158,0.0329073179414168,0.46631595537959,TRUE
"VS_B_N","VS","B",0,33,20960033,"untruncated",-0.0201102455030447,0.026785688689544,-0.072610195334551,0.0323897043284616,0.452783131875788,TRUE
"VS_B_N","VS","B",0,34,20960034,"frozen_trunc_1_99",0.00959912518443634,0.0281574174245998,-0.0455894129677793,0.064787663336652,0.733171870856784,TRUE
"VS_B_N","VS","B",0,34,20960034,"mild_trunc_0.5_99.5",0.00905864747497634,0.0283390980339429,-0.0464859846715517,0.0646032796215044,0.749232201039767,TRUE
"VS_B_N","VS","B",0,34,20960034,"untruncated",0.00869097752517692,0.0286471505201728,-0.0474574374943618,0.0648393925447156,0.761600152584293,TRUE
"VS_B_N","VS","B",0,35,20960035,"frozen_trunc_1_99",0.0396096367045641,0.0262558699567514,-0.0118518684106686,0.0910711418197968,0.131400729471905,TRUE
"VS_B_N","VS","B",0,35,20960035,"mild_trunc_0.5_99.5",0.0395092556324414,0.0263561285242312,-0.0121487562750518,0.0911672675399346,0.133859665627119,TRUE
"VS_B_N","VS","B",0,35,20960035,"untruncated",0.0383603721867554,0.0268070183063906,-0.0141813836937701,0.0909021280672809,0.152435250849574,TRUE
"VS_B_N","VS","B",0,36,20960036,"frozen_trunc_1_99",0.0327585666705026,0.0269809604473533,-0.0201241158063099,0.085641249147315,0.224695635290666,TRUE
"VS_B_N","VS","B",0,36,20960036,"mild_trunc_0.5_99.5",0.0360724838206232,0.0272160117406545,-0.0172708991910597,0.0894158668323061,0.185033865916482,TRUE
"VS_B_N","VS","B",0,36,20960036,"untruncated",0.0414678572852637,0.0279040685138435,-0.0132241170018696,0.0961598315723971,0.137256263773404,TRUE
"VS_B_N","VS","B",0,37,20960037,"frozen_trunc_1_99",-0.0153711946227924,0.0257577186493584,-0.0658563231755349,0.03511393392995,0.550667149259768,TRUE
"VS_B_N","VS","B",0,37,20960037,"mild_trunc_0.5_99.5",-0.0153894989216259,0.025904878918845,-0.0661630616025621,0.0353840637593102,0.552460454168713,TRUE
"VS_B_N","VS","B",0,37,20960037,"untruncated",-0.0145797134078685,0.0263314204119023,-0.0661892974151971,0.03702987059946,0.579784021234265,TRUE
"VS_B_N","VS","B",0,38,20960038,"frozen_trunc_1_99",0.00227937384440731,0.0254408105401547,-0.0475846148142959,0.0521433625031105,0.928608919656611,TRUE
"VS_B_N","VS","B",0,38,20960038,"mild_trunc_0.5_99.5",0.00334632867359518,0.0257381166095795,-0.0471003798811806,0.053793037228371,0.896554945144335,TRUE
"VS_B_N","VS","B",0,38,20960038,"untruncated",0.00551827145351646,0.0263965266375818,-0.046218920756144,0.0572554636631769,0.834406912734336,TRUE
"VS_B_N","VS","B",0,39,20960039,"frozen_trunc_1_99",0.028028893889564,0.0280681931206673,-0.0269847646269439,0.0830425524060719,0.317988565086012,TRUE
"VS_B_N","VS","B",0,39,20960039,"mild_trunc_0.5_99.5",0.0267328824493676,0.028167846101614,-0.0284760959097958,0.0819418608085309,0.342591786345126,TRUE
"VS_B_N","VS","B",0,39,20960039,"untruncated",0.0233373818232863,0.0283736689817147,-0.0322750093808744,0.0789497730274471,0.410791602988986,TRUE
"VS_B_N","VS","B",0,40,20960040,"frozen_trunc_1_99",0.0112349837533973,0.0287953146822358,-0.0452038330237848,0.0676738005305794,0.696413005160803,TRUE
"VS_B_N","VS","B",0,40,20960040,"mild_trunc_0.5_99.5",0.0132725204420241,0.0288973379531466,-0.0433662619461432,0.0699113028301915,0.646019415653035,TRUE
"VS_B_N","VS","B",0,40,20960040,"untruncated",0.0105593071452365,0.0293617168342846,-0.0469896578499613,0.0681082721404342,0.719125045083953,TRUE
"VS_B_N","VS","B",0,41,20960041,"frozen_trunc_1_99",0.0333798768732134,0.0265592362138774,-0.0186762261059862,0.0854359798524131,0.208822945856722,TRUE
"VS_B_N","VS","B",0,41,20960041,"mild_trunc_0.5_99.5",0.0356458654238773,0.0269461431578098,-0.0171685751654299,0.0884603060131845,0.185883291379551,TRUE
"VS_B_N","VS","B",0,41,20960041,"untruncated",0.0386395997539306,0.0275738701452798,-0.0154051857308178,0.092684385238679,0.161120744093461,TRUE
"VS_B_N","VS","B",0,42,20960042,"frozen_trunc_1_99",-0.00181050027717767,0.0263408656697817,-0.0534385969899498,0.0498175964355945,0.945201740420978,TRUE
"VS_B_N","VS","B",0,42,20960042,"mild_trunc_0.5_99.5",-0.00191878550554224,0.0265655229627236,-0.0539872105124805,0.050149639501396,0.942420135670468,TRUE
"VS_B_N","VS","B",0,42,20960042,"untruncated",-0.00251148161390196,0.0273524868336905,-0.0561223558079354,0.0510993925801314,0.926841742705819,TRUE
"VS_B_N","VS","B",0,43,20960043,"frozen_trunc_1_99",0.0470620259642342,0.0262592223268923,-0.00440604979647476,0.0985301017249432,0.0730994241542227,TRUE
"VS_B_N","VS","B",0,43,20960043,"mild_trunc_0.5_99.5",0.0469972728670261,0.0265690953165638,-0.005078153953439,0.0990726996874911,0.076915589038417,TRUE
"VS_B_N","VS","B",0,43,20960043,"untruncated",0.0453189056477248,0.027217207834302,-0.00802682170750702,0.0986646330029567,0.0958962302807887,TRUE
"VS_B_N","VS","B",0,44,20960044,"frozen_trunc_1_99",0.00559849793769038,0.0262977605560599,-0.0459451127521869,0.0571421086275677,0.831413720691236,TRUE
"VS_B_N","VS","B",0,44,20960044,"mild_trunc_0.5_99.5",0.00670034720296179,0.0269957469061972,-0.0462113167331848,0.0596120111391084,0.803979585507061,TRUE
"VS_B_N","VS","B",0,44,20960044,"untruncated",0.0122030730344546,0.0294801133688731,-0.0455779491685368,0.0699840952374459,0.678916187803222,TRUE
"VS_B_N","VS","B",0,45,20960045,"frozen_trunc_1_99",0.00370945940238946,0.0279698809662378,-0.0511115072914366,0.0585304260962156,0.894491262383733,TRUE
"VS_B_N","VS","B",0,45,20960045,"mild_trunc_0.5_99.5",0.00502734708926721,0.0282630064194695,-0.0503681454928931,0.0604228396714275,0.858819343581111,TRUE
"VS_B_N","VS","B",0,45,20960045,"untruncated",0.00948092224829011,0.0293007944710169,-0.047948634914903,0.0669104794114832,0.746261945005989,TRUE
"VS_B_N","VS","B",0,46,20960046,"frozen_trunc_1_99",-0.0117211001100231,0.0269625071510851,-0.06456761412615,0.0411254139061038,0.663766783306033,TRUE
"VS_B_N","VS","B",0,46,20960046,"mild_trunc_0.5_99.5",-0.0121444481628559,0.0272808027402256,-0.0656148215336981,0.0413259252079864,0.656200793288044,TRUE
"VS_B_N","VS","B",0,46,20960046,"untruncated",-0.0119336405995173,0.0288160037345951,-0.0684130079193238,0.0445457267202891,0.678777150348962,TRUE
"VS_B_N","VS","B",0,47,20960047,"frozen_trunc_1_99",-0.00502937340110136,0.0271392866460551,-0.0582223752273694,0.0481636284251667,0.852980340803417,TRUE
"VS_B_N","VS","B",0,47,20960047,"mild_trunc_0.5_99.5",-0.00569988183315238,0.0272840198861822,-0.0591765608100695,0.0477767971437648,0.834519148788079,TRUE
"VS_B_N","VS","B",0,47,20960047,"untruncated",-0.00858573376779515,0.0277111970557662,-0.062899679997097,0.0457282124615067,0.756690961670384,TRUE
"VS_B_N","VS","B",0,48,20960048,"frozen_trunc_1_99",0.0294871912691972,0.0258540793200553,-0.0211868041981111,0.0801611867365056,0.25406816755349,TRUE
"VS_B_N","VS","B",0,48,20960048,"mild_trunc_0.5_99.5",0.029275138549182,0.026048571810207,-0.0217800621988237,0.0803303392971877,0.261069317655517,TRUE
"VS_B_N","VS","B",0,48,20960048,"untruncated",0.0263428462562019,0.0265893118082852,-0.0257722048880371,0.0784578974004409,0.321817118998079,TRUE
"VS_B_N","VS","B",0,49,20960049,"frozen_trunc_1_99",0.0463207484698554,0.0277905728632683,-0.00814877434215047,0.100790271281861,0.0955583200529606,TRUE
"VS_B_N","VS","B",0,49,20960049,"mild_trunc_0.5_99.5",0.0475207510249191,0.0281448781098266,-0.00764321007034106,0.102684712120179,0.0913280717744074,TRUE
"VS_B_N","VS","B",0,49,20960049,"untruncated",0.0505263037925537,0.0287052319934844,-0.00573595091467577,0.106788558499783,0.0783777138643067,TRUE
"VS_B_N","VS","B",0,50,20960050,"frozen_trunc_1_99",-0.0297597920930121,0.0248908897679095,-0.0785459360381147,0.0190263518520906,0.231848859755627,TRUE
"VS_B_N","VS","B",0,50,20960050,"mild_trunc_0.5_99.5",-0.0298076285996339,0.024997603624765,-0.0788029317041734,0.0191876745049056,0.233096820170242,TRUE
"VS_B_N","VS","B",0,50,20960050,"untruncated",-0.0303633321376337,0.025066642634462,-0.0794939517011792,0.0187672874259118,0.225778799401478,TRUE
"VS_B_A","VS","B",0.2,1,21060001,"frozen_trunc_1_99",0.167387611828253,0.02526841906633,0.117861510458246,0.21691371319826,3.48708479193422e-11,TRUE
"VS_B_A","VS","B",0.2,1,21060001,"mild_trunc_0.5_99.5",0.167060239318836,0.0253512602072472,0.117371769312631,0.21674870932504,4.40360389454819e-11,TRUE
"VS_B_A","VS","B",0.2,1,21060001,"untruncated",0.166616705997959,0.0255347449794367,0.116568605838263,0.216664806157655,6.79572179745934e-11,TRUE
"VS_B_A","VS","B",0.2,2,21060002,"frozen_trunc_1_99",0.174951743778922,0.0276073023740454,0.120841431125793,0.229062056432051,2.34047089786902e-10,TRUE
"VS_B_A","VS","B",0.2,2,21060002,"mild_trunc_0.5_99.5",0.177576886028608,0.0279013169786234,0.122890304750506,0.23226346730671,1.95974773614513e-10,TRUE
"VS_B_A","VS","B",0.2,2,21060002,"untruncated",0.182500286254149,0.0283832710041268,0.12686907508606,0.238131497422237,1.27726636021248e-10,TRUE
"VS_B_A","VS","B",0.2,3,21060003,"frozen_trunc_1_99",0.18933797681838,0.0270018741486437,0.136414303487038,0.242261650149722,2.34883251568853e-12,TRUE
"VS_B_A","VS","B",0.2,3,21060003,"mild_trunc_0.5_99.5",0.191431713211899,0.0272719193013142,0.137978751381323,0.244884675042475,2.22869640644095e-12,TRUE
"VS_B_A","VS","B",0.2,3,21060003,"untruncated",0.195124456516537,0.0277966796305429,0.140642964440673,0.249605948592401,2.2233914986993e-12,TRUE
"VS_B_A","VS","B",0.2,4,21060004,"frozen_trunc_1_99",0.150183541604673,0.0279639787710839,0.0953741432133489,0.204992939995998,7.84720326897632e-08,TRUE
"VS_B_A","VS","B",0.2,4,21060004,"mild_trunc_0.5_99.5",0.148483033628519,0.0282467000403855,0.0931195015493631,0.203846565707674,1.46702623305755e-07,TRUE
"VS_B_A","VS","B",0.2,4,21060004,"untruncated",0.143963443995011,0.02851514853655,0.0880737528633732,0.199853135126649,4.44907166873704e-07,TRUE
"VS_B_A","VS","B",0.2,5,21060005,"frozen_trunc_1_99",0.198195364475736,0.0263314876812601,0.146585648620466,0.249805080331006,5.19456917032384e-14,TRUE
"VS_B_A","VS","B",0.2,5,21060005,"mild_trunc_0.5_99.5",0.20004315112964,0.0265506349123704,0.148003906701394,0.252082395557887,4.90578574862787e-14,TRUE
"VS_B_A","VS","B",0.2,5,21060005,"untruncated",0.203853099757613,0.0279481288180571,0.149074767274221,0.258631432241005,3.00929559556159e-13,TRUE
"VS_B_A","VS","B",0.2,6,21060006,"frozen_trunc_1_99",0.213031624072528,0.027122105011706,0.159872298249584,0.266190949895472,4.01246095473224e-15,TRUE
"VS_B_A","VS","B",0.2,6,21060006,"mild_trunc_0.5_99.5",0.212976313660148,0.0273460926141799,0.159377972136356,0.266574655183941,6.7980855369479e-15,TRUE
"VS_B_A","VS","B",0.2,6,21060006,"untruncated",0.211559842233358,0.0279522057057392,0.156773519050109,0.266346165416607,3.77187027268817e-14,TRUE
"VS_B_A","VS","B",0.2,7,21060007,"frozen_trunc_1_99",0.220856219260286,0.0284464120789953,0.165101251585455,0.276611186935117,8.23312543083467e-15,TRUE
"VS_B_A","VS","B",0.2,7,21060007,"mild_trunc_0.5_99.5",0.220178306534578,0.0285517240624719,0.164216927372134,0.276139685697023,1.24289910405005e-14,TRUE
"VS_B_A","VS","B",0.2,7,21060007,"untruncated",0.222683554328466,0.0287639921660752,0.166306129682959,0.279060978973974,9.80598562141117e-15,TRUE
"VS_B_A","VS","B",0.2,8,21060008,"frozen_trunc_1_99",0.193647524438219,0.0250424771254383,0.14456426927236,0.242730779604078,1.05237639581188e-14,TRUE
"VS_B_A","VS","B",0.2,8,21060008,"mild_trunc_0.5_99.5",0.195034943512939,0.0250719223934552,0.145893975621766,0.244175911404111,7.3089480761392e-15,TRUE
"VS_B_A","VS","B",0.2,8,21060008,"untruncated",0.199203337199719,0.0252700375328688,0.149674063635297,0.248732610764142,3.19650402850872e-15,TRUE
"VS_B_A","VS","B",0.2,9,21060009,"frozen_trunc_1_99",0.185335635804135,0.0250136070956808,0.136308965896601,0.23436230571167,1.26879160529675e-13,TRUE
"VS_B_A","VS","B",0.2,9,21060009,"mild_trunc_0.5_99.5",0.186477305533672,0.0251796216845622,0.13712524703193,0.235829364035414,1.30281698196368e-13,TRUE
"VS_B_A","VS","B",0.2,9,21060009,"untruncated",0.188066979527348,0.0253788403870025,0.138324452368823,0.237809506685873,1.25933231049703e-13,TRUE
"VS_B_A","VS","B",0.2,10,21060010,"frozen_trunc_1_99",0.214701424842082,0.027270804270271,0.161250648472351,0.268152201211813,3.46400870660721e-15,TRUE
"VS_B_A","VS","B",0.2,10,21060010,"mild_trunc_0.5_99.5",0.215626189527909,0.027408299412367,0.16190592267967,0.269346456376149,3.62707171139519e-15,TRUE
"VS_B_A","VS","B",0.2,10,21060010,"untruncated",0.218481853143273,0.0276048168766212,0.164376412065095,0.27258729422145,2.47993714178728e-15,TRUE
"VS_B_A","VS","B",0.2,11,21060011,"frozen_trunc_1_99",0.17154387905897,0.0262963545874674,0.120003024067534,0.223084734050407,6.86922090842044e-11,TRUE
"VS_B_A","VS","B",0.2,11,21060011,"mild_trunc_0.5_99.5",0.171661741526418,0.0267292164105444,0.119272477361751,0.224051005691085,1.34273621753311e-10,TRUE
"VS_B_A","VS","B",0.2,11,21060011,"untruncated",0.173373939866196,0.0272974105587193,0.119871015171106,0.226876864561286,2.13508147982306e-10,TRUE
"VS_B_A","VS","B",0.2,12,21060012,"frozen_trunc_1_99",0.198518642518975,0.0295920217336727,0.140518279920977,0.256519005116974,1.96609461846579e-11,TRUE
"VS_B_A","VS","B",0.2,12,21060012,"mild_trunc_0.5_99.5",0.198460645451304,0.0300222407359156,0.139617053608909,0.257304237293699,3.83142809680297e-11,TRUE
"VS_B_A","VS","B",0.2,12,21060012,"untruncated",0.20005281019957,0.0303193672585312,0.140626850372849,0.259478770026291,4.16220221182781e-11,TRUE
"VS_B_A","VS","B",0.2,13,21060013,"frozen_trunc_1_99",0.16836373676305,0.026247168281195,0.116919286931908,0.219808186594192,1.41240721534774e-10,TRUE
"VS_B_A","VS","B",0.2,13,21060013,"mild_trunc_0.5_99.5",0.170400673918908,0.0265086581325232,0.118443703979163,0.222357643858654,1.29196919608471e-10,TRUE
"VS_B_A","VS","B",0.2,13,21060013,"untruncated",0.174667801659435,0.027706510953213,0.120363040191137,0.228972563127733,2.89658200269452e-10,TRUE
"VS_B_A","VS","B",0.2,14,21060014,"frozen_trunc_1_99",0.224047803834874,0.028413277737207,0.168357779469949,0.2797378281998,3.13729042426996e-15,TRUE
"VS_B_A","VS","B",0.2,14,21060014,"mild_trunc_0.5_99.5",0.227231687349446,0.0287454175186215,0.170890669012948,0.283572705685944,2.67996321149686e-15,TRUE
"VS_B_A","VS","B",0.2,14,21060014,"untruncated",0.234087038226363,0.0295752203229408,0.176119606393399,0.292054470059327,2.47308913526278e-15,TRUE
"VS_B_A","VS","B",0.2,15,21060015,"frozen_trunc_1_99",0.191669439643963,0.0288204481305364,0.135181361308112,0.248157517979815,2.92164475262654e-11,TRUE
"VS_B_A","VS","B",0.2,15,21060015,"mild_trunc_0.5_99.5",0.19123895402154,0.0290587649414392,0.134283774736319,0.248194133306761,4.66946191261285e-11,TRUE
"VS_B_A","VS","B",0.2,15,21060015,"untruncated",0.188969478271832,0.029336856677545,0.131469239183844,0.246469717359821,1.1840170617228e-10,TRUE
"VS_B_A","VS","B",0.2,16,21060016,"frozen_trunc_1_99",0.209978376007797,0.0285388910647308,0.154042149520925,0.26591460249467,1.87215121620991e-13,TRUE
"VS_B_A","VS","B",0.2,16,21060016,"mild_trunc_0.5_99.5",0.212182136288745,0.0288705036238833,0.155595949185934,0.268768323391556,1.99033706254265e-13,TRUE
"VS_B_A","VS","B",0.2,16,21060016,"untruncated",0.218096463857223,0.0292808225406851,0.160706051677481,0.275486876036966,9.44500244412102e-14,TRUE
"VS_B_A","VS","B",0.2,17,21060017,"frozen_trunc_1_99",0.2093993161776,0.0268675636105831,0.156738891500858,0.262059740854343,6.5044544022924e-15,TRUE
"VS_B_A","VS","B",0.2,17,21060017,"mild_trunc_0.5_99.5",0.212058492330657,0.0271521087033788,0.158840359272034,0.265276625389279,5.71792406704389e-15,TRUE
"VS_B_A","VS","B",0.2,17,21060017,"untruncated",0.215710901129671,0.0275289028163243,0.161754251609675,0.269667550649666,4.65877091044222e-15,TRUE
"VS_B_A","VS","B",0.2,18,21060018,"frozen_trunc_1_99",0.21412546907425,0.0266375969022383,0.161915779145863,0.266335159002638,9.09686426926552e-16,TRUE
"VS_B_A","VS","B",0.2,18,21060018,"mild_trunc_0.5_99.5",0.213087216262006,0.0268433906536976,0.160474170580759,0.265700261943253,2.05197210016428e-15,TRUE
"VS_B_A","VS","B",0.2,18,21060018,"untruncated",0.213068393432083,0.0272809093653609,0.159597811075976,0.266538975788191,5.71133343807391e-15,TRUE
"VS_B_A","VS","B",0.2,19,21060019,"frozen_trunc_1_99",0.188303840723183,0.0280731782640871,0.133280411325572,0.243327270120793,1.97842190020852e-11,TRUE
"VS_B_A","VS","B",0.2,19,21060019,"mild_trunc_0.5_99.5",0.18829832044848,0.0282904027113255,0.132849131134282,0.243747509762678,2.81556157023663e-11,TRUE
"VS_B_A","VS","B",0.2,19,21060019,"untruncated",0.192863204421222,0.0289280933819541,0.136164141392592,0.249562267449852,2.61109323375002e-11,TRUE
"VS_B_A","VS","B",0.2,20,21060020,"frozen_trunc_1_99",0.205878058542484,0.025844968735577,0.155221919820753,0.256534197264215,1.64044947373093e-15,TRUE
"VS_B_A","VS","B",0.2,20,21060020,"mild_trunc_0.5_99.5",0.208337730127873,0.0262280247675006,0.156930801583572,0.259744658672174,1.96832003493164e-15,TRUE
"VS_B_A","VS","B",0.2,20,21060020,"untruncated",0.213140542579842,0.0271530376298018,0.15992058882543,0.266360496334253,4.1735911693645e-15,TRUE
"VS_B_A","VS","B",0.2,21,21060021,"frozen_trunc_1_99",0.219600997505369,0.0258127570639611,0.169007993660005,0.270194001350732,1.77785079875663e-17,TRUE
"VS_B_A","VS","B",0.2,21,21060021,"mild_trunc_0.5_99.5",0.221265129656677,0.0261113046535799,0.170086972535661,0.272443286777694,2.37268617060739e-17,TRUE
"VS_B_A","VS","B",0.2,21,21060021,"untruncated",0.224288491422015,0.0269990822779892,0.171370290157156,0.277206692686873,9.7934291450769e-17,TRUE
"VS_B_A","VS","B",0.2,22,21060022,"frozen_trunc_1_99",0.190692256769187,0.0245533158883724,0.142567757627977,0.238816755910397,8.07123591217496e-15,TRUE
"VS_B_A","VS","B",0.2,22,21060022,"mild_trunc_0.5_99.5",0.193507773378221,0.0247624626478556,0.144973346588424,0.242042200168018,5.51549452476153e-15,TRUE
"VS_B_A","VS","B",0.2,22,21060022,"untruncated",0.200430398717922,0.0253181024071672,0.150806917999874,0.25005387943597,2.44317585976598e-15,TRUE
"VS_B_A","VS","B",0.2,23,21060023,"frozen_trunc_1_99",0.148246678906028,0.0271953923598564,0.0949437098807094,0.201549647931347,5.00397972695446e-08,TRUE
"VS_B_A","VS","B",0.2,23,21060023,"mild_trunc_0.5_99.5",0.149233617653027,0.0277715798842905,0.0948013210798172,0.203665914226236,7.71760224824792e-08,TRUE
"VS_B_A","VS","B",0.2,23,21060023,"untruncated",0.151663267412662,0.028992618778639,0.0948377346065294,0.208488800218794,1.68504969637488e-07,TRUE
"VS_B_A","VS","B",0.2,24,21060024,"frozen_trunc_1_99",0.183243793310166,0.0255552496953633,0.133155503907254,0.233332082713078,7.47270083198134e-13,TRUE
"VS_B_A","VS","B",0.2,24,21060024,"mild_trunc_0.5_99.5",0.182952908136476,0.0257165444762871,0.132548480962954,0.233357335309999,1.1255533833218e-12,TRUE
"VS_B_A","VS","B",0.2,24,21060024,"untruncated",0.190401249707721,0.0273470482012364,0.136801035233297,0.244001464182144,3.3451003696992e-12,TRUE
"VS_B_A","VS","B",0.2,25,21060025,"frozen_trunc_1_99",0.228605164148816,0.0246320283810699,0.180326388521919,0.276883939775713,1.68195707206728e-20,TRUE
"VS_B_A","VS","B",0.2,25,21060025,"mild_trunc_0.5_99.5",0.230116916629883,0.0246863929423782,0.181731586462822,0.278502246796944,1.14588579988961e-20,TRUE
"VS_B_A","VS","B",0.2,25,21060025,"untruncated",0.230564266491537,0.0248860691217492,0.181787571012909,0.279340961970166,1.95457003990145e-20,TRUE
"VS_B_A","VS","B",0.2,26,21060026,"frozen_trunc_1_99",0.153628660118938,0.0249683791411067,0.104690637002369,0.202566683235508,7.6064940553146e-10,TRUE
"VS_B_A","VS","B",0.2,26,21060026,"mild_trunc_0.5_99.5",0.15667735271458,0.0252180706542629,0.107249934232225,0.206104771196935,5.20155341354148e-10,TRUE
"VS_B_A","VS","B",0.2,26,21060026,"untruncated",0.162113393330162,0.0256792213540989,0.111782119476128,0.212444667184195,2.73645194038266e-10,TRUE
"VS_B_A","VS","B",0.2,27,21060027,"frozen_trunc_1_99",0.178114096597276,0.0253497558372005,0.128428575156363,0.227799618038189,2.12135726761479e-12,TRUE
"VS_B_A","VS","B",0.2,27,21060027,"mild_trunc_0.5_99.5",0.180322804712178,0.0256587731477813,0.130031609342526,0.230614000081829,2.09927934861646e-12,TRUE
"VS_B_A","VS","B",0.2,27,21060027,"untruncated",0.184819408231002,0.0262238476847939,0.133420666768806,0.236218149693198,1.81819713137527e-12,TRUE
"VS_B_A","VS","B",0.2,28,21060028,"frozen_trunc_1_99",0.153966189581694,0.0281647394388324,0.0987633002815823,0.209169078881805,4.58673903486512e-08,TRUE
"VS_B_A","VS","B",0.2,28,21060028,"mild_trunc_0.5_99.5",0.15469812603772,0.0285184728849944,0.0988019191831307,0.210594332892309,5.81207564433421e-08,TRUE
"VS_B_A","VS","B",0.2,28,21060028,"untruncated",0.159173209064605,0.0296436662371076,0.101071623239874,0.217274794889336,7.89324501842054e-08,TRUE
"VS_B_A","VS","B",0.2,29,21060029,"frozen_trunc_1_99",0.15526026038731,0.0270959653971847,0.102152168208828,0.208368352565792,1.00422360880189e-08,TRUE
"VS_B_A","VS","B",0.2,29,21060029,"mild_trunc_0.5_99.5",0.154360581817266,0.0272423269722896,0.100965620951578,0.207755542682953,1.45995703416695e-08,TRUE
"VS_B_A","VS","B",0.2,29,21060029,"untruncated",0.153488930558304,0.0276883992808281,0.0992196679678811,0.207758193148727,2.96589365097304e-08,TRUE
"VS_B_A","VS","B",0.2,30,21060030,"frozen_trunc_1_99",0.206420237554209,0.0268227253149767,0.153847695936855,0.258992779171563,1.40697406242575e-14,TRUE
"VS_B_A","VS","B",0.2,30,21060030,"mild_trunc_0.5_99.5",0.209233131761251,0.0271872178427671,0.155946184789427,0.262520078733074,1.40379562165922e-14,TRUE
"VS_B_A","VS","B",0.2,30,21060030,"untruncated",0.215426405645655,0.0281399048947991,0.160272192051849,0.270580619239462,1.924889412736e-14,TRUE
"VS_B_A","VS","B",0.2,31,21060031,"frozen_trunc_1_99",0.17705229273128,0.0287254997787958,0.12075031316484,0.23335427229772,7.11125284172898e-10,TRUE
"VS_B_A","VS","B",0.2,31,21060031,"mild_trunc_0.5_99.5",0.176383970725053,0.0290986953335116,0.11935052787137,0.233417413578736,1.34793665074758e-09,TRUE
"VS_B_A","VS","B",0.2,31,21060031,"untruncated",0.176028089577243,0.0296638673045841,0.117886909660258,0.234169269494228,2.954778262591e-09,TRUE
"VS_B_A","VS","B",0.2,32,21060032,"frozen_trunc_1_99",0.246604621922837,0.0255332003577045,0.196559549221736,0.296649694623938,4.53789738335089e-22,TRUE
"VS_B_A","VS","B",0.2,32,21060032,"mild_trunc_0.5_99.5",0.248973710877782,0.025992504196396,0.198028402652846,0.299919019102718,9.8299292813772e-22,TRUE
"VS_B_A","VS","B",0.2,32,21060032,"untruncated",0.25810011373821,0.0287625105073875,0.201725593143731,0.31447463433269,2.87263646636927e-19,TRUE
"VS_B_A","VS","B",0.2,33,21060033,"frozen_trunc_1_99",0.158367504407501,0.0243958199128727,0.110551697378271,0.206183311436732,8.49387562695821e-11,TRUE
"VS_B_A","VS","B",0.2,33,21060033,"mild_trunc_0.5_99.5",0.158766119732412,0.0245624258540146,0.110623765058543,0.206908474406281,1.02119233920923e-10,TRUE
"VS_B_A","VS","B",0.2,33,21060033,"untruncated",0.160484748740678,0.024958939367534,0.111565227580312,0.209404269901045,1.27645368983285e-10,TRUE
"VS_B_A","VS","B",0.2,34,21060034,"frozen_trunc_1_99",0.165788800780011,0.0270872277344968,0.112697834420398,0.218879767139625,9.32514225237188e-10,TRUE
"VS_B_A","VS","B",0.2,34,21060034,"mild_trunc_0.5_99.5",0.167442590780984,0.0272334255559796,0.114065076691264,0.220820104870704,7.8257631949102e-10,TRUE
"VS_B_A","VS","B",0.2,34,21060034,"untruncated",0.172702963174412,0.0279316118545841,0.117957003939427,0.227448922409397,6.28689330298036e-10,TRUE
"VS_B_A","VS","B",0.2,35,21060035,"frozen_trunc_1_99",0.191822881807512,0.0265400313314437,0.139804420397882,0.243841343217141,4.91310883939454e-13,TRUE
"VS_B_A","VS","B",0.2,35,21060035,"mild_trunc_0.5_99.5",0.192805099820586,0.026673281815948,0.140525467461328,0.245084732179844,4.88724296173274e-13,TRUE
"VS_B_A","VS","B",0.2,35,21060035,"untruncated",0.195424532882104,0.0268965921938034,0.142707212182249,0.248141853581959,3.70911060451462e-13,TRUE
"VS_B_A","VS","B",0.2,36,21060036,"frozen_trunc_1_99",0.174274771121765,0.0265389624110983,0.122258404796012,0.226291137447518,5.14247598430468e-11,TRUE
"VS_B_A","VS","B",0.2,36,21060036,"mild_trunc_0.5_99.5",0.177954961862281,0.0269906356340674,0.125053316019509,0.230856607705053,4.30413513463648e-11,TRUE
"VS_B_A","VS","B",0.2,36,21060036,"untruncated",0.183127409954148,0.027714332852018,0.128807317564193,0.237447502344104,3.90392518423604e-11,TRUE
"VS_B_A","VS","B",0.2,37,21060037,"frozen_trunc_1_99",0.237585536164206,0.0268570520521919,0.18494571414191,0.290225358186503,9.04689496266329e-19,TRUE
"VS_B_A","VS","B",0.2,37,21060037,"mild_trunc_0.5_99.5",0.24022696622845,0.0270415371902303,0.187225553335599,0.293228379121302,6.47142401504243e-19,TRUE
"VS_B_A","VS","B",0.2,37,21060037,"untruncated",0.245207865678702,0.027961806811491,0.190402724328179,0.300013007029224,1.79643851852361e-18,TRUE
"VS_B_A","VS","B",0.2,38,21060038,"frozen_trunc_1_99",0.192448306657657,0.0274398457649881,0.13866620895828,0.246230404357033,2.32492671551698e-12,TRUE
"VS_B_A","VS","B",0.2,38,21060038,"mild_trunc_0.5_99.5",0.193023522939489,0.0277986900908387,0.138538090361445,0.247508955517532,3.82179383791916e-12,TRUE
"VS_B_A","VS","B",0.2,38,21060038,"untruncated",0.197210565152801,0.0283113951451446,0.141720230668318,0.252700899637285,3.26620713241706e-12,TRUE
"VS_B_A","VS","B",0.2,39,21060039,"frozen_trunc_1_99",0.217324497184152,0.0281638002110244,0.162123448770544,0.27252554559776,1.19616432625413e-14,TRUE
"VS_B_A","VS","B",0.2,39,21060039,"mild_trunc_0.5_99.5",0.220009658151248,0.0285730851558902,0.164006411245703,0.276012905056793,1.36181714992459e-14,TRUE
"VS_B_A","VS","B",0.2,39,21060039,"untruncated",0.227902155810305,0.0294796882730093,0.170121966795207,0.285682344825403,1.06856249197785e-14,TRUE
"VS_B_A","VS","B",0.2,40,21060040,"frozen_trunc_1_99",0.218754686172391,0.027208654632875,0.165425723091956,0.272083649252826,8.99165688527598e-16,TRUE
"VS_B_A","VS","B",0.2,40,21060040,"mild_trunc_0.5_99.5",0.220538686184568,0.0274871470559868,0.166663877954834,0.274413494414302,1.02909228233427e-15,TRUE
"VS_B_A","VS","B",0.2,40,21060040,"untruncated",0.223404466947495,0.0280700604838918,0.168387148399067,0.278421785495922,1.73692286533119e-15,TRUE
"VS_B_A","VS","B",0.2,41,21060041,"frozen_trunc_1_99",0.173692340526216,0.0260044844336052,0.12272355103635,0.224661130016083,2.40049226405923e-11,TRUE
"VS_B_A","VS","B",0.2,41,21060041,"mild_trunc_0.5_99.5",0.174777727164124,0.026293886345391,0.123241709927158,0.226313744401091,2.9895211588815e-11,TRUE
"VS_B_A","VS","B",0.2,41,21060041,"untruncated",0.178906849703291,0.026794684123708,0.126389268820824,0.231424430585759,2.43960948466187e-11,TRUE
"VS_B_A","VS","B",0.2,42,21060042,"frozen_trunc_1_99",0.229578408958653,0.0273879459057957,0.175898034983293,0.283258782934012,5.18320405284826e-17,TRUE
"VS_B_A","VS","B",0.2,42,21060042,"mild_trunc_0.5_99.5",0.230535938839879,0.0274762437924741,0.17668250100663,0.284389376673129,4.84601460073953e-17,TRUE
"VS_B_A","VS","B",0.2,42,21060042,"untruncated",0.233070091967879,0.0275726952894458,0.179027609200565,0.287112574735193,2.84079470243051e-17,TRUE
"VS_B_A","VS","B",0.2,43,21060043,"frozen_trunc_1_99",0.212151860764607,0.0259029914909231,0.161381997442398,0.262921724086817,2.60693761099299e-16,TRUE
"VS_B_A","VS","B",0.2,43,21060043,"mild_trunc_0.5_99.5",0.21684601911069,0.0261997509045912,0.165494507337691,0.268197530883689,1.2669494987254e-16,TRUE
"VS_B_A","VS","B",0.2,43,21060043,"untruncated",0.226064912548411,0.0270271865462749,0.173091626917713,0.27903819817911,6.04460064653634e-17,TRUE
"VS_B_A","VS","B",0.2,44,21060044,"frozen_trunc_1_99",0.215707347414671,0.0261763639939281,0.164401673986572,0.26701302084277,1.71436623687763e-16,TRUE
"VS_B_A","VS","B",0.2,44,21060044,"mild_trunc_0.5_99.5",0.218334725717864,0.0264424340822456,0.166507554916662,0.270161896519065,1.4940083470529e-16,TRUE
"VS_B_A","VS","B",0.2,44,21060044,"untruncated",0.224924201527986,0.0272819173539573,0.17145164351423,0.278396759541742,1.65931892736402e-16,TRUE
"VS_B_A","VS","B",0.2,45,21060045,"frozen_trunc_1_99",0.190083086525061,0.0278986383686792,0.13540175532245,0.244764417727672,9.53541803386572e-12,TRUE
"VS_B_A","VS","B",0.2,45,21060045,"mild_trunc_0.5_99.5",0.192434692564504,0.0284076358738263,0.136755726251805,0.248113658877204,1.25227984644223e-11,TRUE
"VS_B_A","VS","B",0.2,45,21060045,"untruncated",0.197383228075911,0.0291735841108196,0.140203003218705,0.254563452933118,1.32555974445006e-11,TRUE
"VS_B_A","VS","B",0.2,46,21060046,"frozen_trunc_1_99",0.204070381827151,0.0254718046881963,0.154145644638286,0.253995119016016,1.1320857419242e-15,TRUE
"VS_B_A","VS","B",0.2,46,21060046,"mild_trunc_0.5_99.5",0.205233487897871,0.0256981898460449,0.154865035799623,0.255601939996119,1.39047557382322e-15,TRUE
"VS_B_A","VS","B",0.2,46,21060046,"untruncated",0.207009454201583,0.0261261566808144,0.155802187107187,0.258216721295979,2.30998432487232e-15,TRUE
"VS_B_A","VS","B",0.2,47,21060047,"frozen_trunc_1_99",0.194260547787879,0.0269743568796559,0.141390808303753,0.247130287272005,5.94773870589446e-13,TRUE
"VS_B_A","VS","B",0.2,47,21060047,"mild_trunc_0.5_99.5",0.198024359569242,0.0273976418168673,0.144324981608182,0.251723737530302,4.90922583141756e-13,TRUE
"VS_B_A","VS","B",0.2,47,21060047,"untruncated",0.205268843019968,0.0289211683633632,0.148583353027776,0.26195433301216,1.27006785735236e-12,TRUE
"VS_B_A","VS","B",0.2,48,21060048,"frozen_trunc_1_99",0.200153544663538,0.0296351473921926,0.142068655774841,0.258238433552236,1.43898764752219e-11,TRUE
"VS_B_A","VS","B",0.2,48,21060048,"mild_trunc_0.5_99.5",0.201611213238836,0.0303062173039774,0.14221102732304,0.261011399154632,2.88213817558926e-11,TRUE
"VS_B_A","VS","B",0.2,48,21060048,"untruncated",0.201733827443535,0.0319426203752647,0.139126291508017,0.264341363379054,2.69278022373411e-10,TRUE
"VS_B_A","VS","B",0.2,49,21060049,"frozen_trunc_1_99",0.232040351204361,0.0277254288269642,0.177698510703511,0.286382191705211,5.79984286000649e-17,TRUE
"VS_B_A","VS","B",0.2,49,21060049,"mild_trunc_0.5_99.5",0.236383565360993,0.0281059118869365,0.181295978062598,0.291471152659389,4.08416028401793e-17,TRUE
"VS_B_A","VS","B",0.2,49,21060049,"untruncated",0.246900294865566,0.0298161679217648,0.188460605738907,0.305339983992225,1.22399763835908e-16,TRUE
"VS_B_A","VS","B",0.2,50,21060050,"frozen_trunc_1_99",0.194415567862862,0.0277537168856749,0.140018282766939,0.248812852958785,2.4693619212748e-12,TRUE
"VS_B_A","VS","B",0.2,50,21060050,"mild_trunc_0.5_99.5",0.196421356662204,0.0279372854217393,0.141664277235595,0.251178436088812,2.05358460205349e-12,TRUE
"VS_B_A","VS","B",0.2,50,21060050,"untruncated",0.201158432175142,0.0284447443595013,0.145406733230519,0.256910131119764,1.5282481684016e-12,TRUE
"VS_SH_N","VS","SH",0,1,21160001,"frozen_trunc_1_99",-0.0309645627316161,0.0265465593513144,-0.0829958190601924,0.0210666935969602,0.243442773735132,TRUE
"VS_SH_N","VS","SH",0,1,21160001,"mild_trunc_0.5_99.5",-0.029826175597807,0.0268813961139237,-0.0825137119810974,0.0228613607854834,0.267194229596365,TRUE
"VS_SH_N","VS","SH",0,1,21160001,"untruncated",-0.0288106818558634,0.0276093817342036,-0.0829250700549025,0.0253037063431757,0.296711884854185,TRUE
"VS_SH_N","VS","SH",0,2,21160002,"frozen_trunc_1_99",0.015604381280039,0.026434873881011,-0.0362079715267426,0.0674167340868206,0.554992703228526,TRUE
"VS_SH_N","VS","SH",0,2,21160002,"mild_trunc_0.5_99.5",0.0162616003872184,0.0265408775227554,-0.0357585195573822,0.0682817203318189,0.540074604697371,TRUE
"VS_SH_N","VS","SH",0,2,21160002,"untruncated",0.0159467154660647,0.0268342559666566,-0.0366484262285823,0.0685418571607117,0.552333479991419,TRUE
"VS_SH_N","VS","SH",0,3,21160003,"frozen_trunc_1_99",0.0558289525757938,0.0268014134654368,0.00329818218353763,0.10835972296805,0.0372457540059732,TRUE
"VS_SH_N","VS","SH",0,3,21160003,"mild_trunc_0.5_99.5",0.0545791963999003,0.0269746838400976,0.00170881607330892,0.107449576726492,0.04303719043654,TRUE
"VS_SH_N","VS","SH",0,3,21160003,"untruncated",0.054055340516598,0.0271727698685126,0.000796711574313373,0.107313969458883,0.0466658693054301,TRUE
"VS_SH_N","VS","SH",0,4,21160004,"frozen_trunc_1_99",0.012840627921011,0.0275353989709839,-0.0411287540621174,0.0668100099041394,0.640978130339205,TRUE
"VS_SH_N","VS","SH",0,4,21160004,"mild_trunc_0.5_99.5",0.0132474473268183,0.027702713757619,-0.0410498716381149,0.0675447662917514,0.632507615700811,TRUE
"VS_SH_N","VS","SH",0,4,21160004,"untruncated",0.0140060160330463,0.0279696653660961,-0.040814528084502,0.0688265601505945,0.616541891923472,TRUE
"VS_SH_N","VS","SH",0,5,21160005,"frozen_trunc_1_99",0.0120621670749353,0.0281302069609833,-0.043073038568592,0.0671973727184627,0.668070477926473,TRUE
"VS_SH_N","VS","SH",0,5,21160005,"mild_trunc_0.5_99.5",0.0135982947748804,0.0282892745785725,-0.0418486833991217,0.0690452729488825,0.630738764724876,TRUE
"VS_SH_N","VS","SH",0,5,21160005,"untruncated",0.0197338269640082,0.0288172770682442,-0.0367480360897504,0.0762156900177668,0.49347548727978,TRUE
"VS_SH_N","VS","SH",0,6,21160006,"frozen_trunc_1_99",0.00124505957114508,0.027013059579866,-0.0517005372053923,0.0541906563476825,0.963237700401907,TRUE
"VS_SH_N","VS","SH",0,6,21160006,"mild_trunc_0.5_99.5",0.00153940889042396,0.0272054494996508,-0.0517832721288916,0.0548620899097395,0.954876119506011,TRUE
"VS_SH_N","VS","SH",0,6,21160006,"untruncated",0.00321901135723576,0.0275066787731058,-0.0506940790380516,0.0571321017525231,0.906839024592733,TRUE
"VS_SH_N","VS","SH",0,7,21160007,"frozen_trunc_1_99",0.017801454418443,0.0265406736754017,-0.0342182659853444,0.0698211748222304,0.502396668267941,TRUE
"VS_SH_N","VS","SH",0,7,21160007,"mild_trunc_0.5_99.5",0.0185923923562213,0.0269798288217286,-0.0342880721343668,0.0714728568468094,0.490746525495586,TRUE
"VS_SH_N","VS","SH",0,7,21160007,"untruncated",0.0184860468110568,0.027508631805677,-0.0354308715280702,0.0724029651501838,0.501577997774856,TRUE
"VS_SH_N","VS","SH",0,8,21160008,"frozen_trunc_1_99",-0.00585110806969503,0.0281861712119355,-0.0610960036450886,0.0493937875056985,0.835550753551612,TRUE
"VS_SH_N","VS","SH",0,8,21160008,"mild_trunc_0.5_99.5",-0.00539552962787349,0.0283708341223022,-0.0610023645075858,0.0502113052518388,0.849169066195945,TRUE
"VS_SH_N","VS","SH",0,8,21160008,"untruncated",-0.00372778030918353,0.0287842397665566,-0.0601448902516345,0.0526893296332674,0.896955942968686,TRUE
"VS_SH_N","VS","SH",0,9,21160009,"frozen_trunc_1_99",-0.00729809298760459,0.0266053792210819,-0.0594446362609251,0.0448484502857159,0.783847225909475,TRUE
"VS_SH_N","VS","SH",0,9,21160009,"mild_trunc_0.5_99.5",-0.00746513120880574,0.0266561414601672,-0.0597111684707334,0.0447809060531219,0.779436876756817,TRUE
"VS_SH_N","VS","SH",0,9,21160009,"untruncated",-0.00947091617614351,0.0267154330258128,-0.0618331649067366,0.0428913325544496,0.722955925409409,TRUE
"VS_SH_N","VS","SH",0,10,21160010,"frozen_trunc_1_99",-0.0223135342250419,0.0263767482162099,-0.0740119607288132,0.0293848922787294,0.397578013628241,TRUE
"VS_SH_N","VS","SH",0,10,21160010,"mild_trunc_0.5_99.5",-0.0226502633304588,0.0265084003637695,-0.0746067280434471,0.0293062013825295,0.392852345694986,TRUE
"VS_SH_N","VS","SH",0,10,21160010,"untruncated",-0.0247993485911713,0.0269376297148128,-0.0775971028322043,0.0279984056498617,0.357248315240524,TRUE
"VS_SH_N","VS","SH",0,11,21160011,"frozen_trunc_1_99",0.0295660831185185,0.0276053952741709,-0.0245404916188565,0.0836726578558935,0.284157950305997,TRUE
"VS_SH_N","VS","SH",0,11,21160011,"mild_trunc_0.5_99.5",0.029696007256195,0.0277910973397145,-0.0247745435296453,0.0841665580420354,0.285275243419094,TRUE
"VS_SH_N","VS","SH",0,11,21160011,"untruncated",0.0307032513409441,0.0281640830434429,-0.0244983514242039,0.0859048541060921,0.275644318657957,TRUE
"VS_SH_N","VS","SH",0,12,21160012,"frozen_trunc_1_99",0.000822095460158717,0.0246409825577229,-0.0474742303529782,0.0491184212732956,0.973385168052767,TRUE
"VS_SH_N","VS","SH",0,12,21160012,"mild_trunc_0.5_99.5",0.00199934554461431,0.0248169221782205,-0.0466418219246979,0.0506405130139265,0.935788856335679,TRUE
"VS_SH_N","VS","SH",0,12,21160012,"untruncated",0.000893684611044495,0.0254771631816326,-0.0490415552249554,0.0508289244470444,0.972017647951553,TRUE
"VS_SH_N","VS","SH",0,13,21160013,"frozen_trunc_1_99",0.00163387117741479,0.0264282841188619,-0.0501655656955545,0.0534333080503841,0.950703926733649,TRUE
"VS_SH_N","VS","SH",0,13,21160013,"mild_trunc_0.5_99.5",0.000628615576555997,0.0265695286295476,-0.0514476605373574,0.0527048916904693,0.98112439698854,TRUE
"VS_SH_N","VS","SH",0,13,21160013,"untruncated",0.000502030864247436,0.0267872229207081,-0.0520009260603404,0.0530049877888353,0.985047377660931,TRUE
"VS_SH_N","VS","SH",0,14,21160014,"frozen_trunc_1_99",0.0282973026486357,0.0263767352916757,-0.0234010985230487,0.0799957038203202,0.283355058639156,TRUE
"VS_SH_N","VS","SH",0,14,21160014,"mild_trunc_0.5_99.5",0.0288138698258921,0.0266053529196093,-0.0233326218965422,0.0809603615483263,0.278803874971028,TRUE
"VS_SH_N","VS","SH",0,14,21160014,"untruncated",0.030061595578822,0.027304405152531,-0.0234550385201387,0.0835782296777828,0.270905495751763,TRUE
"VS_SH_N","VS","SH",0,15,21160015,"frozen_trunc_1_99",-0.0684341569766378,0.0269992862074147,-0.121352757943171,-0.0155155560101049,0.0112554772931406,TRUE
"VS_SH_N","VS","SH",0,15,21160015,"mild_trunc_0.5_99.5",-0.0694829157582053,0.0273201303661011,-0.123030371275763,-0.0159354602406472,0.0109815179312789,TRUE
"VS_SH_N","VS","SH",0,15,21160015,"untruncated",-0.0713850527715704,0.0279517954552387,-0.126170571863838,-0.0165995336793025,0.0106535202652609,TRUE
"VS_SH_N","VS","SH",0,16,21160016,"frozen_trunc_1_99",-0.00825019678952736,0.0249724512111795,-0.0571962011634392,0.0406958075843844,0.741118952006777,TRUE
"VS_SH_N","VS","SH",0,16,21160016,"mild_trunc_0.5_99.5",-0.00919572716368018,0.0251616321071856,-0.0585125260937639,0.0401210717664036,0.71476340056351,TRUE
"VS_SH_N","VS","SH",0,16,21160016,"untruncated",-0.010632838788905,0.0253523145177109,-0.0603233752436183,0.0390576976658083,0.674921573669134,TRUE
"VS_SH_N","VS","SH",0,17,21160017,"frozen_trunc_1_99",-0.0305963377308999,0.0274453432267048,-0.0843892104552412,0.0231965349934414,0.264931933869233,TRUE
"VS_SH_N","VS","SH",0,17,21160017,"mild_trunc_0.5_99.5",-0.0305343371726988,0.0276357882535692,-0.0847004821496944,0.0236318078042967,0.269209904760831,TRUE
"VS_SH_N","VS","SH",0,17,21160017,"untruncated",-0.0325244270543593,0.02807150882312,-0.0875445843476746,0.0224957302389559,0.246607982327853,TRUE
"VS_SH_N","VS","SH",0,18,21160018,"frozen_trunc_1_99",0.0257398411317554,0.02762042692001,-0.0283961956314641,0.0798758778949749,0.351381372293861,TRUE
"VS_SH_N","VS","SH",0,18,21160018,"mild_trunc_0.5_99.5",0.0251990530852119,0.0279970184667367,-0.029675103109592,0.0800732092800159,0.368087244688425,TRUE
"VS_SH_N","VS","SH",0,18,21160018,"untruncated",0.0240811539094397,0.0286284443150088,-0.0320305969479776,0.080192904766857,0.400257294447138,TRUE
"VS_SH_N","VS","SH",0,19,21160019,"frozen_trunc_1_99",-0.0398168419499426,0.0272953274947784,-0.0933156838397084,0.0136819999398231,0.144636118142952,TRUE
"VS_SH_N","VS","SH",0,19,21160019,"mild_trunc_0.5_99.5",-0.0402118515527454,0.0276182395143852,-0.0943436010009404,0.0139198978954497,0.145395674289606,TRUE
"VS_SH_N","VS","SH",0,19,21160019,"untruncated",-0.0397461128645681,0.0282320989743009,-0.0950810268541979,0.0155888011250617,0.15918018768914,TRUE
"VS_SH_N","VS","SH",0,20,21160020,"frozen_trunc_1_99",0.0398722024552333,0.0279674656444862,-0.0149440302079598,0.0946884351184263,0.153965419732379,TRUE
"VS_SH_N","VS","SH",0,20,21160020,"mild_trunc_0.5_99.5",0.0403276711490592,0.0282287613490965,-0.01500070109517,0.0956560433932883,0.153118595548942,TRUE
"VS_SH_N","VS","SH",0,20,21160020,"untruncated",0.0394472470539536,0.0283813053989319,-0.0161801115279529,0.0950746056358601,0.164558489292083,TRUE
"VS_SH_N","VS","SH",0,21,21160021,"frozen_trunc_1_99",0.0837633950377794,0.0292927603585993,0.0263495847349247,0.141177205340634,0.00424275314077406,TRUE
"VS_SH_N","VS","SH",0,21,21160021,"mild_trunc_0.5_99.5",0.0852626501896407,0.0295835718548223,0.027278849354189,0.143246451025092,0.00395041218014764,TRUE
"VS_SH_N","VS","SH",0,21,21160021,"untruncated",0.088053365466886,0.0298171421354152,0.0296117668814722,0.1464949640523,0.00314587623803088,TRUE
"VS_SH_N","VS","SH",0,22,21160022,"frozen_trunc_1_99",-0.0145004912201123,0.0277909647552497,-0.0689707821404016,0.0399697997001771,0.601830491332115,TRUE
"VS_SH_N","VS","SH",0,22,21160022,"mild_trunc_0.5_99.5",-0.0148839310474108,0.0280093015608511,-0.0697821621066789,0.0400143000118574,0.595146860528761,TRUE
"VS_SH_N","VS","SH",0,22,21160022,"untruncated",-0.0152557005480408,0.0282497301562721,-0.0706251716543341,0.0401137705582525,0.589176373502623,TRUE
"VS_SH_N","VS","SH",0,23,21160023,"frozen_trunc_1_99",-0.0289993418341904,0.0278118479181931,-0.0835105637538489,0.0255118800854682,0.29708845710527,TRUE
"VS_SH_N","VS","SH",0,23,21160023,"mild_trunc_0.5_99.5",-0.0295021219049376,0.0278594121132799,-0.0841065696469662,0.0251023258370911,0.289616053975586,TRUE
"VS_SH_N","VS","SH",0,23,21160023,"untruncated",-0.0284312898342792,0.0278358398633218,-0.0829895359663899,0.0261269562978316,0.307068997611896,TRUE
"VS_SH_N","VS","SH",0,24,21160024,"frozen_trunc_1_99",0.00140009605130568,0.0267634660846784,-0.051056297474664,0.0538564895772753,0.958278733802214,TRUE
"VS_SH_N","VS","SH",0,24,21160024,"mild_trunc_0.5_99.5",0.00187536930201509,0.0269442377020149,-0.0509353365939342,0.0546860751979643,0.944510549328042,TRUE
"VS_SH_N","VS","SH",0,24,21160024,"untruncated",0.00318582705709676,0.0272023196160044,-0.0501307193902718,0.0565023735044653,0.906768125203024,TRUE
"VS_SH_N","VS","SH",0,25,21160025,"frozen_trunc_1_99",-0.00955575403491497,0.0266285967222159,-0.0617478036104581,0.0426362955406282,0.719704999179841,TRUE
"VS_SH_N","VS","SH",0,25,21160025,"mild_trunc_0.5_99.5",-0.00994029636564541,0.0268686704602872,-0.0626028904678083,0.0427222977365175,0.711413319380469,TRUE
"VS_SH_N","VS","SH",0,25,21160025,"untruncated",-0.00939865448979289,0.0271381166511043,-0.0625893631259573,0.0437920541463715,0.729097202114805,TRUE
"VS_SH_N","VS","SH",0,26,21160026,"frozen_trunc_1_99",-0.00290864590794435,0.0280327312980779,-0.057852799252177,0.0520355074362883,0.917360667993496,TRUE
"VS_SH_N","VS","SH",0,26,21160026,"mild_trunc_0.5_99.5",-0.00340600967279674,0.0283071768663568,-0.058888076330856,0.0520760569852625,0.904227138732431,TRUE
"VS_SH_N","VS","SH",0,26,21160026,"untruncated",-0.00130335175417945,0.0284915321192599,-0.0571467547079289,0.05454005119957,0.963513311395192,TRUE
"VS_SH_N","VS","SH",0,27,21160027,"frozen_trunc_1_99",-0.0231789477988592,0.0265165708447167,-0.0751514266545039,0.0287935310567856,0.382047097551706,TRUE
"VS_SH_N","VS","SH",0,27,21160027,"mild_trunc_0.5_99.5",-0.0246037685460721,0.0267682902947061,-0.077069617523696,0.0278620804315518,0.358023087874898,TRUE
"VS_SH_N","VS","SH",0,27,21160027,"untruncated",-0.0276723451515208,0.0270920638721249,-0.0807727903408856,0.025428100037844,0.307056030855889,TRUE
"VS_SH_N","VS","SH",0,28,21160028,"frozen_trunc_1_99",0.0542317180093279,0.0278685445106495,-0.000390629231545161,0.108854065250201,0.0516567637974692,TRUE
"VS_SH_N","VS","SH",0,28,21160028,"mild_trunc_0.5_99.5",0.0555295122360972,0.0280047796561072,0.000640144110127201,0.110418880362067,0.0473832499000899,TRUE
"VS_SH_N","VS","SH",0,28,21160028,"untruncated",0.057253299767593,0.0283451431444321,0.00169681920450605,0.11280978033068,0.0433976224488391,TRUE
"VS_SH_N","VS","SH",0,29,21160029,"frozen_trunc_1_99",0.00114353260064471,0.0292035999980082,-0.0560955233954513,0.0583825885967407,0.968765018819257,TRUE
"VS_SH_N","VS","SH",0,29,21160029,"mild_trunc_0.5_99.5",0.00167907080571564,0.0299333862759358,-0.0569903662951185,0.0603485079065498,0.955267258093397,TRUE
"VS_SH_N","VS","SH",0,29,21160029,"untruncated",0.00728901501822625,0.032895623879771,-0.0571864077861249,0.0717644378225774,0.824640789774148,TRUE
"VS_SH_N","VS","SH",0,30,21160030,"frozen_trunc_1_99",0.0426348288156906,0.0265349931821748,-0.0093737578213719,0.0946434154527531,0.108111465758548,TRUE
"VS_SH_N","VS","SH",0,30,21160030,"mild_trunc_0.5_99.5",0.0432016864396434,0.0266854663515946,-0.00910182760948191,0.0955052004887688,0.105464063752282,TRUE
"VS_SH_N","VS","SH",0,30,21160030,"untruncated",0.0419013229967367,0.0271802037916694,-0.0113718764349353,0.0951745224284088,0.123167955425057,TRUE
"VS_SH_N","VS","SH",0,31,21160031,"frozen_trunc_1_99",-0.0149415357183273,0.0272159846840176,-0.0682848656990018,0.0384017942623473,0.583006455249183,TRUE
"VS_SH_N","VS","SH",0,31,21160031,"mild_trunc_0.5_99.5",-0.0166167025640465,0.0274695918757083,-0.0704571026404349,0.0372236975123418,0.545237062908867,TRUE
"VS_SH_N","VS","SH",0,31,21160031,"untruncated",-0.0191462622340362,0.0282112642338651,-0.0744403401324117,0.0361478156643393,0.497344203514993,TRUE
"VS_SH_N","VS","SH",0,32,21160032,"frozen_trunc_1_99",0.0217358869783674,0.0267162665032165,-0.0306279953679369,0.0740997693246717,0.41588416468452,TRUE
"VS_SH_N","VS","SH",0,32,21160032,"mild_trunc_0.5_99.5",0.0215959683355059,0.0269286103519377,-0.031184107954292,0.0743760446253039,0.422569652821642,TRUE
"VS_SH_N","VS","SH",0,32,21160032,"untruncated",0.0208457349923292,0.0273508826964532,-0.0327619950927192,0.0744534650773775,0.445964816568891,TRUE
"VS_SH_N","VS","SH",0,33,21160033,"frozen_trunc_1_99",-0.000811433803481248,0.0267159533801464,-0.0531747024285682,0.0515518348216057,0.975769871792144,TRUE
"VS_SH_N","VS","SH",0,33,21160033,"mild_trunc_0.5_99.5",0.00158826971719461,0.0270405843054577,-0.0514112755215024,0.0545878149558916,0.953161973838883,TRUE
"VS_SH_N","VS","SH",0,33,21160033,"untruncated",0.00925662128171464,0.0284404991607141,-0.0464867570732849,0.0649999996367142,0.744822935834596,TRUE
"VS_SH_N","VS","SH",0,34,21160034,"frozen_trunc_1_99",0.0159978797688867,0.0275120379279947,-0.0379257145699829,0.0699214741077563,0.560912586621348,TRUE
"VS_SH_N","VS","SH",0,34,21160034,"mild_trunc_0.5_99.5",0.0174905350571738,0.0278816483946053,-0.0371574957962527,0.0721385659106002,0.530453741373835,TRUE
"VS_SH_N","VS","SH",0,34,21160034,"untruncated",0.0183063854713375,0.0288107797083236,-0.0381627427569767,0.0747755136996517,0.525167204974931,TRUE
"VS_SH_N","VS","SH",0,35,21160035,"frozen_trunc_1_99",-0.0117535659569833,0.0280510611380143,-0.0667336457874913,0.0432265138735247,0.675211668325084,TRUE
"VS_SH_N","VS","SH",0,35,21160035,"mild_trunc_0.5_99.5",-0.0111384975631743,0.0282247358842439,-0.0664589798962924,0.0441819847699437,0.69311152320523,TRUE
"VS_SH_N","VS","SH",0,35,21160035,"untruncated",-0.0065377403704552,0.0289987830518921,-0.0633753551521638,0.0502998744112534,0.821630164331141,TRUE
"VS_SH_N","VS","SH",0,36,21160036,"frozen_trunc_1_99",0.0132167865211016,0.0269495320053158,-0.0396042962093174,0.0660378692515207,0.62383155447771,TRUE
"VS_SH_N","VS","SH",0,36,21160036,"mild_trunc_0.5_99.5",0.0137595578806995,0.0271858971553692,-0.0395248005438241,0.0670439163052232,0.612766430724751,TRUE
"VS_SH_N","VS","SH",0,36,21160036,"untruncated",0.0158931700337743,0.0276230096840552,-0.0382479289469739,0.0700342690145225,0.56504796856603,TRUE
"VS_SH_N","VS","SH",0,37,21160037,"frozen_trunc_1_99",-0.00537778431049628,0.0258926382626752,-0.0561273553053396,0.0453717866843471,0.835466735759923,TRUE
"VS_SH_N","VS","SH",0,37,21160037,"mild_trunc_0.5_99.5",-0.00500081634105311,0.0261622143128657,-0.0562787563942699,0.0462771237121637,0.848410798228929,TRUE
"VS_SH_N","VS","SH",0,37,21160037,"untruncated",-0.00442490705955356,0.0264296167451544,-0.0562269558800562,0.0473771417609491,0.867037784829309,TRUE
"VS_SH_N","VS","SH",0,38,21160038,"frozen_trunc_1_99",0.00746731894156066,0.0251806319383766,-0.0418867196576574,0.0568213575407787,0.766810011606416,TRUE
"VS_SH_N","VS","SH",0,38,21160038,"mild_trunc_0.5_99.5",0.00737358962356207,0.0252245049044527,-0.0420664399891653,0.0568136192362894,0.770043109629347,TRUE
"VS_SH_N","VS","SH",0,38,21160038,"untruncated",0.00685722342306314,0.0255279098011739,-0.0431774797872377,0.056891926633364,0.788224643633685,TRUE
"VS_SH_N","VS","SH",0,39,21160039,"frozen_trunc_1_99",-0.0424491605718209,0.0264648964045668,-0.0943203575247718,0.00942203638113009,0.108718494175856,TRUE
"VS_SH_N","VS","SH",0,39,21160039,"mild_trunc_0.5_99.5",-0.0444922510737406,0.0266679745389029,-0.0967614811699903,0.00777697902250907,0.0952407941914467,TRUE
"VS_SH_N","VS","SH",0,39,21160039,"untruncated",-0.0492643976152632,0.0269609772769005,-0.102107913077988,0.00357911784746182,0.0676624574165762,TRUE
"VS_SH_N","VS","SH",0,40,21160040,"frozen_trunc_1_99",-0.00545269196939452,0.025437733941897,-0.0553106504955127,0.0444052665567237,0.830270644336518,TRUE
"VS_SH_N","VS","SH",0,40,21160040,"mild_trunc_0.5_99.5",-0.00521879350632125,0.0256262479553156,-0.0554462394987397,0.0450086524860972,0.838626770137576,TRUE
"VS_SH_N","VS","SH",0,40,21160040,"untruncated",-0.00657179311571523,0.025973852088071,-0.0574805432083344,0.044336956976904,0.800256058747157,TRUE
"VS_SH_N","VS","SH",0,41,21160041,"frozen_trunc_1_99",0.00814536829235616,0.0282951758094644,-0.0473131762941942,0.0636039128789065,0.773445277004036,TRUE
"VS_SH_N","VS","SH",0,41,21160041,"mild_trunc_0.5_99.5",0.00821021729904142,0.0286818167825116,-0.0480061435946813,0.0644265781927642,0.774685389133141,TRUE
"VS_SH_N","VS","SH",0,41,21160041,"untruncated",0.00884673327848452,0.0292402058464962,-0.048464070180648,0.066157536737617,0.762229982435334,TRUE
"VS_SH_N","VS","SH",0,42,21160042,"frozen_trunc_1_99",0.0386824039527042,0.0264464149082277,-0.0131525692674221,0.0905173771728305,0.143557427061256,TRUE
"VS_SH_N","VS","SH",0,42,21160042,"mild_trunc_0.5_99.5",0.0387219374644348,0.0265770302751571,-0.0133690418748731,0.0908129168037427,0.145124644259284,TRUE
"VS_SH_N","VS","SH",0,42,21160042,"untruncated",0.0364476490150705,0.027169765426046,-0.0168050912199796,0.0897003892501206,0.179765231080266,TRUE
"VS_SH_N","VS","SH",0,43,21160043,"frozen_trunc_1_99",0.0334912280590936,0.0262428935305372,-0.0179448432607593,0.0849272993789466,0.20188419119566,TRUE
"VS_SH_N","VS","SH",0,43,21160043,"mild_trunc_0.5_99.5",0.0327847114116066,0.0264834374566599,-0.0191228260034467,0.0846922488266599,0.215741041729815,TRUE
"VS_SH_N","VS","SH",0,43,21160043,"untruncated",0.0347300786641223,0.0271586740229665,-0.0185009224208921,0.0879610797491366,0.200973118565119,TRUE
"VS_SH_N","VS","SH",0,44,21160044,"frozen_trunc_1_99",-0.010251483013627,0.02847531947729,-0.0660631091891155,0.0455601431618614,0.718837469092522,TRUE
"VS_SH_N","VS","SH",0,44,21160044,"mild_trunc_0.5_99.5",-0.0105234339378978,0.0286706836268381,-0.0667179738465005,0.0456711059707049,0.713585377280308,TRUE
"VS_SH_N","VS","SH",0,44,21160044,"untruncated",-0.0145262267749002,0.029175576511513,-0.0717103567374655,0.0426579031876652,0.618561600526303,TRUE
"VS_SH_N","VS","SH",0,45,21160045,"frozen_trunc_1_99",0.0417632232540359,0.0255723860051026,-0.00835865331596515,0.091885099824037,0.102440075432289,TRUE
"VS_SH_N","VS","SH",0,45,21160045,"mild_trunc_0.5_99.5",0.0426103536540999,0.0257198678065645,-0.00780058724676652,0.0930212945549664,0.0975781874303688,TRUE
"VS_SH_N","VS","SH",0,45,21160045,"untruncated",0.0433220697405656,0.0260577807071116,-0.00775118044537302,0.0943953199265043,0.0964048037295141,TRUE
"VS_SH_N","VS","SH",0,46,21160046,"frozen_trunc_1_99",-0.015800881326927,0.0273587677499187,-0.0694240661167676,0.0378223034629137,0.563572291641731,TRUE
"VS_SH_N","VS","SH",0,46,21160046,"mild_trunc_0.5_99.5",-0.0166798666632413,0.0277761417502591,-0.0711211044937492,0.0377613711672666,0.548166019895819,TRUE
"VS_SH_N","VS","SH",0,46,21160046,"untruncated",-0.0179086734354053,0.0283413775894362,-0.0734577735107003,0.0376404266398897,0.527457827822944,TRUE
"VS_SH_N","VS","SH",0,47,21160047,"frozen_trunc_1_99",-0.0137065341611609,0.0270525884377209,-0.0667296074990939,0.0393165391767721,0.612391593075058,TRUE
"VS_SH_N","VS","SH",0,47,21160047,"mild_trunc_0.5_99.5",-0.011872680610888,0.0274085371143306,-0.065593413354976,0.0418480521331999,0.664887969634051,TRUE
"VS_SH_N","VS","SH",0,47,21160047,"untruncated",-0.00482173208864806,0.0297042822032962,-0.0630421252071085,0.0533986610298124,0.871050340025334,TRUE
"VS_SH_N","VS","SH",0,48,21160048,"frozen_trunc_1_99",-0.00651418171044097,0.0284710091494035,-0.0623173596432718,0.0492889962223898,0.819023962277234,TRUE
"VS_SH_N","VS","SH",0,48,21160048,"mild_trunc_0.5_99.5",-0.00729057890945403,0.0288486634942873,-0.0638339593582572,0.0492528015393491,0.800486073857842,TRUE
"VS_SH_N","VS","SH",0,48,21160048,"untruncated",-0.0074472182893287,0.0295964558555535,-0.0654562717662136,0.0505618351875562,0.801330669635607,TRUE
"VS_SH_N","VS","SH",0,49,21160049,"frozen_trunc_1_99",0.00239686092949312,0.0249934858295687,-0.0465903712964616,0.0513840931554478,0.923600450952278,TRUE
"VS_SH_N","VS","SH",0,49,21160049,"mild_trunc_0.5_99.5",0.00378135041423347,0.0251601473372409,-0.0455325383667587,0.0530952391952257,0.880534822879164,TRUE
"VS_SH_N","VS","SH",0,49,21160049,"untruncated",0.00664592887158069,0.0256998402498035,-0.0437257580180342,0.0570176157611956,0.795945379019452,TRUE
"VS_SH_N","VS","SH",0,50,21160050,"frozen_trunc_1_99",0.00963739559392869,0.0264761197983286,-0.0422557992107954,0.0615305903986527,0.715855527765325,TRUE
"VS_SH_N","VS","SH",0,50,21160050,"mild_trunc_0.5_99.5",0.00966126542026603,0.0266143925124545,-0.0425029439041449,0.0618254747446769,0.716598121704335,TRUE
"VS_SH_N","VS","SH",0,50,21160050,"untruncated",0.00889744294263557,0.0268812879451449,-0.0437898814298484,0.0615847673151195,0.740651886059876,TRUE
"VS_SH_A","VS","SH",0.2,1,21260001,"frozen_trunc_1_99",0.148402155919992,0.026798737475293,0.095876630468418,0.200927681371567,3.06548795942109e-08,TRUE
"VS_SH_A","VS","SH",0.2,1,21260001,"mild_trunc_0.5_99.5",0.147799212126247,0.0269598197481199,0.0949579654199325,0.200640458832563,4.20061170282371e-08,TRUE
"VS_SH_A","VS","SH",0.2,1,21260001,"untruncated",0.148629248607653,0.0272730468923596,0.095174076698628,0.202084420516678,5.04618776408912e-08,TRUE
"VS_SH_A","VS","SH",0.2,2,21260002,"frozen_trunc_1_99",0.171130283653933,0.0260469278013363,0.120078305163314,0.222182262144552,5.02897372143589e-11,TRUE
"VS_SH_A","VS","SH",0.2,2,21260002,"mild_trunc_0.5_99.5",0.171144465874384,0.0261587447092586,0.119873326244238,0.222415605504531,6.04852451732697e-11,TRUE
"VS_SH_A","VS","SH",0.2,2,21260002,"untruncated",0.172797822675282,0.02666248734348,0.120539347482061,0.225056297868503,9.11564999431761e-11,TRUE
"VS_SH_A","VS","SH",0.2,3,21260003,"frozen_trunc_1_99",0.190162821742464,0.0253088089980655,0.140557556106255,0.239768087378672,5.74788112911495e-14,TRUE
"VS_SH_A","VS","SH",0.2,3,21260003,"mild_trunc_0.5_99.5",0.189599604510374,0.0252871053195374,0.140036878084081,0.239162330936667,6.48597347215617e-14,TRUE
"VS_SH_A","VS","SH",0.2,3,21260003,"untruncated",0.188266065847813,0.025333196161534,0.138613001371206,0.23791913032442,1.07295516346939e-13,TRUE
"VS_SH_A","VS","SH",0.2,4,21260004,"frozen_trunc_1_99",0.1829329686456,0.0261837400572,0.131612838133488,0.234253099157713,2.81807797801946e-12,TRUE
"VS_SH_A","VS","SH",0.2,4,21260004,"mild_trunc_0.5_99.5",0.183687961996001,0.0263057873717821,0.132128618747309,0.235247305244694,2.89361257272833e-12,TRUE
"VS_SH_A","VS","SH",0.2,4,21260004,"untruncated",0.184748551928693,0.0267400903381097,0.132337974865998,0.237159128991388,4.87918886101259e-12,TRUE
"VS_SH_A","VS","SH",0.2,5,21260005,"frozen_trunc_1_99",0.175653706977828,0.0258016982401828,0.12508237842707,0.226225035528586,9.90783318122182e-12,TRUE
"VS_SH_A","VS","SH",0.2,5,21260005,"mild_trunc_0.5_99.5",0.177647799501472,0.0261239307354148,0.126444895260059,0.228850703742885,1.04478294222181e-11,TRUE
"VS_SH_A","VS","SH",0.2,5,21260005,"untruncated",0.183134963635706,0.0266216555007948,0.130956518854149,0.235313408417264,6.02011764237808e-12,TRUE
"VS_SH_A","VS","SH",0.2,6,21260006,"frozen_trunc_1_99",0.149922421000929,0.0268799350068758,0.0972377483874526,0.202607093614406,2.44021512686399e-08,TRUE
"VS_SH_A","VS","SH",0.2,6,21260006,"mild_trunc_0.5_99.5",0.149583732021124,0.0269964776241929,0.0966706358777057,0.202496828164542,3.00987936438885e-08,TRUE
"VS_SH_A","VS","SH",0.2,6,21260006,"untruncated",0.150693221286029,0.0274406830609305,0.0969094824866051,0.204476960085453,3.98311469682121e-08,TRUE
"VS_SH_A","VS","SH",0.2,7,21260007,"frozen_trunc_1_99",0.199797316852879,0.0247903715297618,0.151208188654546,0.248386445051212,7.66243962839854e-16,TRUE
"VS_SH_A","VS","SH",0.2,7,21260007,"mild_trunc_0.5_99.5",0.199632519929516,0.0249781719251308,0.15067530295626,0.248589736902772,1.32466791284509e-15,TRUE
"VS_SH_A","VS","SH",0.2,7,21260007,"untruncated",0.205212992064513,0.0261665790491189,0.15392649712824,0.256499487000786,4.41449199507862e-15,TRUE
"VS_SH_A","VS","SH",0.2,8,21260008,"frozen_trunc_1_99",0.171372551269617,0.0270895014687076,0.11827712839095,0.224467974148284,2.51335367655733e-10,TRUE
"VS_SH_A","VS","SH",0.2,8,21260008,"mild_trunc_0.5_99.5",0.174169592859297,0.0275214542487421,0.120227542531762,0.228111643186832,2.47551798034342e-10,TRUE
"VS_SH_A","VS","SH",0.2,8,21260008,"untruncated",0.182472692848996,0.0287222654218724,0.126177052622126,0.238768333075866,2.11148993427335e-10,TRUE
"VS_SH_A","VS","SH",0.2,9,21260009,"frozen_trunc_1_99",0.21602043789989,0.0265458931294545,0.163990487366159,0.268050388433621,4.03117863749356e-16,TRUE
"VS_SH_A","VS","SH",0.2,9,21260009,"mild_trunc_0.5_99.5",0.216358212113371,0.0266001217884626,0.164221973407984,0.268494450818758,4.16278697601973e-16,TRUE
"VS_SH_A","VS","SH",0.2,9,21260009,"untruncated",0.218026418430707,0.0271190925584686,0.164872997016109,0.271179839845305,9.01386634367432e-16,TRUE
"VS_SH_A","VS","SH",0.2,10,21260010,"frozen_trunc_1_99",0.202548016407819,0.0262511165682333,0.151095827934082,0.254000204881556,1.20238239945734e-14,TRUE
"VS_SH_A","VS","SH",0.2,10,21260010,"mild_trunc_0.5_99.5",0.20444519162248,0.0263781261945942,0.152744064281076,0.256146318963885,9.14897658981411e-15,TRUE
"VS_SH_A","VS","SH",0.2,10,21260010,"untruncated",0.205590862028819,0.0266476562233856,0.153361455830983,0.257820268226654,1.20833021330299e-14,TRUE
"VS_SH_A","VS","SH",0.2,11,21260011,"frozen_trunc_1_99",0.2261650497547,0.0263469341447953,0.174525058830902,0.277805040678499,9.1540266500898e-18,TRUE
"VS_SH_A","VS","SH",0.2,11,21260011,"mild_trunc_0.5_99.5",0.228964832911542,0.0265820630444969,0.176863989344329,0.281065676478756,7.08578101221045e-18,TRUE
"VS_SH_A","VS","SH",0.2,11,21260011,"untruncated",0.23513235898308,0.0268969604014377,0.182414316596262,0.287850401369898,2.29084996452226e-18,TRUE
"VS_SH_A","VS","SH",0.2,12,21260012,"frozen_trunc_1_99",0.218153438260414,0.0269267423453196,0.165377023263588,0.270929853257241,5.41790871320114e-16,TRUE
"VS_SH_A","VS","SH",0.2,12,21260012,"mild_trunc_0.5_99.5",0.218584337913662,0.0270472202918604,0.165571786141615,0.271596889685708,6.39317370558871e-16,TRUE
"VS_SH_A","VS","SH",0.2,12,21260012,"untruncated",0.220229998543376,0.0274260981191733,0.166474846229796,0.273985150856956,9.7518138280443e-16,TRUE
"VS_SH_A","VS","SH",0.2,13,21260013,"frozen_trunc_1_99",0.212824433867827,0.0261757135508712,0.16152003530812,0.264128832427535,4.27146874558662e-16,TRUE
"VS_SH_A","VS","SH",0.2,13,21260013,"mild_trunc_0.5_99.5",0.214718260485988,0.0263343493901433,0.163102935681307,0.266333585290669,3.53413368605406e-16,TRUE
"VS_SH_A","VS","SH",0.2,13,21260013,"untruncated",0.218201757890289,0.0267146703059366,0.165841004090653,0.270562511689924,3.13900991314597e-16,TRUE
"VS_SH_A","VS","SH",0.2,14,21260014,"frozen_trunc_1_99",0.194917593222895,0.0272142886662915,0.141577587436964,0.248257599008827,7.93198145565018e-13,TRUE
"VS_SH_A","VS","SH",0.2,14,21260014,"mild_trunc_0.5_99.5",0.193493206235641,0.0274682150913683,0.139655504656559,0.247330907814723,1.86451788418372e-12,TRUE
"VS_SH_A","VS","SH",0.2,14,21260014,"untruncated",0.189167873773899,0.0282253088793533,0.133846268370367,0.244489479177432,2.05493636232115e-11,TRUE
"VS_SH_A","VS","SH",0.2,15,21260015,"frozen_trunc_1_99",0.20348776927405,0.0274085668203547,0.149766978306155,0.257208560241945,1.13429598181405e-13,TRUE
"VS_SH_A","VS","SH",0.2,15,21260015,"mild_trunc_0.5_99.5",0.206083596294523,0.0276687791291757,0.151852789201339,0.260314403387708,9.45965073257857e-14,TRUE
"VS_SH_A","VS","SH",0.2,15,21260015,"untruncated",0.210821156512177,0.0278440930427133,0.156246734148459,0.265395578875895,3.68979263907101e-14,TRUE
"VS_SH_A","VS","SH",0.2,16,21260016,"frozen_trunc_1_99",0.174987851256547,0.0275535596641638,0.120982874314786,0.228992828198308,2.14162439832091e-10,TRUE
"VS_SH_A","VS","SH",0.2,16,21260016,"mild_trunc_0.5_99.5",0.176695682351466,0.0278825428738516,0.122045898318717,0.231345466384215,2.34063593466448e-10,TRUE
"VS_SH_A","VS","SH",0.2,16,21260016,"untruncated",0.179828792462044,0.0290299224769892,0.122930144407145,0.236727440516943,5.84327896122722e-10,TRUE
"VS_SH_A","VS","SH",0.2,17,21260017,"frozen_trunc_1_99",0.181416774027026,0.0265050643166472,0.129466847966397,0.233366700087654,7.66855906723959e-12,TRUE
"VS_SH_A","VS","SH",0.2,17,21260017,"mild_trunc_0.5_99.5",0.182672887927294,0.026985251286732,0.129781795405299,0.235563980449289,1.29353072237416e-11,TRUE
"VS_SH_A","VS","SH",0.2,17,21260017,"untruncated",0.189248120122443,0.0282706179260617,0.133837708987362,0.244658531257524,2.16909765445191e-11,TRUE
"VS_SH_A","VS","SH",0.2,18,21260018,"frozen_trunc_1_99",0.140441779517025,0.0289381446053565,0.083723016090526,0.197160542943523,1.21502511259284e-06,TRUE
"VS_SH_A","VS","SH",0.2,18,21260018,"mild_trunc_0.5_99.5",0.142094362324584,0.0291685355042052,0.0849240327363416,0.199264691912826,1.10757207556442e-06,TRUE
"VS_SH_A","VS","SH",0.2,18,21260018,"untruncated",0.145524026825568,0.029820134626412,0.0870765629578004,0.203971490693336,1.06053919891763e-06,TRUE
"VS_SH_A","VS","SH",0.2,19,21260019,"frozen_trunc_1_99",0.181841592575883,0.026973687951997,0.128973164189969,0.234710020961797,1.56820747600013e-11,TRUE
"VS_SH_A","VS","SH",0.2,19,21260019,"mild_trunc_0.5_99.5",0.183528723080347,0.0270865807686394,0.130439024773814,0.236618421386881,1.23862971005598e-11,TRUE
"VS_SH_A","VS","SH",0.2,19,21260019,"untruncated",0.185185160864676,0.0272600693929319,0.131755424854529,0.238614896874822,1.09615780910485e-11,TRUE
"VS_SH_A","VS","SH",0.2,20,21260020,"frozen_trunc_1_99",0.229538652795849,0.0275544581145944,0.175531914891244,0.283545390700454,8.05944943268135e-17,TRUE
"VS_SH_A","VS","SH",0.2,20,21260020,"mild_trunc_0.5_99.5",0.230737421209221,0.0279154675099787,0.176023104889663,0.285451737528779,1.3902171854791e-16,TRUE
"VS_SH_A","VS","SH",0.2,20,21260020,"untruncated",0.235116263212289,0.028322120812708,0.179604906419381,0.290627620005196,1.02799634956165e-16,TRUE
"VS_SH_A","VS","SH",0.2,21,21260021,"frozen_trunc_1_99",0.276472695572596,0.0261199161809662,0.225277659857902,0.32766773128729,3.5072822205251e-26,TRUE
"VS_SH_A","VS","SH",0.2,21,21260021,"mild_trunc_0.5_99.5",0.279255546069733,0.0263996702798061,0.227512192321313,0.330998899818153,3.769431602372e-26,TRUE
"VS_SH_A","VS","SH",0.2,21,21260021,"untruncated",0.286034627655337,0.0270650598634187,0.232987110323037,0.339082144987638,4.17516589873887e-26,TRUE
"VS_SH_A","VS","SH",0.2,22,21260022,"frozen_trunc_1_99",0.129477911439742,0.0264187937559282,0.0776970756781228,0.181258747201361,9.53610215743649e-07,TRUE
"VS_SH_A","VS","SH",0.2,22,21260022,"mild_trunc_0.5_99.5",0.130675122783929,0.0266589688567635,0.0784235438246723,0.182926701743185,9.49953374528081e-07,TRUE
"VS_SH_A","VS","SH",0.2,22,21260022,"untruncated",0.134023916120476,0.027487766661395,0.0801478934641418,0.18789993877681,1.08387071706395e-06,TRUE
"VS_SH_A","VS","SH",0.2,23,21260023,"frozen_trunc_1_99",0.156332808862467,0.0266465125393723,0.104105644285298,0.208559973439637,4.43979661189253e-09,TRUE
"VS_SH_A","VS","SH",0.2,23,21260023,"mild_trunc_0.5_99.5",0.15610857676616,0.0270084610931844,0.103171993023518,0.209045160508801,7.47060236656689e-09,TRUE
"VS_SH_A","VS","SH",0.2,23,21260023,"untruncated",0.159677989540841,0.0280904253859091,0.10462075578446,0.214735223297223,1.31251504618899e-08,TRUE
"VS_SH_A","VS","SH",0.2,24,21260024,"frozen_trunc_1_99",0.215809945019211,0.028317871359822,0.16030691715396,0.271312972884462,2.51756007611892e-14,TRUE
"VS_SH_A","VS","SH",0.2,24,21260024,"mild_trunc_0.5_99.5",0.215811092358324,0.0286911326665022,0.15957647233198,0.272045712384669,5.3996502138071e-14,TRUE
"VS_SH_A","VS","SH",0.2,24,21260024,"untruncated",0.220906634971838,0.0300866769883736,0.161936748074626,0.27987652186905,2.09890167325546e-13,TRUE
"VS_SH_A","VS","SH",0.2,25,21260025,"frozen_trunc_1_99",0.220428333259425,0.0248061025520122,0.171808372257481,0.269048294261369,6.33183621321612e-19,TRUE
"VS_SH_A","VS","SH",0.2,25,21260025,"mild_trunc_0.5_99.5",0.222506508497216,0.0250371441206054,0.17343370602083,0.271579310973603,6.27492378190825e-19,TRUE
"VS_SH_A","VS","SH",0.2,25,21260025,"untruncated",0.226044261982383,0.02559685412801,0.175874427891483,0.276214096073283,1.03800422922744e-18,TRUE
"VS_SH_A","VS","SH",0.2,26,21260026,"frozen_trunc_1_99",0.199435836622815,0.0263224920197299,0.147843752264144,0.251027920981485,3.54640730641677e-14,TRUE
"VS_SH_A","VS","SH",0.2,26,21260026,"mild_trunc_0.5_99.5",0.198856646894988,0.0264533519780649,0.147008077017981,0.250705216771995,5.59373683375865e-14,TRUE
"VS_SH_A","VS","SH",0.2,26,21260026,"untruncated",0.198132484819585,0.0270258429691025,0.145161832600144,0.251103137039026,2.28061600375731e-13,TRUE
"VS_SH_A","VS","SH",0.2,27,21260027,"frozen_trunc_1_99",0.204099324651549,0.0281670449875604,0.14889191647593,0.259306732827167,4.29157035642895e-13,TRUE
"VS_SH_A","VS","SH",0.2,27,21260027,"mild_trunc_0.5_99.5",0.20533069439502,0.0284239761258219,0.149619701188409,0.261041687601631,5.05339789872572e-13,TRUE
"VS_SH_A","VS","SH",0.2,27,21260027,"untruncated",0.207181832997727,0.0289260341572912,0.150486806049436,0.263876859946018,7.92365896317773e-13,TRUE
"VS_SH_A","VS","SH",0.2,28,21260028,"frozen_trunc_1_99",0.199951583584277,0.0277647649291326,0.145532644323177,0.254370522845377,5.94966555867477e-13,TRUE
"VS_SH_A","VS","SH",0.2,28,21260028,"mild_trunc_0.5_99.5",0.203037342392623,0.0279430340837688,0.148268995588436,0.25780568919681,3.69969409282129e-13,TRUE
"VS_SH_A","VS","SH",0.2,28,21260028,"untruncated",0.209877092863322,0.028690097489701,0.153644501783508,0.266109683943136,2.56778829063274e-13,TRUE
"VS_SH_A","VS","SH",0.2,29,21260029,"frozen_trunc_1_99",0.175101516014647,0.028156343143007,0.119915083454353,0.230287948574941,5.00648426265176e-10,TRUE
"VS_SH_A","VS","SH",0.2,29,21260029,"mild_trunc_0.5_99.5",0.174237940476986,0.0283301433294999,0.118710859551166,0.229765021402806,7.73527058903362e-10,TRUE
"VS_SH_A","VS","SH",0.2,29,21260029,"untruncated",0.173373900983267,0.0286281190611183,0.117262787623475,0.229485014343059,1.39487080343286e-09,TRUE
"VS_SH_A","VS","SH",0.2,30,21260030,"frozen_trunc_1_99",0.161534223938157,0.0275410825575114,0.107553702125435,0.215514745750879,4.48565486608189e-09,TRUE
"VS_SH_A","VS","SH",0.2,30,21260030,"mild_trunc_0.5_99.5",0.162708292300857,0.0277448916683297,0.10832830463093,0.217088279970783,4.50647116188265e-09,TRUE
"VS_SH_A","VS","SH",0.2,30,21260030,"untruncated",0.167264592914769,0.0293016898273773,0.10983328085311,0.224695904976429,1.14069977614679e-08,TRUE
"VS_SH_A","VS","SH",0.2,31,21260031,"frozen_trunc_1_99",0.197419589021946,0.0264052863954741,0.145665227686817,0.249173950357075,7.63179140345243e-14,TRUE
"VS_SH_A","VS","SH",0.2,31,21260031,"mild_trunc_0.5_99.5",0.197429380817637,0.0265351876028023,0.145420413116145,0.249438348519129,1.00467662957314e-13,TRUE
"VS_SH_A","VS","SH",0.2,31,21260031,"untruncated",0.197004833561523,0.0272331822628749,0.143627796326288,0.250381870796758,4.68972650956874e-13,TRUE
"VS_SH_A","VS","SH",0.2,32,21260032,"frozen_trunc_1_99",0.211495793816715,0.0275162391608908,0.157563965061369,0.265427622572061,1.51549007259722e-14,TRUE
"VS_SH_A","VS","SH",0.2,32,21260032,"mild_trunc_0.5_99.5",0.213740202462193,0.0277418155641252,0.159366243956508,0.268114160967879,1.31231156461321e-14,TRUE
"VS_SH_A","VS","SH",0.2,32,21260032,"untruncated",0.220831968361395,0.0285175729483995,0.164937525382532,0.276726411340258,9.65530109127482e-15,TRUE
"VS_SH_A","VS","SH",0.2,33,21260033,"frozen_trunc_1_99",0.168499898933178,0.0277956376439502,0.114020449151035,0.22297934871532,1.34356715267524e-09,TRUE
"VS_SH_A","VS","SH",0.2,33,21260033,"mild_trunc_0.5_99.5",0.169273987344103,0.0281659891546943,0.114068648600902,0.224479326087303,1.85669951081293e-09,TRUE
"VS_SH_A","VS","SH",0.2,33,21260033,"untruncated",0.169373062155439,0.0288290173484761,0.112868188152426,0.225877936158452,4.22614513303077e-09,TRUE
"VS_SH_A","VS","SH",0.2,34,21260034,"frozen_trunc_1_99",0.125846873288726,0.026804102495368,0.0733108323978049,0.178382914179648,2.66528294524791e-06,TRUE
"VS_SH_A","VS","SH",0.2,34,21260034,"mild_trunc_0.5_99.5",0.126698289627979,0.0268476383179509,0.0740769185247953,0.179319660731163,2.36820989436607e-06,TRUE
"VS_SH_A","VS","SH",0.2,34,21260034,"untruncated",0.130485194284185,0.0272281959776124,0.0771179301680652,0.183852458400306,1.64894879659194e-06,TRUE
"VS_SH_A","VS","SH",0.2,35,21260035,"frozen_trunc_1_99",0.169691595702527,0.0274791553058972,0.115832451302968,0.223550740102085,6.60445272699588e-10,TRUE
"VS_SH_A","VS","SH",0.2,35,21260035,"mild_trunc_0.5_99.5",0.171258006745935,0.0276887206069407,0.116988114356331,0.225527899135539,6.20559970462694e-10,TRUE
"VS_SH_A","VS","SH",0.2,35,21260035,"untruncated",0.174767181869862,0.0280546057916072,0.119780154518312,0.229754209221412,4.67818105634115e-10,TRUE
"VS_SH_A","VS","SH",0.2,36,21260036,"frozen_trunc_1_99",0.203751949722055,0.0275337176664962,0.149785863095723,0.257718036348388,1.36093682313155e-13,TRUE
"VS_SH_A","VS","SH",0.2,36,21260036,"mild_trunc_0.5_99.5",0.20405767486433,0.0278343835926028,0.149502283022828,0.258613066705831,2.28208503964491e-13,TRUE
"VS_SH_A","VS","SH",0.2,36,21260036,"untruncated",0.198236828398081,0.0318996444277549,0.135713525319682,0.260760131476481,5.15244432055555e-10,TRUE
"VS_SH_A","VS","SH",0.2,37,21260037,"frozen_trunc_1_99",0.223533362327112,0.0308015830023885,0.163162259642431,0.283904465011794,3.9517435761446e-13,TRUE
"VS_SH_A","VS","SH",0.2,37,21260037,"mild_trunc_0.5_99.5",0.224886183862698,0.0312141097047721,0.163706528841345,0.286065838884051,5.8200677624896e-13,TRUE
"VS_SH_A","VS","SH",0.2,37,21260037,"untruncated",0.230276204516994,0.0319242643792513,0.167704646333662,0.292847762700327,5.4650785090478e-13,TRUE
"VS_SH_A","VS","SH",0.2,38,21260038,"frozen_trunc_1_99",0.155010312534145,0.0257243055434193,0.104590673669043,0.205429951399247,1.68243126875933e-09,TRUE
"VS_SH_A","VS","SH",0.2,38,21260038,"mild_trunc_0.5_99.5",0.156772575551132,0.0260355617312593,0.105742874557864,0.207802276544401,1.72830969201268e-09,TRUE
"VS_SH_A","VS","SH",0.2,38,21260038,"untruncated",0.162665808974359,0.0269937898825074,0.109757980804645,0.215573637144074,1.6801978772579e-09,TRUE
"VS_SH_A","VS","SH",0.2,39,21260039,"frozen_trunc_1_99",0.188447530008237,0.0274931861193833,0.134560885214246,0.242334174802229,7.1644607392277e-12,TRUE
"VS_SH_A","VS","SH",0.2,39,21260039,"mild_trunc_0.5_99.5",0.187703837845855,0.0277120132427484,0.133388291890068,0.242019383801642,1.25812904822518e-11,TRUE
"VS_SH_A","VS","SH",0.2,39,21260039,"untruncated",0.185392260347065,0.0280649170965657,0.130385022837796,0.240399497856334,3.95278324581e-11,TRUE
"VS_SH_A","VS","SH",0.2,40,21260040,"frozen_trunc_1_99",0.199049353236131,0.0271598546362838,0.145816038149015,0.252282668323247,2.3220920374699e-13,TRUE
"VS_SH_A","VS","SH",0.2,40,21260040,"mild_trunc_0.5_99.5",0.199750211666028,0.0272966844025121,0.146248710237104,0.253251713094952,2.52169995684083e-13,TRUE
"VS_SH_A","VS","SH",0.2,40,21260040,"untruncated",0.202063856998225,0.0276058011334183,0.147956486776726,0.256171227219725,2.48681981020258e-13,TRUE
"VS_SH_A","VS","SH",0.2,41,21260041,"frozen_trunc_1_99",0.158685845236851,0.0276790041858913,0.104434997032504,0.212936693441198,9.86251900612586e-09,TRUE
"VS_SH_A","VS","SH",0.2,41,21260041,"mild_trunc_0.5_99.5",0.160170485623509,0.0279894424731126,0.105311178376208,0.21502979287081,1.04947949587164e-08,TRUE
"VS_SH_A","VS","SH",0.2,41,21260041,"untruncated",0.162237549913743,0.0283474273310631,0.106676592344859,0.217798507482627,1.04545770003861e-08,TRUE
"VS_SH_A","VS","SH",0.2,42,21260042,"frozen_trunc_1_99",0.1608527936783,0.0275909860134187,0.106774461092,0.214931126264601,5.54593447546996e-09,TRUE
"VS_SH_A","VS","SH",0.2,42,21260042,"mild_trunc_0.5_99.5",0.161170812345892,0.0277420823300673,0.10679633097896,0.215545293712824,6.26167415222972e-09,TRUE
"VS_SH_A","VS","SH",0.2,42,21260042,"untruncated",0.162258708983068,0.0280617672356192,0.107257645201254,0.217259772764881,7.37306252202635e-09,TRUE
"VS_SH_A","VS","SH",0.2,43,21260043,"frozen_trunc_1_99",0.188748323645516,0.0270904423720938,0.135651056596212,0.241845590694819,3.2298937229314e-12,TRUE
"VS_SH_A","VS","SH",0.2,43,21260043,"mild_trunc_0.5_99.5",0.190981010709217,0.0274646634932739,0.1371502702624,0.244811751156034,3.55829709197468e-12,TRUE
"VS_SH_A","VS","SH",0.2,43,21260043,"untruncated",0.195838575692372,0.0282416326107016,0.140484975775397,0.251192175609347,4.07969441518892e-12,TRUE
"VS_SH_A","VS","SH",0.2,44,21260044,"frozen_trunc_1_99",0.183270085651422,0.0266508990540236,0.131034323505536,0.235505847797309,6.12573659786928e-12,TRUE
"VS_SH_A","VS","SH",0.2,44,21260044,"mild_trunc_0.5_99.5",0.184034772488454,0.0269173759084319,0.131276715707927,0.23679282926898,8.08546259675271e-12,TRUE
"VS_SH_A","VS","SH",0.2,44,21260044,"untruncated",0.187567064991793,0.0275925476612901,0.133485671575664,0.241648458407921,1.06270345888026e-11,TRUE
"VS_SH_A","VS","SH",0.2,45,21260045,"frozen_trunc_1_99",0.1807574666244,0.0269056260317793,0.128022439602113,0.233492493646687,1.83978845270563e-11,TRUE
"VS_SH_A","VS","SH",0.2,45,21260045,"mild_trunc_0.5_99.5",0.182362195050952,0.0272028982117395,0.129044514555942,0.235679875545961,2.03098517453352e-11,TRUE
"VS_SH_A","VS","SH",0.2,45,21260045,"untruncated",0.183975197185686,0.02785890698956,0.129371739486148,0.238578654885224,4.00696975422951e-11,TRUE
"VS_SH_A","VS","SH",0.2,46,21260046,"frozen_trunc_1_99",0.180488483329195,0.0283678135251183,0.124887568819963,0.236089397838427,1.9857490196719e-10,TRUE
"VS_SH_A","VS","SH",0.2,46,21260046,"mild_trunc_0.5_99.5",0.179649561969717,0.028736308479688,0.123326397349529,0.235972726589906,4.0611893513324e-10,TRUE
"VS_SH_A","VS","SH",0.2,46,21260046,"untruncated",0.183172907850591,0.0302251901094144,0.123931535236139,0.242414280465043,1.35890585956523e-09,TRUE
"VS_SH_A","VS","SH",0.2,47,21260047,"frozen_trunc_1_99",0.205276854865845,0.025643147572966,0.155016285622831,0.255537424108858,1.19335806290348e-15,TRUE
"VS_SH_A","VS","SH",0.2,47,21260047,"mild_trunc_0.5_99.5",0.20703903890157,0.0258327083658433,0.156406930504517,0.257671147298623,1.10488565794658e-15,TRUE
"VS_SH_A","VS","SH",0.2,47,21260047,"untruncated",0.210980723146037,0.0259253593413262,0.160167018837038,0.261794427455036,4.01841796007541e-16,TRUE
"VS_SH_A","VS","SH",0.2,48,21260048,"frozen_trunc_1_99",0.21691287983501,0.0270244964389639,0.16394486681464,0.269880892855379,1.00269881215818e-15,TRUE
"VS_SH_A","VS","SH",0.2,48,21260048,"mild_trunc_0.5_99.5",0.216735007288744,0.0272847370948567,0.163256922582825,0.270213091994663,1.96630350311616e-15,TRUE
"VS_SH_A","VS","SH",0.2,48,21260048,"untruncated",0.218187961918164,0.0278527383445397,0.163596594762866,0.272779329073462,4.73993758002161e-15,TRUE
"VS_SH_A","VS","SH",0.2,49,21260049,"frozen_trunc_1_99",0.157338572669057,0.023225869507606,0.111815868434149,0.202861276903965,1.25026232584617e-11,TRUE
"VS_SH_A","VS","SH",0.2,49,21260049,"mild_trunc_0.5_99.5",0.157342738290578,0.0235508864346192,0.111183000878724,0.203502475702432,2.37367709103433e-11,TRUE
"VS_SH_A","VS","SH",0.2,49,21260049,"untruncated",0.157676475980964,0.0241156376599194,0.110409826167522,0.204943125794406,6.2201286381833e-11,TRUE
"VS_SH_A","VS","SH",0.2,50,21260050,"frozen_trunc_1_99",0.18047094677245,0.0255608114498802,0.130371756330685,0.230570137214215,1.65958856395674e-12,TRUE
"VS_SH_A","VS","SH",0.2,50,21260050,"mild_trunc_0.5_99.5",0.182412321385372,0.0256887941959795,0.132062284761252,0.232762358009491,1.23990251826961e-12,TRUE
"VS_SH_A","VS","SH",0.2,50,21260050,"untruncated",0.189655873862455,0.0261480005099822,0.13840579286289,0.24090595486202,4.07130737549839e-13,TRUE
