"method","day","estimate","std_error","ci_lower","ci_upper"
"M8",0,62.5228490614569,0.277821671361499,61.9783185855883,63.0673795373254
"M8",1,62.569121795505,0.273929407911144,62.0322201559992,63.1060234350109
"M8",2,62.6153934731086,0.270072931245901,62.0860505278667,63.1447364183506
"M8",3,62.661658812045,0.266254384298002,62.139800218821,63.1835174052691
"M8",4,62.7079114736471,0.262476072524521,62.193458371499,63.2223645757951
"M8",5,62.7541451192476,0.258740339735667,62.2470140533657,63.2612761851295
"M8",6,62.8003534101793,0.255049567244512,62.3004562583801,63.3002505619786
"M8",7,62.8465300077751,0.251406172670209,62.3537739093415,63.3392861062087
"M8",8,62.8926685733678,0.247812608350221,62.4069558610014,63.3783812857343
"M8",9,62.9387627682903,0.244271359314245,62.4599909040343,63.4175346325462
"M8",10,62.9848062538752,0.240784940770084,62.5128677699658,63.4567447377846
"M8",11,63.0307926914555,0.237355895049636,62.5655751371582,63.4960102457528
"M8",12,63.0767157423639,0.233986787961826,62.6181016379587,63.5353298467691
"M8",13,63.1225690679333,0.230680204498682,62.6704358671159,63.5747022687507
"M8",14,63.1683463294964,0.227438743841264,62.7225663915676,63.6141262674253
"M8",15,63.2140411883862,0.224265013613809,62.7744817617031,63.6536006150693
"M8",16,63.2596473059354,0.22116162333774,62.8261705241934,63.6931240876773
"M8",17,63.3051583434768,0.218131177042137,62.8776212364742,63.7326954504794
"M8",18,63.3505679623432,0.215176264994263,62.9288224829544,63.772313441732
"M8",19,63.3958698238675,0.212299454522968,62.9797628930025,63.8119767547325
"M8",20,63.4410575893824,0.209503279919533,63.0304311607402,63.8516840180247
"M8",21,63.4861249202209,0.206790231414668,63.0808160666481,63.8914337737936
"M8",22,63.5310654777156,0.204162743247449,63.1309065009506,63.9312244544806
"M8",23,63.5758729231995,0.201623180861423,63.1806914887111,63.9710543576879
"M8",24,63.6205409180052,0.19917382728535,63.230160216526,64.0109216194845
"M8",25,63.6650631234658,0.196816868780075,63.2793020606568,64.0508241862747
"M8",26,63.7094332009138,0.194554379859359,63.3281066163895,64.0907597854382
"M8",27,63.7536448116823,0.192388307819368,63.3765637283563,64.1307258950083
"M8",28,63.797691617104,0.190320456939185,63.4246635215031,64.1707197127048
"M8",29,63.8415672785116,0.188352472541396,63.4723964323305,64.2107381246927
"M8",30,63.8852654572381,0.186485825126842,63.5197532399895,64.2507776744867
"M8",31,63.9287798146162,0.18472179481961,63.5667250967697,64.2908345324626
"M8",32,63.9721040119787,0.183061456375996,63.6133035574818,64.3309044664757
"M8",33,64.0152317106585,0.181505665023211,63.659480607213,64.370982814104
"M8",34,64.0581565719884,0.18005504339905,63.7052486869263,64.4110644570506
"M8",35,64.1008722573012,0.17870996986108,63.7506007163735,64.4511437982289
"M8",36,64.1433724279297,0.177470568423419,63.7955301138198,64.4912147420396
"M8",37,64.1856507452067,0.176336700559191,63.8400308121107,64.5312706783027
"M8",38,64.2277008704651,0.175307959078742,63.8840972706707,64.5713044702594
"M8",39,64.2695164650376,0.174383664257038,63.9277244830938,64.6113084469814
"M8",40,64.311091190257,0.173562862340165,63.9709079800703,64.6512744004438
"M8",41,64.3524187074563,0.17284432651153,64.0136438274937,64.6911935874189
"M8",42,64.3934926779682,0.172226560345117,64.0559286196917,64.7310567362446
"M8",43,64.4343067631254,0.171707803718106,64.0977594678379,64.7708540584129
"M8",44,64.4748546242609,0.171286041100543,64.1391339837038,64.810575264818
"M8",45,64.5151299227074,0.17095901208758,64.1800502590158,64.8502095863991
"M8",46,64.5551263197978,0.170724223992563,64.2205068407724,64.8897457988233
"M8",47,64.5948374768649,0.170578966278078,64.2605027029599,64.9291722507699
"M8",48,64.6342570552415,0.170520326569444,64.3000372151653,64.9684768953176
"M8",49,64.6733787162603,0.17054520797066,64.3391101086378,65.0076473238828
"M8",50,64.7121961212543,0.170650347388527,64.3777214403728,65.0466708021358
"M8",51,64.7507029315562,0.170832334565151,64.4158715558085,65.0855343073039
"M8",52,64.7888928084989,0.171087631522964,64.4535610507138,65.1242245662839
"M8",53,64.8267594134151,0.17141259213812,64.4907907328244,65.1627280940058
"M8",54,64.8642964076377,0.17180348157723,64.5275615837463,65.201031231529
"M8",55,64.9014974524995,0.172256495356644,64.5638747216004,65.2391201833985
"M8",56,64.9383562093333,0.172767777812581,64.5997313648206,65.2769810538459
"M8",57,64.9748663394719,0.173333439801588,64.6351327974607,65.314599881483
"M8",58,65.0110215042481,0.173949575483853,64.6700803362998,65.3519626721965
"M8",59,65.0468153649948,0.174612278074644,64.7045752999685,65.3890554300211
"M8",60,65.0822415830448,0.175317654481172,64.7386189802617,65.4258641858279
"M8",61,65.1172938197308,0.176061838771946,64.7722126157378,65.4623750237239
"M8",62,65.1519657363858,0.176841004453331,64.8053573676573,65.4985741051143
"M8",63,65.1862509943425,0.177651375552178,64.8380542982602,65.5344476904247
"M8",64,65.2201432549336,0.178489236524651,64.8703043513453,65.569982158522
"M8",65,65.2536361794922,0.179350941028947,64.9021083350754,65.6051640239089
"M8",66,65.2867234293509,0.180232919614026,64.9334669069074,65.6399799517943
"M8",67,65.3193986658425,0.181131686387694,64.9643805605226,65.6744167711624
"M8",68,65.3516555503,0.182043844735515,64.9948496146183,65.7084614859816
"M8",69,65.383487744056,0.182966092167765,65.0248742034072,65.7421012847048
"M8",70,65.4148889084435,0.183895224374852,65.0544542686687,65.7753235482182
"M8",71,65.4458527047952,0.184828138573059,65.083589553192,65.8081158563984
"M8",72,65.4763727944439,0.185761836222106,65.1122795954486,65.8404659934392
"M8",73,65.5064428387225,0.186693425194403,65.1405237253415,65.8723619521035
"M8",74,65.5360564989638,0.187620121473383,65.1683210608759,65.9037919370516
"M8",75,65.5652074365005,0.188539250454691,65.1956705056093,65.9347443673917
"M8",76,65.5938893126656,0.189448247920376,65.2225707467417,65.9652078785896
"M8",77,65.6220957887918,0.190344660751787,65.2490202537183,65.9951713238653
"M8",78,65.6498205262119,0.191226147442569,65.2750172772245,66.0246237751994
"M8",79,65.6770571862588,0.192090478468803,65.30055984846,66.0535545240577
"M8",80,65.7037994302653,0.192935536568888,65.3256457785902,66.0819530819403
"M8",81,65.7300409195641,0.193759316981703,65.3502726582799,66.1098091808482
"M8",82,65.7557753154881,0.194559927687586,65.3744378572204,66.1371127737558
"M8",83,65.7809962793701,0.195335589693033,65.3981385235718,66.1638540351685
"M8",84,65.805697472543,0.196084637396611,65.4213715832456,66.1900233618404
"M8",85,65.8298744275087,0.196805702796091,65.4441352500283,66.215613604989
"M8",86,65.8535301614457,0.197498271638861,65.4664335490336,66.2406267738579
"M8",87,65.8766695627019,0.198162136587102,65.4882717749912,66.2650673504126
"M8",88,65.8992975196251,0.198797207157232,65.5096549935969,66.2889400456532
"M8",89,65.9214189205628,0.199403502325245,65.5305880560054,66.3122497851203
"M8",90,65.9430386538631,0.199981143590048,65.5510756124266,66.3350016952996
"M8",91,65.9641616078735,0.200530348463423,65.5711221248852,66.3572010908618
"M8",92,65.9847926709419,0.201051424356095,65.5907318792039,66.3788534626798
"M8",93,66.0049367314159,0.201544762830297,65.6099089962686,66.3999644665633
"M8",94,66.0245986776435,0.202010834190467,65.6286574426302,66.4205399126568
"M8",95,66.0437833979722,0.20245018238475,65.6469810404981,66.4405857554463
"M8",96,66.06249578075,0.202863420191448,65.6648834771747,66.4601080843252
"M8",97,66.0807407143244,0.203251224665716,65.6823683139797,66.4791131146692
"M8",98,66.0985230870434,0.203614332823231,65.6994389947099,66.497607179377
"M8",99,66.1158477872547,0.203953537538815,65.7160988536786,66.5155967208307
"M8",100,66.1327197033059,0.20426968363927,65.7323511233729,66.5330882832389
"M8",101,66.1491437235449,0.204563664171034,65.7481989417697,66.5500885053201
"M8",102,66.1651247363195,0.204836416824351,65.7636453593437,66.5666041132952
"M8",103,66.1806676299773,0.205088920496989,65.7786933458032,66.5826419141514
"M8",104,66.1957772928662,0.205322191981603,65.7933457965822,66.5982087891501
"M8",105,66.2104586133338,0.205537282761992,65.8076055391203,66.6133116875473
"M8",106,66.2247164797281,0.205735275904599,65.8214753389551,66.6279576205011
"M8",107,66.2385557803966,0.205917283032644,65.8349579056526,66.6421536551406
"M8",108,66.2519814036873,0.206084441371329,65.8480558985995,66.6559069087751
"M8",109,66.2649982379477,0.206237910853559,65.8607719326748,66.6692245432207
"M8",110,66.2776111715258,0.206378871276596,65.8731085838237,66.6821137592279
"M8",111,66.2898250927692,0.206508519501084,65.8850683945471,66.6945817909914
"M8",112,66.3016448900257,0.206628066684772,65.8966538793236,66.7066359007279
"M8",113,66.3130754516431,0.206738735544252,65.9078675299764,66.7182833733099
"M8",114,66.3241216659692,0.206841757639033,65.9187118209966,66.7295315109417
"M8",115,66.3347884213516,0.206938370673,65.9291892148325,66.7403876278707
"M8",116,66.3450806061381,0.207029815809539,65.9393021671514,66.7508590451248
"M8",117,66.3550031086766,0.207117334997225,65.949053132082,66.7609530852711
"M8",118,66.3645608173147,0.207202168304102,65.9584445674386,66.7706770671907
"M8",119,66.3737586204002,0.20728555125938,65.9674789399318,66.7800383008686
"M8",120,66.3826014062809,0.207368712202342,65.9761587303643,66.7890440821975
"M8",121,66.3910940633045,0.207452869639049,65.984486438812,66.7977016877971
"M8",122,66.3992414798189,0.20753922960842,65.9924645897864,66.8060183698514
"M8",123,66.4070485441717,0.207628983059996,66.0000957373741,66.8140013509693
"M8",124,66.4145201447107,0.207723303246632,66.0073824703473,66.821657819074
"M8",125,66.4216611697836,0.207823343135998,66.014327417237,66.8289949223302
"M8",126,66.4284765077383,0.207930232845741,66.0209332513606,66.8360197641159
"M8",127,66.4349710469224,0.208045077107606,66.0272026957915,66.8427393980534
"M8",128,66.4411496756838,0.208168952766732,66.033138528261,66.8491608231066
"M8",129,66.4470172823703,0.208302906322653,66.0387435859779,66.8552909787627
"M8",130,66.4525787553294,0.208447951519333,66.0440207703515,66.8611367403073
"M8",131,66.4578389829091,0.208605066991791,66.0489730516052,66.866704914213
"M8",132,66.462802853457,0.208775193977335,66.0536034732614,66.8720022336526
"M8",133,66.467475255321,0.208959234099716,66.0579151564856,66.8770353541564
"M8",134,66.4718610768488,0.209158047234606,66.0619113042689,66.8818108494286
"M8",135,66.4759652063881,0.209372449464976,66.0655952054367,66.8863352073394
"M8",136,66.4797925322867,0.20960321113487,66.0689702384624,66.890614826111
"M8",137,66.4833479428924,0.209851055009955,66.0720398750729,66.8946560107119
"M8",138,66.4866363265529,0.210116654552967,66.0748076836291,66.8984649694767
"M8",139,66.489662571616,0.210400632321925,66.077277332265,66.9020478109669
"M8",140,66.4924315664294,0.210703558498379,66.0794525917726,66.9054105410862
"M8",141,66.4949481993409,0.211025949552589,66.0813373382178,66.908559060464
"M8",142,66.4972173586983,0.21136826705178,66.0829355552768,66.9114991621198
"M8",143,66.4992439328493,0.211730916616911,66.0842513362801,66.9142365294184
"M8",144,66.5010328101417,0.212114247032698,66.0852888859576,66.9167767343257
"M8",145,66.5025888789231,0.212518549514587,66.0860525218746,66.9191252359717
"M8",146,66.5039170275415,0.212944057135629,66.0865466755557,66.9212873795274
"M8",147,66.5050221443446,0.213390944415182,66.0867758932908,66.9232683953983
"M8",148,66.50590911768,0.213859327070317,66.0867448366222,66.9250733987378
"M8",149,66.5065828358956,0.214349261929893,66.086458282513,66.9267073892781
"M8",150,66.5070481873391,0.214860747010219,66.085921123199,66.9281752514791
"M8",151,66.5073100603583,0.215393721750199,66.0851383657279,66.9294817549886
"M8",152,66.5073733433009,0.215948067402965,66.0841151311911,66.9306315554107
"M8",153,66.5072429245147,0.216523607579992,66.0828566536579,66.9316291953715
"M8",154,66.5069236923475,0.217120108942819,66.0813682788195,66.9324791058754
"M8",155,66.5064205351469,0.217737282036791,66.0796554623548,66.933185607939
"M8",156,66.5057383412609,0.218374782260306,66.0777237680307,66.9337529144911
"M8",157,66.5048819990371,0.219032210962567,66.0755788655504,66.9341851325237
"M8",158,66.5038563968232,0.219709116662116,66.0732265281655,66.934486265481
"M8",159,66.5026664229671,0.220404996378046,66.0706726300662,66.9346602158681
"M8",160,66.5013169658165,0.221119297065279,66.0679231435686,66.9347107880645
"M8",161,66.4998129137192,0.221851417145132,66.0649841361147,66.9346416913236
"M8",162,66.4981591550229,0.222600708122047,66.0618617671037,66.9344565429421
"M8",163,66.4963605780753,0.223366476277359,66.0585622845717,66.9341588715789
"M8",164,66.4944220712243,0.224147984430868,66.0550920217398,66.9337521207088
"M8",165,66.4923485228176,0.22494445376116,66.0514573934457,66.9332396521895
"M8",166,66.4901448212029,0.225755065675627,66.0476648924787,66.9326247499272
"M8",167,66.4878158547281,0.226578963721512,66.0437210858339,66.9319106236222
"M8",168,66.4853665117408,0.227415255529463,66.039632610903,66.9311004125785
"M8",169,66.4828016805888,0.228263014781539,66.035406171617,66.9301971895606
"M8",170,66.4801262496199,0.229121283195995,66.0310485345558,66.9292039646841
"M8",171,66.4773451071819,0.229989072521576,66.0265665250396,66.9281236893242
"M8",172,66.4744631416224,0.230865366534632,66.0219670232146,66.9269592600303
"M8",173,66.4714852412894,0.231749123032816,66.017256960145,66.9257135224337
"M8",174,66.4684162945304,0.232639275819782,66.0124433139236,66.9243892751371
"M8",175,66.4652611896933,0.233534736675685,66.0075331058089,66.9229892735776
"M8",176,66.4620248151258,0.234434397309088,66.0025333964,66.9215162338516
"M8",177,66.4587120591757,0.235337131286289,65.9974512818546,66.9199728364969
"M8",178,66.4553278101908,0.236241795934716,65.9922938901588,66.9183617302229
"M8",179,66.4518769565188,0.237147234217634,65.9870683774522,66.9166855355853
"M8",180,66.4483643865074,0.238052276577935,65.9817819244147,66.9149468486002
"M8",181,66.4447949885045,0.2389557427493,65.9764417327159,66.9131482442931
"M8",182,66.4411736508577,0.239856443533664,65.9710550215317,66.9112922801837
"M8",183,66.4375052619149,0.240753182544223,65.9656290241282,66.9093814997016
"M8",184,66.4337947100238,0.241644757913951,65.9601709845124,66.9074184355351
"M8",185,66.4300468835321,0.242529963969823,65.9546881541513,66.905405612913
"M8",186,66.4262666707877,0.243407592873535,65.9491877887555,66.9033455528198
"M8",187,66.4224589601382,0.244276436229858,65.9436771451277,66.9012407751487
"M8",188,66.4186286399314,0.245135286664204,65.9381634780696,66.8990938017933
"M8",189,66.4147805985152,0.245982939371224,65.9326540373476,66.8969071596828
"M8",190,66.4109197242371,0.246818193636803,65.927156064709,66.8946833837653
"M8",191,66.4070509054451,0.247639854335946,65.9216767909467,66.8924250199436
"M8",192,66.4031790304869,0.248446733409495,65.9162234330043,66.8901346279695
"M8",193,66.3993089877101,0.249237651322806,65.9108031911174,66.8878147843028
"M8",194,66.3954456654627,0.250011438509873,65.9054232459833,66.885468084942
"M8",195,66.3915939520923,0.250766936806576,65.9000907559514,66.8830971482331
"M8",196,66.3877587359466,0.251503000877035,65.8948128542277,66.8807046176656
"M8",197,66.3839449053736,0.252218499637228,65.8895966460846,66.8782931646625
"M8",198,66.3801565079308,0.252912441660769,65.8844481222757,66.8758648935859
"M8",199,66.3763942280159,0.253584356405068,65.879368889462,66.8734195665699
"M8",200,66.3726579092366,0.254233936089843,65.8743593945005,66.8709564239727
"M8",201,66.3689473952005,0.25486091228656,65.8694200071188,66.8684747832821
"M8",202,66.3652625295151,0.255465054447772,65.8645510227975,66.8659740362327
"M8",203,66.3616031557881,0.25604616851054,65.8597526655075,66.8634536460688
"M8",204,66.3579691176272,0.256604095571272,65.8550250903075,66.8609131449469
"M8",205,66.3543602586398,0.257138710629273,65.8503683858064,66.8583521314732
"M8",206,66.3507764224338,0.257649921396303,65.845782576497,66.8557702683705
"M8",207,66.3472174526165,0.258137667169468,65.8412676249644,66.8531672802687
"M8",208,66.3436831927958,0.25860191776478,65.8368234339768,66.8505429516148
"M8",209,66.3401734865792,0.259042672508796,65.8324498484619,66.8478971246964
"M8",210,66.3366881775743,0.259459959285785,65.8281466573741,66.8452296977744
"M8",211,66.3332271093887,0.259853833637899,65.8239135954584,66.842540623319
"M8",212,66.3297901256301,0.260224377915938,65.8197503449148,66.8398299063453
"M8",213,66.326377069906,0.260571700478334,65.8156565369685,66.8370976028435
"M8",214,66.3229877858241,0.260895934936014,65.8116317533495,66.8343438182987
"M8",215,66.3196221169921,0.261197239440975,65.8076755276877,66.8315687062964
"M8",216,66.3162799070174,0.261475796016302,65.8037873468254,66.8287724672094
"M8",217,66.3129609995078,0.261731809925613,65.7999666520536,66.825955346962
"M8",218,66.3096652380708,0.261965509079827,65.7962128402744,66.8231176358673
"M8",219,66.3063924663142,0.262177143479296,65.7925252650947,66.8202596675336
"M8",220,66.3031425278454,0.26236698468939,65.7889032378541,66.8173818178366
"M8",221,66.2999152662721,0.262535325347633,65.7853460285907,66.8144845039534
"M8",222,66.2967105252019,0.262682478700625,65.7818528669487,66.8115681834551
"M8",223,66.2935281482425,0.262808778168944,65.7784229430313,66.8086333534536
"M8",224,66.2903679790014,0.262914576938334,65.7750554082023,66.8056805498005
"M8",225,66.2872298610863,0.263000247575511,65.7717493758383,66.8027103463343
"M8",226,66.2841136381048,0.26306618166692,65.7685039220376,66.799723354172
"M8",227,66.2810191536645,0.263112789478868,65.7653180862859,66.7967202210431
"M8",228,66.2779462513731,0.26314049963746,65.7621908720836,66.7937016306625
"M8",229,66.274894774838,0.263149758826789,65.7591212475375,66.7906683021385
"M8",230,66.2718645676671,0.263141031503835,65.7561081459196,66.7876209894146
"M8",231,66.2688554734678,0.263114799628639,65.7531504661957,66.7845604807399
"M8",232,66.2658673358478,0.263071562408178,65.7502470735278,66.7814875981678
"M8",233,66.2628999984147,0.263011836052532,65.7473967997518,66.7784031970777
"M8",234,66.2599533047762,0.262936153541864,65.7445984438341,66.7753081657182
"M8",235,66.2570270985398,0.262845064402727,65.7418507723104,66.7722034247691
"M8",236,66.2541212233132,0.262739134492273,65.7391525197083,66.769089926918
"M8",237,66.2512355227039,0.262618945788882,65.7365023889577,66.7659686564501
"M8",238,66.2483698403197,0.262485096187775,65.7338990517916,66.7628406288477
"M8",239,66.245524019768,0.262338199300091,65.7313411491399,66.7597068903962
"M8",240,66.2426979046566,0.26217888425405,65.7288272915187,66.7565685177946
"M8",241,66.2398913385931,0.262007795496581,65.7263560594198,66.7534266177664
"M8",242,66.237104165185,0.261825592594062,65.7239260037006,66.7502823266693
"M8",243,66.23433622804,0.261632950030529,65.7215356459801,66.7471368100998
"M8",244,66.2315873707657,0.261430557001959,65.7191834790418,66.7439912624895
"M8",245,66.2288574369697,0.261219117204975,65.7168679672479,66.7408469066915
"M8",246,66.2261462702597,0.260999348618504,65.7145875469674,66.7377049935519
"M8",247,66.2234537142432,0.260771983276791,65.7123406270207,66.7345668014657
"M8",248,66.2207796125278,0.260537767032197,65.7101255891447,66.731433635911
"M8",249,66.2181238087213,0.260297459306208,65.7079407884812,66.7283068289615
"M8",250,66.2154861464312,0.260051832827063,65.7057845540902,66.7251877387722
"M8",251,66.2128664692651,0.259801673352379,65.7036551894944,66.7220777490358
"M8",252,66.2102646208306,0.259547779375219,65.7015509732552,66.7189782684061
"M8",253,66.2076804447354,0.259290961811984,65.6994701595839,66.7158907298869
"M8",254,66.2051137845871,0.259032043670548,65.6974109789928,66.7128165901814
"M8",255,66.2025644839932,0.258771859697063,65.695371638987,66.7097573289995
"M8",256,66.2000323865615,0.258511255999917,65.6933503248017,66.7067144483213
"M8",257,66.1975173358995,0.258251089649276,65.6913452001869,66.7036894716121
"M8",258,66.1950191756148,0.257992228250792,65.6893544082433,66.7006839429864
"M8",259,66.1925377493151,0.257735549491986,65.6873760723108,66.6976994263194
"M8",260,66.190072900608,0.257481940659984,65.6854082969144,66.6947375043016
"M8",261,66.1876244731011,0.25723229812924,65.6834491687678,66.6917997774344
"M8",262,66.1851923104019,0.256987526818097,65.6814967578385,66.6888878629654
"M8",263,66.1827762561182,0.256748539612961,65.6795491184768,66.6860033937596
"M8",264,66.1803761538576,0.256516256759153,65.6776042906097,66.6831480171055
"M8",265,66.1779918472276,0.256291605217443,65.6756603010014,66.6803233934538
"M8",266,66.1756231798359,0.256075517985533,65.6737151645843,66.6775311950876
"M8",267,66.1732699952901,0.255868933383877,65.6717668858577,66.6747731047225
"M8",268,66.1709321371978,0.255672794305321,65.6698134603594,66.6720508140362
"M8",269,66.1686094491667,0.255488047428305,65.6678528762072,66.6693660221261
"M8",270,66.1663017748042,0.255315642393531,65.6658831157129,66.6667204338956
"M8",271,66.1640089577182,0.255156530944166,65.6639021570676,66.6641157583688
"M8",272,66.1617308415161,0.25501166602997,65.6619079760974,66.6615537069349
"M8",273,66.1594672698057,0.254882000875855,65.659898548089,66.6590359915223
"M8",274,66.1572180861944,0.254768488015711,65.6578718496836,66.6565643227052
"M8",275,66.15498313429,0.254672078292536,65.6558258608366,66.6541404077434
"M8",276,66.1527622577,0.254593719826252,65.6537585668406,66.6517659485595
"M8",277,66.1505553000322,0.254534356950735,65.6516679604087,66.6494426396556
"M8",278,66.148362104894,0.254494929122036,65.6495520438148,66.6471721659731
"M8",279,66.1461825158931,0.254476369799873,65.6474088310853,66.6449562007008
"M8",280,66.1440163766371,0.254479605304916,65.6452363502394,66.6427964030347
"M8",281,66.1418635307336,0.254505553654578,65.6430326455707,66.6406944158966
"M8",282,66.1397238217904,0.254555123380336,65.6407957799649,66.6386518636158
"M8",283,66.1375970934149,0.254629212329882,65.6385238372483,66.6366703495814
"M8",284,66.1354831892147,0.254728706457645,65.6362149245577,66.6347514538717
"M8",285,66.1333819527976,0.25485447860753,65.6338671747269,66.6328967308684
"M8",286,66.1312932277711,0.255007387291841,65.6314787486791,66.6311077068631
"M8",287,66.1292168577429,0.25518827547073,65.6290478378202,66.6293858776655
"M8",288,66.1271526863205,0.255397969336491,65.626572666421,66.62773270622
"M8",289,66.1251005571116,0.255637277107425,65.624051493981,66.6261496202421
"M8",290,66.1230603137238,0.255906987835884,65.6214826175654,66.6246380098821
"M8",291,66.1210317997646,0.256207870235368,65.6188643741033,66.623199225426
"M8",292,66.1190148588419,0.25654067153157,65.61619514264,66.6218345750437
"M8",293,66.117009334563,0.25690611634222,65.6134733465323,66.6205453225938
"M8",294,66.1150150705357,0.257304905590663,65.610697455578,66.6193326854934
"M8",295,66.1130319103677,0.257737715457959,65.6078659880701,66.6181978326652
"M8",296,66.1110596976663,0.258205196378272,65.6049775127649,66.6171418825678
"M8",297,66.1090982760395,0.258707972082094,65.6020306507586,66.6161659013204
"M8",298,66.1071474890946,0.259246638691709,65.5990240772588,66.6152709009304
"M8",299,66.1052071804394,0.259821763873129,65.5959565232481,66.6144578376307
"M8",300,66.1032771936814,0.260433886048322,65.5928267770267,66.6137276103361
"M8",301,66.1013573724284,0.261083513671436,65.5896336856324,66.6130810592244
"M8",302,66.0994475602878,0.261771124572221,65.5863761561263,66.6125189644494
"M8",303,66.0975476008674,0.262497165369605,65.5830531567429,66.6120420449918
"M8",304,66.0956573377747,0.263262050957943,65.5796637178971,66.6116509576522
"M8",305,66.0937766146173,0.264066164067963,65.5762069330441,66.6113462961905
"M8",306,66.0919052750029,0.264909854904183,65.5726819593907,66.6111285906151
"M8",307,66.0900431625391,0.265793440859901,65.5690880184537,66.6109983066245
"M8",308,66.0881901208335,0.266717206310549,65.5654243964648,66.6109558452022
"M8",309,66.0863459934937,0.26768140248571,65.5616904446217,66.6110015423657
"M8",310,66.0845106241273,0.268686247419568,65.557885579185,66.6111356690697
"M8",311,66.082683856342,0.269731925979168,65.5540092814229,66.6113584312612
"M8",312,66.0808655337454,0.270818589969394,65.5500610974054,66.6116699700854
"M8",313,66.0790554999451,0.271946358313142,65.5460406376513,66.6120703622388
"M8",314,66.0772535985487,0.273115317304722,65.5419475766314,66.6125596204659
"M8",315,66.0754596731637,0.274325520934201,65.5377816521327,66.6131376941948
"M8",316,66.073673567398,0.275576991279937,65.5335426644893,66.6138044703067
"M8",317,66.071895124859,0.27686971896637,65.5292304756849,66.6145597740331
"M8",318,66.0701241891543,0.278203663683618,65.5248450083345,66.6154033699742
"M8",319,66.0683606038917,0.279578754765447,65.5203862445514,66.616334963232
"M8",320,66.0666042126787,0.280994891821671,65.5158542247082,66.6173542006491
"M8",321,66.0648548591228,0.282451945421063,65.5112490460976,66.6184606721481
"M8",322,66.0631123868319,0.283949757820599,65.5065708615035,66.6196539121603
"M8",323,66.0613766394134,0.285488143736783,65.5018198776893,66.6209334011375
"M8",324,66.0596474604749,0.287066891154714,65.4969963538117,66.6222985671382
"M8",325,66.0579246936242,0.288685762170525,65.49210059977,66.6237487874784
"M8",326,66.0562081824688,0.29034449386283,65.4871329744977,66.62528339044
"M8",327,66.0544977706163,0.292042799188819,65.4820938842062,66.6269016570264
"M8",328,66.0527933016744,0.293780367900723,65.476983780589,66.6286028227598
"M8",329,66.0510946192506,0.295556867478503,65.4718031589927,66.6303860795085
"M8",330,66.0494015669526,0.29737194407461,65.4665525565663,66.6322505773388
"M8",331,66.047713988388,0.299225223466961,65.4612325503927,66.6341954263832
"M8",332,66.0460317271644,0.301116312016317,65.4558437556124,66.6362196987164
"M8",333,66.0443546268894,0.303044797624514,65.4503868235454,66.6383224302335
"M8",334,66.0426825311707,0.305010250690083,65.4448624398182,66.6405026225233
"M8",335,66.0410152836159,0.307012225058136,65.439271322502,66.6427592447298
"M8",336,66.0393527278326,0.309050258961528,65.433614220268,66.6450912353971
"M8",337,66.0376947074283,0.311123875950504,65.4278919105653,66.6474975042913
"M8",338,66.0360410660108,0.313232585808336,65.4221051978264,66.6499769341951
"M8",339,66.0343916471876,0.315375885450653,65.4162549117043,66.6525283826708
"M8",340,66.0327462945663,0.317553259806365,65.4103419053458,66.6551506837868
"M8",341,66.0311048517546,0.31976418267835,65.4043670537051,66.6578426498042
"M8",342,66.0294671623602,0.322008117582256,65.3983312518989,66.6606030728214
"M8",343,66.0278330699905,0.324284518562033,65.3922354136089,66.6634307263721
"M8",344,66.0262024182532,0.326592830980946,65.3860804695306,66.6663243669759
"M8",345,66.024575050756,0.328932492287081,65.3798673658733,66.6692827356387
"M8",346,66.0229508111064,0.331302932752534,65.3735970629115,66.6723045593014
"M8",347,66.0213295429121,0.333703576185606,65.3672705335883,66.6753885522359
"M8",348,66.0197110897807,0.336133840615565,65.3608887621742,66.6785334173872
"M8",349,66.0180952953198,0.338593138949641,65.3544527429785,66.6817378476611
"M8",350,66.0164820031371,0.341080879602098,65.3479634791169,66.6850005271572
"M8",351,66.01487105684,0.343596467095345,65.3414219813332,66.6883201323469
"M8",352,66.0132623000364,0.346139302633159,65.3348292668754,66.6916953331973
"M8",353,66.0116555763337,0.34870878464627,65.328186358427,66.6951247942404
"M8",354,66.0100507293396,0.351304309310565,65.3214942830909,66.6986071755883
"M8",355,66.0084476026617,0.353925271038336,65.3147540714265,66.7021411338968
"M8",356,66.0068460399076,0.356571062943043,65.3079667565393,66.705725323276
"M8",357,66.005245884685,0.35924107727815,65.3011333732198,66.7093583961502
"M8",358,66.0036469806015,0.361934705850616,65.2942549571343,66.7130390040687
"M8",359,66.0020491712646,0.364651340409751,65.2873325440615,66.7167657984677
"M8",360,66.000452300282,0.367390373012096,65.2803671691783,66.7205374313857
"M8",361,65.9988562112613,0.370151196363115,65.2733598663896,66.724352556133
"M8",362,65.9972607478102,0.37293320413643,65.2663116677028,66.7282098279176
"M8",363,65.9956657535362,0.375735791271438,65.2592236026442,66.7321079044282
"M8",364,65.994071072047,0.378558354250077,65.2520966977169,66.7360454463772
"M8",365,65.9924765469502,0.381400291353615,65.2449319758971,66.7400211180033
"M9",0,62.5337589839015,0.282793755566809,61.9794832229906,63.0880347448125
"M9",1,62.5800228493345,0.27882889133843,62.0335182223112,63.1265274763578
"M9",2,62.6262856453339,0.27489909199464,62.0874834250244,63.1650878656434
"M9",3,62.6725420247323,0.271006479650691,62.141369324617,63.2037147248477
"M9",4,62.7187855709286,0.26715334076474,62.1951650230297,63.2424061188275
"M9",5,62.7650098673217,0.263342000481615,62.2488595463778,63.2811601882657
"M9",6,62.8112084973107,0.25957482197739,62.302441846235,63.3199751483864
"M9",7,62.8573750442944,0.255854205483723,62.3559008015463,63.3588492870425
"M9",8,62.9035030916718,0.252182586949335,62.4092252212511,63.3977809620925
"M9",9,62.9495862228418,0.248562436292989,62.4624038477076,63.4367685979761
"M9",10,62.9956180212035,0.244996255199666,62.5154253610121,63.4758106813948
"M9",11,63.0415920701557,0.24148657440922,62.5682783843136,63.5149057559977
"M9",12,63.0875019530974,0.238035950445038,62.6209514902251,63.5540524159697
"M9",13,63.1333412534275,0.234646961728994,62.6734332084387,63.5932492984164
"M9",14,63.1791035545451,0.23132220402882,62.7257120346486,63.6324950744416
"M9",15,63.224782439849,0.228064285184817,62.7777764408868,63.6717884388112
"M9",16,63.2703714927382,0.224875819065057,62.8296148873707,63.7111280981057
"M9",17,63.3158642966117,0.22175941870206,62.8812158359557,63.7505127572677
"M9",18,63.3612544348684,0.218717688569495,62.9325677652722,63.7899411044646
"M9",19,63.4065354909072,0.215753215965342,62.9836591876151,63.8294117941993
"M9",20,63.4517010481271,0.212868561477912,63.0344786676304,63.8689234286239
"M9",21,63.4967446899271,0.210066248523752,63.0850148428206,63.9084745370337
"M9",22,63.5416599997061,0.207348751961725,63.1352564458612,63.9480635535511
"M9",23,63.5864405608631,0.204718485805411,63.1851923286845,63.9876887930417
"M9",24,63.631079956797,0.202177790076459,63.2348114882471,64.0273484253468
"M9",25,63.6755717709067,0.199728916864648,63.284103093852,64.0670404479614
"M9",26,63.7199095865912,0.197374015685162,63.3330565158483,64.1067626573341
"M9",27,63.7640869872495,0.195115118250542,63.3816613554784,64.1465126190206
"M9",28,63.8080975562805,0.192954122801884,63.4299074755888,64.1862876369722
"M9",29,63.8519348770831,0.19089277817174,63.4777850318665,64.2260847222997
"M9",30,63.8955925330564,0.188932667777246,63.525284504213,64.2659005618998
"M9",31,63.9390641075992,0.187075193766652,63.5723967278166,64.3057314873818
"M9",32,63.9823431841105,0.185321561562876,63.6191129234473,64.3455734447738
"M9",33,64.0254233459893,0.183672765064003,63.6654247264639,64.3854219655148
"M9",34,64.0682981766345,0.182129572770509,63.7113242140043,64.4252721392647
"M9",35,64.1109612594451,0.180692515111921,63.7568039298257,64.4651185890644
"M9",36,64.1534061778199,0.179361873240432,63.8018569062687,64.5049554493712
"M9",37,64.1956265151581,0.178137669545214,63.8464766828494,64.5447763474667
"M9",38,64.2376158548584,0.177019660118469,63.8906573210262,64.5845743886906
"M9",39,64.2793677803199,0.176007329373095,63.9343934147486,64.6243421458911
"M9",40,64.3208758749415,0.175099886972496,63.9776800964754,64.6640716534076
"M9",41,64.3621337221222,0.174296267187288,64.0205130384351,64.7037544058092
"M9",42,64.4031349052608,0.173595130742423,64.0628884490057,64.743381361516
"M9",43,64.4438730077565,0.172994869163927,64.1048030641952,64.7829429513178
"M9",44,64.4843416130081,0.172493611578848,64.1462541343135,64.8224290917026
"M9",45,64.5245343044145,0.172089233867706,64.1872394060338,64.8618292027952
"M9",46,64.5644446653747,0.171779370017617,64.2277571001402,64.9011322306092
"M9",47,64.6040662792877,0.171561425478575,64.2678058853497,64.9403266732257
"M9",48,64.6433927295524,0.171432592286617,64.3073848486706,64.9794006104342
"M9",49,64.6824175995678,0.171389865687409,64.3464934628205,65.0183417363151
"M9",50,64.7211344727328,0.17143006197255,64.3851315512666,65.057137394199
"M9",51,64.7595369324463,0.171549837229367,64.4232992514768,65.0957746134159
"M9",52,64.7976185621074,0.171745706702794,64.4609969769699,65.1342401472449
"M9",53,64.8353729451149,0.172014064474432,64.498225378745,65.1725205114848
"M9",54,64.8727936648679,0.172351203178497,64.534985306638,65.2106020230977
"M9",55,64.9098743047652,0.172753333495314,64.5712777711144,65.248470838416
"M9",56,64.9466084482058,0.173216603189359,64.6071039059547,65.286112990457
"M9",57,64.9829896785887,0.173737115488931,64.6424649322304,65.323514424947
"M9",58,65.0190115793128,0.174310946636862,64.6773621239046,65.3606610347211
"M9",59,65.0546677337771,0.174934162474797,64.7117967753265,65.3975386922277
"M9",60,65.0899517253805,0.175602833956726,64.7457701708253,65.4341332799357
"M9",61,65.124857137522,0.176313051518729,64.7792835565453,65.4704307184987
"M9",62,65.1593775536004,0.177060938261597,64.8123381146077,65.5064169925932
"M9",63,65.1935065570149,0.177842661929407,64.8449349396332,65.5420781743965
"M9",64,65.2272377311643,0.178654445690794,64.8770750176103,65.5774004447182
"M9",65,65.2605646594475,0.179492577749594,64.9087592070583,65.6123701118367
"M9",66,65.2934809252636,0.180353419828413,64.9399882223999,65.6469736281272
"M9",67,65.3259801120114,0.181233414581953,64.9707626194308,65.681197604592
"M9",68,65.3580558030899,0.182129092007224,65.0010827827558,65.7150288234241
"M9",69,65.3897015818981,0.183037074925115,65.0309489150449,65.7484542487514
"M9",70,65.420911031835,0.183954083612715,65.0603610279541,65.7814610357159
"M9",71,65.4516777362994,0.184876939668347,65.0893189345494,65.8140365380493
"M9",72,65.4819952786903,0.185802569192065,65.1178222430739,65.8461683143068
"M9",73,65.5118572424067,0.186728005363576,65.1458703518941,65.8778441329193
"M9",74,65.5412572108475,0.18765039049757,65.1734624454723,65.9090519762228
"M9",75,65.5701887674117,0.188566977653493,65.2005974912109,65.9397800436126
"M9",76,65.5986454954982,0.189475131873235,65.2272742370267,65.9700167539698
"M9",77,65.626620978506,0.190372331116015,65.2534912095186,65.9997507474934
"M9",78,65.654108799834,0.191256166955637,65.279246712601,66.0289708870671
"M9",79,65.6811025428812,0.19212434510057,65.3045388264841,66.0576662592783
"M9",80,65.7075957910465,0.192974685793092,65.3293654068921,66.085826175201
"M9",81,65.7335821277289,0.193805124139304,65.3537240844158,66.1134401710419
"M9",82,65.7590551363273,0.194613710417711,65.3776122639086,66.140498008746
"M9",83,65.7840084002407,0.195398610410204,65.4010271238367,66.1669896766447
"M9",84,65.808435502868,0.196158105795613,65.4239656155086,66.1929053902274
"M9",85,65.8323319394626,0.19689077589477,65.4464260187089,66.2182378602164
"M9",86,65.8557008526962,0.197596046773355,65.4684126010204,66.2429891043719
"M9",87,65.8785472970945,0.198273652389936,65.4899309384103,66.2671636557788
"M9",88,65.9008763271837,0.198923446915432,65.5109863712295,66.290766283138
"M9",89,65.9226929974897,0.199545397145679,65.5315840190841,66.3138019758952
"M9",90,65.9440023625384,0.200139575376722,65.5517287948,66.3362759302768
"M9",91,65.9648094768559,0.200706152712505,65.5714254175394,66.3581935361724
"M9",92,65.9851193949681,0.201245392774894,65.5906784251293,66.3795603648069
"M9",93,66.004937171401,0.201757645786888,65.6094921856587,66.4003821571433
"M9",94,66.0242678606805,0.202243343000765,65.627870908399,66.420664812962
"M9",95,66.0431165173328,0.20270299144416,65.6458186541022,66.4404143805633
"M9",96,66.0614881958837,0.20313716895796,65.6633393447261,66.4596370470413
"M9",97,66.0793879508591,0.203546519501525,65.6804367726361,66.4783391290821
"M9",98,66.0968208367852,0.203931748701651,65.69711460933,66.4965270642405
"M9",99,66.1137919081879,0.204293619623205,65.7133764137264,66.5142074026493
"M9",100,66.1303062195931,0.204632948740529,65.7292256400616,66.5313867991245
"M9",101,66.1463688255268,0.204950602089949,65.7446656454305,66.5480720056231
"M9",102,66.161984780515,0.205247491584988,65.7596996970084,66.5642698640216
"M9",103,66.1771591390837,0.205524571477037,65.7743309789887,66.5799872991787
"M9",104,66.1918969557589,0.205782834945443,65.7885625992659,66.595231312252
"M9",105,66.2062032850665,0.206023310802053,65.8023975958945,66.6100089742386
"M9",106,66.2200831815326,0.206247060296415,65.8158389433516,66.6243274197136
"M9",107,66.233541699683,0.206455174008841,65.8288895586257,66.6381938407403
"M9",108,66.2465838940438,0.206648768819669,65.8415523071573,66.6516154809304
"M9",109,66.259214819141,0.206828984943977,65.8538300086508,66.6645996296312
"M9",110,66.2714395295005,0.206996983022158,65.8657254427771,66.6771536162239
"M9",111,66.2832630796483,0.207153941257556,65.8772413547835,66.6892848045131
"M9",112,66.2946905241104,0.207301052593568,65.888380461027,66.7010005871938
"M9",113,66.3057269174128,0.207439521923346,65.899145454443,66.7123083803825
"M9",114,66.3163773140814,0.207570563326399,65.9095390099617,66.7232156182012
"M9",115,66.3266467686422,0.207695397327113,65.9195637898811,66.7337297474034
"M9",116,66.3365403356213,0.207815248171403,65.9292224492053,66.7438582220372
"M9",117,66.3460630695445,0.207931341118386,65.9385176409525,66.7536084981365
"M9",118,66.3552200249379,0.208044899745051,65.9474520214376,66.7629880284382
"M9",119,66.3640162563274,0.20815714326274,65.9560282555324,66.7720042571224
"M9",120,66.372456818239,0.208269283845156,65.9642490219025,66.7806646145756
"M9",121,66.3805467651988,0.208382523968493,65.9721170182205,66.788976512177
"M9",122,66.3882911517326,0.208498053765198,65.9796349663528,66.7969473371124
"M9",123,66.3956950323664,0.208617048393592,65.986805617515,66.8045844472179
"M9",124,66.4027634616263,0.208740665426527,65.9936317573903,66.8118951658623
"M9",125,66.4095014940382,0.2088700422629,66.0001162112029,66.8188867768735
"M9",126,66.4159141841281,0.209006293566689,66.0062618487374,66.8255665195188
"M9",127,66.4220065864219,0.209150508738755,66.012071589294,66.8319415835499
"M9",128,66.4277837554457,0.209303749427397,66.017548406568,66.8380191043234
"M9",129,66.4332507457254,0.209467047084071,66.0226953334407,66.8438061580102
"M9",130,66.438412611787,0.209641400571318,66.0275154666672,66.8493097569068
"M9",131,66.4432744081565,0.209827773830297,66.0320119714491,66.8545368448639
"M9",132,66.4478411893598,0.210027093615631,66.0361880858732,66.8594942928465
"M9",133,66.452118009923,0.2102402473056,66.0400471252041,66.864188894642
"M9",134,66.456109924372,0.210468080795789,66.0435924860123,66.8686273627317
"M9",135,66.4598219872328,0.21071139648441,66.0468276501233,66.8728163243422
"M9",136,66.4632592530313,0.210970951357485,66.0497561883707,66.876762317692
"M9",137,66.4664267762936,0.211247455181808,66.0523817641373,66.88047178845
"M9",138,66.4693296115456,0.21154156881357,66.054708136671,66.8839510864202
"M9",139,66.4719728133134,0.211853902629945,66.0567391641587,66.887206462468
"M9",140,66.4743614361228,0.212185015090692,66.058478806545,66.8902440657005
"M9",141,66.4765005344998,0.212535411436116,66.059931128085,66.8930699409146
"M9",142,66.4783951629705,0.21290554252723,66.0611002996172,66.8956900263239
"M9",143,66.4800503760608,0.213295803833146,66.0619906005479,66.8981101515738
"M9",144,66.4814712282968,0.213706534570048,66.0626064205395,66.9003360360541
"M9",145,66.4826627742043,0.214138016995127,66.0629522608938,66.9023732875147
"M9",146,66.4836300683093,0.214590475858078,66.0630327356275,66.9042274009911
"M9",147,66.4843781651379,0.215064078011774,66.0628525722348,66.905903758041
"M9",148,66.484912119216,0.215558932182735,66.0624166121378,66.9074076262941
"M9",149,66.4852369850695,0.216075088901154,66.0617298108233,66.9087441593158
"M9",150,66.4853578172246,0.216612540589145,66.0607972376698,66.9099183967793
"M9",151,66.485279670207,0.217171221805002,66.0596240754692,66.9109352649449
"M9",152,66.4850075985429,0.217751009640322,66.0582156196479,66.911799577438
"M9",153,66.4845466567583,0.21835172426591,66.0565772771971,66.9125160363194
"M9",154,66.4839018993789,0.218973129621626,66.0547145653206,66.9130892334373
"M9",155,66.483078380931,0.219614934244484,66.0526331098118,66.9135236520502
"M9",156,66.4820811559403,0.220276792228638,66.0503386431722,66.9138236687085
"M9",157,66.480915278933,0.220958304310255,66.0478370024849,66.9139935553811
"M9",158,66.479585804435,0.221659019069772,66.0451341270583,66.9140374818118
"M9",159,66.4780977869723,0.222378434243445,66.0422360558551,66.9139595180894
"M9",160,66.4764562810708,0.223115998135935,66.0391489247243,66.9137636374172
"M9",161,66.4746663412565,0.223871111125164,66.0358789634512,66.9134537190618
"M9",162,66.4727330220554,0.224643127250704,66.032432492644,66.9130335514668
"M9",163,66.4706613779936,0.225431355876695,66.0288159204752,66.9125068355119
"M9",164,66.4684564635968,0.226235063420451,66.0250357392927,66.9118771879009
"M9",165,66.4661233333912,0.227053475137746,66.0210985221212,66.9111481446612
"M9",166,66.4636670419028,0.227885776956228,66.0170109190686,66.910323164737
"M9",167,66.4610926436574,0.228731117348397,66.0127796536546,66.9094056336603
"M9",168,66.4584051931811,0.229588609235931,66.0084115190787,66.9083988672836
"M9",169,66.4556097449999,0.23045733191761,66.0039133744414,66.9073061155584
"M9",170,66.4527113536397,0.231336333013308,65.9992921409336,66.9061305663458
"M9",171,66.4497150736265,0.23222463041712,65.9945547980089,66.9048753492441
"M9",172,66.4466259594863,0.233121214253075,65.9897083795503,66.9035435394223
"M9",173,66.4434490657451,0.234025048827448,65.9847599700433,66.9021381614469
"M9",174,66.4401894469288,0.234935074572218,65.9797167007672,66.9006621930903
"M9",175,66.4368521575634,0.235850209974716,65.9745857460129,66.8991185691138
"M9",176,66.4334422521749,0.236769353489129,65.9693743193362,66.8975101850136
"M9",177,66.4299647852893,0.237691385426023,65.9640896698543,66.8958399007243
"M9",178,66.4264248114326,0.238615169816659,65.958739078592,66.8941105442733
"M9",179,66.4228273851307,0.239539556249411,65.9533298548819,66.8923249153796
"M9",180,66.4191775609096,0.240463381676076,65.9478693328245,66.8904857889948
"M9",181,66.4154803932954,0.241385472186508,65.9423648678098,66.8885959187809
"M9",182,66.4117409368139,0.242304644750369,65.9368238331031,66.8866580405246
"M9",183,66.4079642459911,0.243219708925436,65.9312536164973,66.884674875485
"M9",184,66.4041553753531,0.244129468532212,65.9256616170299,66.8826491336762
"M9",185,66.4003193794258,0.24503272329518,65.9200552417672,66.8805835170843
"M9",186,66.3964613127351,0.245928270451331,65.9144419026505,66.8784807228197
"M9",187,66.3925862298071,0.246814906327081,65.9088290134061,66.8763434462082
"M9",188,66.3886991851678,0.247691427885074,65.9032239865131,66.8741743838225
"M9",189,66.3848052333431,0.248556634242624,65.8976342302275,66.8719762364586
"M9",190,66.380909428859,0.24940932816402,65.8920671456575,66.8697517120605
"M9",191,66.3770168262414,0.25024831752911,65.8865301238844,66.8675035285985
"M9",192,66.3731324800165,0.251072416780956,65.8810305431258,66.8652344169071
"M9",193,66.36926144471,0.251880448355599,65.875575765933,66.862947123487
"M9",194,66.3654087748481,0.252671244097246,65.8701731364175,66.8606444132787
"M9",195,66.3615795249566,0.253443646662402,65.8648299774983,66.8583290724149
"M9",196,66.3577787495616,0.254196510916818,65.8595535881647,66.8560039109586
"M9",197,66.3540115031891,0.254928705329218,65.8543512407439,66.8536717656344
"M9",198,66.3502819596667,0.255639237967316,65.8492290532508,66.8513348660826
"M9",199,66.3465907700287,0.256327639576144,65.8441885964595,66.8489929435979
"M9",200,66.3429377046112,0.256993603622178,65.8392302415117,66.8466451677107
"M9",201,66.3393225337501,0.257636862283156,65.8343542836752,66.8442907838251
"M9",202,66.3357450277816,0.258257184994719,65.829560945192,66.8419291103713
"M9",203,66.3322049570417,0.258854377070035,65.8248503779844,66.8395595360989
"M9",204,66.3287020918662,0.25942827838967,65.8202226662225,66.83718151751
"M9",205,66.3252362025914,0.259978762159131,65.8156778287595,66.8347945764232
"M9",206,66.3218070595531,0.260505733731292,65.8112158214398,66.8323982976664
"M9",207,66.3184144330874,0.261009129491147,65.8068365392848,66.8299923268901
"M9",208,66.3150580935304,0.261488915800193,65.8025398185621,66.8275763684988
"M9",209,66.3117378112181,0.261945087997937,65.7983254387421,66.825150183694
"M9",210,66.3084533564864,0.262377669458006,65.7941931243487,66.8227135886241
"M9",211,66.3052044996714,0.262786710696316,65.7901425467066,66.8202664526362
"M9",212,66.3019910111092,0.26317228852905,65.7861733255923,66.8178086966261
"M9",213,66.2988126611357,0.263534505277984,65.7822850307908,66.8153402914805
"M9",214,66.2956692200869,0.263873488020961,65.7784771835659,66.812861256608
"M9",215,66.292560458299,0.264189387885331,65.7747492580438,66.8103716585543
"M9",216,66.2894861461079,0.264482379382165,65.7711006825188,66.8078716096969
"M9",217,66.2864460538495,0.264752659779262,65.7675308406822,66.8053612670169
"M9",218,66.2834399518601,0.265000448510901,65.7640390727787,66.8028408309414
"M9",219,66.2804676104755,0.265225986622393,65.7606246766956,66.8003105442554
"M9",220,66.2775288000318,0.265429536247621,65.7572869089865,66.7977706910771
"M9",221,66.274623290865,0.265611380117687,65.7540249858344,66.7952215958957
"M9",222,66.2717508533112,0.265771821098939,65.7508380839572,66.7926636226651
"M9",223,66.2689112577063,0.26591118175865,65.7477253414593,66.7900971739532
"M9",224,66.2661042743864,0.266029803956705,65.7446858586312,66.7875226901415
"M9",225,66.2633296736875,0.266128048461641,65.7417186987027,66.7849406486723
"M9",226,66.2605872259456,0.26620629458949,65.7388228885502,66.782351563341
"M9",227,66.2578767014967,0.266264939863887,65.7359974193635,66.7797559836299
"M9",228,66.2551978706769,0.266304399695874,65.733241247273,66.7771544940808
"M9",229,66.2525505038222,0.266325107081987,65.7305532939416,66.7745477137029
"M9",230,66.2499343712687,0.266327512319149,65.7279324471231,66.7719362954142
"M9",231,66.2473492433522,0.26631208273487,65.7253775611918,66.7693209255125
"M9",232,66.2447948904089,0.266279302431452,65.7228874576432,66.7667023231745
"M9",233,66.2422710827747,0.266229672042679,65.7204609255711,66.7640812399784
"M9",234,66.2397775907858,0.266163708501684,65.7180967221225,66.7614584594491
"M9",235,66.237314184778,0.266081944818545,65.7157935729337,66.7588347966224
"M9",236,66.2348806350875,0.265984929866298,65.7135501725496,66.7562110976255
"M9",237,66.2324767120503,0.265873228173912,65.7113651848294,66.7535882392711
"M9",238,66.2301021860023,0.265747419724919,65.7092372433414,66.7509671286631
"M9",239,66.2277568272796,0.265608099760278,65.7071649517494,66.7483487028097
"M9",240,66.2254404062182,0.265455878584083,65.7051468841934,66.745733928243
"M9",241,66.2231526931542,0.265291381370753,65.7031815856675,66.7431238006409
"M9",242,66.2208934584235,0.265115247972278,65.7012675723979,66.7405193444492
"M9",243,66.2186624723623,0.26492813272411,65.699403332223,66.7379216125015
"M9",244,66.2164595053064,0.26473070424828,65.6975873249798,66.735331685633
"M9",245,66.214284327592,0.264523645252318,65.6958179828974,66.7327506722865
"M9",246,66.2121367095549,0.264307652322514,65.6940937110028,66.7301797081071
"M9",247,66.2100164215314,0.264083435710059,65.6924128875397,66.7276199555231
"M9",248,66.2079232338574,0.263851719108611,65.6907738644045,66.7250726033103
"M9",249,66.2058569168688,0.263613239421797,65.6891749676021,66.7225388661356
"M9",250,66.2038172409018,0.263368746519182,65.6876144977242,66.7200199840794
"M9",251,66.2018039762924,0.263119002979168,65.6860907304532,66.7175172221315
"M9",252,66.1998168933765,0.262864783817401,65.6846019170944,66.7150318696586
"M9",253,66.1978557624902,0.262606876199106,65.68314628514,66.7125652398405
"M9",254,66.1959203539696,0.262346079133947,65.681722038867,66.7101186690721
"M9",255,66.1940104381505,0.262083203151853,65.6803273599729,66.7076935163282
"M9",256,66.1921257853692,0.261819069958414,65.6789604082507,66.7052911624877
"M9",257,66.1902661659615,0.261554512068366,65.6776193223075,66.7029130096155
"M9",258,66.1884313502635,0.261290372415764,65.6763022203286,66.7005604801984
"M9",259,66.1866211086112,0.261027503939467,65.6750072008899,66.6982350163326
"M9",260,66.1848352113407,0.260766769142615,65.6737323438212,66.6959380788602
"M9",261,66.183073428788,0.260509039624806,65.6724757111233,66.6936711464526
"M9",262,66.181335531289,0.260255195585789,65.6712353479409,66.6914357146371
"M9",263,66.1796212891798,0.260006125299498,65.6700092835928,66.6892332947669
"M9",264,66.1779304727965,0.259762724557438,65.6687955326639,66.6870654129291
"M9",265,66.176262852475,0.259525896080431,65.6675920961574,66.6849336087927
"M9",266,66.1746181985514,0.259296548897886,65.6663969627116,66.6828394343913
"M9",267,66.1729962813617,0.259075597693937,65.6652081098816,66.6807844528418
"M9",268,66.1713968712419,0.258863962119787,65.6640235054871,66.6787702369967
"M9",269,66.1698197385281,0.258662566071928,65.6628411090271,66.676798368029
"M9",270,66.1682646535562,0.258472336935912,65.6616588731618,66.6748704339506
"M9",271,66.1667313866622,0.258294204795637,65.6604747452628,66.6729880280617
"M9",272,66.1652197081823,0.258129101608234,65.6592866690302,66.6711527473345
"M9",273,66.1637293884524,0.257977960344888,65.6580925861764,66.6693661907284
"M9",274,66.1622601978085,0.257841714098121,65.6568904381762,66.6676299574409
"M9",275,66.1608119065868,0.257721295156298,65.6556781680804,66.6659456450931
"M9",276,66.159384285123,0.25761763404636,65.6544537223922,66.6643148478539
"M9",277,66.1579771037534,0.257531658546026,65.6532150530032,66.6627391545037
"M9",278,66.156590132814,0.257464292666941,65.6519601191868,66.6612201464412
"M9",279,66.1552231426406,0.257416455610598,65.6506868896439,66.6597593956374
"M9",280,66.1538759035695,0.257389060698946,65.6493933445995,66.6583584625394
"M9",281,66.1525481859365,0.257383014282089,65.6480774779436,66.6570188939294
"M9",282,66.1512397600777,0.257399214625532,65.6467372994117,66.6557422207438
"M9",283,66.1499503963292,0.257438550779832,65.6453708368008,66.6545299558577
"M9",284,66.1486798650269,0.257501901435718,65.6439761382129,66.653383591841
"M9",285,66.147427936507,0.257590133767944,65.6425512743218,66.6523045986921
"M9",286,66.1461943811053,0.257704102271467,65.6410943406532,66.6512944215573
"M9",287,66.1449789691579,0.257844647593665,65.6396034598743,66.6503544784415
"M9",288,66.1437814710008,0.258012595366564,65.6380767840824,66.6494861579193
"M9",289,66.1426016569702,0.258208755043193,65.6365124970855,66.6486908168548
"M9",290,66.1414392974019,0.258433918742337,65.6349088166669,66.6479697781369
"M9",291,66.140294162632,0.258688860106126,65.633263996824,66.64732432844
"M9",292,66.1391660229965,0.258974333174912,65.6315763299737,66.6467557160194
"M9",293,66.1380546488315,0.259291071284014,65.6298441491149,66.6462651485482
"M9",294,66.136959810473,0.259639785986916,65.6280658299386,66.6458537910073
"M9",295,66.1358812782569,0.260021166009496,65.6262397928783,66.6455227636355
"M9",296,66.1348188225194,0.260435876239818,65.6243645050893,66.6452731399494
"M9",297,66.1337722135964,0.260884556757909,65.6224384823509,66.6451059448419
"M9",298,66.1327412218239,0.261367821909906,65.6204602908805,66.6450221527673
"M9",299,66.131725617538,0.26188625943067,65.6184285490539,66.6450226860221
"M9",300,66.1307251710747,0.262440429618874,65.6163419290217,66.6451084131277
"M9",301,66.1297396527701,0.263030864568286,65.6141991582162,66.6452801473239
"M9",302,66.12876883296,0.263658067458721,65.6119990207409,66.6455386451791
"M9",303,66.1278124819806,0.264322511909787,65.6097403586375,66.6458846053238
"M9",304,66.1268703701679,0.265024641400301,65.6074220730234,66.6463186673125
"M9",305,66.125942267858,0.265764868755823,65.6050431250965,66.6468414106194
"M9",306,66.1250279453867,0.266543575706383,65.6026025370022,66.6474533537712
"M9",307,66.1241271730902,0.267361112516132,65.6000993925585,66.6481549536218
"M9",308,66.1232397213044,0.268217797686163,65.5975328378395,66.6489466047693
"M9",309,66.1223653603654,0.26911391773135,65.594902081612,66.6498286391189
"M9",310,66.1215038606093,0.270049727031655,65.5922063956272,66.6508013255913
"M9",311,66.1206549923719,0.271025447757887,65.5894451147665,66.6518648699774
"M9",312,66.1198185259894,0.272041269871427,65.5866176370414,66.6530194149374
"M9",313,66.1189942317978,0.27309735119714,65.5837234234514,66.6542650401442
"M9",314,66.1181818801331,0.27419381756814,65.5807619976996,66.6556017625667
"M9",315,66.1173812413313,0.275330763040795,65.5777329457713,66.6570295368913
"M9",316,66.1165920857284,0.27650825017792,65.5746359153797,66.6585482560772
"M9",317,66.1158141836605,0.277726310397788,65.5714706152809,66.6601577520402
"M9",318,66.1150473054636,0.27898494438627,65.5682368144665,66.6618577964607
"M9",319,66.1142912214736,0.280284122569123,65.5649343412382,66.6636481017091
"M9",320,66.1135457020267,0.281623785641155,65.5615630821701,66.6655283218834
"M9",321,66.1128105174589,0.283003845148824,65.5581229809672,66.6674980539506
"M9",322,66.1120854381061,0.284424184122581,65.5546140372258,66.6695568389863
"M9",323,66.1113702343043,0.285884657755186,65.5510363051042,66.6717041635045
"M9",324,66.1106646763897,0.287385094121966,65.5473898919107,66.6739394608688
"M9",325,66.1099685346982,0.288925294939075,65.5436749566177,66.6762621127788
"M9",326,66.1092815795659,0.290505036355624,65.5398917083089,66.6786714508229
"M9",327,66.1086035813287,0.292124069775595,65.5360404045686,66.6811667580889
"M9",328,66.1079343103228,0.293782122705436,65.5321213498201,66.6837472708254
"M9",329,66.107273536884,0.295478899623292,65.5281348936224,66.6864121801457
"M9",330,66.1066210313485,0.297214082865909,65.5240814289313,66.6891606337657
"M9",331,66.1059765640522,0.298987333529291,65.5199613903348,66.6919917377696
"M9",332,66.1053399053312,0.300798292379376,65.5157752522676,66.6949045583948
"M9",333,66.1047108255215,0.302646580769073,65.5115235272141,66.6978981238289
"M9",334,66.1040890949591,0.304531801558199,65.507206763905,66.7009714260132
"M9",335,66.1034744839801,0.306453540033019,65.5028255455154,66.7041234224448
"M9",336,66.1028667629204,0.308411364822259,65.4983804878688,66.707353037972
"M9",337,66.1022657021161,0.310404828806662,65.493872237655,66.7106591665772
"M9",338,66.1016710719032,0.312433470019385,65.4893014706652,66.7140406731412
"M9",339,66.1010826426177,0.314496812534691,65.4846688900497,66.7174963951857
"M9",340,66.1005001845957,0.316594367342669,65.4799752246041,66.7210251445874
"M9",341,66.0999234681732,0.318725633207831,65.4752212270858,66.7246257092605
"M9",342,66.0993522636861,0.320890097509761,65.470407672567,66.7282968548053
"M9",343,66.0987863414706,0.323087237064084,65.465535356825,66.7320373261162
"M9",344,66.0982254718625,0.325316518922325,65.4606050947748,66.7358458489503
"M9",345,66.0976694251981,0.327577401149324,65.4556177189454,66.7397211314508
"M9",346,66.0971179718132,0.329869333577184,65.4505740780019,66.7436618656245
"M9",347,66.0965708820439,0.332191758534778,65.4454750353157,66.7476667287721
"M9",348,66.0960279262262,0.33454411155214,65.440321467584,66.7517343848684
"M9",349,66.0954888746962,0.336925822039133,65.4351142634995,66.7558634858929
"M9",350,66.0949534977898,0.339336313938001,65.4298543224713,66.7600526731083
"M9",351,66.0944215658431,0.34177500634952,65.424542553398,66.7643005782881
"M9",352,66.0938928491921,0.344241314132632,65.4191798734921,66.768605824892
"M9",353,66.0933671181728,0.346734648477542,65.4137672071568,66.7729670291888
"M9",354,66.0928441431213,0.349254417452374,65.4083054849146,66.7773828013279
"M9",355,66.0923236943735,0.351800026523608,65.4027956423872,66.7818517463598
"M9",356,66.0918055422655,0.354370879050578,65.3972386193264,66.7863724652047
"M9",357,66.0912894571334,0.356966376754443,65.3916353586947,66.7909435555721
"M9",358,66.090775209313,0.359585920162049,65.3859868057954,66.7955636128306
"M9",359,66.0902625691405,0.362228909025246,65.380293907451,66.80023123083
"M9",360,66.0897513069519,0.364894742716195,65.3745576112282,66.8049450026757
"M9",361,66.0892411930832,0.367582820599341,65.3687788647085,66.8097035214579
"M9",362,66.0887319978704,0.370292542380671,65.3629586148043,66.8145053809365
"M9",363,66.0882234916495,0.373023308434985,65.3570978071169,66.8193491761821
"M9",364,66.0877154447566,0.37577452011192,65.3511973853372,66.824233504176
"M9",365,66.0872076275277,0.378545580021426,65.3452582906857,66.8291569643697
"M10",0,62.5217091193381,0.285526923671287,61.9620763489424,63.0813418897339
"M10",1,62.5687242531752,0.281488897929227,62.017006013234,63.1204424931165
"M10",2,62.6157382903709,0.277485584846196,62.0718665440724,63.1596100366695
"M10",3,62.6627457477183,0.273519119781396,62.1266482729467,63.1988432224898
"M10",4,62.7097400453688,0.269591806770184,62.1813401040992,63.2381399866384
"M10",5,62.7567146034742,0.265705990151199,62.2359308627779,63.2774983441706
"M10",6,62.8036628421861,0.26186405409358,62.2904092961627,63.3169163882095
"M10",7,62.850578181656,0.258068421816028,62.3447640748966,63.3563922884154
"M10",8,62.8974540420357,0.254321554454531,62.3989837953048,63.3959242887665
"M10",9,62.9442838434766,0.250625949532399,62.4530569823931,63.4355107045601
"M10",10,62.9910610061305,0.246984138983124,62.5069720937236,63.4751499185374
"M10",11,63.037778950149,0.243398686673725,62.5607175242685,63.5148403760295
"M10",12,63.0844310956836,0.239872185373982,62.6142816123506,63.5545805790166
"M10",13,63.131010862886,0.236407253115135,62.6676526467803,63.5943690789916
"M10",14,63.1775116719077,0.233006528880794,62.7208188753014,63.6342044685141
"M10",15,63.2239269429005,0.229672667572912,62.7737685144576,63.6740853713434
"M10",16,63.270250096016,0.226408334197161,62.8264897609895,63.7140104310424
"M10",17,63.3164745514056,0.223216197214981,62.8789708048643,63.753978297947
"M10",18,63.3625937292212,0.220098921014529,62.9311998440327,63.7939876144097
"M10",19,63.4086010496142,0.217059157459673,62.9831651009932,63.8340369982352
"M10",20,63.4544899327363,0.214099536485448,63.0348548412248,63.8741250242478
"M10",21,63.5002537987391,0.211222655720542,63.0862573935269,63.9142502039514
"M10",22,63.5458860677743,0.208431069131892,63.1373611722758,63.9544109632728
"M10",23,63.5913801599934,0.205727274704285,63.188154701573,63.9946056184138
"M10",24,63.6367294955481,0.203113701188323,63.238626641219,64.0348323498772
"M10",25,63.6819274945899,0.200592693973314,63.2887658144022,64.0750891747776
"M10",26,63.7269675772706,0.198166500167627,63.338561236942,64.1153739175991
"M10",27,63.7718431637416,0.19583725299655,63.3880021478684,64.1556841796149
"M10",28,63.8165476741547,0.193606955657058,63.4370780410669,64.1960173072425
"M10",29,63.8610745286614,0.191477464798427,63.4857786976565,64.2363703596663
"M10",30,63.9054171474134,0.189450473826714,63.5340942187131,64.2767400761138
"M10",31,63.9495689505623,0.1875274962585,63.5820150578956,64.3171228432289
"M10",32,63.9935233582596,0.185709849373561,63.6295320534875,64.3575146630318
"M10",33,64.0372737906571,0.183998638435731,63.6766364593231,64.3979111219911
"M10",34,64.0808136679063,0.182394741765153,63.7233199740466,64.438307361766
"M10",35,64.1241364101588,0.180898796951639,63.7695747681336,64.4786980521841
"M10",36,64.1672354375663,0.179511188497081,63.8153935081121,64.5190773670206
"M10",37,64.2101041702804,0.178232037164061,63.8607693774389,64.559438963122
"M10",38,64.2527360284527,0.177061191287297,63.9056960935296,64.5997759633758
"M10",39,64.2951244322348,0.175998220274712,63.9501679204963,64.6400809439732
"M10",40,64.3372628017783,0.175042410486002,63.9941796772257,64.6803459263308
"M10",41,64.3791445572348,0.174192763629822,64.0377267405204,64.7205623739493
"M10",42,64.420763118756,0.17344799776779,64.0808050431312,64.7607211943809
"M10",43,64.4621119064935,0.172806550955923,64.1234110666199,64.8008127463671
"M10",44,64.5031843405989,0.17226658749485,64.165541829109,64.8408268520888
"M10",45,64.5439738412238,0.171826006700875,64.2071948680901,64.8807528143575
"M10",46,64.5844738285198,0.171482454053808,64.2483682185743,64.9205794384652
"M10",47,64.6246777226385,0.171233334526188,64.2890603869672,64.9602950583099
"M10",48,64.6645789437316,0.171075827854425,64.329270321137,64.9998875663263
"M10",49,64.7041709119507,0.171006905476965,64.3689973772159,65.0393444466856
"M10",50,64.7434470474474,0.171023348838886,64.4082412837232,65.0786528111716
"M10",51,64.7824007703733,0.171121768746877,64.4470021036294,65.1177994371171
"M10",52,64.82102550088,0.171298625453503,64.4852801949911,65.1567708067688
"M10",53,64.8593146591191,0.171550249154204,64.5230761707769,65.1955531474613
"M10",54,64.8972616652423,0.171872860593932,64.5603908584782,65.2341324720064
"M10",55,64.9348599394012,0.172262591501428,64.5972252600584,65.272494618744
"M10",56,64.9721029017473,0.172715504595994,64.6335805127392,65.3106252907555
"M10",57,65.0089839724324,0.173227612943355,64.6694578510634,65.3485100938014
"M10",58,65.045496571608,0.17379489847124,64.7048585706044,65.3861345726116
"M10",59,65.0816341194257,0.174413329491215,64.739783993623,65.4234842452285
"M10",60,65.1173900360372,0.175078877108606,64.7742354369043,65.4605446351701
"M10",61,65.1527577415941,0.175787530436777,64.808214181938,65.4973013012502
"M10",62,65.1877306562479,0.176535310564013,64.8417214475424,65.5337398649534
"M10",63,65.2223022001504,0.177318283250574,64.8747583649792,65.5698460353215
"M10",64,65.256465793453,0.178132570359157,64.9073259555491,65.605605631357
"M10",65,65.2902148563075,0.178974360044299,64.9394251106207,65.6410046019944
"M10",66,65.3235428088655,0.179839915744672,64.9710565740059,65.6760290437251
"M10",67,65.3564430712785,0.18072558403713,65.0022209265658,65.7106652159913
"M10",68,65.3889090636983,0.181627801422707,65.0329185729098,65.7448995544868
"M10",69,65.4209342062763,0.18254310012323,65.0631497300347,65.7787186825178
"M10",70,65.4525119191642,0.183468112972439,65.0929144177382,65.8121094205902
"M10",71,65.4836356225137,0.184399577488754,65.1222124506357,65.8450587943917
"M10",72,65.5142987364763,0.185334339217711,65.1510434316096,65.877554041343
"M10",73,65.5444946812037,0.186269354431338,65.1794067465183,65.9095826158892
"M10",74,65.5742168768475,0.18720169226978,65.2073015599988,65.9411321936963
"M10",75,65.6034587435593,0.188128536407177,65.2347268122012,65.9721906749174
"M10",76,65.6322137014907,0.18904718632019,65.2616812163032,66.0027461866783
"M10",77,65.6604751707934,0.189955058232939,65.2881632566568,66.0327870849299
"M10",78,65.6882365716189,0.190849685807658,65.3141711874359,66.0623019558019
"M10",79,65.7154913241188,0.191728720645416,65.3397030316538,66.0912796165839
"M10",80,65.7422328484449,0.192589932656597,65.364756580438,66.1197091164518
"M10",81,65.7684545647487,0.193431210356037,65.3893293924508,66.1475797370465
"M10",82,65.7941498931817,0.194250561133376,65.4134187933603,66.1748809930031
"M10",83,65.8193122538957,0.195046111544884,65.4370218752677,66.2016026325237
"M10",84,65.8439350670423,0.19581610766917,65.4601354960107,66.2277346380739
"M10",85,65.8680137213439,0.196559098618,65.4827578880527,66.2532695546352
"M10",86,65.891551479807,0.197274491145452,65.504893477162,66.2782094824521
"M10",87,65.9145535740089,0.197962005488464,65.5265480432515,66.3025591047662
"M10",88,65.9370252355267,0.198621485659335,65.5477271236344,66.326323347419
"M10",89,65.9589716959377,0.199252891604234,65.5684360283934,66.349507363482
"M10",90,65.9803981868193,0.199856291843164,65.5886798548067,66.3721165188319
"M10",91,66.0013099397487,0.200431856559628,65.6084635008918,66.3941563786056
"M10",92,66.0217121863031,0.200979851108667,65.6277916781302,66.4156326944761
"M10",93,66.04161015806,0.2015006299128,65.6466689234309,66.436551392689
"M10",94,66.0610090865964,0.201994630716395,65.6650996103922,66.4569185628005
"M10",95,66.0799142034897,0.202462369170086,65.6830879599163,66.4767404470631
"M10",96,66.0983307403172,0.202904433718223,65.7006380502294,66.4960234304049
"M10",97,66.1162639286561,0.203321480763446,65.7177538263597,66.5147740309524
"M10",98,66.1337190000837,0.203714230084021,65.734439109119,66.5329988910484
"M10",99,66.1507011861773,0.204083460480647,65.7506976036352,66.5507047687193
"M10",100,66.1672157185141,0.204430005631106,65.7665329074771,66.5678985295511
"M10",101,66.1832678286715,0.204754750132019,65.7819485184127,66.5845871389302
"M10",102,66.1988627482266,0.205058625708677,65.7969478418376,66.6007776546156
"M10",103,66.2140057087569,0.205342607574816,65.8115341979102,66.6164772196035
"M10",104,66.2287019418394,0.205607710925686,65.8257108284251,66.6316930552538
"M10",105,66.2429566790516,0.205854987548718,65.8394809034561,66.6464324546471
"M10",106,66.2567751519707,0.206085522537491,65.8528475277972,66.6607027761441
"M10",107,66.2701625921739,0.206300431095609,65.8658137472265,66.6745114371213
"M10",108,66.2831242312385,0.206500855418332,65.8783825546186,66.6878659078585
"M10",109,66.2956653007419,0.206687961640843,65.8905568959258,66.7007737055579
"M10",110,66.3077910322612,0.206862936843077,65.9023396760488,66.7132423884736
"M10",111,66.3195066573738,0.20702698610208,65.9137337646137,66.7252795501339
"M10",112,66.3308174076569,0.207181329583905,65.9247420016724,66.7368928136413
"M10",113,66.3417285146877,0.207327199668067,65.9353672033383,66.7480898260371
"M10",114,66.3522452100437,0.207465838098516,65.9456121673706,66.7588782527168
"M10",115,66.3623727253019,0.207598493156181,65.9554796787158,66.7692657718881
"M10",116,66.3721162920398,0.207726416849101,65.9649725150156,66.7792600690641
"M10",117,66.3814811418346,0.207850862116961,65.9740934520853,66.7888688315838
"M10",118,66.3904725062635,0.207973080048168,65.9828452693691,66.7980997431579
"M10",119,66.3990956169038,0.208094317108204,65.9912307553717,66.8069604784359
"M10",120,66.4073557053328,0.208215812379131,65.9992527130698,66.8154586975959
"M10",121,66.4152580031278,0.20833879481105,66.0069139652982,66.8236020409575
"M10",122,66.4228077418661,0.208464480487145,66.0142173601113,66.8313981236209
"M10",123,66.4300101531248,0.208594069904841,66.0211657761113,66.8388545301383
"M10",124,66.4368704684813,0.208728745276541,66.0277621277393,66.8459788092234
"M10",125,66.4433939195129,0.208869667854101,66.0340093705189,66.852778468507
"M10",126,66.4495857377969,0.209017975282047,66.039910506244,66.8592609693497
"M10",127,66.4554511549104,0.209174778985236,66.0454685880993,66.8654337217214
"M10",128,66.4609954024308,0.209341161597279,66.0506867257001,66.8713040791614
"M10",129,66.4662237119353,0.209518174436693,66.0555680900394,66.8768793338312
"M10",130,66.4711413150013,0.20970683503827,66.0601159183262,66.8821667116763
"M10",131,66.4757534432059,0.209908124747432,66.0643335187009,66.8871733677109
"M10",132,66.4800653281265,0.210122986385916,66.0682242748101,66.8919063814429
"M10",133,66.4840822013403,0.21035232199717,66.0717916502259,66.8963727524548
"M10",134,66.4878092944247,0.210596990680127,66.0750391926916,66.9005793961577
"M10",135,66.4912518389568,0.210857806519941,66.0779705381777,66.9045331397359
"M10",136,66.494415066514,0.211135536624304,66.0805894147304,66.9082407182976
"M10",137,66.4973042086735,0.211430899273759,66.0828996460969,66.9117087712501
"M10",138,66.4999244970126,0.211744562194011,66.0849051551123,66.9149438389129
"M10",139,66.5022811631086,0.212077140958122,66.0866099668307,66.9179523593865
"M10",140,66.5043794385387,0.212429197525594,66.0880182113885,66.9207406656888
"M10",141,66.5062245548802,0.212801238925115,66.089134126587,66.9233149831734
"M10",142,66.5078217437104,0.213193716086791,66.0899620601803,66.9256814272405
"M10",143,66.5091762366066,0.213607022829045,66.0905064718616,66.9278460013515
"M10",144,66.5102932651459,0.214041495004415,66.0907719349373,66.9298145953546
"M10",145,66.5111780609058,0.214497409807735,66.0907631376827,66.931592984129
"M10",146,66.5118358554635,0.214974985248973,66.0904848843755,66.9331868265515
"M10",147,66.5122718803962,0.215474379792287,66.0899420960033,66.9346016647891
"M10",148,66.5124913672812,0.215995692161548,66.0891398106446,66.9358429239179
"M10",149,66.5124995476959,0.216538961311829,66.0880831835247,66.936915911867
"M10",150,66.5123016532173,0.217104166565103,66.0867774867497,66.9378258196849
"M10",151,66.511902915423,0.217691227907517,66.0852281087242,66.9385777221217
"M10",152,66.51130856589,0.218300006444619,66.0834405532585,66.9391765785214
"M10",153,66.5105238361957,0.218930305009939,66.0814204383762,66.9396272340152
"M10",154,66.5095539579173,0.219581868921554,66.0791734948311,66.9399344210036
"M10",155,66.5084041626322,0.220254386880321,66.0767055643468,66.9401027609177
"M10",156,66.5070796819176,0.220947492002943,66.0740225975918,66.9401367662434
"M10",157,66.5055857473507,0.221660762982139,66.0711306519057,66.9400408427957
"M10",158,66.5039275905089,0.222393725365939,66.0680358887917,66.9398192922262
"M10",159,66.5021104429694,0.223145852947401,66.0647445711925,66.9394763147463
"M10",160,66.5001395363095,0.223916569255862,66.061263060568,66.939016012051
"M10",161,66.4980201021064,0.224705249140544,66.057597813791,66.9384423904219
"M10",162,66.4957573719375,0.225511220437101,66.0537553798808,66.9377593639942
"M10",163,66.49335657738,0.226333765707774,66.0497423965927,66.9369707581672
"M10",164,66.4908229500111,0.227172124045693,66.0455655868816,66.9360803131407
"M10",165,66.4881617214082,0.228025492934103,66.0412317552573,66.935091687559
"M10",166,66.4853781231485,0.228893030151375,66.0367477840518,66.9340084622452
"M10",167,66.4824773868093,0.229773855713073,66.0321206296117,66.9328341440069
"M10",168,66.4794647439679,0.230667053842506,66.0273573184366,66.9315721694992
"M10",169,66.4763454262015,0.23157167496177,66.0224649432764,66.9302259091265
"M10",170,66.4731246650874,0.232486737695564,66.017450659204,66.9287986709707
"M10",171,66.4698076922028,0.233411230880689,66.0123216796767,66.927293704729
"M10",172,66.4663997391252,0.234344115574588,66.007085272599,66.9257142056514
"M10",173,66.4629060374316,0.235284327056826,66.0017487564003,66.924063318463
"M10",174,66.4593318186995,0.236230776818016,65.9963194961362,66.9223441412628
"M10",175,66.455682314506,0.237182354531282,65.9908048996247,66.9205597293873
"M10",176,66.4519627564285,0.238137930001897,65.9852124136248,66.9187130992322
"M10",177,66.4481783760442,0.239096355091339,65.9795495200651,66.9168072320232
"M10",178,66.4443344049303,0.240056465612613,65.9738237323296,66.914845077531
"M10",179,66.4404360746642,0.241017083194228,65.9680425916035,66.9128295577249
"M10",180,66.4364886168232,0.241977017110795,65.962213663286,66.9107635703603
"M10",181,66.4324972629844,0.24293506607872,65.9563445334701,66.9086499924987
"M10",182,66.4284672447253,0.243890020016048,65.9504428054938,66.9064916839567
"M10",183,66.4244037936229,0.244840661765943,65.9445160965617,66.9042914906842
"M10",184,66.4203121412547,0.245785768783808,65.9385720344385,66.902052248071
"M10",185,66.4161975191979,0.246724114788471,65.9326182542125,66.8997767841833
"M10",186,66.4120651590298,0.247654471378336,65.9266623951282,66.8974679229313
"M10",187,66.4079202923275,0.248575609613715,65.9207120974846,66.8951284871704
"M10",188,66.4037681506685,0.249486301567016,65.9147749995972,66.8927613017399
"M10",189,66.39961396563,0.250385321842776,65.9088587348181,66.8903691964418
"M10",190,66.3954629687892,0.251271449069861,65.9029709286123,66.8879550089661
"M10",191,66.3913203917234,0.252143467368445,65.8971191956813,66.8855215877656
"M10",192,66.38719146601,0.253000167794726,65.8913111371323,66.8830717948876
"M10",193,66.3830814232261,0.253840349766559,65.8855543376836,66.8806085087685
"M10",194,66.378995494949,0.254662822473466,65.8798563629011,66.878134626997
"M10",195,66.3749389127561,0.255466406274702,65.8742247564577,66.8756530690545
"M10",196,66.3709169082245,0.256249934089357,65.8686670374094,66.8731667790397
"M10",197,66.3669347129317,0.257012252782609,65.8631906974777,66.8706787283856
"M10",198,66.3629966418418,0.257752352450364,65.8578020310391,66.8681912526445
"M10",199,66.3591033434678,0.258469759427444,65.85250261499,66.8657040719456
"M10",200,66.3552545497095,0.259164166504239,65.8472927833612,66.8632163160578
"M10",201,66.3514499924669,0.259835305595928,65.8421727934988,66.8607271914349
"M10",202,66.3476894036398,0.260482946254298,65.8371428289813,66.8582359782982
"M10",203,66.3439725151281,0.261106894255136,65.8322030023881,66.8557420278682
"M10",204,66.3402990588319,0.261706990258402,65.8273533579254,66.8532447597383
"M10",205,66.3366687666509,0.262283108538308,65.8225938739158,66.8507436593859
"M10",206,66.333081370485,0.262835155780409,65.8179244651554,66.8482382758146
"M10",207,66.3295366022343,0.263363069942993,65.813344985146,66.8457282193225
"M10",208,66.3260341937985,0.263866819179909,65.8088552282059,66.8432131593911
"M10",209,66.3225738770776,0.264346400822212,65.8044549314661,66.8406928226891
"M10",210,66.3191553839715,0.264801840415913,65.8001437767563,66.8381669911867
"M10",211,66.3157784463801,0.265233190813327,65.795921392386,66.8356355003742
"M10",212,66.3124427962033,0.265640531315444,65.791787354825,66.8330982375816
"M10",213,66.309148165341,0.266023966862964,65.7877411902896,66.8305551403924
"M10",214,66.3058942856932,0.266383627273597,65.7837823762369,66.8280061951494
"M10",215,66.3026808891596,0.266719666523343,65.7799103427738,66.8254514355453
"M10",216,66.2995077076403,0.267032262069607,65.7761244739838,66.8228909412967
"M10",217,66.2963744730351,0.267321614213918,65.7724241091758,66.8203248368943
"M10",218,66.2932809172439,0.267587945502302,65.7688085440594,66.8177532904284
"M10",219,66.2902267721666,0.267831500161202,65.7652770318507,66.8151765124826
"M10",220,66.2872117697033,0.268052543567141,65.7618287843117,66.8125947550949
"M10",221,66.2842356417536,0.268251361748119,65.7584629727273,66.8100083107799
"M10",222,66.2812981202176,0.268428260915071,65.7551787288241,66.8074175116112
"M10",223,66.2783989369952,0.268583567021544,65.751975145633,66.8048227283574
"M10",224,66.2755378239862,0.268717625349919,65.7488512783004,66.8022243696721
"M10",225,66.2727145130906,0.26883080012255,65.7458061448504,66.7996228813308
"M10",226,66.2699287362083,0.268923474136156,65.7428387269015,66.7970187455152
"M10",227,66.2671802252392,0.26899604841794,65.73994797034,66.7944124801383
"M10",228,66.2644687120831,0.269048941901883,65.7371327859555,66.7918046382108
"M10",229,66.2617939286401,0.2690825911237,65.7343920500376,66.7891958072425
"M10",230,66.2591556068099,0.26909744993301,65.7317246049412,66.7865866086786
"M10",231,66.2565534784925,0.26909398922122,65.729129259619,66.7839776973661
"M10",232,66.2539872755879,0.269072696663762,65.7266047901269,66.7813697610489
"M10",233,66.2514567299958,0.269034076475177,65.7241499401045,66.7787635198872
"M10",234,66.2489615736163,0.26897864917575,65.7217634212318,66.7761597260008
"M10",235,66.2465015383492,0.268906951368198,65.7194439136675,66.7735591630309
"M10",236,66.2440763560944,0.268819535523112,65.7171900664691,66.7709626457197
"M10",237,66.2416857587519,0.268716969771719,65.7150004979993,66.7683710195044
"M10",238,66.2393294782214,0.268599837704615,65.7128737963204,66.7657851601225
"M10",239,66.2370072464031,0.268468738175047,65.71080851958,66.7632059732262
"M10",240,66.2347187951966,0.268324285105427,65.70880319639,66.7606343940033
"M10",241,66.2324638565021,0.268167107295604,65.7068563262027,66.7580713868015
"M10",242,66.2302421622193,0.267997848231564,65.7049663796854,66.7555179447531
"M10",243,66.2280534442481,0.267817165893101,65.7031317990976,66.7529750893986
"M10",244,66.2258974344885,0.267625732559075,65.7013509986727,66.7504438703043
"M10",245,66.2237738648404,0.267424234608797,65.6996223650072,66.7479253646737
"M10",246,66.2216824672037,0.267213372318137,65.6979442574602,66.7454206769472
"M10",247,66.2196229734782,0.266993859648857,65.6963150085665,66.74293093839
"M10",248,66.217595115564,0.266766424029735,65.6947329244657,66.7404573066623
"M10",249,66.2155986253608,0.266531806128014,65.6931962853499,66.7380009653717
"M10",250,66.2136332347687,0.266290759609667,65.6917033459337,66.7355631236036
"M10",251,66.2116986756874,0.266044050887013,65.6902523359488,66.7331450154259
"M10",252,66.2097946800169,0.265792458852182,65.6888414606667,66.7307478993672
"M10",253,66.2079209796572,0.265536774594937,65.6874689014511,66.7283730578633
"M10",254,66.2060773065081,0.265277801103394,65.6861328163454,66.7260217966707
"M10",255,66.2042633924695,0.265016352946111,65.6848313406951,66.7236954442439
"M10",256,66.2024789694413,0.264753255934119,65.6835625878105,66.7213953510722
"M10",257,66.2007237693235,0.264489346761468,65.682324649671,66.719122888976
"M10",258,66.1989975240159,0.264225472622808,65.6811155976752,66.7168794503566
"M10",259,66.1972999654185,0.263962490806696,65.6799334834374,66.7146664473996
"M10",260,66.1956308254311,0.26370126826322,65.6787763396352,66.712485311227
"M10",261,66.1939898359537,0.263442681144727,65.67764218091,66.7103374909973
"M10",262,66.1923767288861,0.263187614318366,65.6765290048221,66.7082244529501
"M10",263,66.1907912361283,0.262936960849308,65.6754347928637,66.7061476793929
"M10",264,66.1892330895802,0.262691621453618,65.6743575115311,66.7041086676292
"M10",265,66.1877020211416,0.262452503919741,65.6732951134589,66.7021089288243
"M10",266,66.1861977627125,0.262220522497756,65.6722455386169,66.7001499868081
"M10",267,66.1847200461928,0.261996597255681,65.6712067155717,66.698233376814
"M10",268,66.1832686034824,0.261781653402178,65.6701765628142,66.6963606441507
"M10",269,66.1818431664813,0.261576620575186,65.6691529901539,66.6945333428086
"M10",270,66.1804434670892,0.261382432096223,65.6681339001806,66.6927530339978
"M10",271,66.1790692372061,0.261200024190159,65.6671171897934,66.6910212846188
"M10",272,66.1777202087319,0.261030335170555,65.6661007517976,66.6893396656662
"M10",273,66.1763961135666,0.260874304590808,65.6650824765686,66.6877097505645
"M10",274,66.1750966836099,0.260732872361552,65.6640602537813,66.6861331134386
"M10",275,66.1738216507619,0.260606977835015,65.6630319742053,66.6846113273185
"M10",276,66.1725707469224,0.260497558857239,65.6619955315623,66.6831459622826
"M10",277,66.1713437039914,0.260405550789358,65.6609488244443,66.6817385835386
"M10",278,66.1701402538687,0.260331885499272,65.6598897582902,66.6803907494473
"M10",279,66.1689601284543,0.260277490325469,65.6588162474164,66.6791040094922
"M10",280,66.167803059648,0.26024328701488,65.6577262170989,66.6778799021972
"M10",281,66.1666687793498,0.260230190636957,65.6566176057014,66.6767199529982
"M10",282,66.1655570194596,0.26023910847644,65.6554883668457,66.6756256720734
"M10",283,66.1644675118772,0.260270938907554,65.6543364716184,66.674598552136
"M10",284,66.1633999885026,0.26032657025253,65.6531599108076,66.6736400661975
"M10",285,66.1623541812356,0.260406879627768,65.6519566971652,66.6727516653061
"M10",286,66.1613298219763,0.260512731780991,65.6507248676855,66.671934776267
"M10",287,66.1603266426244,0.260644977923153,65.649462485895,66.6711907993538
"M10",288,66.15934437508,0.260804454558906,65.6481676441445,66.6705211060154
"M10",289,66.1583827512428,0.260991982319714,65.6468384658962,66.6699270365895
"M10",290,66.1574415030129,0.261208364803848,65.6454731079973,66.6694098980284
"M10",291,66.15652036229,0.261454387427573,65.644069762932,66.6689709616481
"M10",292,66.1556190609742,0.261730816292004,65.6426266610419,66.6686114609065
"M10",293,66.1547373309653,0.262038397070187,65.6411420727078,66.6683325892229
"M10",294,66.1538749041632,0.262377853918916,65.6396143104822,66.6681354978443
"M10",295,66.1530315124679,0.262749888419905,65.6380417311649,66.6680212937709
"M10",296,66.1522068877792,0.26315517855485,65.6364227378117,66.6679910377467
"M10",297,66.151400761997,0.263594377718839,65.6347557816681,66.668045742326
"M10",298,66.1506128670213,0.264068113776495,65.6330393640194,66.6681863700232
"M10",299,66.149842934752,0.264576988165043,65.6312720379485,66.6684138315555
"M10",300,66.1490906970889,0.265121575048376,65.629452409994,66.6687289841837
"M10",301,66.1483558859319,0.265702420525922,65.6275791417011,66.6691326301627
"M10",302,66.1476382331811,0.266320041899818,65.6256509510574,66.6696255153047
"M10",303,66.1469374707362,0.266974927003786,65.6236666138088,66.6702083276636
"M10",304,66.1462533304972,0.267667533596527,65.621624964648,66.6708816963464
"M10",305,66.1455855443639,0.268398288822341,65.6195248982721,66.6716461904557
"M10",306,66.1449338442364,0.269167588741159,65.6173653703037,66.6725023181691
"M10",307,66.1442979620144,0.269975797929855,65.6151453980719,66.673450525957
"M10",308,66.143677629598,0.270823249156247,65.6128640612517,66.6744911979442
"M10",309,66.1430725788869,0.271710243126852,65.6105205023583,66.6756246554156
"M10",310,66.1424825417812,0.272637048308934,65.6081139270957,66.6768511564667
"M10",311,66.1419072501807,0.273603900827055,65.6056436045597,66.6781708958017
"M10",312,66.1413464359853,0.274611004433826,65.603108867295,66.6795840046756
"M10",313,66.1407998310949,0.275658530554187,65.6005091112087,66.6810905509811
"M10",314,66.1402671674095,0.276746618402108,65.5978437953413,66.6826905394776
"M10",315,66.1397481768289,0.277875375168221,65.5951124414992,66.6843839121586
"M10",316,66.139242591253,0.279044876276521,65.592314633751,66.686170548755
"M10",317,66.1387501425818,0.280255165707857,65.5894500177944,66.6880502673692
"M10",318,66.1382705627151,0.281506256387715,65.5865183001952,66.690022825235
"M10",319,66.1378035835529,0.282798130635394,65.5835192475075,66.6920879195983
"M10",320,66.1373489369951,0.284130740671436,65.5804526852791,66.6942451887111
"M10",321,66.1369063549415,0.285504009179959,65.5773184969488,66.6964942129342
"M10",322,66.1364755692921,0.28691782992229,65.5741166226444,66.6988345159398
"M10",323,66.1360563119467,0.288372068398174,65.5708470578863,66.7012655660072
"M10",324,66.1356483148054,0.289866562550636,65.5675098522061,66.7037867774046
"M10",325,66.1352513097679,0.291401123510542,65.5641051076873,66.7063975118486
"M10",326,66.1348650287343,0.292975536376798,65.5606329774357,66.7090970800328
"M10",327,66.1344892036043,0.294589561028061,65.5570936639893,66.7118847432193
"M10",328,66.1341235662779,0.296242932961919,65.5534874176726,66.7147597148833
"M10",329,66.1337678486551,0.297935364157451,65.5498145349064,66.7177211624037
"M10",330,66.1334217826356,0.299666543957178,65.5460753564795,66.7207682087917
"M10",331,66.1330851001195,0.30143613996444,65.5422702657892,66.7238999344498
"M10",332,66.1327575330066,0.303243798952457,65.5383996870598,66.7271153789534
"M10",333,66.1324388131968,0.305089147781314,65.5344640835454,66.7304135428482
"M10",334,66.1321286725901,0.306971794319382,65.5304639557241,66.7337933894561
"M10",335,66.1318268430863,0.308891328365761,65.5263998394894,66.7372538466832
"M10",336,66.1315330565853,0.310847322570606,65.5222723043469,66.7407938088237
"M10",337,66.1312470449871,0.31283933335025,65.5180819516206,66.7444121383536
"M10",338,66.1309685401916,0.314866901794387,65.5138294126746,66.7481076677086
"M10",339,66.1306972740986,0.316929554562666,65.5095153471557,66.7518792010414
"M10",340,66.130432978608,0.319026804768308,65.5051404412622,66.7557255159539
"M10",341,66.1301753856199,0.321158152846572,65.5007054060406,66.7596453651992
"M10",342,66.129924227034,0.323323087406068,65.4962109757181,66.7636374783499
"M10",343,66.1296792347503,0.325521086061163,65.4916579060704,66.7677005634302
"M10",344,66.1294401406687,0.327751616243909,65.4870469728306,66.7718333085068
"M10",345,66.1292066766891,0.330014135994118,65.4823789701406,66.7760343832375
"M10",346,66.1289785747113,0.332308094726434,65.4776547090475,66.7803024403752
"M10",347,66.1287555666354,0.33463293397336,65.4728750160476,66.7846361172232
"M10",348,66.1285373843612,0.336988088103505,65.4680407316783,66.7890340370441
"M10",349,66.1283237597886,0.339372985014325,65.4631527091605,66.7934948104167
"M10",350,66.1281144248175,0.341787046798935,65.4582118130916,66.7980170365434
"M10",351,66.1279091113478,0.344229690386634,65.45321891819,66.8025993045056
"M10",352,66.1277075512795,0.346700328156931,65.4481749080919,66.8072401944671
"M10",353,66.1275094765124,0.349198368527031,65.4430806741994,66.8119382788254
"M10",354,66.1273146189464,0.351723216512812,65.4379371145813,66.8166921233116
"M10",355,66.1271227104815,0.354274274263449,65.4327451329251,66.8215002880379
"M10",356,66.1269334830175,0.356850941569962,65.4275056375404,66.8263613284947
"M10",357,66.1267466684544,0.359452616347991,65.4222195404124,66.8312737964965
"M10",358,66.1265619986921,0.362078695095272,65.4168877563053,66.8362362410788
"M10",359,66.1263792056304,0.364728573324249,65.4115112019148,66.8412472093459
"M10",360,66.1261980211692,0.367401645970408,65.4060907950672,66.8463052472712
"M10",361,66.1260181772086,0.370097307776936,65.4006274539658,66.8514089004514
"M10",362,66.1258394056483,0.372814953656328,65.3951220964819,66.8565567148147
"M10",363,66.1256614383883,0.375553979029647,65.3895756394902,66.8617472372864
"M10",364,66.1254840073285,0.378313780144147,65.383988998246,66.866979016411
"M10",365,66.1253068443688,0.381093754369978,65.3783630858036,66.8722506029339
"M11",0,62.5207125123107,0.284785783799908,61.9625323760629,63.0788926485585
"M11",1,62.5676982613907,0.280763358334675,62.0174020790547,63.1179944437266
"M11",2,62.614682915049,0.276775770819971,62.0722024042418,63.1571634258561
"M11",3,62.6616609961769,0.272825158045942,62.1269236864068,63.1963983059469
"M11",4,62.708625932244,0.268913824910907,62.1815548354186,63.2356970290694
"M11",5,62.7555711507199,0.265044116384014,62.2360846826073,63.2750576188326
"M11",6,62.8024900790744,0.261218416988934,62.290501981776,63.3144781763727
"M11",7,62.8493761447768,0.257439149975007,62.3447954108258,63.3539568787279
"M11",8,62.896222775297,0.253708776132665,62.398953574077,63.393491976517
"M11",9,62.9430233981045,0.250029792206521,62.4529650053797,63.4330817908293
"M11",10,62.9897714406689,0.246404728856701,62.5068181721097,63.472724709228
"M11",11,63.0364603304598,0.242836148116127,62.5605014801522,63.5124191807674
"M11",12,63.0830834949469,0.239326640289259,62.6140032799799,63.5521637099138
"M11",13,63.1296343615997,0.235878820236264,62.6673118739366,63.5919568492628
"M11",14,63.1761063578879,0.232495322985695,62.7204155248359,63.6317971909398
"M11",15,63.222492911281,0.229178798619257,62.7733024659873,63.6716833565748
"M11",16,63.2687874492488,0.22593190637371,62.8259609127563,63.7116139857413
"M11",17,63.3149833992608,0.222757307908345,62.8783790757604,63.7515877227611
"M11",18,63.3610741887866,0.219657659691464,62.9305451757913,63.7916032017818
"M11",19,63.4070532452958,0.216635604466547,62.9824474605414,63.8316590300503
"M11",20,63.4529139962581,0.213693761768422,63.034074223192,63.8717537693242
"M11",21,63.4986498691431,0.210834717471981,63.085413822898,63.9118859153882
"M11",22,63.5442542914203,0.208061012370917,63.1364547071733,63.9520538756673
"M11",23,63.5897206905595,0.205375129801933,63.1871854361477,63.9922559449713
"M11",24,63.6350424940302,0.202779482350472,63.2375947086232,64.0324902794371
"M11",25,63.680213129302,0.200276397697503,63.2876713898148,64.0727548687891
"M11",26,63.7252260238445,0.197868103692675,63.3374045406068,64.1130475070821
"M11",27,63.7700746051274,0.195556712766886,63.3867834481043,64.1533657621505
"M11",28,63.8147523006202,0.193344205826249,63.4357976572008,64.1937069440397
"M11",29,63.8592525377927,0.191232415798797,63.484437002827,64.2340680727583
"M11",30,63.9035687441143,0.189223011033896,63.5326916424879,64.2744458457407
"M11",31,63.9476943470547,0.187317478781093,63.5805520886438,64.3148366054657
"M11",32,63.9916227740836,0.185517108998589,63.6280092404464,64.3552363077208
"M11",33,64.0353474526705,0.183822978760382,63.6750544143002,64.3956404910409
"M11",34,64.0788618102851,0.182235937544009,63.7216793726988,64.4360442478713
"M11",35,64.1221592743969,0.18075659368624,63.7678763507719,64.4764421980219
"M11",36,64.1652332724756,0.179385302291377,63.8136380799845,64.5168284649667
"M11",37,64.2080772319908,0.178122154864894,63.8589578084556,64.557196655526
"M11",38,64.2506845804122,0.17696697092364,63.9038293174018,64.5975398434225
"M11",39,64.2930487452092,0.175919291803377,63.9482469332746,64.6378505571438
"M11",40,64.3351631538516,0.174978376844676,63.992205535236,64.6781207724672
"M11",41,64.3770212338089,0.174143202091366,64.0357005577098,64.718341909908
"M11",42,64.4186164125508,0.173412461582474,64.0787279878492,64.7585048372525
"M11",43,64.4599421175469,0.172784571261455,64.1212843578744,64.7985998772194
"M11",44,64.5009917762668,0.172257675467667,64.1633667323502,64.8386168201834
"M11",45,64.5417588161801,0.171829655916616,64.2049726905835,64.8785449417766
"M11",46,64.5822366647564,0.171498143020337,64.2461003044365,64.9183730250762
"M11",47,64.6224187494653,0.171260529349169,64.286748111941,64.9580893869897
"M11",48,64.6622984977765,0.171113984993504,64.3269150871893,64.9976819083638
"M11",49,64.7018693371596,0.171055474549867,64.3666006070419,65.0371380672774
"M11",50,64.7411246950842,0.171081775431415,64.4058044152386,65.0764449749297
"M11",51,64.7800579990198,0.171189497188679,64.44452658453,65.1155894135096
"M11",52,64.8186626764362,0.171375101522393,64.4827674774523,65.1545578754201
"M11",53,64.8569321548028,0.171634922675634,64.5205277063586,65.1933366032471
"M11",54,64.8948598615895,0.171965187906811,64.5578080932921,65.2319116298868
"M11",55,64.9324392242656,0.172362037766201,64.5946096302439,65.2702688182874
"M11",56,64.969663670301,0.172821545926322,64.6309334402854,65.3083939003165
"M11",57,65.0065266271651,0.173339738347601,64.6667807400038,65.3462725143264
"M11",58,65.0430215223276,0.173912611595195,64.702152803601,65.3838902410542
"M11",59,65.0791417832581,0.174536150158002,64.7370509289484,65.4212326375678
"M11",60,65.1148808374262,0.175206342655958,64.7714764058206,65.4582852690319
"M11",61,65.1502321123016,0.175919196855619,64.8054304864646,65.4950337381386
"M11",62,65.1851890353538,0.176670753445387,64.8389143586009,65.5314637121068
"M11",63,65.2197450340525,0.177457098550478,64.8719291208936,65.5675609472114
"M11",64,65.2538935358673,0.178274374992896,64.9044757608812,65.6033113108533
"M11",65,65.2876279682677,0.179118792323348,64.936555135314,65.6387008012215
"M11",66,65.3209417587235,0.179986635670044,64.9681679528102,65.6737155646368
"M11",67,65.3538283347042,0.180874273463641,64.9993147587155,65.7083419106929
"M11",68,65.3862811236794,0.181778164108835,65.0299959220261,65.7425663253327
"M11",69,65.4182935531188,0.182694861680847,65.0602116242243,65.7763754820133
"M11",70,65.4498590504919,0.183621020730441,65.0899618498603,65.8097562511236
"M11",71,65.4809710432684,0.184553400283797,65.1192463787122,65.8426957078247
"M11",72,65.511622958918,0.185488867124605,65.1480647793537,65.8751811384822
"M11",73,65.5418082249101,0.186424398444646,65.1764164039586,65.9072000458616
"M11",74,65.5715202687144,0.187357083947231,65.2043003841778,65.938740153251
"M11",75,65.6007525178006,0.188284127484566,65.2317156279308,65.9697894076703
"M11",76,65.6294983996382,0.189202848306364,65.2586608169577,66.0003359823187
"M11",77,65.6577513416969,0.190110681992606,65.2851344049914,66.0303682784024
"M11",78,65.6855047714462,0.191005181138674,65.3111346164144,66.059874926478
"M11",79,65.7127521163559,0.191884015856519,65.3366594452771,66.0888447874347
"M11",80,65.7394868038955,0.192744974150521,65.3617066545604,66.1172669532305
"M11",81,65.7657022615345,0.193585962222373,65.3862737755787,66.1451307474904
"M11",82,65.7913919167427,0.194405004754663,65.4103581074236,66.1724257260619
"M11",83,65.8165491969897,0.195200245218887,65.4339567163607,66.1991416776187
"M11",84,65.841167529745,0.195969946249698,65.4570664350956,66.2252686243944
"M11",85,65.8652423079887,0.19671267267323,65.4796854695492,66.2507991464282
"M11",86,65.8887767867421,0.19742784448349,65.5018182115545,66.2757353619298
"M11",87,65.9117761865371,0.198115193967983,65.5234704063599,66.3000819667144
"M11",88,65.9342457279055,0.198774576508653,65.5446475579486,66.3238438978625
"M11",89,65.9561906313791,0.199405962780726,65.5653549443288,66.3470263184293
"M11",90,65.9776161174895,0.200009431429971,65.5855976318868,66.3696346030923
"M11",91,65.9985274067688,0.20058516219661,65.6053804888634,66.3916743246742
"M11",92,66.0189297197486,0.201133429454741,65.6247081980173,66.4131512414799
"M11",93,66.0388282769608,0.201654596136726,65.6435852685328,66.4340712853887
"M11",94,66.058228298937,0.202149108013336,65.6620160472309,66.4544405506432
"M11",95,66.0771350062093,0.202617488301287,65.6800047291388,66.4742652832798
"M11",96,66.0955536193093,0.203060332571287,65.6975553674695,66.493551871149
"M11",97,66.1134893587688,0.203478303930831,65.7146718830643,66.5123068344732
"M11",98,66.1309474451196,0.203872128457482,65.7313580733429,66.5305368168963
"M11",99,66.1479330988936,0.204242590859521,65.7476176208089,66.5482485769782
"M11",100,66.1644515406224,0.204590530342334,65.7634541011515,66.5654489800934
"M11",101,66.1805079908381,0.204916836660131,65.7788709909842,66.5821449906919
"M11",102,66.1961076700722,0.205222446333867,65.7938716752578,66.5983436648865
"M11",103,66.2112557988566,0.205508339017543,65.8084594543822,66.614052143331
"M11",104,66.2259575977231,0.205775533996172,65.8226375510906,66.6292776443556
"M11",105,66.2402182872036,0.206025086800072,65.8364091170754,66.6440274573317
"M11",106,66.2540430878297,0.206258085921042,65.8497772394245,66.658308936235
"M11",107,66.2674372201334,0.206475649617366,65.8627449468833,66.6721294933834
"M11",108,66.2804059046463,0.206678922795503,65.8753152159671,66.6854965933255
"M11",109,66.2929543619004,0.20686907395748,65.8874909769437,66.698417746857
"M11",110,66.3050878124273,0.207047292204056,65.8992751197073,66.7109005051472
"M11",111,66.3168114767589,0.207214784284748,65.9106704995608,66.722952453957
"M11",112,66.328130575427,0.207372771686832,65.9216799429208,66.7345812079331
"M11",113,66.3390503289633,0.207522487756474,65.9323062529606,66.745794404966
"M11",114,66.3495759578997,0.207665174846109,65.9425522152014,66.7565997005981
"M11",115,66.359712682768,0.207802081483229,65.9524206030609,66.7670047624752
"M11",116,66.3694657241,0.20793445955665,65.961914183369,66.777017264831
"M11",117,66.3788403024274,0.20806356151742,65.9710357218533,66.7866448830016
"M11",118,66.3878416382821,0.208190637592369,65.9797879886011,66.7958952879632
"M11",119,66.3964749521958,0.208316933009367,65.9881737634975,66.8047761408942
"M11",120,66.4047454647004,0.208443685234225,65.9961958416414,66.8132950877595
"M11",121,66.4126583963277,0.208572121220146,66.0038570387362,66.8214597539192
"M11",122,66.4202189676094,0.208703454671512,66.0111601964532,66.8292777387655
"M11",123,66.4274323990773,0.208838883324689,66.0181081877609,66.8367566103937
"M11",124,66.4343039112632,0.20897958624934,66.0247039222145,66.8439039003119
"M11",125,66.440838724699,0.209126721174603,66.0309503511968,66.8507270982012
"M11",126,66.4470420599164,0.209281421845169,66.0368504730999,66.857233646733
"M11",127,66.4529191374473,0.209444795413112,66.0424073384376,66.863430936457
"M11",128,66.4584751778234,0.2096179198718,66.0476240548746,66.8693263007721
"M11",129,66.4637154015765,0.209801841539015,66.05250379216,66.8749270109929
"M11",130,66.4686450292384,0.209997572596655,66.0570497869489,66.8802402715278
"M11",131,66.4732692813409,0.210206088695044,66.0612653474986,66.8852732151832
"M11",132,66.4775933784158,0.210428326630028,66.0651538582209,66.8900328986106
"M11",133,66.4816225409949,0.210665182101336,66.0687187840763,66.8945262979135
"M11",134,66.4853619896101,0.21091750756081,66.0719636747909,66.8987603044292
"M11",135,66.488816944793,0.21118611015911,66.0748921688811,66.9027417207048
"M11",136,66.4919926270755,0.211471749799417,66.0775079974686,66.9064772566824
"M11",137,66.4948942569894,0.211775137306465,66.0798149878687,66.9099735261101
"M11",138,66.4975270550665,0.21209693271892,66.0818170669374,66.9132370431956
"M11",139,66.4998962418386,0.212437743712699,66.0835182641617,66.9162742195155
"M11",140,66.5020070378374,0.212798124162346,66.0849227144792,66.9190913611956
"M11",141,66.5038646635949,0.21317857284691,66.0860346608149,66.9216946663748
"M11",142,66.5054743396427,0.213579532306112,66.0868584563227,66.9240902229626
"M11",143,66.5068412865127,0.214001387851755,66.0873985663232,66.9262840067021
"M11",144,66.5079707247366,0.214444466738552,66.087659569929,66.9282818795442
"M11",145,66.5088678748463,0.214909037497517,66.0876461613512,66.9300895883414
"M11",146,66.5095379573736,0.215395309434184,66.0873631508826,66.9317127638646
"M11",147,66.5099861928502,0.215903432292874,66.0868154655561,66.9331569201442
"M11",148,66.5102178018079,0.216433496087281,66.0860081494769,66.934427454139
"M11",149,66.5102380047786,0.216985531096443,66.0849463638296,66.9355296457277
"M11",150,66.5100520222941,0.217559508024403,66.0836353865663,66.9364686580219
"M11",151,66.5096650748861,0.218155338320642,66.0820806117776,66.9372495379945
"M11",152,66.5090823830864,0.218772874657502,66.0802875487577,66.9378772174151
"M11",153,66.5083091674269,0.21941191155995,66.0782618207694,66.9383565140844
"M11",154,66.5073506484393,0.220072186182045,66.0760091635225,66.9386921333561
"M11",155,66.5062120466554,0.22075337922381,66.0735354233767,66.938888669934
"M11",156,66.504898582607,0.221455115981491,66.0708465552833,66.9389506099307
"M11",157,66.503415476826,0.222176967523432,66.0679486204801,66.9388823331719
"M11",158,66.5017679498441,0.222918451983486,66.0648477839564,66.9386881157317
"M11",159,66.499961222193,0.223679035963248,66.0615503117051,66.938372132681
"M11",160,66.4980005144047,0.224458136034172,66.0580625677777,66.9379384610317
"M11",161,66.4958910470109,0.225255120330352,66.0543910111634,66.9373910828584
"M11",162,66.4936380405434,0.226069310222631,66.0505421925071,66.9367338885798
"M11",163,66.491246715534,0.226899982064605,66.0465227506874,66.9359706803806
"M11",164,66.4887222925145,0.227746369001217,66.0423394092721,66.9351051757569
"M11",165,66.4860699920167,0.228607662830636,66.0379989728686,66.9341410111647
"M11",166,66.4832950345723,0.229483015910452,66.0335083233878,66.9330817457568
"M11",167,66.4804026407133,0.230371543099434,66.0288744162384,66.9319308651881
"M11",168,66.4773980309713,0.231272323726399,66.0241042764675,66.930691785475
"M11",169,66.4742864258782,0.232184403578257,66.0192049948648,66.9293678568916
"M11",170,66.4710730459658,0.233106796899606,66.0141837240425,66.927962367889
"M11",171,66.4677631117658,0.234038488396903,66.0090476745079,66.9264785490237
"M11",172,66.4643618438101,0.234978435240586,66.0038041107385,66.9249195768816
"M11",173,66.4608744626305,0.235925569059232,65.9984603472744,66.9232885779866
"M11",174,66.4573061887587,0.23687879792029,65.9930237448349,66.9215886326824
"M11",175,66.4536622427265,0.237837008292582,65.9875017064731,66.91982277898
"M11",176,66.4499478450659,0.238799066986331,65.9819016737727,66.9179940163591
"M11",177,66.4461682163084,0.239763823066995,65.9762311230971,66.9161053095198
"M11",178,66.442328576986,0.240730109739895,65.9704975618959,66.9141595920762
"M11",179,66.4384341476305,0.241696746203061,65.9647085250725,66.9121597701885
"M11",180,66.4344901487736,0.242662539466356,65.9588715714195,66.9101087261276
"M11",181,66.4305018009471,0.243626286135437,65.9529942801216,66.9080093217726
"M11",182,66.4264743246828,0.244586774159632,65.94708424733,66.9058644020357
"M11",183,66.4224129405126,0.245542784543326,65.9411490828077,66.9036767982175
"M11",184,66.4183228689682,0.246493093020862,65.9351964066473,66.9014493312891
"M11",185,66.4142093305814,0.247436471695481,65.9292338460583,66.8991848151046
"M11",186,66.4100775458841,0.24837169064319,65.9232690322234,66.8968860595447
"M11",187,66.4059327354079,0.249297519482842,65.9173095972215,66.8945558735943
"M11",188,66.4017801196847,0.250212728914138,65.911363171013,66.8921970683564
"M11",189,66.3976249192464,0.251116092225516,65.9054373784844,66.8898124600084
"M11",190,66.3934723546246,0.252006386774326,65.8995398365469,66.8874048727023
"M11",191,66.3893276463513,0.252882395441868,65.8936781512852,66.8849771414173
"M11",192,66.3851960149581,0.253742908066322,65.8878599151481,66.8825321147681
"M11",193,66.3810826809769,0.254586722856629,65.8820927041779,66.8800726577759
"M11",194,66.3769928649395,0.255412647790964,65.8763840752692,66.8776016546098
"M11",195,66.3729317873777,0.256219502003304,65.8707415634513,66.8751220113042
"M11",196,66.3689046688233,0.257006117162162,65.8651726791855,66.8726366584611
"M11",197,66.364916729808,0.257771338845578,65.8596849056707,66.8701485539454
"M11",198,66.3609722767274,0.258514156347172,65.854284530287,66.8676600231679
"M11",199,66.3570719594317,0.25923409724632,65.8489731288289,66.8651707900345
"M11",200,66.3532155136346,0.259930855978454,65.8437510359168,66.8626799913524
"M11",201,66.3494026750501,0.260604165967415,65.838618509754,66.8601868403462
"M11",202,66.345633179392,0.261253798140001,65.8335757350376,66.8576906237464
"M11",203,66.3419067623742,0.261879559516176,65.8286228257225,66.8551906990259
"M11",204,66.3382231597105,0.262481291872073,65.8237598276413,66.8526864917798
"M11",205,66.3345821071149,0.263058870472899,65.818986720988,66.8501774932418
"M11",206,66.3309833403011,0.263612202872914,65.8143034226702,66.8476632579321
"M11",207,66.3274265949831,0.264141227779617,65.8097097885351,66.8451434014312
"M11",208,66.3239116068747,0.264645913979397,65.8052056154751,66.8426175982743
"M11",209,66.3204381116898,0.265126259321948,65.8007906434187,66.8400855799608
"M11",210,66.3170058451421,0.265582289760785,65.796464557211,66.8375471330733
"M11",211,66.3136145429457,0.266014058447246,65.7922269883891,66.8350020975023
"M11",212,66.3102639408144,0.26642164487558,65.7880775168582,66.8324503647705
"M11",213,66.3069537744619,0.266805154076572,65.7840156724718,66.829891876452
"M11",214,66.3036837796022,0.26716471585742,65.7800409365217,66.8273266226828
"M11",215,66.3004536919492,0.267500484085579,65.7761527431415,66.824754640757
"M11",216,66.2972632472167,0.267812636014362,65.7723504806286,66.8221760138048
"M11",217,66.2941121811186,0.268101371648164,65.7686334926882,66.819590869549
"M11",218,66.2910002293687,0.268366913145274,65.7650010796039,66.8169993791334
"M11",219,66.2879271276809,0.268609504256239,65.7614524993386,66.8144017560231
"M11",220,66.284892611769,0.26882940979595,65.757986968569,66.8117982549691
"M11",221,66.281896417347,0.26902691514747,65.754603663658,66.8091891710361
"M11",222,66.2789382801287,0.26920232579592,65.7513017215687,66.8065748386887
"M11",223,66.276017935828,0.269355966890583,65.7480802407224,66.8039556309335
"M11",224,66.2731351201586,0.269488182833609,65.7449382818047,66.8013319585125
"M11",225,66.2702895688345,0.269599336893624,65.741874868523,66.798704269146
"M11",226,66.2674810175696,0.269689810842682,65.7388889883179,66.7960730468212
"M11",227,66.2647092020777,0.269760004614941,65.7359795930324,66.793438811123
"M11",228,66.2619738580726,0.269810335985635,65.7331455995408,66.7908021166045
"M11",229,66.2592747212683,0.269841240268728,65.7303858903416,66.788163552195
"M11",230,66.2566115273786,0.269853170031894,65.7276993141161,66.7855237406411
"M11",231,66.2539840121173,0.26984659482732,65.7250846862558,66.7828833379788
"M11",232,66.2513919111984,0.269822000936918,65.722540789362,66.7802430330347
"M11",233,66.2488349603356,0.269779891130568,65.7200663737197,66.7776035469515
"M11",234,66.2463128952429,0.269720784435992,65.7176601577483,66.7749656327374
"M11",235,66.2438254516341,0.26964521591886,65.7153208284331,66.772330074835
"M11",236,66.2413723652231,0.269553736471777,65.7130470417384,66.7696976887078
"M11",237,66.2389533717237,0.269446912610785,65.7108374230065,66.7670693204408
"M11",238,66.2365682068498,0.269325326277996,65.7086905673449,66.7644458463547
"M11",239,66.2342166063153,0.269189574648993,65.7066050400032,66.7618281726273
"M11",240,66.231898305834,0.269040269943626,65.7045793767445,66.7592172349235
"M11",241,66.2296130411198,0.268878039238835,65.7026120842117,66.7566139980279
"M11",242,66.2273605478865,0.268703524282094,65.7007016402936,66.7540194554795
"M11",243,66.2251405618481,0.268517381304079,65.6988464944921,66.7514346292041
"M11",244,66.2229528187184,0.268320280829174,65.6970450682932,66.7488605691436
"M11",245,66.2207970542112,0.268112907482361,65.6952957555457,66.7462983528766
"M11",246,66.2186730040404,0.267895959791126,65.6935969228498,66.743749085231
"M11",247,66.2165804039199,0.267670149980816,65.6919469099575,66.7412138978823
"M11",248,66.2145189895635,0.267436203762158,65.6903440301897,66.7386939489373
"M11",249,66.2124884966851,0.267194860109321,65.6887865708708,66.7361904224994
"M11",250,66.2104886609986,0.266946871027121,65.6872727937854,66.7337045282117
"M11",251,66.2085192182178,0.266693001305891,65.6858009356582,66.7312375007773
"M11",252,66.2065799040566,0.266434028262501,65.684369208662,66.7287905994511
"M11",253,66.2046704542288,0.266170741466042,65.6829758009553,66.7263651075022
"M11",254,66.2027906044483,0.265903942446678,65.6816188772528,66.7239623316438
"M11",255,66.2009400904291,0.265634444386232,65.680296579432,66.7215836014261
"M11",256,66.1991186478848,0.265363071788974,65.6790070271784,66.7192302685912
"M11",257,66.1973260125295,0.265090660131177,65.6777483186724,66.7169037063866
"M11",258,66.1955619200769,0.26481805548806,65.6765185313203,66.7146053088335
"M11",259,66.193826106241,0.264546114136638,65.6753157225332,66.7123364899488
"M11",260,66.1921183067356,0.264275702133199,65.6741379305545,66.7100986829166
"M11",261,66.1904382572745,0.264007694864057,65.6729831753409,66.707893339208
"M11",262,66.1887856935716,0.263742976568332,65.6718494594977,66.7057219276456
"M11",263,66.1871603513409,0.263482439831608,65.6707347692709,66.7035859334108
"M11",264,66.185561966296,0.263226985049325,65.6696370755993,66.7014868569927
"M11",265,66.183990274151,0.262977519858908,65.6685543352275,66.6994262130745
"M11",266,66.1824450106197,0.262734958539769,65.6674844918817,66.6974055293576
"M11",267,66.1809259114158,0.262500221380301,65.6664254775104,66.6954263453212
"M11",268,66.1794327122534,0.262274234011289,65.6653752135913,66.6934902109156
"M11",269,66.1779651488463,0.262057926705173,65.6643316125041,66.6915986851884
"M11",270,66.1765229569083,0.261852233640806,65.6632925789723,66.6897533348443
"M11",271,66.1751058721532,0.261658092133506,65.6622560115716,66.6879557327349
"M11",272,66.1737136302951,0.261476441830418,65.6612198043074,66.6862074562827
"M11",273,66.1723459670476,0.261308223871339,65.6601818482598,66.6845100858354
"M11",274,66.1710026181247,0.261154380015405,65.6591400332945,66.6828652029549
"M11",275,66.1696833192403,0.261015851734269,65.6580922498411,66.6812743886394
"M11",276,66.1683878061081,0.260893579272601,65.6570363907339,66.6797392214824
"M11",277,66.1671158144422,0.260788500676993,65.6559703531153,66.6782612757691
"M11",278,66.1658670799562,0.260701550794616,65.6548920403988,66.6768421195137
"M11",279,66.1646413383642,0.260633660243208,65.6537993642875,66.6754833124409
"M11",280,66.1634383253799,0.260585754354253,65.6526902468456,66.6741864039143
"M11",281,66.1622577767173,0.260558752091468,65.651562622618,66.6729529308165
"M11",282,66.1610994280901,0.260553564946967,65.650414440794,66.6717844153862
"M11",283,66.1599630152123,0.260571095817767,65.6492436674095,66.6706823630151
"M11",284,66.1588482737977,0.260612237865525,65.6480482875812,66.6696482600141
"M11",285,66.1577549395601,0.260677873362667,65.6468263077693,66.668683571351
"M11",286,66.1566827482135,0.260768872528272,65.6455757580581,66.667789738369
"M11",287,66.1556314354717,0.260886092357419,65.6442946944512,66.6669681764923
"M11",288,66.1546007370486,0.2610303754477,65.6429812011711,66.6662202729261
"M11",289,66.153590388658,0.261202548827054,65.641633392957,66.665547384359
"M11",290,66.1526001260138,0.26140342278702,65.6402494173513,66.6649508346764
"M11",291,66.1516296848299,0.261633789725787,65.6388274569673,66.6644319126924
"M11",292,66.15067880082,0.261894423005516,65.6373657317292,66.6639918699108
"M11",293,66.1497472096982,0.262186075828394,65.6358625010745,66.6636319183218
"M11",294,66.1488346471782,0.262509480136114,65.6343160661114,66.6633532282449
"M11",295,66.1479408489739,0.26286534553728,65.6327247717208,66.6631569262269
"M11",296,66.1470655507991,0.263254358267401,65.631087008595,66.6630440930032
"M11",297,66.1462084883678,0.263677180185976,65.6294012152033,66.6630157615323
"M11",298,66.1453693973938,0.264134447815087,65.6276658796763,66.6630729151114
"M11",299,66.144548013591,0.264626771423837,65.6258795416003,66.6632164855817
"M11",300,66.1437440726732,0.265154734162701,65.6240407937143,66.6634473516321
"M11",301,66.1429573103543,0.265718891251781,65.6221482835008,66.6637663372077
"M11",302,66.1421874623481,0.266319769226567,65.620200714664,66.6641742100322
"M11",303,66.1414342643685,0.266957865244646,65.618196848489,66.664671680248
"M11",304,66.1406974521295,0.267633646456407,65.6161355050749,66.665259399184
"M11",305,66.1399767613447,0.268347549442492,65.6140155644374,66.665937958252
"M11",306,66.1392719277282,0.269099979720367,65.6118359674763,66.6667078879801
"M11",307,66.1385826869937,0.269891311321999,65.6095957168026,66.6675696571848
"M11",308,66.1379087748552,0.270721886444221,65.6072938774245,66.6685236722858
"M11",309,66.1372499270264,0.271592015172928,65.6049295772875,66.6695702767654
"M11",310,66.1366058792213,0.272501975281869,65.6025020076689,66.6707097507738
"M11",311,66.1359763671538,0.273452012106298,65.6000104234254,66.6719423108821
"M11",312,66.1353611265376,0.274442338491385,65.5974541430945,66.6732681099807
"M11",313,66.1347598930867,0.275473134814793,65.5948325488497,66.6746872373237
"M11",314,66.1341724025148,0.276544549082476,65.5921450863132,66.6761997187165
"M11",315,66.133598390536,0.277656697096299,65.5893912642272,66.6778055168447
"M11",316,66.1330375928639,0.278809662691687,65.5865706539882,66.6795045317397
"M11",317,66.1324897452126,0.280003498043223,65.5836828890479,66.6812966013774
"M11",318,66.1319545832959,0.281238224035644,65.580727664186,66.6831815024057
"M11",319,66.1314318428276,0.282513830697526,65.5777047346604,66.6851589509947
"M11",320,66.1309212595215,0.283830277694495,65.5746139152403,66.6872286038027
"M11",321,66.1304225690916,0.285187494878718,65.5714550791293,66.6893900590539
"M11",322,66.1299355072518,0.286585382891065,65.5682281567853,66.6916428577183
"M11",323,66.1294598097158,0.288023813812273,65.5649331346437,66.6939864847878
"M11",324,66.1289952121975,0.289502631859189,65.5615700537535,66.6964203706415
"M11",325,66.1285414504109,0.29102165412211,65.5581390083315,66.6989438924902
"M11",326,66.1280982600697,0.292580671339209,65.5546401442449,66.7015563758946
"M11",327,66.1276653768879,0.294179448703842,65.5510736574283,66.7042570963474
"M11",328,66.1272425365792,0.295817726700697,65.5474397922459,66.7070452809126
"M11",329,66.1268294748576,0.297495221966642,65.543738839803,66.7099201099123
"M11",330,66.126425927437,0.299211628172229,65.5399711362194,66.7128807186545
"M11",331,66.1260316300311,0.300966616919861,65.5361370608682,66.715926199194
"M11",332,66.1256463183539,0.302759838654798,65.5322370345905,66.7190556021173
"M11",333,66.1252697281192,0.304590923585157,65.5282715178923,66.7222679383461
"M11",334,66.1249015950408,0.306459482607402,65.5242410091303,66.7255621809513
"M11",335,66.1245416548327,0.308365108233806,65.5201460426945,66.728937266971
"M11",336,66.1241896432087,0.31030737551863,65.5159871871922,66.7323920992252
"M11",337,66.1238452958827,0.312285842979952,65.511765043642,66.7359255481234
"M11",338,66.1235083485685,0.314300053514226,65.5074802436806,66.7395364534564
"M11",339,66.12317853698,0.316349535300929,65.5031334477902,66.7432236261698
"M11",340,66.122855596831,0.318433802694775,65.4987253435493,66.7469858501128
"M11",341,66.1225392638355,0.320552357103275,65.4942566439131,66.7508218837579
"M11",342,66.1222292737072,0.322704687847551,65.489728085526,66.7547304618884
"M11",343,66.1219253621601,0.324890273004594,65.4851404270711,66.7587102972491
"M11",344,66.121627264908,0.32710858022932,65.4804944476585,66.7627600821575
"M11",345,66.1213347176648,0.329359067554976,65.475790945257,66.7668784900725
"M11",346,66.1210474561443,0.33164118417069,65.4710307351697,66.7710641771188
"M11",347,66.1207652160604,0.333954371175077,65.4662146485572,66.7753157835635
"M11",348,66.1204877331269,0.336298062305081,65.461343531009,66.7796319352449
"M11",349,66.1202147430578,0.338671684639326,65.4564182411647,66.7840112449509
"M11",350,66.1199459815669,0.341074659275444,65.451439649387,66.7884523137468
"M11",351,66.119681184368,0.343506401981031,65.4464086364852,66.7929537322508
"M11",352,66.119420087175,0.345966323817965,65.4413260924918,66.7975140818583
"M11",353,66.1191624257019,0.348453831740004,65.4361929154914,66.8021319359123
"M11",354,66.1189079356623,0.350968329163661,65.4310100105016,66.8068058608231
"M11",355,66.1186563527703,0.353509216512517,65.4257782884057,66.8115344171348
"M11",356,66.1184074127396,0.356075891735165,65.4204986649387,66.8163161605405
"M11",357,66.1181608512842,0.358667750797155,65.4151720597217,66.8211496428466
"M11",358,66.1179164041178,0.361284188147303,65.4097993953491,66.8260334128865
"M11",359,66.1176738069544,0.363924597158854,65.4043815965231,66.8309660173858
"M11",360,66.1174327955079,0.366588370546064,65.3989195892376,66.8359460017781
"M11",361,66.117193105492,0.36927490075674,65.3934143000088,66.8409719109752
"M11",362,66.1169544726206,0.371983580341452,65.3878666551514,66.8460422900899
"M11",363,66.1167166326077,0.374713802300025,65.3822775800996,66.8511556851157
"M11",364,66.116479321167,0.377464960406085,65.3766479987711,66.856310643563
"M11",365,66.1162422740125,0.380236449510346,65.3709788329722,66.8615057150528
