"compared_follow_up_rows","maximum_denominator_difference","maximum_numerator_difference","tolerance","equivalent","scenario_id","replicate","seed"
23849,0,0,1e-12,TRUE,"VD_B_N",1,20560001
23234,0,0,1e-12,TRUE,"VD_B_N",2,20560002
25341,0,0,1e-12,TRUE,"VD_B_N",3,20560003
23370,0,0,1e-12,TRUE,"VD_B_N",4,20560004
22222,0,0,1e-12,TRUE,"VD_B_N",5,20560005
23272,0,0,1e-12,TRUE,"VD_B_N",6,20560006
23055,0,0,1e-12,TRUE,"VD_B_N",7,20560007
24344,0,0,1e-12,TRUE,"VD_B_N",8,20560008
24762,0,0,1e-12,TRUE,"VD_B_N",9,20560009
23963,0,0,1e-12,TRUE,"VD_B_N",10,20560010
24376,0,0,1e-12,TRUE,"VD_B_N",11,20560011
22396,0,0,1e-12,TRUE,"VD_B_N",12,20560012
23125,0,0,1e-12,TRUE,"VD_B_N",13,20560013
24005,0,0,1e-12,TRUE,"VD_B_N",14,20560014
23969,0,0,1e-12,TRUE,"VD_B_N",15,20560015
24088,0,0,1e-12,TRUE,"VD_B_N",16,20560016
23510,0,0,1e-12,TRUE,"VD_B_N",17,20560017
23743,0,0,1e-12,TRUE,"VD_B_N",18,20560018
23522,0,0,1e-12,TRUE,"VD_B_N",19,20560019
23209,0,0,1e-12,TRUE,"VD_B_N",20,20560020
23368,0,0,1e-12,TRUE,"VD_B_N",21,20560021
23980,0,0,1e-12,TRUE,"VD_B_N",22,20560022
23814,0,0,1e-12,TRUE,"VD_B_N",23,20560023
24087,0,0,1e-12,TRUE,"VD_B_N",24,20560024
23130,0,0,1e-12,TRUE,"VD_B_N",25,20560025
23982,0,0,1e-12,TRUE,"VD_B_N",26,20560026
23329,0,0,1e-12,TRUE,"VD_B_N",27,20560027
23517,0,0,1e-12,TRUE,"VD_B_N",28,20560028
24248,0,0,1e-12,TRUE,"VD_B_N",29,20560029
24224,0,0,1e-12,TRUE,"VD_B_N",30,20560030
23382,0,0,1e-12,TRUE,"VD_B_N",31,20560031
23332,0,0,1e-12,TRUE,"VD_B_N",32,20560032
23161,0,0,1e-12,TRUE,"VD_B_N",33,20560033
23937,0,0,1e-12,TRUE,"VD_B_N",34,20560034
23647,0,0,1e-12,TRUE,"VD_B_N",35,20560035
23440,0,0,1e-12,TRUE,"VD_B_N",36,20560036
23496,0,0,1e-12,TRUE,"VD_B_N",37,20560037
24510,0,0,1e-12,TRUE,"VD_B_N",38,20560038
22913,0,0,1e-12,TRUE,"VD_B_N",39,20560039
23304,0,0,1e-12,TRUE,"VD_B_N",40,20560040
22913,0,0,1e-12,TRUE,"VD_B_N",41,20560041
24708,0,0,1e-12,TRUE,"VD_B_N",42,20560042
23001,0,0,1e-12,TRUE,"VD_B_N",43,20560043
23071,0,0,1e-12,TRUE,"VD_B_N",44,20560044
22638,0,0,1e-12,TRUE,"VD_B_N",45,20560045
23371,0,0,1e-12,TRUE,"VD_B_N",46,20560046
23543,0,0,1e-12,TRUE,"VD_B_N",47,20560047
23459,0,0,1e-12,TRUE,"VD_B_N",48,20560048
24123,0,0,1e-12,TRUE,"VD_B_N",49,20560049
23695,0,0,1e-12,TRUE,"VD_B_N",50,20560050
24172,0,0,1e-12,TRUE,"VD_B_N",51,20560051
22480,0,0,1e-12,TRUE,"VD_B_N",52,20560052
25090,0,0,1e-12,TRUE,"VD_B_N",53,20560053
22768,0,0,1e-12,TRUE,"VD_B_N",54,20560054
24184,0,0,1e-12,TRUE,"VD_B_N",55,20560055
22560,0,0,1e-12,TRUE,"VD_B_N",56,20560056
23513,0,0,1e-12,TRUE,"VD_B_N",57,20560057
24138,0,0,1e-12,TRUE,"VD_B_N",58,20560058
23706,0,0,1e-12,TRUE,"VD_B_N",59,20560059
23134,0,0,1e-12,TRUE,"VD_B_N",60,20560060
23027,0,0,1e-12,TRUE,"VD_B_N",61,20560061
24231,0,0,1e-12,TRUE,"VD_B_N",62,20560062
23154,0,0,1e-12,TRUE,"VD_B_N",63,20560063
23575,0,0,1e-12,TRUE,"VD_B_N",64,20560064
22731,0,0,1e-12,TRUE,"VD_B_N",65,20560065
24002,0,0,1e-12,TRUE,"VD_B_N",66,20560066
23806,0,0,1e-12,TRUE,"VD_B_N",67,20560067
24153,0,0,1e-12,TRUE,"VD_B_N",68,20560068
25380,0,0,1e-12,TRUE,"VD_B_N",69,20560069
23282,0,0,1e-12,TRUE,"VD_B_N",70,20560070
22709,0,0,1e-12,TRUE,"VD_B_N",71,20560071
23039,0,0,1e-12,TRUE,"VD_B_N",72,20560072
23587,0,0,1e-12,TRUE,"VD_B_N",73,20560073
21923,0,0,1e-12,TRUE,"VD_B_N",74,20560074
22698,0,0,1e-12,TRUE,"VD_B_N",75,20560075
23413,0,0,1e-12,TRUE,"VD_B_N",76,20560076
23070,0,0,1e-12,TRUE,"VD_B_N",77,20560077
24411,0,0,1e-12,TRUE,"VD_B_N",78,20560078
24371,0,0,1e-12,TRUE,"VD_B_N",79,20560079
23945,0,0,1e-12,TRUE,"VD_B_N",80,20560080
23677,0,0,1e-12,TRUE,"VD_B_N",81,20560081
23648,0,0,1e-12,TRUE,"VD_B_N",82,20560082
23890,0,0,1e-12,TRUE,"VD_B_N",83,20560083
23445,0,0,1e-12,TRUE,"VD_B_N",84,20560084
23858,0,0,1e-12,TRUE,"VD_B_N",85,20560085
23205,0,0,1e-12,TRUE,"VD_B_N",86,20560086
23197,0,0,1e-12,TRUE,"VD_B_N",87,20560087
23620,0,0,1e-12,TRUE,"VD_B_N",88,20560088
23529,0,0,1e-12,TRUE,"VD_B_N",89,20560089
23440,0,0,1e-12,TRUE,"VD_B_N",90,20560090
23327,0,0,1e-12,TRUE,"VD_B_N",91,20560091
23483,0,0,1e-12,TRUE,"VD_B_N",92,20560092
22947,0,0,1e-12,TRUE,"VD_B_N",93,20560093
22964,0,0,1e-12,TRUE,"VD_B_N",94,20560094
23534,0,0,1e-12,TRUE,"VD_B_N",95,20560095
23797,0,0,1e-12,TRUE,"VD_B_N",96,20560096
23253,0,0,1e-12,TRUE,"VD_B_N",97,20560097
24172,0,0,1e-12,TRUE,"VD_B_N",98,20560098
23697,0,0,1e-12,TRUE,"VD_B_N",99,20560099
23535,0,0,1e-12,TRUE,"VD_B_N",100,20560100
24775,0,0,1e-12,TRUE,"VD_B_N",101,20560101
22841,0,0,1e-12,TRUE,"VD_B_N",102,20560102
23214,0,0,1e-12,TRUE,"VD_B_N",103,20560103
24260,0,0,1e-12,TRUE,"VD_B_N",104,20560104
23466,0,0,1e-12,TRUE,"VD_B_N",105,20560105
24404,0,0,1e-12,TRUE,"VD_B_N",106,20560106
23280,0,0,1e-12,TRUE,"VD_B_N",107,20560107
23611,0,0,1e-12,TRUE,"VD_B_N",108,20560108
23094,0,0,1e-12,TRUE,"VD_B_N",109,20560109
23308,0,0,1e-12,TRUE,"VD_B_N",110,20560110
25035,0,0,1e-12,TRUE,"VD_B_N",111,20560111
23998,0,0,1e-12,TRUE,"VD_B_N",112,20560112
24026,0,0,1e-12,TRUE,"VD_B_N",113,20560113
23056,0,0,1e-12,TRUE,"VD_B_N",114,20560114
23930,0,0,1e-12,TRUE,"VD_B_N",115,20560115
22729,0,0,1e-12,TRUE,"VD_B_N",116,20560116
24123,0,0,1e-12,TRUE,"VD_B_N",117,20560117
23973,0,0,1e-12,TRUE,"VD_B_N",118,20560118
22995,0,0,1e-12,TRUE,"VD_B_N",119,20560119
23326,0,0,1e-12,TRUE,"VD_B_N",120,20560120
23599,0,0,1e-12,TRUE,"VD_B_N",121,20560121
23565,0,0,1e-12,TRUE,"VD_B_N",122,20560122
23276,0,0,1e-12,TRUE,"VD_B_N",123,20560123
24140,0,0,1e-12,TRUE,"VD_B_N",124,20560124
23119,0,0,1e-12,TRUE,"VD_B_N",125,20560125
23743,0,0,1e-12,TRUE,"VD_B_N",126,20560126
23719,0,0,1e-12,TRUE,"VD_B_N",127,20560127
23582,0,0,1e-12,TRUE,"VD_B_N",128,20560128
23678,0,0,1e-12,TRUE,"VD_B_N",129,20560129
23419,0,0,1e-12,TRUE,"VD_B_N",130,20560130
23304,0,0,1e-12,TRUE,"VD_B_N",131,20560131
23357,0,0,1e-12,TRUE,"VD_B_N",132,20560132
24207,0,0,1e-12,TRUE,"VD_B_N",133,20560133
22938,0,0,1e-12,TRUE,"VD_B_N",134,20560134
23356,0,0,1e-12,TRUE,"VD_B_N",135,20560135
24148,0,0,1e-12,TRUE,"VD_B_N",136,20560136
23919,0,0,1e-12,TRUE,"VD_B_N",137,20560137
23336,0,0,1e-12,TRUE,"VD_B_N",138,20560138
23787,0,0,1e-12,TRUE,"VD_B_N",139,20560139
23674,0,0,1e-12,TRUE,"VD_B_N",140,20560140
23631,0,0,1e-12,TRUE,"VD_B_N",141,20560141
24831,0,0,1e-12,TRUE,"VD_B_N",142,20560142
24084,0,0,1e-12,TRUE,"VD_B_N",143,20560143
23511,0,0,1e-12,TRUE,"VD_B_N",144,20560144
23927,0,0,1e-12,TRUE,"VD_B_N",145,20560145
23782,0,0,1e-12,TRUE,"VD_B_N",146,20560146
24239,0,0,1e-12,TRUE,"VD_B_N",147,20560147
24371,0,0,1e-12,TRUE,"VD_B_N",148,20560148
22687,0,0,1e-12,TRUE,"VD_B_N",149,20560149
24503,0,0,1e-12,TRUE,"VD_B_N",150,20560150
24421,0,0,1e-12,TRUE,"VD_B_N",151,20560151
24254,0,0,1e-12,TRUE,"VD_B_N",152,20560152
24410,0,0,1e-12,TRUE,"VD_B_N",153,20560153
23870,0,0,1e-12,TRUE,"VD_B_N",154,20560154
24628,0,0,1e-12,TRUE,"VD_B_N",155,20560155
23137,0,0,1e-12,TRUE,"VD_B_N",156,20560156
23548,0,0,1e-12,TRUE,"VD_B_N",157,20560157
23786,0,0,1e-12,TRUE,"VD_B_N",158,20560158
23739,0,0,1e-12,TRUE,"VD_B_N",159,20560159
23853,0,0,1e-12,TRUE,"VD_B_N",160,20560160
24931,0,0,1e-12,TRUE,"VD_B_N",161,20560161
23748,0,0,1e-12,TRUE,"VD_B_N",162,20560162
23722,0,0,1e-12,TRUE,"VD_B_N",163,20560163
23776,0,0,1e-12,TRUE,"VD_B_N",164,20560164
22371,0,0,1e-12,TRUE,"VD_B_N",165,20560165
25249,0,0,1e-12,TRUE,"VD_B_N",166,20560166
22998,0,0,1e-12,TRUE,"VD_B_N",167,20560167
24209,0,0,1e-12,TRUE,"VD_B_N",168,20560168
23924,0,0,1e-12,TRUE,"VD_B_N",169,20560169
24959,0,0,1e-12,TRUE,"VD_B_N",170,20560170
23672,0,0,1e-12,TRUE,"VD_B_N",171,20560171
23513,0,0,1e-12,TRUE,"VD_B_N",172,20560172
22947,0,0,1e-12,TRUE,"VD_B_N",173,20560173
23783,0,0,1e-12,TRUE,"VD_B_N",174,20560174
24585,0,0,1e-12,TRUE,"VD_B_N",175,20560175
23139,0,0,1e-12,TRUE,"VD_B_N",176,20560176
23282,0,0,1e-12,TRUE,"VD_B_N",177,20560177
24449,0,0,1e-12,TRUE,"VD_B_N",178,20560178
23659,0,0,1e-12,TRUE,"VD_B_N",179,20560179
24030,0,0,1e-12,TRUE,"VD_B_N",180,20560180
24714,0,0,1e-12,TRUE,"VD_B_N",181,20560181
24551,0,0,1e-12,TRUE,"VD_B_N",182,20560182
23809,0,0,1e-12,TRUE,"VD_B_N",183,20560183
22518,0,0,1e-12,TRUE,"VD_B_N",184,20560184
23443,0,0,1e-12,TRUE,"VD_B_N",185,20560185
23701,0,0,1e-12,TRUE,"VD_B_N",186,20560186
24047,0,0,1e-12,TRUE,"VD_B_N",187,20560187
22670,0,0,1e-12,TRUE,"VD_B_N",188,20560188
24545,0,0,1e-12,TRUE,"VD_B_N",189,20560189
24247,0,0,1e-12,TRUE,"VD_B_N",190,20560190
24354,0,0,1e-12,TRUE,"VD_B_N",191,20560191
24144,0,0,1e-12,TRUE,"VD_B_N",192,20560192
23475,0,0,1e-12,TRUE,"VD_B_N",193,20560193
24189,0,0,1e-12,TRUE,"VD_B_N",194,20560194
23980,0,0,1e-12,TRUE,"VD_B_N",195,20560195
23221,0,0,1e-12,TRUE,"VD_B_N",196,20560196
23355,0,0,1e-12,TRUE,"VD_B_N",197,20560197
24351,0,0,1e-12,TRUE,"VD_B_N",198,20560198
23177,0,0,1e-12,TRUE,"VD_B_N",199,20560199
23621,0,0,1e-12,TRUE,"VD_B_N",200,20560200
24258,0,0,1e-12,TRUE,"VD_B_N",201,20560201
24017,0,0,1e-12,TRUE,"VD_B_N",202,20560202
24004,0,0,1e-12,TRUE,"VD_B_N",203,20560203
24633,0,0,1e-12,TRUE,"VD_B_N",204,20560204
24734,0,0,1e-12,TRUE,"VD_B_N",205,20560205
22584,0,0,1e-12,TRUE,"VD_B_N",206,20560206
23883,0,0,1e-12,TRUE,"VD_B_N",207,20560207
23325,0,0,1e-12,TRUE,"VD_B_N",208,20560208
22568,0,0,1e-12,TRUE,"VD_B_N",209,20560209
24228,0,0,1e-12,TRUE,"VD_B_N",210,20560210
24744,0,0,1e-12,TRUE,"VD_B_N",211,20560211
24277,0,0,1e-12,TRUE,"VD_B_N",212,20560212
23448,0,0,1e-12,TRUE,"VD_B_N",213,20560213
23747,0,0,1e-12,TRUE,"VD_B_N",214,20560214
23453,0,0,1e-12,TRUE,"VD_B_N",215,20560215
24950,0,0,1e-12,TRUE,"VD_B_N",216,20560216
23554,0,0,1e-12,TRUE,"VD_B_N",217,20560217
24072,0,0,1e-12,TRUE,"VD_B_N",218,20560218
22140,0,0,1e-12,TRUE,"VD_B_N",219,20560219
23066,0,0,1e-12,TRUE,"VD_B_N",220,20560220
24854,0,0,1e-12,TRUE,"VD_B_N",221,20560221
24418,0,0,1e-12,TRUE,"VD_B_N",222,20560222
23970,0,0,1e-12,TRUE,"VD_B_N",223,20560223
24062,0,0,1e-12,TRUE,"VD_B_N",224,20560224
24429,0,0,1e-12,TRUE,"VD_B_N",225,20560225
22765,0,0,1e-12,TRUE,"VD_B_N",226,20560226
22389,0,0,1e-12,TRUE,"VD_B_N",227,20560227
23035,0,0,1e-12,TRUE,"VD_B_N",228,20560228
24139,0,0,1e-12,TRUE,"VD_B_N",229,20560229
23318,0,0,1e-12,TRUE,"VD_B_N",230,20560230
23971,0,0,1e-12,TRUE,"VD_B_N",231,20560231
23613,0,0,1e-12,TRUE,"VD_B_N",232,20560232
22948,0,0,1e-12,TRUE,"VD_B_N",233,20560233
24251,0,0,1e-12,TRUE,"VD_B_N",234,20560234
24543,0,0,1e-12,TRUE,"VD_B_N",235,20560235
24208,0,0,1e-12,TRUE,"VD_B_N",236,20560236
23844,0,0,1e-12,TRUE,"VD_B_N",237,20560237
23299,0,0,1e-12,TRUE,"VD_B_N",238,20560238
23830,0,0,1e-12,TRUE,"VD_B_N",239,20560239
23420,0,0,1e-12,TRUE,"VD_B_N",240,20560240
24317,0,0,1e-12,TRUE,"VD_B_N",241,20560241
22764,0,0,1e-12,TRUE,"VD_B_N",242,20560242
23840,0,0,1e-12,TRUE,"VD_B_N",243,20560243
24341,0,0,1e-12,TRUE,"VD_B_N",244,20560244
23001,0,0,1e-12,TRUE,"VD_B_N",245,20560245
23956,0,0,1e-12,TRUE,"VD_B_N",246,20560246
23425,0,0,1e-12,TRUE,"VD_B_N",247,20560247
23059,0,0,1e-12,TRUE,"VD_B_N",248,20560248
24517,0,0,1e-12,TRUE,"VD_B_N",249,20560249
23335,0,0,1e-12,TRUE,"VD_B_N",250,20560250
23038,0,0,1e-12,TRUE,"VD_B_N",251,20560251
23480,0,0,1e-12,TRUE,"VD_B_N",252,20560252
24208,0,0,1e-12,TRUE,"VD_B_N",253,20560253
23740,0,0,1e-12,TRUE,"VD_B_N",254,20560254
24414,0,0,1e-12,TRUE,"VD_B_N",255,20560255
24063,0,0,1e-12,TRUE,"VD_B_N",256,20560256
23527,0,0,1e-12,TRUE,"VD_B_N",257,20560257
23816,0,0,1e-12,TRUE,"VD_B_N",258,20560258
24269,0,0,1e-12,TRUE,"VD_B_N",259,20560259
24211,0,0,1e-12,TRUE,"VD_B_N",260,20560260
24132,0,0,1e-12,TRUE,"VD_B_N",261,20560261
23832,0,0,1e-12,TRUE,"VD_B_N",262,20560262
24394,0,0,1e-12,TRUE,"VD_B_N",263,20560263
22300,0,0,1e-12,TRUE,"VD_B_N",264,20560264
23843,0,0,1e-12,TRUE,"VD_B_N",265,20560265
23356,0,0,1e-12,TRUE,"VD_B_N",266,20560266
22653,0,0,1e-12,TRUE,"VD_B_N",267,20560267
24483,0,0,1e-12,TRUE,"VD_B_N",268,20560268
23138,0,0,1e-12,TRUE,"VD_B_N",269,20560269
22629,0,0,1e-12,TRUE,"VD_B_N",270,20560270
24506,0,0,1e-12,TRUE,"VD_B_N",271,20560271
25060,0,0,1e-12,TRUE,"VD_B_N",272,20560272
23166,0,0,1e-12,TRUE,"VD_B_N",273,20560273
24662,0,0,1e-12,TRUE,"VD_B_N",274,20560274
24636,0,0,1e-12,TRUE,"VD_B_N",275,20560275
22920,0,0,1e-12,TRUE,"VD_B_N",276,20560276
23476,0,0,1e-12,TRUE,"VD_B_N",277,20560277
23547,0,0,1e-12,TRUE,"VD_B_N",278,20560278
23545,0,0,1e-12,TRUE,"VD_B_N",279,20560279
23311,0,0,1e-12,TRUE,"VD_B_N",280,20560280
24439,0,0,1e-12,TRUE,"VD_B_N",281,20560281
23300,0,0,1e-12,TRUE,"VD_B_N",282,20560282
23605,0,0,1e-12,TRUE,"VD_B_N",283,20560283
23781,0,0,1e-12,TRUE,"VD_B_N",284,20560284
22846,0,0,1e-12,TRUE,"VD_B_N",285,20560285
23488,0,0,1e-12,TRUE,"VD_B_N",286,20560286
24223,0,0,1e-12,TRUE,"VD_B_N",287,20560287
23562,0,0,1e-12,TRUE,"VD_B_N",288,20560288
23668,0,0,1e-12,TRUE,"VD_B_N",289,20560289
24954,0,0,1e-12,TRUE,"VD_B_N",290,20560290
24729,0,0,1e-12,TRUE,"VD_B_N",291,20560291
24293,0,0,1e-12,TRUE,"VD_B_N",292,20560292
22962,0,0,1e-12,TRUE,"VD_B_N",293,20560293
22931,0,0,1e-12,TRUE,"VD_B_N",294,20560294
23360,0,0,1e-12,TRUE,"VD_B_N",295,20560295
24273,0,0,1e-12,TRUE,"VD_B_N",296,20560296
23267,0,0,1e-12,TRUE,"VD_B_N",297,20560297
23712,0,0,1e-12,TRUE,"VD_B_N",298,20560298
24801,0,0,1e-12,TRUE,"VD_B_N",299,20560299
23689,0,0,1e-12,TRUE,"VD_B_N",300,20560300
23428,0,0,1e-12,TRUE,"VD_B_N",301,20560301
22981,0,0,1e-12,TRUE,"VD_B_N",302,20560302
23330,0,0,1e-12,TRUE,"VD_B_N",303,20560303
23426,0,0,1e-12,TRUE,"VD_B_N",304,20560304
23646,0,0,1e-12,TRUE,"VD_B_N",305,20560305
24434,0,0,1e-12,TRUE,"VD_B_N",306,20560306
24049,0,0,1e-12,TRUE,"VD_B_N",307,20560307
24096,0,0,1e-12,TRUE,"VD_B_N",308,20560308
23034,0,0,1e-12,TRUE,"VD_B_N",309,20560309
22833,0,0,1e-12,TRUE,"VD_B_N",310,20560310
24580,0,0,1e-12,TRUE,"VD_B_N",311,20560311
23888,0,0,1e-12,TRUE,"VD_B_N",312,20560312
23530,0,0,1e-12,TRUE,"VD_B_N",313,20560313
23427,0,0,1e-12,TRUE,"VD_B_N",314,20560314
24355,0,0,1e-12,TRUE,"VD_B_N",315,20560315
23518,0,0,1e-12,TRUE,"VD_B_N",316,20560316
24897,0,0,1e-12,TRUE,"VD_B_N",317,20560317
24390,0,0,1e-12,TRUE,"VD_B_N",318,20560318
23289,0,0,1e-12,TRUE,"VD_B_N",319,20560319
23721,0,0,1e-12,TRUE,"VD_B_N",320,20560320
24119,0,0,1e-12,TRUE,"VD_B_N",321,20560321
25134,0,0,1e-12,TRUE,"VD_B_N",322,20560322
23505,0,0,1e-12,TRUE,"VD_B_N",323,20560323
23310,0,0,1e-12,TRUE,"VD_B_N",324,20560324
23220,0,0,1e-12,TRUE,"VD_B_N",325,20560325
23184,0,0,1e-12,TRUE,"VD_B_N",326,20560326
22932,0,0,1e-12,TRUE,"VD_B_N",327,20560327
23623,0,0,1e-12,TRUE,"VD_B_N",328,20560328
23512,0,0,1e-12,TRUE,"VD_B_N",329,20560329
24397,0,0,1e-12,TRUE,"VD_B_N",330,20560330
23537,0,0,1e-12,TRUE,"VD_B_N",331,20560331
23935,0,0,1e-12,TRUE,"VD_B_N",332,20560332
23647,0,0,1e-12,TRUE,"VD_B_N",333,20560333
22862,0,0,1e-12,TRUE,"VD_B_N",334,20560334
23351,0,0,1e-12,TRUE,"VD_B_N",335,20560335
24511,0,0,1e-12,TRUE,"VD_B_N",336,20560336
23519,0,0,1e-12,TRUE,"VD_B_N",337,20560337
24688,0,0,1e-12,TRUE,"VD_B_N",338,20560338
23576,0,0,1e-12,TRUE,"VD_B_N",339,20560339
23077,0,0,1e-12,TRUE,"VD_B_N",340,20560340
23541,0,0,1e-12,TRUE,"VD_B_N",341,20560341
24649,0,0,1e-12,TRUE,"VD_B_N",342,20560342
24426,0,0,1e-12,TRUE,"VD_B_N",343,20560343
24113,0,0,1e-12,TRUE,"VD_B_N",344,20560344
23945,0,0,1e-12,TRUE,"VD_B_N",345,20560345
24696,0,0,1e-12,TRUE,"VD_B_N",346,20560346
24373,0,0,1e-12,TRUE,"VD_B_N",347,20560347
23065,0,0,1e-12,TRUE,"VD_B_N",348,20560348
24187,0,0,1e-12,TRUE,"VD_B_N",349,20560349
23131,0,0,1e-12,TRUE,"VD_B_N",350,20560350
24507,0,0,1e-12,TRUE,"VD_B_N",351,20560351
22874,0,0,1e-12,TRUE,"VD_B_N",352,20560352
22217,0,0,1e-12,TRUE,"VD_B_N",353,20560353
22995,0,0,1e-12,TRUE,"VD_B_N",354,20560354
23218,0,0,1e-12,TRUE,"VD_B_N",355,20560355
23083,0,0,1e-12,TRUE,"VD_B_N",356,20560356
23464,0,0,1e-12,TRUE,"VD_B_N",357,20560357
23651,0,0,1e-12,TRUE,"VD_B_N",358,20560358
23354,0,0,1e-12,TRUE,"VD_B_N",359,20560359
24521,0,0,1e-12,TRUE,"VD_B_N",360,20560360
25003,0,0,1e-12,TRUE,"VD_B_N",361,20560361
21975,0,0,1e-12,TRUE,"VD_B_N",362,20560362
23501,0,0,1e-12,TRUE,"VD_B_N",363,20560363
23025,0,0,1e-12,TRUE,"VD_B_N",364,20560364
23788,0,0,1e-12,TRUE,"VD_B_N",365,20560365
23756,0,0,1e-12,TRUE,"VD_B_N",366,20560366
23774,0,0,1e-12,TRUE,"VD_B_N",367,20560367
23743,0,0,1e-12,TRUE,"VD_B_N",368,20560368
22407,0,0,1e-12,TRUE,"VD_B_N",369,20560369
23186,0,0,1e-12,TRUE,"VD_B_N",370,20560370
24073,0,0,1e-12,TRUE,"VD_B_N",371,20560371
24413,0,0,1e-12,TRUE,"VD_B_N",372,20560372
23699,0,0,1e-12,TRUE,"VD_B_N",373,20560373
23561,0,0,1e-12,TRUE,"VD_B_N",374,20560374
24464,0,0,1e-12,TRUE,"VD_B_N",375,20560375
23500,0,0,1e-12,TRUE,"VD_B_N",376,20560376
24205,0,0,1e-12,TRUE,"VD_B_N",377,20560377
24569,0,0,1e-12,TRUE,"VD_B_N",378,20560378
22930,0,0,1e-12,TRUE,"VD_B_N",379,20560379
22847,0,0,1e-12,TRUE,"VD_B_N",380,20560380
23999,0,0,1e-12,TRUE,"VD_B_N",381,20560381
23345,0,0,1e-12,TRUE,"VD_B_N",382,20560382
22807,0,0,1e-12,TRUE,"VD_B_N",383,20560383
23641,0,0,1e-12,TRUE,"VD_B_N",384,20560384
23098,0,0,1e-12,TRUE,"VD_B_N",385,20560385
23857,0,0,1e-12,TRUE,"VD_B_N",386,20560386
23786,0,0,1e-12,TRUE,"VD_B_N",387,20560387
23768,0,0,1e-12,TRUE,"VD_B_N",388,20560388
23337,0,0,1e-12,TRUE,"VD_B_N",389,20560389
23016,0,0,1e-12,TRUE,"VD_B_N",390,20560390
24224,0,0,1e-12,TRUE,"VD_B_N",391,20560391
22506,0,0,1e-12,TRUE,"VD_B_N",392,20560392
24447,0,0,1e-12,TRUE,"VD_B_N",393,20560393
23299,0,0,1e-12,TRUE,"VD_B_N",394,20560394
23134,0,0,1e-12,TRUE,"VD_B_N",395,20560395
23384,0,0,1e-12,TRUE,"VD_B_N",396,20560396
23709,0,0,1e-12,TRUE,"VD_B_N",397,20560397
22997,0,0,1e-12,TRUE,"VD_B_N",398,20560398
23817,0,0,1e-12,TRUE,"VD_B_N",399,20560399
24389,0,0,1e-12,TRUE,"VD_B_N",400,20560400
23280,0,0,1e-12,TRUE,"VD_B_N",401,20560401
23958,0,0,1e-12,TRUE,"VD_B_N",402,20560402
23906,0,0,1e-12,TRUE,"VD_B_N",403,20560403
23416,0,0,1e-12,TRUE,"VD_B_N",404,20560404
23102,0,0,1e-12,TRUE,"VD_B_N",405,20560405
23640,0,0,1e-12,TRUE,"VD_B_N",406,20560406
23669,0,0,1e-12,TRUE,"VD_B_N",407,20560407
23199,0,0,1e-12,TRUE,"VD_B_N",408,20560408
23955,0,0,1e-12,TRUE,"VD_B_N",409,20560409
23979,0,0,1e-12,TRUE,"VD_B_N",410,20560410
24562,0,0,1e-12,TRUE,"VD_B_N",411,20560411
23834,0,0,1e-12,TRUE,"VD_B_N",412,20560412
23982,0,0,1e-12,TRUE,"VD_B_N",413,20560413
24112,0,0,1e-12,TRUE,"VD_B_N",414,20560414
22839,0,0,1e-12,TRUE,"VD_B_N",415,20560415
24418,0,0,1e-12,TRUE,"VD_B_N",416,20560416
24523,0,0,1e-12,TRUE,"VD_B_N",417,20560417
23680,0,0,1e-12,TRUE,"VD_B_N",418,20560418
23932,0,0,1e-12,TRUE,"VD_B_N",419,20560419
23583,0,0,1e-12,TRUE,"VD_B_N",420,20560420
22540,0,0,1e-12,TRUE,"VD_B_N",421,20560421
23947,0,0,1e-12,TRUE,"VD_B_N",422,20560422
23209,0,0,1e-12,TRUE,"VD_B_N",423,20560423
23016,0,0,1e-12,TRUE,"VD_B_N",424,20560424
23315,0,0,1e-12,TRUE,"VD_B_N",425,20560425
24314,0,0,1e-12,TRUE,"VD_B_N",426,20560426
23603,0,0,1e-12,TRUE,"VD_B_N",427,20560427
23494,0,0,1e-12,TRUE,"VD_B_N",428,20560428
22627,0,0,1e-12,TRUE,"VD_B_N",429,20560429
22858,0,0,1e-12,TRUE,"VD_B_N",430,20560430
23407,0,0,1e-12,TRUE,"VD_B_N",431,20560431
24606,0,0,1e-12,TRUE,"VD_B_N",432,20560432
23471,0,0,1e-12,TRUE,"VD_B_N",433,20560433
23455,0,0,1e-12,TRUE,"VD_B_N",434,20560434
22228,0,0,1e-12,TRUE,"VD_B_N",435,20560435
24230,0,0,1e-12,TRUE,"VD_B_N",436,20560436
22589,0,0,1e-12,TRUE,"VD_B_N",437,20560437
23051,0,0,1e-12,TRUE,"VD_B_N",438,20560438
24224,0,0,1e-12,TRUE,"VD_B_N",439,20560439
23612,0,0,1e-12,TRUE,"VD_B_N",440,20560440
22521,0,0,1e-12,TRUE,"VD_B_N",441,20560441
24045,0,0,1e-12,TRUE,"VD_B_N",442,20560442
24260,0,0,1e-12,TRUE,"VD_B_N",443,20560443
23418,0,0,1e-12,TRUE,"VD_B_N",444,20560444
24147,0,0,1e-12,TRUE,"VD_B_N",445,20560445
23509,0,0,1e-12,TRUE,"VD_B_N",446,20560446
22821,0,0,1e-12,TRUE,"VD_B_N",447,20560447
23417,0,0,1e-12,TRUE,"VD_B_N",448,20560448
23604,0,0,1e-12,TRUE,"VD_B_N",449,20560449
23091,0,0,1e-12,TRUE,"VD_B_N",450,20560450
23481,0,0,1e-12,TRUE,"VD_B_N",451,20560451
23145,0,0,1e-12,TRUE,"VD_B_N",452,20560452
22150,0,0,1e-12,TRUE,"VD_B_N",453,20560453
22866,0,0,1e-12,TRUE,"VD_B_N",454,20560454
24686,0,0,1e-12,TRUE,"VD_B_N",455,20560455
23178,0,0,1e-12,TRUE,"VD_B_N",456,20560456
24011,0,0,1e-12,TRUE,"VD_B_N",457,20560457
23189,0,0,1e-12,TRUE,"VD_B_N",458,20560458
25031,0,0,1e-12,TRUE,"VD_B_N",459,20560459
23407,0,0,1e-12,TRUE,"VD_B_N",460,20560460
23809,0,0,1e-12,TRUE,"VD_B_N",461,20560461
24410,0,0,1e-12,TRUE,"VD_B_N",462,20560462
23873,0,0,1e-12,TRUE,"VD_B_N",463,20560463
23023,0,0,1e-12,TRUE,"VD_B_N",464,20560464
23812,0,0,1e-12,TRUE,"VD_B_N",465,20560465
21976,0,0,1e-12,TRUE,"VD_B_N",466,20560466
23579,0,0,1e-12,TRUE,"VD_B_N",467,20560467
22229,0,0,1e-12,TRUE,"VD_B_N",468,20560468
24175,0,0,1e-12,TRUE,"VD_B_N",469,20560469
23993,0,0,1e-12,TRUE,"VD_B_N",470,20560470
23501,0,0,1e-12,TRUE,"VD_B_N",471,20560471
23624,0,0,1e-12,TRUE,"VD_B_N",472,20560472
23735,0,0,1e-12,TRUE,"VD_B_N",473,20560473
24049,0,0,1e-12,TRUE,"VD_B_N",474,20560474
24205,0,0,1e-12,TRUE,"VD_B_N",475,20560475
23062,0,0,1e-12,TRUE,"VD_B_N",476,20560476
23998,0,0,1e-12,TRUE,"VD_B_N",477,20560477
23765,0,0,1e-12,TRUE,"VD_B_N",478,20560478
23936,0,0,1e-12,TRUE,"VD_B_N",479,20560479
23934,0,0,1e-12,TRUE,"VD_B_N",480,20560480
22112,0,0,1e-12,TRUE,"VD_B_N",481,20560481
23253,0,0,1e-12,TRUE,"VD_B_N",482,20560482
23840,0,0,1e-12,TRUE,"VD_B_N",483,20560483
23340,0,0,1e-12,TRUE,"VD_B_N",484,20560484
24596,0,0,1e-12,TRUE,"VD_B_N",485,20560485
23781,0,0,1e-12,TRUE,"VD_B_N",486,20560486
23558,0,0,1e-12,TRUE,"VD_B_N",487,20560487
23124,0,0,1e-12,TRUE,"VD_B_N",488,20560488
23687,0,0,1e-12,TRUE,"VD_B_N",489,20560489
22533,0,0,1e-12,TRUE,"VD_B_N",490,20560490
23372,0,0,1e-12,TRUE,"VD_B_N",491,20560491
23542,0,0,1e-12,TRUE,"VD_B_N",492,20560492
24781,0,0,1e-12,TRUE,"VD_B_N",493,20560493
23853,0,0,1e-12,TRUE,"VD_B_N",494,20560494
23417,0,0,1e-12,TRUE,"VD_B_N",495,20560495
25158,0,0,1e-12,TRUE,"VD_B_N",496,20560496
24408,0,0,1e-12,TRUE,"VD_B_N",497,20560497
23333,0,0,1e-12,TRUE,"VD_B_N",498,20560498
23135,0,0,1e-12,TRUE,"VD_B_N",499,20560499
24446,0,0,1e-12,TRUE,"VD_B_N",500,20560500
24763,0,0,1e-12,TRUE,"VD_B_N",501,20560501
23242,0,0,1e-12,TRUE,"VD_B_N",502,20560502
24380,0,0,1e-12,TRUE,"VD_B_N",503,20560503
22773,0,0,1e-12,TRUE,"VD_B_N",504,20560504
23280,0,0,1e-12,TRUE,"VD_B_N",505,20560505
23342,0,0,1e-12,TRUE,"VD_B_N",506,20560506
23042,0,0,1e-12,TRUE,"VD_B_N",507,20560507
24394,0,0,1e-12,TRUE,"VD_B_N",508,20560508
22852,0,0,1e-12,TRUE,"VD_B_N",509,20560509
24184,0,0,1e-12,TRUE,"VD_B_N",510,20560510
23221,0,0,1e-12,TRUE,"VD_B_N",511,20560511
23130,0,0,1e-12,TRUE,"VD_B_N",512,20560512
23507,0,0,1e-12,TRUE,"VD_B_N",513,20560513
24085,0,0,1e-12,TRUE,"VD_B_N",514,20560514
24147,0,0,1e-12,TRUE,"VD_B_N",515,20560515
22415,0,0,1e-12,TRUE,"VD_B_N",516,20560516
24864,0,0,1e-12,TRUE,"VD_B_N",517,20560517
24894,0,0,1e-12,TRUE,"VD_B_N",518,20560518
22994,0,0,1e-12,TRUE,"VD_B_N",519,20560519
23199,0,0,1e-12,TRUE,"VD_B_N",520,20560520
24305,0,0,1e-12,TRUE,"VD_B_N",521,20560521
23076,0,0,1e-12,TRUE,"VD_B_N",522,20560522
23606,0,0,1e-12,TRUE,"VD_B_N",523,20560523
22885,0,0,1e-12,TRUE,"VD_B_N",524,20560524
24816,0,0,1e-12,TRUE,"VD_B_N",525,20560525
24286,0,0,1e-12,TRUE,"VD_B_N",526,20560526
23296,0,0,1e-12,TRUE,"VD_B_N",527,20560527
23596,0,0,1e-12,TRUE,"VD_B_N",528,20560528
24229,0,0,1e-12,TRUE,"VD_B_N",529,20560529
22359,0,0,1e-12,TRUE,"VD_B_N",530,20560530
23282,0,0,1e-12,TRUE,"VD_B_N",531,20560531
23731,0,0,1e-12,TRUE,"VD_B_N",532,20560532
23822,0,0,1e-12,TRUE,"VD_B_N",533,20560533
23778,0,0,1e-12,TRUE,"VD_B_N",534,20560534
24222,0,0,1e-12,TRUE,"VD_B_N",535,20560535
24092,0,0,1e-12,TRUE,"VD_B_N",536,20560536
23055,0,0,1e-12,TRUE,"VD_B_N",537,20560537
22869,0,0,1e-12,TRUE,"VD_B_N",538,20560538
23537,0,0,1e-12,TRUE,"VD_B_N",539,20560539
24461,0,0,1e-12,TRUE,"VD_B_N",540,20560540
23092,0,0,1e-12,TRUE,"VD_B_N",541,20560541
22566,0,0,1e-12,TRUE,"VD_B_N",542,20560542
23290,0,0,1e-12,TRUE,"VD_B_N",543,20560543
24006,0,0,1e-12,TRUE,"VD_B_N",544,20560544
23558,0,0,1e-12,TRUE,"VD_B_N",545,20560545
24059,0,0,1e-12,TRUE,"VD_B_N",546,20560546
23938,0,0,1e-12,TRUE,"VD_B_N",547,20560547
23644,0,0,1e-12,TRUE,"VD_B_N",548,20560548
24232,0,0,1e-12,TRUE,"VD_B_N",549,20560549
23453,0,0,1e-12,TRUE,"VD_B_N",550,20560550
23974,0,0,1e-12,TRUE,"VD_B_N",551,20560551
22902,0,0,1e-12,TRUE,"VD_B_N",552,20560552
24825,0,0,1e-12,TRUE,"VD_B_N",553,20560553
23013,0,0,1e-12,TRUE,"VD_B_N",554,20560554
23475,0,0,1e-12,TRUE,"VD_B_N",555,20560555
22957,0,0,1e-12,TRUE,"VD_B_N",556,20560556
24576,0,0,1e-12,TRUE,"VD_B_N",557,20560557
24913,0,0,1e-12,TRUE,"VD_B_N",558,20560558
23474,0,0,1e-12,TRUE,"VD_B_N",559,20560559
24445,0,0,1e-12,TRUE,"VD_B_N",560,20560560
24533,0,0,1e-12,TRUE,"VD_B_N",561,20560561
24762,0,0,1e-12,TRUE,"VD_B_N",562,20560562
24059,0,0,1e-12,TRUE,"VD_B_N",563,20560563
23324,0,0,1e-12,TRUE,"VD_B_N",564,20560564
23509,0,0,1e-12,TRUE,"VD_B_N",565,20560565
24081,0,0,1e-12,TRUE,"VD_B_N",566,20560566
23527,0,0,1e-12,TRUE,"VD_B_N",567,20560567
23842,0,0,1e-12,TRUE,"VD_B_N",568,20560568
23400,0,0,1e-12,TRUE,"VD_B_N",569,20560569
22053,0,0,1e-12,TRUE,"VD_B_N",570,20560570
24403,0,0,1e-12,TRUE,"VD_B_N",571,20560571
23416,0,0,1e-12,TRUE,"VD_B_N",572,20560572
24594,0,0,1e-12,TRUE,"VD_B_N",573,20560573
24111,0,0,1e-12,TRUE,"VD_B_N",574,20560574
23652,0,0,1e-12,TRUE,"VD_B_N",575,20560575
22982,0,0,1e-12,TRUE,"VD_B_N",576,20560576
22312,0,0,1e-12,TRUE,"VD_B_N",577,20560577
23589,0,0,1e-12,TRUE,"VD_B_N",578,20560578
23868,0,0,1e-12,TRUE,"VD_B_N",579,20560579
23918,0,0,1e-12,TRUE,"VD_B_N",580,20560580
23184,0,0,1e-12,TRUE,"VD_B_N",581,20560581
24665,0,0,1e-12,TRUE,"VD_B_N",582,20560582
23834,0,0,1e-12,TRUE,"VD_B_N",583,20560583
23648,0,0,1e-12,TRUE,"VD_B_N",584,20560584
23903,0,0,1e-12,TRUE,"VD_B_N",585,20560585
23136,0,0,1e-12,TRUE,"VD_B_N",586,20560586
22830,0,0,1e-12,TRUE,"VD_B_N",587,20560587
23095,0,0,1e-12,TRUE,"VD_B_N",588,20560588
23747,0,0,1e-12,TRUE,"VD_B_N",589,20560589
23830,0,0,1e-12,TRUE,"VD_B_N",590,20560590
23411,0,0,1e-12,TRUE,"VD_B_N",591,20560591
23869,0,0,1e-12,TRUE,"VD_B_N",592,20560592
23492,0,0,1e-12,TRUE,"VD_B_N",593,20560593
24245,0,0,1e-12,TRUE,"VD_B_N",594,20560594
23519,0,0,1e-12,TRUE,"VD_B_N",595,20560595
24763,0,0,1e-12,TRUE,"VD_B_N",596,20560596
23357,0,0,1e-12,TRUE,"VD_B_N",597,20560597
24142,0,0,1e-12,TRUE,"VD_B_N",598,20560598
24957,0,0,1e-12,TRUE,"VD_B_N",599,20560599
23692,0,0,1e-12,TRUE,"VD_B_N",600,20560600
24396,0,0,1e-12,TRUE,"VD_B_N",601,20560601
23267,0,0,1e-12,TRUE,"VD_B_N",602,20560602
23969,0,0,1e-12,TRUE,"VD_B_N",603,20560603
24572,0,0,1e-12,TRUE,"VD_B_N",604,20560604
24010,0,0,1e-12,TRUE,"VD_B_N",605,20560605
24118,0,0,1e-12,TRUE,"VD_B_N",606,20560606
24201,0,0,1e-12,TRUE,"VD_B_N",607,20560607
22906,0,0,1e-12,TRUE,"VD_B_N",608,20560608
23643,0,0,1e-12,TRUE,"VD_B_N",609,20560609
23075,0,0,1e-12,TRUE,"VD_B_N",610,20560610
22802,0,0,1e-12,TRUE,"VD_B_N",611,20560611
23132,0,0,1e-12,TRUE,"VD_B_N",612,20560612
24178,0,0,1e-12,TRUE,"VD_B_N",613,20560613
23757,0,0,1e-12,TRUE,"VD_B_N",614,20560614
23838,0,0,1e-12,TRUE,"VD_B_N",615,20560615
23894,0,0,1e-12,TRUE,"VD_B_N",616,20560616
24000,0,0,1e-12,TRUE,"VD_B_N",617,20560617
24506,0,0,1e-12,TRUE,"VD_B_N",618,20560618
23998,0,0,1e-12,TRUE,"VD_B_N",619,20560619
23694,0,0,1e-12,TRUE,"VD_B_N",620,20560620
24182,0,0,1e-12,TRUE,"VD_B_N",621,20560621
24481,0,0,1e-12,TRUE,"VD_B_N",622,20560622
24192,0,0,1e-12,TRUE,"VD_B_N",623,20560623
23871,0,0,1e-12,TRUE,"VD_B_N",624,20560624
24418,0,0,1e-12,TRUE,"VD_B_N",625,20560625
23185,0,0,1e-12,TRUE,"VD_B_N",626,20560626
24193,0,0,1e-12,TRUE,"VD_B_N",627,20560627
23330,0,0,1e-12,TRUE,"VD_B_N",628,20560628
23839,0,0,1e-12,TRUE,"VD_B_N",629,20560629
23742,0,0,1e-12,TRUE,"VD_B_N",630,20560630
23239,0,0,1e-12,TRUE,"VD_B_N",631,20560631
23294,0,0,1e-12,TRUE,"VD_B_N",632,20560632
23294,0,0,1e-12,TRUE,"VD_B_N",633,20560633
23573,0,0,1e-12,TRUE,"VD_B_N",634,20560634
24032,0,0,1e-12,TRUE,"VD_B_N",635,20560635
24051,0,0,1e-12,TRUE,"VD_B_N",636,20560636
24044,0,0,1e-12,TRUE,"VD_B_N",637,20560637
22881,0,0,1e-12,TRUE,"VD_B_N",638,20560638
24241,0,0,1e-12,TRUE,"VD_B_N",639,20560639
23966,0,0,1e-12,TRUE,"VD_B_N",640,20560640
23569,0,0,1e-12,TRUE,"VD_B_N",641,20560641
23125,0,0,1e-12,TRUE,"VD_B_N",642,20560642
23485,0,0,1e-12,TRUE,"VD_B_N",643,20560643
24411,0,0,1e-12,TRUE,"VD_B_N",644,20560644
23910,0,0,1e-12,TRUE,"VD_B_N",645,20560645
22534,0,0,1e-12,TRUE,"VD_B_N",646,20560646
23731,0,0,1e-12,TRUE,"VD_B_N",647,20560647
22929,0,0,1e-12,TRUE,"VD_B_N",648,20560648
24926,0,0,1e-12,TRUE,"VD_B_N",649,20560649
24235,0,0,1e-12,TRUE,"VD_B_N",650,20560650
24270,0,0,1e-12,TRUE,"VD_B_N",651,20560651
23811,0,0,1e-12,TRUE,"VD_B_N",652,20560652
24744,0,0,1e-12,TRUE,"VD_B_N",653,20560653
23069,0,0,1e-12,TRUE,"VD_B_N",654,20560654
22745,0,0,1e-12,TRUE,"VD_B_N",655,20560655
23033,0,0,1e-12,TRUE,"VD_B_N",656,20560656
22944,0,0,1e-12,TRUE,"VD_B_N",657,20560657
23071,0,0,1e-12,TRUE,"VD_B_N",658,20560658
23138,0,0,1e-12,TRUE,"VD_B_N",659,20560659
23984,0,0,1e-12,TRUE,"VD_B_N",660,20560660
23247,0,0,1e-12,TRUE,"VD_B_N",661,20560661
23583,0,0,1e-12,TRUE,"VD_B_N",662,20560662
22483,0,0,1e-12,TRUE,"VD_B_N",663,20560663
23789,0,0,1e-12,TRUE,"VD_B_N",664,20560664
24492,0,0,1e-12,TRUE,"VD_B_N",665,20560665
23352,0,0,1e-12,TRUE,"VD_B_N",666,20560666
22916,0,0,1e-12,TRUE,"VD_B_N",667,20560667
23331,0,0,1e-12,TRUE,"VD_B_N",668,20560668
23871,0,0,1e-12,TRUE,"VD_B_N",669,20560669
22893,0,0,1e-12,TRUE,"VD_B_N",670,20560670
23748,0,0,1e-12,TRUE,"VD_B_N",671,20560671
24258,0,0,1e-12,TRUE,"VD_B_N",672,20560672
22881,0,0,1e-12,TRUE,"VD_B_N",673,20560673
24200,0,0,1e-12,TRUE,"VD_B_N",674,20560674
23328,0,0,1e-12,TRUE,"VD_B_N",675,20560675
24742,0,0,1e-12,TRUE,"VD_B_N",676,20560676
23152,0,0,1e-12,TRUE,"VD_B_N",677,20560677
23051,0,0,1e-12,TRUE,"VD_B_N",678,20560678
23857,0,0,1e-12,TRUE,"VD_B_N",679,20560679
23172,0,0,1e-12,TRUE,"VD_B_N",680,20560680
23485,0,0,1e-12,TRUE,"VD_B_N",681,20560681
24076,0,0,1e-12,TRUE,"VD_B_N",682,20560682
22804,0,0,1e-12,TRUE,"VD_B_N",683,20560683
24042,0,0,1e-12,TRUE,"VD_B_N",684,20560684
23910,0,0,1e-12,TRUE,"VD_B_N",685,20560685
23918,0,0,1e-12,TRUE,"VD_B_N",686,20560686
24096,0,0,1e-12,TRUE,"VD_B_N",687,20560687
23305,0,0,1e-12,TRUE,"VD_B_N",688,20560688
22969,0,0,1e-12,TRUE,"VD_B_N",689,20560689
22450,0,0,1e-12,TRUE,"VD_B_N",690,20560690
22835,0,0,1e-12,TRUE,"VD_B_N",691,20560691
23105,0,0,1e-12,TRUE,"VD_B_N",692,20560692
25183,0,0,1e-12,TRUE,"VD_B_N",693,20560693
23571,0,0,1e-12,TRUE,"VD_B_N",694,20560694
23141,0,0,1e-12,TRUE,"VD_B_N",695,20560695
24081,0,0,1e-12,TRUE,"VD_B_N",696,20560696
24673,0,0,1e-12,TRUE,"VD_B_N",697,20560697
23952,0,0,1e-12,TRUE,"VD_B_N",698,20560698
22800,0,0,1e-12,TRUE,"VD_B_N",699,20560699
24363,0,0,1e-12,TRUE,"VD_B_N",700,20560700
24398,0,0,1e-12,TRUE,"VD_B_N",701,20560701
23545,0,0,1e-12,TRUE,"VD_B_N",702,20560702
23121,0,0,1e-12,TRUE,"VD_B_N",703,20560703
24104,0,0,1e-12,TRUE,"VD_B_N",704,20560704
24604,0,0,1e-12,TRUE,"VD_B_N",705,20560705
23875,0,0,1e-12,TRUE,"VD_B_N",706,20560706
22844,0,0,1e-12,TRUE,"VD_B_N",707,20560707
23584,0,0,1e-12,TRUE,"VD_B_N",708,20560708
24134,0,0,1e-12,TRUE,"VD_B_N",709,20560709
23837,0,0,1e-12,TRUE,"VD_B_N",710,20560710
23425,0,0,1e-12,TRUE,"VD_B_N",711,20560711
24467,0,0,1e-12,TRUE,"VD_B_N",712,20560712
23990,0,0,1e-12,TRUE,"VD_B_N",713,20560713
23906,0,0,1e-12,TRUE,"VD_B_N",714,20560714
23330,0,0,1e-12,TRUE,"VD_B_N",715,20560715
24076,0,0,1e-12,TRUE,"VD_B_N",716,20560716
23580,0,0,1e-12,TRUE,"VD_B_N",717,20560717
23028,0,0,1e-12,TRUE,"VD_B_N",718,20560718
24970,0,0,1e-12,TRUE,"VD_B_N",719,20560719
22846,0,0,1e-12,TRUE,"VD_B_N",720,20560720
22293,0,0,1e-12,TRUE,"VD_B_N",721,20560721
23022,0,0,1e-12,TRUE,"VD_B_N",722,20560722
22829,0,0,1e-12,TRUE,"VD_B_N",723,20560723
22980,0,0,1e-12,TRUE,"VD_B_N",724,20560724
22975,0,0,1e-12,TRUE,"VD_B_N",725,20560725
23423,0,0,1e-12,TRUE,"VD_B_N",726,20560726
23829,0,0,1e-12,TRUE,"VD_B_N",727,20560727
23477,0,0,1e-12,TRUE,"VD_B_N",728,20560728
22532,0,0,1e-12,TRUE,"VD_B_N",729,20560729
23329,0,0,1e-12,TRUE,"VD_B_N",730,20560730
23576,0,0,1e-12,TRUE,"VD_B_N",731,20560731
23808,0,0,1e-12,TRUE,"VD_B_N",732,20560732
23443,0,0,1e-12,TRUE,"VD_B_N",733,20560733
22991,0,0,1e-12,TRUE,"VD_B_N",734,20560734
23372,0,0,1e-12,TRUE,"VD_B_N",735,20560735
24239,0,0,1e-12,TRUE,"VD_B_N",736,20560736
23161,0,0,1e-12,TRUE,"VD_B_N",737,20560737
24367,0,0,1e-12,TRUE,"VD_B_N",738,20560738
24318,0,0,1e-12,TRUE,"VD_B_N",739,20560739
23261,0,0,1e-12,TRUE,"VD_B_N",740,20560740
23224,0,0,1e-12,TRUE,"VD_B_N",741,20560741
23093,0,0,1e-12,TRUE,"VD_B_N",742,20560742
22734,0,0,1e-12,TRUE,"VD_B_N",743,20560743
23713,0,0,1e-12,TRUE,"VD_B_N",744,20560744
23404,0,0,1e-12,TRUE,"VD_B_N",745,20560745
24696,0,0,1e-12,TRUE,"VD_B_N",746,20560746
22670,0,0,1e-12,TRUE,"VD_B_N",747,20560747
22923,0,0,1e-12,TRUE,"VD_B_N",748,20560748
23289,0,0,1e-12,TRUE,"VD_B_N",749,20560749
23292,0,0,1e-12,TRUE,"VD_B_N",750,20560750
23192,0,0,1e-12,TRUE,"VD_B_N",751,20560751
22787,0,0,1e-12,TRUE,"VD_B_N",752,20560752
24273,0,0,1e-12,TRUE,"VD_B_N",753,20560753
23597,0,0,1e-12,TRUE,"VD_B_N",754,20560754
23516,0,0,1e-12,TRUE,"VD_B_N",755,20560755
23912,0,0,1e-12,TRUE,"VD_B_N",756,20560756
23350,0,0,1e-12,TRUE,"VD_B_N",757,20560757
24272,0,0,1e-12,TRUE,"VD_B_N",758,20560758
22696,0,0,1e-12,TRUE,"VD_B_N",759,20560759
24794,0,0,1e-12,TRUE,"VD_B_N",760,20560760
23344,0,0,1e-12,TRUE,"VD_B_N",761,20560761
23608,0,0,1e-12,TRUE,"VD_B_N",762,20560762
23411,0,0,1e-12,TRUE,"VD_B_N",763,20560763
24137,0,0,1e-12,TRUE,"VD_B_N",764,20560764
22939,0,0,1e-12,TRUE,"VD_B_N",765,20560765
23388,0,0,1e-12,TRUE,"VD_B_N",766,20560766
24919,0,0,1e-12,TRUE,"VD_B_N",767,20560767
23436,0,0,1e-12,TRUE,"VD_B_N",768,20560768
23154,0,0,1e-12,TRUE,"VD_B_N",769,20560769
23145,0,0,1e-12,TRUE,"VD_B_N",770,20560770
23047,0,0,1e-12,TRUE,"VD_B_N",771,20560771
22393,0,0,1e-12,TRUE,"VD_B_N",772,20560772
23271,0,0,1e-12,TRUE,"VD_B_N",773,20560773
23290,0,0,1e-12,TRUE,"VD_B_N",774,20560774
23788,0,0,1e-12,TRUE,"VD_B_N",775,20560775
23413,0,0,1e-12,TRUE,"VD_B_N",776,20560776
24396,0,0,1e-12,TRUE,"VD_B_N",777,20560777
23916,0,0,1e-12,TRUE,"VD_B_N",778,20560778
23810,0,0,1e-12,TRUE,"VD_B_N",779,20560779
24278,0,0,1e-12,TRUE,"VD_B_N",780,20560780
23667,0,0,1e-12,TRUE,"VD_B_N",781,20560781
23178,0,0,1e-12,TRUE,"VD_B_N",782,20560782
24943,0,0,1e-12,TRUE,"VD_B_N",783,20560783
23235,0,0,1e-12,TRUE,"VD_B_N",784,20560784
23446,0,0,1e-12,TRUE,"VD_B_N",785,20560785
23457,0,0,1e-12,TRUE,"VD_B_N",786,20560786
23847,0,0,1e-12,TRUE,"VD_B_N",787,20560787
22421,0,0,1e-12,TRUE,"VD_B_N",788,20560788
22798,0,0,1e-12,TRUE,"VD_B_N",789,20560789
24089,0,0,1e-12,TRUE,"VD_B_N",790,20560790
23799,0,0,1e-12,TRUE,"VD_B_N",791,20560791
23821,0,0,1e-12,TRUE,"VD_B_N",792,20560792
23445,0,0,1e-12,TRUE,"VD_B_N",793,20560793
23201,0,0,1e-12,TRUE,"VD_B_N",794,20560794
23748,0,0,1e-12,TRUE,"VD_B_N",795,20560795
23753,0,0,1e-12,TRUE,"VD_B_N",796,20560796
23693,0,0,1e-12,TRUE,"VD_B_N",797,20560797
23399,0,0,1e-12,TRUE,"VD_B_N",798,20560798
22244,0,0,1e-12,TRUE,"VD_B_N",799,20560799
23831,0,0,1e-12,TRUE,"VD_B_N",800,20560800
24379,0,0,1e-12,TRUE,"VD_B_N",801,20560801
23224,0,0,1e-12,TRUE,"VD_B_N",802,20560802
23739,0,0,1e-12,TRUE,"VD_B_N",803,20560803
22385,0,0,1e-12,TRUE,"VD_B_N",804,20560804
24787,0,0,1e-12,TRUE,"VD_B_N",805,20560805
23851,0,0,1e-12,TRUE,"VD_B_N",806,20560806
23724,0,0,1e-12,TRUE,"VD_B_N",807,20560807
25158,0,0,1e-12,TRUE,"VD_B_N",808,20560808
24020,0,0,1e-12,TRUE,"VD_B_N",809,20560809
22111,0,0,1e-12,TRUE,"VD_B_N",810,20560810
23417,0,0,1e-12,TRUE,"VD_B_N",811,20560811
22577,0,0,1e-12,TRUE,"VD_B_N",812,20560812
22757,0,0,1e-12,TRUE,"VD_B_N",813,20560813
23224,0,0,1e-12,TRUE,"VD_B_N",814,20560814
24698,0,0,1e-12,TRUE,"VD_B_N",815,20560815
23777,0,0,1e-12,TRUE,"VD_B_N",816,20560816
22797,0,0,1e-12,TRUE,"VD_B_N",817,20560817
22834,0,0,1e-12,TRUE,"VD_B_N",818,20560818
24219,0,0,1e-12,TRUE,"VD_B_N",819,20560819
22261,0,0,1e-12,TRUE,"VD_B_N",820,20560820
23671,0,0,1e-12,TRUE,"VD_B_N",821,20560821
24132,0,0,1e-12,TRUE,"VD_B_N",822,20560822
23016,0,0,1e-12,TRUE,"VD_B_N",823,20560823
23018,0,0,1e-12,TRUE,"VD_B_N",824,20560824
24358,0,0,1e-12,TRUE,"VD_B_N",825,20560825
23446,0,0,1e-12,TRUE,"VD_B_N",826,20560826
23821,0,0,1e-12,TRUE,"VD_B_N",827,20560827
23052,0,0,1e-12,TRUE,"VD_B_N",828,20560828
24263,0,0,1e-12,TRUE,"VD_B_N",829,20560829
23222,0,0,1e-12,TRUE,"VD_B_N",830,20560830
24118,0,0,1e-12,TRUE,"VD_B_N",831,20560831
24406,0,0,1e-12,TRUE,"VD_B_N",832,20560832
22905,0,0,1e-12,TRUE,"VD_B_N",833,20560833
23435,0,0,1e-12,TRUE,"VD_B_N",834,20560834
23649,0,0,1e-12,TRUE,"VD_B_N",835,20560835
23375,0,0,1e-12,TRUE,"VD_B_N",836,20560836
23484,0,0,1e-12,TRUE,"VD_B_N",837,20560837
23984,0,0,1e-12,TRUE,"VD_B_N",838,20560838
23748,0,0,1e-12,TRUE,"VD_B_N",839,20560839
23173,0,0,1e-12,TRUE,"VD_B_N",840,20560840
23607,0,0,1e-12,TRUE,"VD_B_N",841,20560841
23645,0,0,1e-12,TRUE,"VD_B_N",842,20560842
23363,0,0,1e-12,TRUE,"VD_B_N",843,20560843
23240,0,0,1e-12,TRUE,"VD_B_N",844,20560844
24301,0,0,1e-12,TRUE,"VD_B_N",845,20560845
23298,0,0,1e-12,TRUE,"VD_B_N",846,20560846
22605,0,0,1e-12,TRUE,"VD_B_N",847,20560847
23252,0,0,1e-12,TRUE,"VD_B_N",848,20560848
23540,0,0,1e-12,TRUE,"VD_B_N",849,20560849
23098,0,0,1e-12,TRUE,"VD_B_N",850,20560850
22976,0,0,1e-12,TRUE,"VD_B_N",851,20560851
22345,0,0,1e-12,TRUE,"VD_B_N",852,20560852
23443,0,0,1e-12,TRUE,"VD_B_N",853,20560853
23724,0,0,1e-12,TRUE,"VD_B_N",854,20560854
24199,0,0,1e-12,TRUE,"VD_B_N",855,20560855
23903,0,0,1e-12,TRUE,"VD_B_N",856,20560856
23110,0,0,1e-12,TRUE,"VD_B_N",857,20560857
22401,0,0,1e-12,TRUE,"VD_B_N",858,20560858
23318,0,0,1e-12,TRUE,"VD_B_N",859,20560859
24508,0,0,1e-12,TRUE,"VD_B_N",860,20560860
22897,0,0,1e-12,TRUE,"VD_B_N",861,20560861
23703,0,0,1e-12,TRUE,"VD_B_N",862,20560862
23756,0,0,1e-12,TRUE,"VD_B_N",863,20560863
23625,0,0,1e-12,TRUE,"VD_B_N",864,20560864
23691,0,0,1e-12,TRUE,"VD_B_N",865,20560865
24898,0,0,1e-12,TRUE,"VD_B_N",866,20560866
24352,0,0,1e-12,TRUE,"VD_B_N",867,20560867
22579,0,0,1e-12,TRUE,"VD_B_N",868,20560868
23566,0,0,1e-12,TRUE,"VD_B_N",869,20560869
23316,0,0,1e-12,TRUE,"VD_B_N",870,20560870
24093,0,0,1e-12,TRUE,"VD_B_N",871,20560871
23791,0,0,1e-12,TRUE,"VD_B_N",872,20560872
23610,0,0,1e-12,TRUE,"VD_B_N",873,20560873
24288,0,0,1e-12,TRUE,"VD_B_N",874,20560874
24019,0,0,1e-12,TRUE,"VD_B_N",875,20560875
22504,0,0,1e-12,TRUE,"VD_B_N",876,20560876
24034,0,0,1e-12,TRUE,"VD_B_N",877,20560877
22658,0,0,1e-12,TRUE,"VD_B_N",878,20560878
22961,0,0,1e-12,TRUE,"VD_B_N",879,20560879
24539,0,0,1e-12,TRUE,"VD_B_N",880,20560880
23778,0,0,1e-12,TRUE,"VD_B_N",881,20560881
24722,0,0,1e-12,TRUE,"VD_B_N",882,20560882
23462,0,0,1e-12,TRUE,"VD_B_N",883,20560883
24050,0,0,1e-12,TRUE,"VD_B_N",884,20560884
22535,0,0,1e-12,TRUE,"VD_B_N",885,20560885
23240,0,0,1e-12,TRUE,"VD_B_N",886,20560886
23265,0,0,1e-12,TRUE,"VD_B_N",887,20560887
24939,0,0,1e-12,TRUE,"VD_B_N",888,20560888
24360,0,0,1e-12,TRUE,"VD_B_N",889,20560889
23709,0,0,1e-12,TRUE,"VD_B_N",890,20560890
24704,0,0,1e-12,TRUE,"VD_B_N",891,20560891
24016,0,0,1e-12,TRUE,"VD_B_N",892,20560892
23200,0,0,1e-12,TRUE,"VD_B_N",893,20560893
23148,0,0,1e-12,TRUE,"VD_B_N",894,20560894
22873,0,0,1e-12,TRUE,"VD_B_N",895,20560895
23678,0,0,1e-12,TRUE,"VD_B_N",896,20560896
22843,0,0,1e-12,TRUE,"VD_B_N",897,20560897
22958,0,0,1e-12,TRUE,"VD_B_N",898,20560898
24652,0,0,1e-12,TRUE,"VD_B_N",899,20560899
23507,0,0,1e-12,TRUE,"VD_B_N",900,20560900
23193,0,0,1e-12,TRUE,"VD_B_N",901,20560901
23904,0,0,1e-12,TRUE,"VD_B_N",902,20560902
24014,0,0,1e-12,TRUE,"VD_B_N",903,20560903
24649,0,0,1e-12,TRUE,"VD_B_N",904,20560904
21927,0,0,1e-12,TRUE,"VD_B_N",905,20560905
25036,0,0,1e-12,TRUE,"VD_B_N",906,20560906
23641,0,0,1e-12,TRUE,"VD_B_N",907,20560907
24316,0,0,1e-12,TRUE,"VD_B_N",908,20560908
23162,0,0,1e-12,TRUE,"VD_B_N",909,20560909
23876,0,0,1e-12,TRUE,"VD_B_N",910,20560910
23626,0,0,1e-12,TRUE,"VD_B_N",911,20560911
24239,0,0,1e-12,TRUE,"VD_B_N",912,20560912
24165,0,0,1e-12,TRUE,"VD_B_N",913,20560913
23197,0,0,1e-12,TRUE,"VD_B_N",914,20560914
22457,0,0,1e-12,TRUE,"VD_B_N",915,20560915
23740,0,0,1e-12,TRUE,"VD_B_N",916,20560916
23197,0,0,1e-12,TRUE,"VD_B_N",917,20560917
23906,0,0,1e-12,TRUE,"VD_B_N",918,20560918
23321,0,0,1e-12,TRUE,"VD_B_N",919,20560919
23719,0,0,1e-12,TRUE,"VD_B_N",920,20560920
23095,0,0,1e-12,TRUE,"VD_B_N",921,20560921
23262,0,0,1e-12,TRUE,"VD_B_N",922,20560922
24157,0,0,1e-12,TRUE,"VD_B_N",923,20560923
24735,0,0,1e-12,TRUE,"VD_B_N",924,20560924
23332,0,0,1e-12,TRUE,"VD_B_N",925,20560925
23705,0,0,1e-12,TRUE,"VD_B_N",926,20560926
23147,0,0,1e-12,TRUE,"VD_B_N",927,20560927
22927,0,0,1e-12,TRUE,"VD_B_N",928,20560928
24148,0,0,1e-12,TRUE,"VD_B_N",929,20560929
23300,0,0,1e-12,TRUE,"VD_B_N",930,20560930
24172,0,0,1e-12,TRUE,"VD_B_N",931,20560931
23771,0,0,1e-12,TRUE,"VD_B_N",932,20560932
22824,0,0,1e-12,TRUE,"VD_B_N",933,20560933
24202,0,0,1e-12,TRUE,"VD_B_N",934,20560934
22434,0,0,1e-12,TRUE,"VD_B_N",935,20560935
24479,0,0,1e-12,TRUE,"VD_B_N",936,20560936
21965,0,0,1e-12,TRUE,"VD_B_N",937,20560937
23579,0,0,1e-12,TRUE,"VD_B_N",938,20560938
22967,0,0,1e-12,TRUE,"VD_B_N",939,20560939
24456,0,0,1e-12,TRUE,"VD_B_N",940,20560940
23851,0,0,1e-12,TRUE,"VD_B_N",941,20560941
23540,0,0,1e-12,TRUE,"VD_B_N",942,20560942
23385,0,0,1e-12,TRUE,"VD_B_N",943,20560943
23114,0,0,1e-12,TRUE,"VD_B_N",944,20560944
24445,0,0,1e-12,TRUE,"VD_B_N",945,20560945
24260,0,0,1e-12,TRUE,"VD_B_N",946,20560946
23813,0,0,1e-12,TRUE,"VD_B_N",947,20560947
23195,0,0,1e-12,TRUE,"VD_B_N",948,20560948
24845,0,0,1e-12,TRUE,"VD_B_N",949,20560949
24338,0,0,1e-12,TRUE,"VD_B_N",950,20560950
23220,0,0,1e-12,TRUE,"VD_B_N",951,20560951
23846,0,0,1e-12,TRUE,"VD_B_N",952,20560952
22256,0,0,1e-12,TRUE,"VD_B_N",953,20560953
24213,0,0,1e-12,TRUE,"VD_B_N",954,20560954
24179,0,0,1e-12,TRUE,"VD_B_N",955,20560955
23700,0,0,1e-12,TRUE,"VD_B_N",956,20560956
23015,0,0,1e-12,TRUE,"VD_B_N",957,20560957
23105,0,0,1e-12,TRUE,"VD_B_N",958,20560958
23057,0,0,1e-12,TRUE,"VD_B_N",959,20560959
23432,0,0,1e-12,TRUE,"VD_B_N",960,20560960
24121,0,0,1e-12,TRUE,"VD_B_N",961,20560961
23979,0,0,1e-12,TRUE,"VD_B_N",962,20560962
22941,0,0,1e-12,TRUE,"VD_B_N",963,20560963
24309,0,0,1e-12,TRUE,"VD_B_N",964,20560964
23129,0,0,1e-12,TRUE,"VD_B_N",965,20560965
23269,0,0,1e-12,TRUE,"VD_B_N",966,20560966
24358,0,0,1e-12,TRUE,"VD_B_N",967,20560967
23519,0,0,1e-12,TRUE,"VD_B_N",968,20560968
23294,0,0,1e-12,TRUE,"VD_B_N",969,20560969
23787,0,0,1e-12,TRUE,"VD_B_N",970,20560970
22936,0,0,1e-12,TRUE,"VD_B_N",971,20560971
23625,0,0,1e-12,TRUE,"VD_B_N",972,20560972
23293,0,0,1e-12,TRUE,"VD_B_N",973,20560973
23065,0,0,1e-12,TRUE,"VD_B_N",974,20560974
23078,0,0,1e-12,TRUE,"VD_B_N",975,20560975
23554,0,0,1e-12,TRUE,"VD_B_N",976,20560976
24410,0,0,1e-12,TRUE,"VD_B_N",977,20560977
23608,0,0,1e-12,TRUE,"VD_B_N",978,20560978
24584,0,0,1e-12,TRUE,"VD_B_N",979,20560979
24675,0,0,1e-12,TRUE,"VD_B_N",980,20560980
23485,0,0,1e-12,TRUE,"VD_B_N",981,20560981
24553,0,0,1e-12,TRUE,"VD_B_N",982,20560982
23773,0,0,1e-12,TRUE,"VD_B_N",983,20560983
24229,0,0,1e-12,TRUE,"VD_B_N",984,20560984
23686,0,0,1e-12,TRUE,"VD_B_N",985,20560985
23833,0,0,1e-12,TRUE,"VD_B_N",986,20560986
23819,0,0,1e-12,TRUE,"VD_B_N",987,20560987
24041,0,0,1e-12,TRUE,"VD_B_N",988,20560988
24377,0,0,1e-12,TRUE,"VD_B_N",989,20560989
23372,0,0,1e-12,TRUE,"VD_B_N",990,20560990
24328,0,0,1e-12,TRUE,"VD_B_N",991,20560991
23972,0,0,1e-12,TRUE,"VD_B_N",992,20560992
24629,0,0,1e-12,TRUE,"VD_B_N",993,20560993
25046,0,0,1e-12,TRUE,"VD_B_N",994,20560994
23524,0,0,1e-12,TRUE,"VD_B_N",995,20560995
23751,0,0,1e-12,TRUE,"VD_B_N",996,20560996
23486,0,0,1e-12,TRUE,"VD_B_N",997,20560997
23610,0,0,1e-12,TRUE,"VD_B_N",998,20560998
23457,0,0,1e-12,TRUE,"VD_B_N",999,20560999
23831,0,0,1e-12,TRUE,"VD_B_N",1000,20561000
23547,0,0,1e-12,TRUE,"VD_B_A",1,20660001
23332,0,0,1e-12,TRUE,"VD_B_A",2,20660002
23374,0,0,1e-12,TRUE,"VD_B_A",3,20660003
23114,0,0,1e-12,TRUE,"VD_B_A",4,20660004
23686,0,0,1e-12,TRUE,"VD_B_A",5,20660005
24047,0,0,1e-12,TRUE,"VD_B_A",6,20660006
23368,0,0,1e-12,TRUE,"VD_B_A",7,20660007
24075,0,0,1e-12,TRUE,"VD_B_A",8,20660008
24774,0,0,1e-12,TRUE,"VD_B_A",9,20660009
24783,0,0,1e-12,TRUE,"VD_B_A",10,20660010
23978,0,0,1e-12,TRUE,"VD_B_A",11,20660011
24589,0,0,1e-12,TRUE,"VD_B_A",12,20660012
23048,0,0,1e-12,TRUE,"VD_B_A",13,20660013
22930,0,0,1e-12,TRUE,"VD_B_A",14,20660014
23975,0,0,1e-12,TRUE,"VD_B_A",15,20660015
24045,0,0,1e-12,TRUE,"VD_B_A",16,20660016
22913,0,0,1e-12,TRUE,"VD_B_A",17,20660017
23540,0,0,1e-12,TRUE,"VD_B_A",18,20660018
23344,0,0,1e-12,TRUE,"VD_B_A",19,20660019
23504,0,0,1e-12,TRUE,"VD_B_A",20,20660020
23422,0,0,1e-12,TRUE,"VD_B_A",21,20660021
22334,0,0,1e-12,TRUE,"VD_B_A",22,20660022
22889,0,0,1e-12,TRUE,"VD_B_A",23,20660023
24606,0,0,1e-12,TRUE,"VD_B_A",24,20660024
22722,0,0,1e-12,TRUE,"VD_B_A",25,20660025
22934,0,0,1e-12,TRUE,"VD_B_A",26,20660026
22747,0,0,1e-12,TRUE,"VD_B_A",27,20660027
23509,0,0,1e-12,TRUE,"VD_B_A",28,20660028
23060,0,0,1e-12,TRUE,"VD_B_A",29,20660029
23678,0,0,1e-12,TRUE,"VD_B_A",30,20660030
22828,0,0,1e-12,TRUE,"VD_B_A",31,20660031
22450,0,0,1e-12,TRUE,"VD_B_A",32,20660032
22751,0,0,1e-12,TRUE,"VD_B_A",33,20660033
24266,0,0,1e-12,TRUE,"VD_B_A",34,20660034
22807,0,0,1e-12,TRUE,"VD_B_A",35,20660035
23224,0,0,1e-12,TRUE,"VD_B_A",36,20660036
22518,0,0,1e-12,TRUE,"VD_B_A",37,20660037
23161,0,0,1e-12,TRUE,"VD_B_A",38,20660038
23201,0,0,1e-12,TRUE,"VD_B_A",39,20660039
23376,0,0,1e-12,TRUE,"VD_B_A",40,20660040
23246,0,0,1e-12,TRUE,"VD_B_A",41,20660041
24626,0,0,1e-12,TRUE,"VD_B_A",42,20660042
22966,0,0,1e-12,TRUE,"VD_B_A",43,20660043
23938,0,0,1e-12,TRUE,"VD_B_A",44,20660044
22930,0,0,1e-12,TRUE,"VD_B_A",45,20660045
24331,0,0,1e-12,TRUE,"VD_B_A",46,20660046
23242,0,0,1e-12,TRUE,"VD_B_A",47,20660047
23302,0,0,1e-12,TRUE,"VD_B_A",48,20660048
23497,0,0,1e-12,TRUE,"VD_B_A",49,20660049
22907,0,0,1e-12,TRUE,"VD_B_A",50,20660050
22651,0,0,1e-12,TRUE,"VD_B_A",51,20660051
23100,0,0,1e-12,TRUE,"VD_B_A",52,20660052
23653,0,0,1e-12,TRUE,"VD_B_A",53,20660053
24054,0,0,1e-12,TRUE,"VD_B_A",54,20660054
23745,0,0,1e-12,TRUE,"VD_B_A",55,20660055
22939,0,0,1e-12,TRUE,"VD_B_A",56,20660056
23099,0,0,1e-12,TRUE,"VD_B_A",57,20660057
24094,0,0,1e-12,TRUE,"VD_B_A",58,20660058
23612,0,0,1e-12,TRUE,"VD_B_A",59,20660059
23241,0,0,1e-12,TRUE,"VD_B_A",60,20660060
23900,0,0,1e-12,TRUE,"VD_B_A",61,20660061
24164,0,0,1e-12,TRUE,"VD_B_A",62,20660062
23399,0,0,1e-12,TRUE,"VD_B_A",63,20660063
23188,0,0,1e-12,TRUE,"VD_B_A",64,20660064
24677,0,0,1e-12,TRUE,"VD_B_A",65,20660065
23898,0,0,1e-12,TRUE,"VD_B_A",66,20660066
23624,0,0,1e-12,TRUE,"VD_B_A",67,20660067
22999,0,0,1e-12,TRUE,"VD_B_A",68,20660068
22880,0,0,1e-12,TRUE,"VD_B_A",69,20660069
23035,0,0,1e-12,TRUE,"VD_B_A",70,20660070
23788,0,0,1e-12,TRUE,"VD_B_A",71,20660071
23735,0,0,1e-12,TRUE,"VD_B_A",72,20660072
23723,0,0,1e-12,TRUE,"VD_B_A",73,20660073
22445,0,0,1e-12,TRUE,"VD_B_A",74,20660074
22461,0,0,1e-12,TRUE,"VD_B_A",75,20660075
23650,0,0,1e-12,TRUE,"VD_B_A",76,20660076
23277,0,0,1e-12,TRUE,"VD_B_A",77,20660077
23084,0,0,1e-12,TRUE,"VD_B_A",78,20660078
23899,0,0,1e-12,TRUE,"VD_B_A",79,20660079
22957,0,0,1e-12,TRUE,"VD_B_A",80,20660080
22930,0,0,1e-12,TRUE,"VD_B_A",81,20660081
23094,0,0,1e-12,TRUE,"VD_B_A",82,20660082
23024,0,0,1e-12,TRUE,"VD_B_A",83,20660083
23133,0,0,1e-12,TRUE,"VD_B_A",84,20660084
22890,0,0,1e-12,TRUE,"VD_B_A",85,20660085
23102,0,0,1e-12,TRUE,"VD_B_A",86,20660086
24168,0,0,1e-12,TRUE,"VD_B_A",87,20660087
24047,0,0,1e-12,TRUE,"VD_B_A",88,20660088
22487,0,0,1e-12,TRUE,"VD_B_A",89,20660089
23460,0,0,1e-12,TRUE,"VD_B_A",90,20660090
23733,0,0,1e-12,TRUE,"VD_B_A",91,20660091
23779,0,0,1e-12,TRUE,"VD_B_A",92,20660092
23029,0,0,1e-12,TRUE,"VD_B_A",93,20660093
23346,0,0,1e-12,TRUE,"VD_B_A",94,20660094
24035,0,0,1e-12,TRUE,"VD_B_A",95,20660095
24076,0,0,1e-12,TRUE,"VD_B_A",96,20660096
23217,0,0,1e-12,TRUE,"VD_B_A",97,20660097
23283,0,0,1e-12,TRUE,"VD_B_A",98,20660098
23359,0,0,1e-12,TRUE,"VD_B_A",99,20660099
23038,0,0,1e-12,TRUE,"VD_B_A",100,20660100
22581,0,0,1e-12,TRUE,"VD_B_A",101,20660101
24566,0,0,1e-12,TRUE,"VD_B_A",102,20660102
23883,0,0,1e-12,TRUE,"VD_B_A",103,20660103
23327,0,0,1e-12,TRUE,"VD_B_A",104,20660104
23155,0,0,1e-12,TRUE,"VD_B_A",105,20660105
22715,0,0,1e-12,TRUE,"VD_B_A",106,20660106
23035,0,0,1e-12,TRUE,"VD_B_A",107,20660107
23181,0,0,1e-12,TRUE,"VD_B_A",108,20660108
24134,0,0,1e-12,TRUE,"VD_B_A",109,20660109
23524,0,0,1e-12,TRUE,"VD_B_A",110,20660110
23459,0,0,1e-12,TRUE,"VD_B_A",111,20660111
24196,0,0,1e-12,TRUE,"VD_B_A",112,20660112
22956,0,0,1e-12,TRUE,"VD_B_A",113,20660113
24267,0,0,1e-12,TRUE,"VD_B_A",114,20660114
22942,0,0,1e-12,TRUE,"VD_B_A",115,20660115
23463,0,0,1e-12,TRUE,"VD_B_A",116,20660116
22313,0,0,1e-12,TRUE,"VD_B_A",117,20660117
24541,0,0,1e-12,TRUE,"VD_B_A",118,20660118
23687,0,0,1e-12,TRUE,"VD_B_A",119,20660119
23701,0,0,1e-12,TRUE,"VD_B_A",120,20660120
22186,0,0,1e-12,TRUE,"VD_B_A",121,20660121
23252,0,0,1e-12,TRUE,"VD_B_A",122,20660122
23787,0,0,1e-12,TRUE,"VD_B_A",123,20660123
23393,0,0,1e-12,TRUE,"VD_B_A",124,20660124
23924,0,0,1e-12,TRUE,"VD_B_A",125,20660125
24052,0,0,1e-12,TRUE,"VD_B_A",126,20660126
23904,0,0,1e-12,TRUE,"VD_B_A",127,20660127
21843,0,0,1e-12,TRUE,"VD_B_A",128,20660128
23245,0,0,1e-12,TRUE,"VD_B_A",129,20660129
23494,0,0,1e-12,TRUE,"VD_B_A",130,20660130
24234,0,0,1e-12,TRUE,"VD_B_A",131,20660131
22850,0,0,1e-12,TRUE,"VD_B_A",132,20660132
23053,0,0,1e-12,TRUE,"VD_B_A",133,20660133
22843,0,0,1e-12,TRUE,"VD_B_A",134,20660134
23480,0,0,1e-12,TRUE,"VD_B_A",135,20660135
23792,0,0,1e-12,TRUE,"VD_B_A",136,20660136
23406,0,0,1e-12,TRUE,"VD_B_A",137,20660137
22783,0,0,1e-12,TRUE,"VD_B_A",138,20660138
23230,0,0,1e-12,TRUE,"VD_B_A",139,20660139
23856,0,0,1e-12,TRUE,"VD_B_A",140,20660140
24523,0,0,1e-12,TRUE,"VD_B_A",141,20660141
23027,0,0,1e-12,TRUE,"VD_B_A",142,20660142
23510,0,0,1e-12,TRUE,"VD_B_A",143,20660143
23700,0,0,1e-12,TRUE,"VD_B_A",144,20660144
23183,0,0,1e-12,TRUE,"VD_B_A",145,20660145
22692,0,0,1e-12,TRUE,"VD_B_A",146,20660146
23189,0,0,1e-12,TRUE,"VD_B_A",147,20660147
23321,0,0,1e-12,TRUE,"VD_B_A",148,20660148
23220,0,0,1e-12,TRUE,"VD_B_A",149,20660149
24334,0,0,1e-12,TRUE,"VD_B_A",150,20660150
22174,0,0,1e-12,TRUE,"VD_B_A",151,20660151
23171,0,0,1e-12,TRUE,"VD_B_A",152,20660152
23158,0,0,1e-12,TRUE,"VD_B_A",153,20660153
24086,0,0,1e-12,TRUE,"VD_B_A",154,20660154
23079,0,0,1e-12,TRUE,"VD_B_A",155,20660155
23545,0,0,1e-12,TRUE,"VD_B_A",156,20660156
23583,0,0,1e-12,TRUE,"VD_B_A",157,20660157
23919,0,0,1e-12,TRUE,"VD_B_A",158,20660158
22725,0,0,1e-12,TRUE,"VD_B_A",159,20660159
23730,0,0,1e-12,TRUE,"VD_B_A",160,20660160
23190,0,0,1e-12,TRUE,"VD_B_A",161,20660161
22611,0,0,1e-12,TRUE,"VD_B_A",162,20660162
23261,0,0,1e-12,TRUE,"VD_B_A",163,20660163
22366,0,0,1e-12,TRUE,"VD_B_A",164,20660164
23976,0,0,1e-12,TRUE,"VD_B_A",165,20660165
23933,0,0,1e-12,TRUE,"VD_B_A",166,20660166
23157,0,0,1e-12,TRUE,"VD_B_A",167,20660167
22976,0,0,1e-12,TRUE,"VD_B_A",168,20660168
23079,0,0,1e-12,TRUE,"VD_B_A",169,20660169
23074,0,0,1e-12,TRUE,"VD_B_A",170,20660170
22526,0,0,1e-12,TRUE,"VD_B_A",171,20660171
22662,0,0,1e-12,TRUE,"VD_B_A",172,20660172
23305,0,0,1e-12,TRUE,"VD_B_A",173,20660173
23353,0,0,1e-12,TRUE,"VD_B_A",174,20660174
24473,0,0,1e-12,TRUE,"VD_B_A",175,20660175
23564,0,0,1e-12,TRUE,"VD_B_A",176,20660176
23489,0,0,1e-12,TRUE,"VD_B_A",177,20660177
24234,0,0,1e-12,TRUE,"VD_B_A",178,20660178
24085,0,0,1e-12,TRUE,"VD_B_A",179,20660179
23027,0,0,1e-12,TRUE,"VD_B_A",180,20660180
23730,0,0,1e-12,TRUE,"VD_B_A",181,20660181
23494,0,0,1e-12,TRUE,"VD_B_A",182,20660182
23399,0,0,1e-12,TRUE,"VD_B_A",183,20660183
24419,0,0,1e-12,TRUE,"VD_B_A",184,20660184
23543,0,0,1e-12,TRUE,"VD_B_A",185,20660185
22902,0,0,1e-12,TRUE,"VD_B_A",186,20660186
23541,0,0,1e-12,TRUE,"VD_B_A",187,20660187
23058,0,0,1e-12,TRUE,"VD_B_A",188,20660188
23599,0,0,1e-12,TRUE,"VD_B_A",189,20660189
23474,0,0,1e-12,TRUE,"VD_B_A",190,20660190
23790,0,0,1e-12,TRUE,"VD_B_A",191,20660191
23245,0,0,1e-12,TRUE,"VD_B_A",192,20660192
23356,0,0,1e-12,TRUE,"VD_B_A",193,20660193
24045,0,0,1e-12,TRUE,"VD_B_A",194,20660194
24302,0,0,1e-12,TRUE,"VD_B_A",195,20660195
22616,0,0,1e-12,TRUE,"VD_B_A",196,20660196
23134,0,0,1e-12,TRUE,"VD_B_A",197,20660197
23655,0,0,1e-12,TRUE,"VD_B_A",198,20660198
23614,0,0,1e-12,TRUE,"VD_B_A",199,20660199
23728,0,0,1e-12,TRUE,"VD_B_A",200,20660200
22417,0,0,1e-12,TRUE,"VD_B_A",201,20660201
22746,0,0,1e-12,TRUE,"VD_B_A",202,20660202
22927,0,0,1e-12,TRUE,"VD_B_A",203,20660203
23856,0,0,1e-12,TRUE,"VD_B_A",204,20660204
24081,0,0,1e-12,TRUE,"VD_B_A",205,20660205
23838,0,0,1e-12,TRUE,"VD_B_A",206,20660206
23290,0,0,1e-12,TRUE,"VD_B_A",207,20660207
22695,0,0,1e-12,TRUE,"VD_B_A",208,20660208
23332,0,0,1e-12,TRUE,"VD_B_A",209,20660209
23614,0,0,1e-12,TRUE,"VD_B_A",210,20660210
22488,0,0,1e-12,TRUE,"VD_B_A",211,20660211
23705,0,0,1e-12,TRUE,"VD_B_A",212,20660212
23571,0,0,1e-12,TRUE,"VD_B_A",213,20660213
23725,0,0,1e-12,TRUE,"VD_B_A",214,20660214
24281,0,0,1e-12,TRUE,"VD_B_A",215,20660215
23889,0,0,1e-12,TRUE,"VD_B_A",216,20660216
24709,0,0,1e-12,TRUE,"VD_B_A",217,20660217
22807,0,0,1e-12,TRUE,"VD_B_A",218,20660218
22225,0,0,1e-12,TRUE,"VD_B_A",219,20660219
23943,0,0,1e-12,TRUE,"VD_B_A",220,20660220
25368,0,0,1e-12,TRUE,"VD_B_A",221,20660221
24491,0,0,1e-12,TRUE,"VD_B_A",222,20660222
23079,0,0,1e-12,TRUE,"VD_B_A",223,20660223
23404,0,0,1e-12,TRUE,"VD_B_A",224,20660224
23809,0,0,1e-12,TRUE,"VD_B_A",225,20660225
22393,0,0,1e-12,TRUE,"VD_B_A",226,20660226
23357,0,0,1e-12,TRUE,"VD_B_A",227,20660227
23317,0,0,1e-12,TRUE,"VD_B_A",228,20660228
23167,0,0,1e-12,TRUE,"VD_B_A",229,20660229
24047,0,0,1e-12,TRUE,"VD_B_A",230,20660230
23523,0,0,1e-12,TRUE,"VD_B_A",231,20660231
23628,0,0,1e-12,TRUE,"VD_B_A",232,20660232
22417,0,0,1e-12,TRUE,"VD_B_A",233,20660233
24006,0,0,1e-12,TRUE,"VD_B_A",234,20660234
22037,0,0,1e-12,TRUE,"VD_B_A",235,20660235
23060,0,0,1e-12,TRUE,"VD_B_A",236,20660236
23197,0,0,1e-12,TRUE,"VD_B_A",237,20660237
23176,0,0,1e-12,TRUE,"VD_B_A",238,20660238
22284,0,0,1e-12,TRUE,"VD_B_A",239,20660239
23171,0,0,1e-12,TRUE,"VD_B_A",240,20660240
22915,0,0,1e-12,TRUE,"VD_B_A",241,20660241
23910,0,0,1e-12,TRUE,"VD_B_A",242,20660242
24490,0,0,1e-12,TRUE,"VD_B_A",243,20660243
23550,0,0,1e-12,TRUE,"VD_B_A",244,20660244
23434,0,0,1e-12,TRUE,"VD_B_A",245,20660245
23647,0,0,1e-12,TRUE,"VD_B_A",246,20660246
23183,0,0,1e-12,TRUE,"VD_B_A",247,20660247
23500,0,0,1e-12,TRUE,"VD_B_A",248,20660248
23580,0,0,1e-12,TRUE,"VD_B_A",249,20660249
23407,0,0,1e-12,TRUE,"VD_B_A",250,20660250
22882,0,0,1e-12,TRUE,"VD_B_A",251,20660251
22411,0,0,1e-12,TRUE,"VD_B_A",252,20660252
22951,0,0,1e-12,TRUE,"VD_B_A",253,20660253
23365,0,0,1e-12,TRUE,"VD_B_A",254,20660254
24234,0,0,1e-12,TRUE,"VD_B_A",255,20660255
23349,0,0,1e-12,TRUE,"VD_B_A",256,20660256
23769,0,0,1e-12,TRUE,"VD_B_A",257,20660257
23099,0,0,1e-12,TRUE,"VD_B_A",258,20660258
24193,0,0,1e-12,TRUE,"VD_B_A",259,20660259
24272,0,0,1e-12,TRUE,"VD_B_A",260,20660260
22832,0,0,1e-12,TRUE,"VD_B_A",261,20660261
23443,0,0,1e-12,TRUE,"VD_B_A",262,20660262
24239,0,0,1e-12,TRUE,"VD_B_A",263,20660263
23050,0,0,1e-12,TRUE,"VD_B_A",264,20660264
23974,0,0,1e-12,TRUE,"VD_B_A",265,20660265
22888,0,0,1e-12,TRUE,"VD_B_A",266,20660266
23782,0,0,1e-12,TRUE,"VD_B_A",267,20660267
23399,0,0,1e-12,TRUE,"VD_B_A",268,20660268
23748,0,0,1e-12,TRUE,"VD_B_A",269,20660269
23705,0,0,1e-12,TRUE,"VD_B_A",270,20660270
24000,0,0,1e-12,TRUE,"VD_B_A",271,20660271
23136,0,0,1e-12,TRUE,"VD_B_A",272,20660272
23847,0,0,1e-12,TRUE,"VD_B_A",273,20660273
23704,0,0,1e-12,TRUE,"VD_B_A",274,20660274
23541,0,0,1e-12,TRUE,"VD_B_A",275,20660275
24126,0,0,1e-12,TRUE,"VD_B_A",276,20660276
23002,0,0,1e-12,TRUE,"VD_B_A",277,20660277
23081,0,0,1e-12,TRUE,"VD_B_A",278,20660278
23172,0,0,1e-12,TRUE,"VD_B_A",279,20660279
23699,0,0,1e-12,TRUE,"VD_B_A",280,20660280
23656,0,0,1e-12,TRUE,"VD_B_A",281,20660281
22911,0,0,1e-12,TRUE,"VD_B_A",282,20660282
23111,0,0,1e-12,TRUE,"VD_B_A",283,20660283
22769,0,0,1e-12,TRUE,"VD_B_A",284,20660284
23668,0,0,1e-12,TRUE,"VD_B_A",285,20660285
23200,0,0,1e-12,TRUE,"VD_B_A",286,20660286
23524,0,0,1e-12,TRUE,"VD_B_A",287,20660287
23972,0,0,1e-12,TRUE,"VD_B_A",288,20660288
23231,0,0,1e-12,TRUE,"VD_B_A",289,20660289
23412,0,0,1e-12,TRUE,"VD_B_A",290,20660290
23696,0,0,1e-12,TRUE,"VD_B_A",291,20660291
23188,0,0,1e-12,TRUE,"VD_B_A",292,20660292
23285,0,0,1e-12,TRUE,"VD_B_A",293,20660293
23445,0,0,1e-12,TRUE,"VD_B_A",294,20660294
23841,0,0,1e-12,TRUE,"VD_B_A",295,20660295
23766,0,0,1e-12,TRUE,"VD_B_A",296,20660296
23173,0,0,1e-12,TRUE,"VD_B_A",297,20660297
23816,0,0,1e-12,TRUE,"VD_B_A",298,20660298
22768,0,0,1e-12,TRUE,"VD_B_A",299,20660299
23335,0,0,1e-12,TRUE,"VD_B_A",300,20660300
23267,0,0,1e-12,TRUE,"VD_B_A",301,20660301
22692,0,0,1e-12,TRUE,"VD_B_A",302,20660302
24313,0,0,1e-12,TRUE,"VD_B_A",303,20660303
24270,0,0,1e-12,TRUE,"VD_B_A",304,20660304
22672,0,0,1e-12,TRUE,"VD_B_A",305,20660305
23862,0,0,1e-12,TRUE,"VD_B_A",306,20660306
24253,0,0,1e-12,TRUE,"VD_B_A",307,20660307
23742,0,0,1e-12,TRUE,"VD_B_A",308,20660308
21929,0,0,1e-12,TRUE,"VD_B_A",309,20660309
24292,0,0,1e-12,TRUE,"VD_B_A",310,20660310
23529,0,0,1e-12,TRUE,"VD_B_A",311,20660311
23788,0,0,1e-12,TRUE,"VD_B_A",312,20660312
24592,0,0,1e-12,TRUE,"VD_B_A",313,20660313
24611,0,0,1e-12,TRUE,"VD_B_A",314,20660314
23126,0,0,1e-12,TRUE,"VD_B_A",315,20660315
23901,0,0,1e-12,TRUE,"VD_B_A",316,20660316
23722,0,0,1e-12,TRUE,"VD_B_A",317,20660317
23932,0,0,1e-12,TRUE,"VD_B_A",318,20660318
24297,0,0,1e-12,TRUE,"VD_B_A",319,20660319
23079,0,0,1e-12,TRUE,"VD_B_A",320,20660320
23839,0,0,1e-12,TRUE,"VD_B_A",321,20660321
23866,0,0,1e-12,TRUE,"VD_B_A",322,20660322
23463,0,0,1e-12,TRUE,"VD_B_A",323,20660323
23003,0,0,1e-12,TRUE,"VD_B_A",324,20660324
23865,0,0,1e-12,TRUE,"VD_B_A",325,20660325
22920,0,0,1e-12,TRUE,"VD_B_A",326,20660326
22494,0,0,1e-12,TRUE,"VD_B_A",327,20660327
23502,0,0,1e-12,TRUE,"VD_B_A",328,20660328
23682,0,0,1e-12,TRUE,"VD_B_A",329,20660329
23060,0,0,1e-12,TRUE,"VD_B_A",330,20660330
23441,0,0,1e-12,TRUE,"VD_B_A",331,20660331
22414,0,0,1e-12,TRUE,"VD_B_A",332,20660332
23514,0,0,1e-12,TRUE,"VD_B_A",333,20660333
23994,0,0,1e-12,TRUE,"VD_B_A",334,20660334
23784,0,0,1e-12,TRUE,"VD_B_A",335,20660335
23988,0,0,1e-12,TRUE,"VD_B_A",336,20660336
24508,0,0,1e-12,TRUE,"VD_B_A",337,20660337
23219,0,0,1e-12,TRUE,"VD_B_A",338,20660338
23495,0,0,1e-12,TRUE,"VD_B_A",339,20660339
23526,0,0,1e-12,TRUE,"VD_B_A",340,20660340
23948,0,0,1e-12,TRUE,"VD_B_A",341,20660341
22543,0,0,1e-12,TRUE,"VD_B_A",342,20660342
23240,0,0,1e-12,TRUE,"VD_B_A",343,20660343
24092,0,0,1e-12,TRUE,"VD_B_A",344,20660344
23661,0,0,1e-12,TRUE,"VD_B_A",345,20660345
23614,0,0,1e-12,TRUE,"VD_B_A",346,20660346
22769,0,0,1e-12,TRUE,"VD_B_A",347,20660347
22941,0,0,1e-12,TRUE,"VD_B_A",348,20660348
24049,0,0,1e-12,TRUE,"VD_B_A",349,20660349
23867,0,0,1e-12,TRUE,"VD_B_A",350,20660350
23400,0,0,1e-12,TRUE,"VD_B_A",351,20660351
23115,0,0,1e-12,TRUE,"VD_B_A",352,20660352
22798,0,0,1e-12,TRUE,"VD_B_A",353,20660353
23051,0,0,1e-12,TRUE,"VD_B_A",354,20660354
22622,0,0,1e-12,TRUE,"VD_B_A",355,20660355
23760,0,0,1e-12,TRUE,"VD_B_A",356,20660356
22666,0,0,1e-12,TRUE,"VD_B_A",357,20660357
22781,0,0,1e-12,TRUE,"VD_B_A",358,20660358
24041,0,0,1e-12,TRUE,"VD_B_A",359,20660359
23265,0,0,1e-12,TRUE,"VD_B_A",360,20660360
23159,0,0,1e-12,TRUE,"VD_B_A",361,20660361
23073,0,0,1e-12,TRUE,"VD_B_A",362,20660362
23818,0,0,1e-12,TRUE,"VD_B_A",363,20660363
23520,0,0,1e-12,TRUE,"VD_B_A",364,20660364
23246,0,0,1e-12,TRUE,"VD_B_A",365,20660365
22667,0,0,1e-12,TRUE,"VD_B_A",366,20660366
23146,0,0,1e-12,TRUE,"VD_B_A",367,20660367
23439,0,0,1e-12,TRUE,"VD_B_A",368,20660368
22950,0,0,1e-12,TRUE,"VD_B_A",369,20660369
23249,0,0,1e-12,TRUE,"VD_B_A",370,20660370
23944,0,0,1e-12,TRUE,"VD_B_A",371,20660371
23337,0,0,1e-12,TRUE,"VD_B_A",372,20660372
24617,0,0,1e-12,TRUE,"VD_B_A",373,20660373
24707,0,0,1e-12,TRUE,"VD_B_A",374,20660374
22682,0,0,1e-12,TRUE,"VD_B_A",375,20660375
24646,0,0,1e-12,TRUE,"VD_B_A",376,20660376
23716,0,0,1e-12,TRUE,"VD_B_A",377,20660377
24339,0,0,1e-12,TRUE,"VD_B_A",378,20660378
23846,0,0,1e-12,TRUE,"VD_B_A",379,20660379
23570,0,0,1e-12,TRUE,"VD_B_A",380,20660380
22762,0,0,1e-12,TRUE,"VD_B_A",381,20660381
23888,0,0,1e-12,TRUE,"VD_B_A",382,20660382
23041,0,0,1e-12,TRUE,"VD_B_A",383,20660383
23093,0,0,1e-12,TRUE,"VD_B_A",384,20660384
23459,0,0,1e-12,TRUE,"VD_B_A",385,20660385
23752,0,0,1e-12,TRUE,"VD_B_A",386,20660386
23772,0,0,1e-12,TRUE,"VD_B_A",387,20660387
23545,0,0,1e-12,TRUE,"VD_B_A",388,20660388
23278,0,0,1e-12,TRUE,"VD_B_A",389,20660389
24003,0,0,1e-12,TRUE,"VD_B_A",390,20660390
22486,0,0,1e-12,TRUE,"VD_B_A",391,20660391
23889,0,0,1e-12,TRUE,"VD_B_A",392,20660392
24044,0,0,1e-12,TRUE,"VD_B_A",393,20660393
23464,0,0,1e-12,TRUE,"VD_B_A",394,20660394
23170,0,0,1e-12,TRUE,"VD_B_A",395,20660395
22517,0,0,1e-12,TRUE,"VD_B_A",396,20660396
23632,0,0,1e-12,TRUE,"VD_B_A",397,20660397
22958,0,0,1e-12,TRUE,"VD_B_A",398,20660398
24957,0,0,1e-12,TRUE,"VD_B_A",399,20660399
23768,0,0,1e-12,TRUE,"VD_B_A",400,20660400
24416,0,0,1e-12,TRUE,"VD_B_A",401,20660401
24333,0,0,1e-12,TRUE,"VD_B_A",402,20660402
23582,0,0,1e-12,TRUE,"VD_B_A",403,20660403
24332,0,0,1e-12,TRUE,"VD_B_A",404,20660404
23238,0,0,1e-12,TRUE,"VD_B_A",405,20660405
23232,0,0,1e-12,TRUE,"VD_B_A",406,20660406
23798,0,0,1e-12,TRUE,"VD_B_A",407,20660407
24251,0,0,1e-12,TRUE,"VD_B_A",408,20660408
23031,0,0,1e-12,TRUE,"VD_B_A",409,20660409
23452,0,0,1e-12,TRUE,"VD_B_A",410,20660410
24645,0,0,1e-12,TRUE,"VD_B_A",411,20660411
22124,0,0,1e-12,TRUE,"VD_B_A",412,20660412
24730,0,0,1e-12,TRUE,"VD_B_A",413,20660413
24105,0,0,1e-12,TRUE,"VD_B_A",414,20660414
23199,0,0,1e-12,TRUE,"VD_B_A",415,20660415
23945,0,0,1e-12,TRUE,"VD_B_A",416,20660416
23496,0,0,1e-12,TRUE,"VD_B_A",417,20660417
23200,0,0,1e-12,TRUE,"VD_B_A",418,20660418
24641,0,0,1e-12,TRUE,"VD_B_A",419,20660419
23392,0,0,1e-12,TRUE,"VD_B_A",420,20660420
22511,0,0,1e-12,TRUE,"VD_B_A",421,20660421
22623,0,0,1e-12,TRUE,"VD_B_A",422,20660422
23648,0,0,1e-12,TRUE,"VD_B_A",423,20660423
22856,0,0,1e-12,TRUE,"VD_B_A",424,20660424
23710,0,0,1e-12,TRUE,"VD_B_A",425,20660425
24143,0,0,1e-12,TRUE,"VD_B_A",426,20660426
22018,0,0,1e-12,TRUE,"VD_B_A",427,20660427
23550,0,0,1e-12,TRUE,"VD_B_A",428,20660428
23063,0,0,1e-12,TRUE,"VD_B_A",429,20660429
23254,0,0,1e-12,TRUE,"VD_B_A",430,20660430
23179,0,0,1e-12,TRUE,"VD_B_A",431,20660431
23362,0,0,1e-12,TRUE,"VD_B_A",432,20660432
23377,0,0,1e-12,TRUE,"VD_B_A",433,20660433
22761,0,0,1e-12,TRUE,"VD_B_A",434,20660434
23811,0,0,1e-12,TRUE,"VD_B_A",435,20660435
23481,0,0,1e-12,TRUE,"VD_B_A",436,20660436
22756,0,0,1e-12,TRUE,"VD_B_A",437,20660437
23401,0,0,1e-12,TRUE,"VD_B_A",438,20660438
23058,0,0,1e-12,TRUE,"VD_B_A",439,20660439
23900,0,0,1e-12,TRUE,"VD_B_A",440,20660440
23973,0,0,1e-12,TRUE,"VD_B_A",441,20660441
22945,0,0,1e-12,TRUE,"VD_B_A",442,20660442
24158,0,0,1e-12,TRUE,"VD_B_A",443,20660443
23976,0,0,1e-12,TRUE,"VD_B_A",444,20660444
23985,0,0,1e-12,TRUE,"VD_B_A",445,20660445
23475,0,0,1e-12,TRUE,"VD_B_A",446,20660446
23101,0,0,1e-12,TRUE,"VD_B_A",447,20660447
23973,0,0,1e-12,TRUE,"VD_B_A",448,20660448
23711,0,0,1e-12,TRUE,"VD_B_A",449,20660449
23379,0,0,1e-12,TRUE,"VD_B_A",450,20660450
22844,0,0,1e-12,TRUE,"VD_B_A",451,20660451
23105,0,0,1e-12,TRUE,"VD_B_A",452,20660452
23397,0,0,1e-12,TRUE,"VD_B_A",453,20660453
23616,0,0,1e-12,TRUE,"VD_B_A",454,20660454
24272,0,0,1e-12,TRUE,"VD_B_A",455,20660455
23527,0,0,1e-12,TRUE,"VD_B_A",456,20660456
24475,0,0,1e-12,TRUE,"VD_B_A",457,20660457
23765,0,0,1e-12,TRUE,"VD_B_A",458,20660458
22923,0,0,1e-12,TRUE,"VD_B_A",459,20660459
23531,0,0,1e-12,TRUE,"VD_B_A",460,20660460
23713,0,0,1e-12,TRUE,"VD_B_A",461,20660461
23133,0,0,1e-12,TRUE,"VD_B_A",462,20660462
22691,0,0,1e-12,TRUE,"VD_B_A",463,20660463
23443,0,0,1e-12,TRUE,"VD_B_A",464,20660464
23087,0,0,1e-12,TRUE,"VD_B_A",465,20660465
23143,0,0,1e-12,TRUE,"VD_B_A",466,20660466
24068,0,0,1e-12,TRUE,"VD_B_A",467,20660467
23480,0,0,1e-12,TRUE,"VD_B_A",468,20660468
24257,0,0,1e-12,TRUE,"VD_B_A",469,20660469
23419,0,0,1e-12,TRUE,"VD_B_A",470,20660470
24744,0,0,1e-12,TRUE,"VD_B_A",471,20660471
24358,0,0,1e-12,TRUE,"VD_B_A",472,20660472
23534,0,0,1e-12,TRUE,"VD_B_A",473,20660473
23951,0,0,1e-12,TRUE,"VD_B_A",474,20660474
22626,0,0,1e-12,TRUE,"VD_B_A",475,20660475
23384,0,0,1e-12,TRUE,"VD_B_A",476,20660476
24047,0,0,1e-12,TRUE,"VD_B_A",477,20660477
24359,0,0,1e-12,TRUE,"VD_B_A",478,20660478
21912,0,0,1e-12,TRUE,"VD_B_A",479,20660479
23911,0,0,1e-12,TRUE,"VD_B_A",480,20660480
23890,0,0,1e-12,TRUE,"VD_B_A",481,20660481
23245,0,0,1e-12,TRUE,"VD_B_A",482,20660482
23790,0,0,1e-12,TRUE,"VD_B_A",483,20660483
23353,0,0,1e-12,TRUE,"VD_B_A",484,20660484
22941,0,0,1e-12,TRUE,"VD_B_A",485,20660485
23128,0,0,1e-12,TRUE,"VD_B_A",486,20660486
23216,0,0,1e-12,TRUE,"VD_B_A",487,20660487
23733,0,0,1e-12,TRUE,"VD_B_A",488,20660488
23406,0,0,1e-12,TRUE,"VD_B_A",489,20660489
24653,0,0,1e-12,TRUE,"VD_B_A",490,20660490
24686,0,0,1e-12,TRUE,"VD_B_A",491,20660491
22762,0,0,1e-12,TRUE,"VD_B_A",492,20660492
23835,0,0,1e-12,TRUE,"VD_B_A",493,20660493
23022,0,0,1e-12,TRUE,"VD_B_A",494,20660494
23091,0,0,1e-12,TRUE,"VD_B_A",495,20660495
22604,0,0,1e-12,TRUE,"VD_B_A",496,20660496
22935,0,0,1e-12,TRUE,"VD_B_A",497,20660497
23380,0,0,1e-12,TRUE,"VD_B_A",498,20660498
23371,0,0,1e-12,TRUE,"VD_B_A",499,20660499
22878,0,0,1e-12,TRUE,"VD_B_A",500,20660500
23240,0,0,1e-12,TRUE,"VD_B_A",501,20660501
22769,0,0,1e-12,TRUE,"VD_B_A",502,20660502
22736,0,0,1e-12,TRUE,"VD_B_A",503,20660503
23314,0,0,1e-12,TRUE,"VD_B_A",504,20660504
22790,0,0,1e-12,TRUE,"VD_B_A",505,20660505
23882,0,0,1e-12,TRUE,"VD_B_A",506,20660506
24010,0,0,1e-12,TRUE,"VD_B_A",507,20660507
23052,0,0,1e-12,TRUE,"VD_B_A",508,20660508
23590,0,0,1e-12,TRUE,"VD_B_A",509,20660509
23296,0,0,1e-12,TRUE,"VD_B_A",510,20660510
22675,0,0,1e-12,TRUE,"VD_B_A",511,20660511
23233,0,0,1e-12,TRUE,"VD_B_A",512,20660512
23357,0,0,1e-12,TRUE,"VD_B_A",513,20660513
23397,0,0,1e-12,TRUE,"VD_B_A",514,20660514
23350,0,0,1e-12,TRUE,"VD_B_A",515,20660515
23352,0,0,1e-12,TRUE,"VD_B_A",516,20660516
22973,0,0,1e-12,TRUE,"VD_B_A",517,20660517
22343,0,0,1e-12,TRUE,"VD_B_A",518,20660518
23264,0,0,1e-12,TRUE,"VD_B_A",519,20660519
23402,0,0,1e-12,TRUE,"VD_B_A",520,20660520
22681,0,0,1e-12,TRUE,"VD_B_A",521,20660521
24065,0,0,1e-12,TRUE,"VD_B_A",522,20660522
23610,0,0,1e-12,TRUE,"VD_B_A",523,20660523
22848,0,0,1e-12,TRUE,"VD_B_A",524,20660524
23817,0,0,1e-12,TRUE,"VD_B_A",525,20660525
23727,0,0,1e-12,TRUE,"VD_B_A",526,20660526
22622,0,0,1e-12,TRUE,"VD_B_A",527,20660527
22607,0,0,1e-12,TRUE,"VD_B_A",528,20660528
22294,0,0,1e-12,TRUE,"VD_B_A",529,20660529
22752,0,0,1e-12,TRUE,"VD_B_A",530,20660530
23603,0,0,1e-12,TRUE,"VD_B_A",531,20660531
24243,0,0,1e-12,TRUE,"VD_B_A",532,20660532
23495,0,0,1e-12,TRUE,"VD_B_A",533,20660533
24304,0,0,1e-12,TRUE,"VD_B_A",534,20660534
23368,0,0,1e-12,TRUE,"VD_B_A",535,20660535
22937,0,0,1e-12,TRUE,"VD_B_A",536,20660536
22043,0,0,1e-12,TRUE,"VD_B_A",537,20660537
23660,0,0,1e-12,TRUE,"VD_B_A",538,20660538
23775,0,0,1e-12,TRUE,"VD_B_A",539,20660539
23548,0,0,1e-12,TRUE,"VD_B_A",540,20660540
23330,0,0,1e-12,TRUE,"VD_B_A",541,20660541
23760,0,0,1e-12,TRUE,"VD_B_A",542,20660542
23101,0,0,1e-12,TRUE,"VD_B_A",543,20660543
23261,0,0,1e-12,TRUE,"VD_B_A",544,20660544
22335,0,0,1e-12,TRUE,"VD_B_A",545,20660545
22744,0,0,1e-12,TRUE,"VD_B_A",546,20660546
22935,0,0,1e-12,TRUE,"VD_B_A",547,20660547
22185,0,0,1e-12,TRUE,"VD_B_A",548,20660548
22680,0,0,1e-12,TRUE,"VD_B_A",549,20660549
23455,0,0,1e-12,TRUE,"VD_B_A",550,20660550
25563,0,0,1e-12,TRUE,"VD_B_A",551,20660551
22699,0,0,1e-12,TRUE,"VD_B_A",552,20660552
23355,0,0,1e-12,TRUE,"VD_B_A",553,20660553
24674,0,0,1e-12,TRUE,"VD_B_A",554,20660554
23037,0,0,1e-12,TRUE,"VD_B_A",555,20660555
23611,0,0,1e-12,TRUE,"VD_B_A",556,20660556
23511,0,0,1e-12,TRUE,"VD_B_A",557,20660557
23110,0,0,1e-12,TRUE,"VD_B_A",558,20660558
22751,0,0,1e-12,TRUE,"VD_B_A",559,20660559
24174,0,0,1e-12,TRUE,"VD_B_A",560,20660560
23387,0,0,1e-12,TRUE,"VD_B_A",561,20660561
23682,0,0,1e-12,TRUE,"VD_B_A",562,20660562
22854,0,0,1e-12,TRUE,"VD_B_A",563,20660563
22597,0,0,1e-12,TRUE,"VD_B_A",564,20660564
22967,0,0,1e-12,TRUE,"VD_B_A",565,20660565
22627,0,0,1e-12,TRUE,"VD_B_A",566,20660566
23927,0,0,1e-12,TRUE,"VD_B_A",567,20660567
24426,0,0,1e-12,TRUE,"VD_B_A",568,20660568
24040,0,0,1e-12,TRUE,"VD_B_A",569,20660569
23085,0,0,1e-12,TRUE,"VD_B_A",570,20660570
22749,0,0,1e-12,TRUE,"VD_B_A",571,20660571
23927,0,0,1e-12,TRUE,"VD_B_A",572,20660572
23869,0,0,1e-12,TRUE,"VD_B_A",573,20660573
23752,0,0,1e-12,TRUE,"VD_B_A",574,20660574
22928,0,0,1e-12,TRUE,"VD_B_A",575,20660575
23815,0,0,1e-12,TRUE,"VD_B_A",576,20660576
23817,0,0,1e-12,TRUE,"VD_B_A",577,20660577
23982,0,0,1e-12,TRUE,"VD_B_A",578,20660578
22584,0,0,1e-12,TRUE,"VD_B_A",579,20660579
23218,0,0,1e-12,TRUE,"VD_B_A",580,20660580
23371,0,0,1e-12,TRUE,"VD_B_A",581,20660581
22997,0,0,1e-12,TRUE,"VD_B_A",582,20660582
22431,0,0,1e-12,TRUE,"VD_B_A",583,20660583
22587,0,0,1e-12,TRUE,"VD_B_A",584,20660584
23732,0,0,1e-12,TRUE,"VD_B_A",585,20660585
24105,0,0,1e-12,TRUE,"VD_B_A",586,20660586
24016,0,0,1e-12,TRUE,"VD_B_A",587,20660587
23209,0,0,1e-12,TRUE,"VD_B_A",588,20660588
23934,0,0,1e-12,TRUE,"VD_B_A",589,20660589
23177,0,0,1e-12,TRUE,"VD_B_A",590,20660590
23901,0,0,1e-12,TRUE,"VD_B_A",591,20660591
23834,0,0,1e-12,TRUE,"VD_B_A",592,20660592
23027,0,0,1e-12,TRUE,"VD_B_A",593,20660593
23347,0,0,1e-12,TRUE,"VD_B_A",594,20660594
24124,0,0,1e-12,TRUE,"VD_B_A",595,20660595
23628,0,0,1e-12,TRUE,"VD_B_A",596,20660596
23761,0,0,1e-12,TRUE,"VD_B_A",597,20660597
22984,0,0,1e-12,TRUE,"VD_B_A",598,20660598
23359,0,0,1e-12,TRUE,"VD_B_A",599,20660599
23386,0,0,1e-12,TRUE,"VD_B_A",600,20660600
23221,0,0,1e-12,TRUE,"VD_B_A",601,20660601
23439,0,0,1e-12,TRUE,"VD_B_A",602,20660602
23245,0,0,1e-12,TRUE,"VD_B_A",603,20660603
24714,0,0,1e-12,TRUE,"VD_B_A",604,20660604
23133,0,0,1e-12,TRUE,"VD_B_A",605,20660605
23376,0,0,1e-12,TRUE,"VD_B_A",606,20660606
23028,0,0,1e-12,TRUE,"VD_B_A",607,20660607
23240,0,0,1e-12,TRUE,"VD_B_A",608,20660608
23382,0,0,1e-12,TRUE,"VD_B_A",609,20660609
22892,0,0,1e-12,TRUE,"VD_B_A",610,20660610
23340,0,0,1e-12,TRUE,"VD_B_A",611,20660611
23656,0,0,1e-12,TRUE,"VD_B_A",612,20660612
22950,0,0,1e-12,TRUE,"VD_B_A",613,20660613
23181,0,0,1e-12,TRUE,"VD_B_A",614,20660614
24016,0,0,1e-12,TRUE,"VD_B_A",615,20660615
22329,0,0,1e-12,TRUE,"VD_B_A",616,20660616
23200,0,0,1e-12,TRUE,"VD_B_A",617,20660617
23312,0,0,1e-12,TRUE,"VD_B_A",618,20660618
23986,0,0,1e-12,TRUE,"VD_B_A",619,20660619
23538,0,0,1e-12,TRUE,"VD_B_A",620,20660620
22679,0,0,1e-12,TRUE,"VD_B_A",621,20660621
22481,0,0,1e-12,TRUE,"VD_B_A",622,20660622
23648,0,0,1e-12,TRUE,"VD_B_A",623,20660623
22805,0,0,1e-12,TRUE,"VD_B_A",624,20660624
22907,0,0,1e-12,TRUE,"VD_B_A",625,20660625
23492,0,0,1e-12,TRUE,"VD_B_A",626,20660626
21484,0,0,1e-12,TRUE,"VD_B_A",627,20660627
24036,0,0,1e-12,TRUE,"VD_B_A",628,20660628
24247,0,0,1e-12,TRUE,"VD_B_A",629,20660629
23571,0,0,1e-12,TRUE,"VD_B_A",630,20660630
24397,0,0,1e-12,TRUE,"VD_B_A",631,20660631
23287,0,0,1e-12,TRUE,"VD_B_A",632,20660632
23478,0,0,1e-12,TRUE,"VD_B_A",633,20660633
22616,0,0,1e-12,TRUE,"VD_B_A",634,20660634
23373,0,0,1e-12,TRUE,"VD_B_A",635,20660635
22088,0,0,1e-12,TRUE,"VD_B_A",636,20660636
22468,0,0,1e-12,TRUE,"VD_B_A",637,20660637
22947,0,0,1e-12,TRUE,"VD_B_A",638,20660638
21432,0,0,1e-12,TRUE,"VD_B_A",639,20660639
23462,0,0,1e-12,TRUE,"VD_B_A",640,20660640
23614,0,0,1e-12,TRUE,"VD_B_A",641,20660641
23971,0,0,1e-12,TRUE,"VD_B_A",642,20660642
23025,0,0,1e-12,TRUE,"VD_B_A",643,20660643
24699,0,0,1e-12,TRUE,"VD_B_A",644,20660644
23752,0,0,1e-12,TRUE,"VD_B_A",645,20660645
23096,0,0,1e-12,TRUE,"VD_B_A",646,20660646
23036,0,0,1e-12,TRUE,"VD_B_A",647,20660647
21853,0,0,1e-12,TRUE,"VD_B_A",648,20660648
23503,0,0,1e-12,TRUE,"VD_B_A",649,20660649
23216,0,0,1e-12,TRUE,"VD_B_A",650,20660650
24161,0,0,1e-12,TRUE,"VD_B_A",651,20660651
23893,0,0,1e-12,TRUE,"VD_B_A",652,20660652
23163,0,0,1e-12,TRUE,"VD_B_A",653,20660653
23417,0,0,1e-12,TRUE,"VD_B_A",654,20660654
22573,0,0,1e-12,TRUE,"VD_B_A",655,20660655
23385,0,0,1e-12,TRUE,"VD_B_A",656,20660656
23835,0,0,1e-12,TRUE,"VD_B_A",657,20660657
23489,0,0,1e-12,TRUE,"VD_B_A",658,20660658
23794,0,0,1e-12,TRUE,"VD_B_A",659,20660659
24997,0,0,1e-12,TRUE,"VD_B_A",660,20660660
23713,0,0,1e-12,TRUE,"VD_B_A",661,20660661
24203,0,0,1e-12,TRUE,"VD_B_A",662,20660662
23840,0,0,1e-12,TRUE,"VD_B_A",663,20660663
23158,0,0,1e-12,TRUE,"VD_B_A",664,20660664
22596,0,0,1e-12,TRUE,"VD_B_A",665,20660665
23226,0,0,1e-12,TRUE,"VD_B_A",666,20660666
23553,0,0,1e-12,TRUE,"VD_B_A",667,20660667
23591,0,0,1e-12,TRUE,"VD_B_A",668,20660668
22765,0,0,1e-12,TRUE,"VD_B_A",669,20660669
22599,0,0,1e-12,TRUE,"VD_B_A",670,20660670
23658,0,0,1e-12,TRUE,"VD_B_A",671,20660671
24116,0,0,1e-12,TRUE,"VD_B_A",672,20660672
23238,0,0,1e-12,TRUE,"VD_B_A",673,20660673
23066,0,0,1e-12,TRUE,"VD_B_A",674,20660674
24249,0,0,1e-12,TRUE,"VD_B_A",675,20660675
23348,0,0,1e-12,TRUE,"VD_B_A",676,20660676
22167,0,0,1e-12,TRUE,"VD_B_A",677,20660677
23372,0,0,1e-12,TRUE,"VD_B_A",678,20660678
23593,0,0,1e-12,TRUE,"VD_B_A",679,20660679
23165,0,0,1e-12,TRUE,"VD_B_A",680,20660680
23234,0,0,1e-12,TRUE,"VD_B_A",681,20660681
23595,0,0,1e-12,TRUE,"VD_B_A",682,20660682
23056,0,0,1e-12,TRUE,"VD_B_A",683,20660683
24058,0,0,1e-12,TRUE,"VD_B_A",684,20660684
23541,0,0,1e-12,TRUE,"VD_B_A",685,20660685
23197,0,0,1e-12,TRUE,"VD_B_A",686,20660686
23945,0,0,1e-12,TRUE,"VD_B_A",687,20660687
24296,0,0,1e-12,TRUE,"VD_B_A",688,20660688
23244,0,0,1e-12,TRUE,"VD_B_A",689,20660689
24473,0,0,1e-12,TRUE,"VD_B_A",690,20660690
22816,0,0,1e-12,TRUE,"VD_B_A",691,20660691
22577,0,0,1e-12,TRUE,"VD_B_A",692,20660692
23914,0,0,1e-12,TRUE,"VD_B_A",693,20660693
24144,0,0,1e-12,TRUE,"VD_B_A",694,20660694
23954,0,0,1e-12,TRUE,"VD_B_A",695,20660695
23347,0,0,1e-12,TRUE,"VD_B_A",696,20660696
23881,0,0,1e-12,TRUE,"VD_B_A",697,20660697
23769,0,0,1e-12,TRUE,"VD_B_A",698,20660698
22783,0,0,1e-12,TRUE,"VD_B_A",699,20660699
23486,0,0,1e-12,TRUE,"VD_B_A",700,20660700
22703,0,0,1e-12,TRUE,"VD_B_A",701,20660701
23219,0,0,1e-12,TRUE,"VD_B_A",702,20660702
22822,0,0,1e-12,TRUE,"VD_B_A",703,20660703
24675,0,0,1e-12,TRUE,"VD_B_A",704,20660704
22757,0,0,1e-12,TRUE,"VD_B_A",705,20660705
24326,0,0,1e-12,TRUE,"VD_B_A",706,20660706
24401,0,0,1e-12,TRUE,"VD_B_A",707,20660707
24079,0,0,1e-12,TRUE,"VD_B_A",708,20660708
23350,0,0,1e-12,TRUE,"VD_B_A",709,20660709
23141,0,0,1e-12,TRUE,"VD_B_A",710,20660710
22980,0,0,1e-12,TRUE,"VD_B_A",711,20660711
22929,0,0,1e-12,TRUE,"VD_B_A",712,20660712
23432,0,0,1e-12,TRUE,"VD_B_A",713,20660713
23884,0,0,1e-12,TRUE,"VD_B_A",714,20660714
23799,0,0,1e-12,TRUE,"VD_B_A",715,20660715
24410,0,0,1e-12,TRUE,"VD_B_A",716,20660716
22914,0,0,1e-12,TRUE,"VD_B_A",717,20660717
23605,0,0,1e-12,TRUE,"VD_B_A",718,20660718
23156,0,0,1e-12,TRUE,"VD_B_A",719,20660719
23607,0,0,1e-12,TRUE,"VD_B_A",720,20660720
24196,0,0,1e-12,TRUE,"VD_B_A",721,20660721
22924,0,0,1e-12,TRUE,"VD_B_A",722,20660722
24341,0,0,1e-12,TRUE,"VD_B_A",723,20660723
24192,0,0,1e-12,TRUE,"VD_B_A",724,20660724
23290,0,0,1e-12,TRUE,"VD_B_A",725,20660725
23455,0,0,1e-12,TRUE,"VD_B_A",726,20660726
22930,0,0,1e-12,TRUE,"VD_B_A",727,20660727
23606,0,0,1e-12,TRUE,"VD_B_A",728,20660728
23364,0,0,1e-12,TRUE,"VD_B_A",729,20660729
23602,0,0,1e-12,TRUE,"VD_B_A",730,20660730
23467,0,0,1e-12,TRUE,"VD_B_A",731,20660731
24468,0,0,1e-12,TRUE,"VD_B_A",732,20660732
23799,0,0,1e-12,TRUE,"VD_B_A",733,20660733
24884,0,0,1e-12,TRUE,"VD_B_A",734,20660734
22773,0,0,1e-12,TRUE,"VD_B_A",735,20660735
24299,0,0,1e-12,TRUE,"VD_B_A",736,20660736
23066,0,0,1e-12,TRUE,"VD_B_A",737,20660737
22235,0,0,1e-12,TRUE,"VD_B_A",738,20660738
23396,0,0,1e-12,TRUE,"VD_B_A",739,20660739
22617,0,0,1e-12,TRUE,"VD_B_A",740,20660740
22475,0,0,1e-12,TRUE,"VD_B_A",741,20660741
23247,0,0,1e-12,TRUE,"VD_B_A",742,20660742
22463,0,0,1e-12,TRUE,"VD_B_A",743,20660743
24776,0,0,1e-12,TRUE,"VD_B_A",744,20660744
23515,0,0,1e-12,TRUE,"VD_B_A",745,20660745
23822,0,0,1e-12,TRUE,"VD_B_A",746,20660746
23533,0,0,1e-12,TRUE,"VD_B_A",747,20660747
22962,0,0,1e-12,TRUE,"VD_B_A",748,20660748
23880,0,0,1e-12,TRUE,"VD_B_A",749,20660749
23357,0,0,1e-12,TRUE,"VD_B_A",750,20660750
22829,0,0,1e-12,TRUE,"VD_B_A",751,20660751
22489,0,0,1e-12,TRUE,"VD_B_A",752,20660752
23301,0,0,1e-12,TRUE,"VD_B_A",753,20660753
23197,0,0,1e-12,TRUE,"VD_B_A",754,20660754
23810,0,0,1e-12,TRUE,"VD_B_A",755,20660755
22984,0,0,1e-12,TRUE,"VD_B_A",756,20660756
23843,0,0,1e-12,TRUE,"VD_B_A",757,20660757
24387,0,0,1e-12,TRUE,"VD_B_A",758,20660758
23818,0,0,1e-12,TRUE,"VD_B_A",759,20660759
24561,0,0,1e-12,TRUE,"VD_B_A",760,20660760
24182,0,0,1e-12,TRUE,"VD_B_A",761,20660761
23196,0,0,1e-12,TRUE,"VD_B_A",762,20660762
23814,0,0,1e-12,TRUE,"VD_B_A",763,20660763
23915,0,0,1e-12,TRUE,"VD_B_A",764,20660764
23124,0,0,1e-12,TRUE,"VD_B_A",765,20660765
23772,0,0,1e-12,TRUE,"VD_B_A",766,20660766
23640,0,0,1e-12,TRUE,"VD_B_A",767,20660767
23463,0,0,1e-12,TRUE,"VD_B_A",768,20660768
23924,0,0,1e-12,TRUE,"VD_B_A",769,20660769
22232,0,0,1e-12,TRUE,"VD_B_A",770,20660770
24006,0,0,1e-12,TRUE,"VD_B_A",771,20660771
23623,0,0,1e-12,TRUE,"VD_B_A",772,20660772
22922,0,0,1e-12,TRUE,"VD_B_A",773,20660773
22946,0,0,1e-12,TRUE,"VD_B_A",774,20660774
23284,0,0,1e-12,TRUE,"VD_B_A",775,20660775
23863,0,0,1e-12,TRUE,"VD_B_A",776,20660776
24134,0,0,1e-12,TRUE,"VD_B_A",777,20660777
23996,0,0,1e-12,TRUE,"VD_B_A",778,20660778
24089,0,0,1e-12,TRUE,"VD_B_A",779,20660779
23882,0,0,1e-12,TRUE,"VD_B_A",780,20660780
23758,0,0,1e-12,TRUE,"VD_B_A",781,20660781
22705,0,0,1e-12,TRUE,"VD_B_A",782,20660782
23557,0,0,1e-12,TRUE,"VD_B_A",783,20660783
23737,0,0,1e-12,TRUE,"VD_B_A",784,20660784
24185,0,0,1e-12,TRUE,"VD_B_A",785,20660785
23386,0,0,1e-12,TRUE,"VD_B_A",786,20660786
23900,0,0,1e-12,TRUE,"VD_B_A",787,20660787
23216,0,0,1e-12,TRUE,"VD_B_A",788,20660788
22934,0,0,1e-12,TRUE,"VD_B_A",789,20660789
23918,0,0,1e-12,TRUE,"VD_B_A",790,20660790
23143,0,0,1e-12,TRUE,"VD_B_A",791,20660791
23621,0,0,1e-12,TRUE,"VD_B_A",792,20660792
24680,0,0,1e-12,TRUE,"VD_B_A",793,20660793
24051,0,0,1e-12,TRUE,"VD_B_A",794,20660794
23660,0,0,1e-12,TRUE,"VD_B_A",795,20660795
22534,0,0,1e-12,TRUE,"VD_B_A",796,20660796
23282,0,0,1e-12,TRUE,"VD_B_A",797,20660797
22917,0,0,1e-12,TRUE,"VD_B_A",798,20660798
23968,0,0,1e-12,TRUE,"VD_B_A",799,20660799
24136,0,0,1e-12,TRUE,"VD_B_A",800,20660800
23418,0,0,1e-12,TRUE,"VD_B_A",801,20660801
23631,0,0,1e-12,TRUE,"VD_B_A",802,20660802
22758,0,0,1e-12,TRUE,"VD_B_A",803,20660803
23115,0,0,1e-12,TRUE,"VD_B_A",804,20660804
23207,0,0,1e-12,TRUE,"VD_B_A",805,20660805
23890,0,0,1e-12,TRUE,"VD_B_A",806,20660806
24346,0,0,1e-12,TRUE,"VD_B_A",807,20660807
22139,0,0,1e-12,TRUE,"VD_B_A",808,20660808
23664,0,0,1e-12,TRUE,"VD_B_A",809,20660809
22938,0,0,1e-12,TRUE,"VD_B_A",810,20660810
23629,0,0,1e-12,TRUE,"VD_B_A",811,20660811
23396,0,0,1e-12,TRUE,"VD_B_A",812,20660812
23349,0,0,1e-12,TRUE,"VD_B_A",813,20660813
23068,0,0,1e-12,TRUE,"VD_B_A",814,20660814
23707,0,0,1e-12,TRUE,"VD_B_A",815,20660815
23506,0,0,1e-12,TRUE,"VD_B_A",816,20660816
23362,0,0,1e-12,TRUE,"VD_B_A",817,20660817
23833,0,0,1e-12,TRUE,"VD_B_A",818,20660818
23506,0,0,1e-12,TRUE,"VD_B_A",819,20660819
23319,0,0,1e-12,TRUE,"VD_B_A",820,20660820
23431,0,0,1e-12,TRUE,"VD_B_A",821,20660821
22357,0,0,1e-12,TRUE,"VD_B_A",822,20660822
22793,0,0,1e-12,TRUE,"VD_B_A",823,20660823
22387,0,0,1e-12,TRUE,"VD_B_A",824,20660824
24153,0,0,1e-12,TRUE,"VD_B_A",825,20660825
24020,0,0,1e-12,TRUE,"VD_B_A",826,20660826
23260,0,0,1e-12,TRUE,"VD_B_A",827,20660827
21911,0,0,1e-12,TRUE,"VD_B_A",828,20660828
22672,0,0,1e-12,TRUE,"VD_B_A",829,20660829
22783,0,0,1e-12,TRUE,"VD_B_A",830,20660830
23957,0,0,1e-12,TRUE,"VD_B_A",831,20660831
23640,0,0,1e-12,TRUE,"VD_B_A",832,20660832
23105,0,0,1e-12,TRUE,"VD_B_A",833,20660833
23010,0,0,1e-12,TRUE,"VD_B_A",834,20660834
23518,0,0,1e-12,TRUE,"VD_B_A",835,20660835
23323,0,0,1e-12,TRUE,"VD_B_A",836,20660836
24240,0,0,1e-12,TRUE,"VD_B_A",837,20660837
22133,0,0,1e-12,TRUE,"VD_B_A",838,20660838
22636,0,0,1e-12,TRUE,"VD_B_A",839,20660839
23432,0,0,1e-12,TRUE,"VD_B_A",840,20660840
23399,0,0,1e-12,TRUE,"VD_B_A",841,20660841
22957,0,0,1e-12,TRUE,"VD_B_A",842,20660842
24832,0,0,1e-12,TRUE,"VD_B_A",843,20660843
23418,0,0,1e-12,TRUE,"VD_B_A",844,20660844
22497,0,0,1e-12,TRUE,"VD_B_A",845,20660845
24127,0,0,1e-12,TRUE,"VD_B_A",846,20660846
22928,0,0,1e-12,TRUE,"VD_B_A",847,20660847
24518,0,0,1e-12,TRUE,"VD_B_A",848,20660848
23996,0,0,1e-12,TRUE,"VD_B_A",849,20660849
22390,0,0,1e-12,TRUE,"VD_B_A",850,20660850
22757,0,0,1e-12,TRUE,"VD_B_A",851,20660851
23331,0,0,1e-12,TRUE,"VD_B_A",852,20660852
23277,0,0,1e-12,TRUE,"VD_B_A",853,20660853
23878,0,0,1e-12,TRUE,"VD_B_A",854,20660854
25185,0,0,1e-12,TRUE,"VD_B_A",855,20660855
23497,0,0,1e-12,TRUE,"VD_B_A",856,20660856
24003,0,0,1e-12,TRUE,"VD_B_A",857,20660857
23698,0,0,1e-12,TRUE,"VD_B_A",858,20660858
24059,0,0,1e-12,TRUE,"VD_B_A",859,20660859
23260,0,0,1e-12,TRUE,"VD_B_A",860,20660860
22533,0,0,1e-12,TRUE,"VD_B_A",861,20660861
23263,0,0,1e-12,TRUE,"VD_B_A",862,20660862
23647,0,0,1e-12,TRUE,"VD_B_A",863,20660863
23724,0,0,1e-12,TRUE,"VD_B_A",864,20660864
24151,0,0,1e-12,TRUE,"VD_B_A",865,20660865
22802,0,0,1e-12,TRUE,"VD_B_A",866,20660866
24011,0,0,1e-12,TRUE,"VD_B_A",867,20660867
23867,0,0,1e-12,TRUE,"VD_B_A",868,20660868
24561,0,0,1e-12,TRUE,"VD_B_A",869,20660869
23502,0,0,1e-12,TRUE,"VD_B_A",870,20660870
23675,0,0,1e-12,TRUE,"VD_B_A",871,20660871
23714,0,0,1e-12,TRUE,"VD_B_A",872,20660872
22332,0,0,1e-12,TRUE,"VD_B_A",873,20660873
24470,0,0,1e-12,TRUE,"VD_B_A",874,20660874
23153,0,0,1e-12,TRUE,"VD_B_A",875,20660875
22464,0,0,1e-12,TRUE,"VD_B_A",876,20660876
23185,0,0,1e-12,TRUE,"VD_B_A",877,20660877
24549,0,0,1e-12,TRUE,"VD_B_A",878,20660878
22948,0,0,1e-12,TRUE,"VD_B_A",879,20660879
23832,0,0,1e-12,TRUE,"VD_B_A",880,20660880
24420,0,0,1e-12,TRUE,"VD_B_A",881,20660881
23236,0,0,1e-12,TRUE,"VD_B_A",882,20660882
24140,0,0,1e-12,TRUE,"VD_B_A",883,20660883
22849,0,0,1e-12,TRUE,"VD_B_A",884,20660884
22892,0,0,1e-12,TRUE,"VD_B_A",885,20660885
23795,0,0,1e-12,TRUE,"VD_B_A",886,20660886
24119,0,0,1e-12,TRUE,"VD_B_A",887,20660887
23678,0,0,1e-12,TRUE,"VD_B_A",888,20660888
24849,0,0,1e-12,TRUE,"VD_B_A",889,20660889
23201,0,0,1e-12,TRUE,"VD_B_A",890,20660890
23118,0,0,1e-12,TRUE,"VD_B_A",891,20660891
23002,0,0,1e-12,TRUE,"VD_B_A",892,20660892
23292,0,0,1e-12,TRUE,"VD_B_A",893,20660893
22530,0,0,1e-12,TRUE,"VD_B_A",894,20660894
23004,0,0,1e-12,TRUE,"VD_B_A",895,20660895
23450,0,0,1e-12,TRUE,"VD_B_A",896,20660896
22901,0,0,1e-12,TRUE,"VD_B_A",897,20660897
22119,0,0,1e-12,TRUE,"VD_B_A",898,20660898
24235,0,0,1e-12,TRUE,"VD_B_A",899,20660899
22964,0,0,1e-12,TRUE,"VD_B_A",900,20660900
23172,0,0,1e-12,TRUE,"VD_B_A",901,20660901
24294,0,0,1e-12,TRUE,"VD_B_A",902,20660902
24229,0,0,1e-12,TRUE,"VD_B_A",903,20660903
23678,0,0,1e-12,TRUE,"VD_B_A",904,20660904
23754,0,0,1e-12,TRUE,"VD_B_A",905,20660905
24133,0,0,1e-12,TRUE,"VD_B_A",906,20660906
23550,0,0,1e-12,TRUE,"VD_B_A",907,20660907
23419,0,0,1e-12,TRUE,"VD_B_A",908,20660908
23239,0,0,1e-12,TRUE,"VD_B_A",909,20660909
23505,0,0,1e-12,TRUE,"VD_B_A",910,20660910
24621,0,0,1e-12,TRUE,"VD_B_A",911,20660911
23281,0,0,1e-12,TRUE,"VD_B_A",912,20660912
23515,0,0,1e-12,TRUE,"VD_B_A",913,20660913
24756,0,0,1e-12,TRUE,"VD_B_A",914,20660914
23450,0,0,1e-12,TRUE,"VD_B_A",915,20660915
24086,0,0,1e-12,TRUE,"VD_B_A",916,20660916
24698,0,0,1e-12,TRUE,"VD_B_A",917,20660917
23152,0,0,1e-12,TRUE,"VD_B_A",918,20660918
23504,0,0,1e-12,TRUE,"VD_B_A",919,20660919
22938,0,0,1e-12,TRUE,"VD_B_A",920,20660920
23515,0,0,1e-12,TRUE,"VD_B_A",921,20660921
23661,0,0,1e-12,TRUE,"VD_B_A",922,20660922
23499,0,0,1e-12,TRUE,"VD_B_A",923,20660923
23194,0,0,1e-12,TRUE,"VD_B_A",924,20660924
23781,0,0,1e-12,TRUE,"VD_B_A",925,20660925
23514,0,0,1e-12,TRUE,"VD_B_A",926,20660926
23230,0,0,1e-12,TRUE,"VD_B_A",927,20660927
23568,0,0,1e-12,TRUE,"VD_B_A",928,20660928
23407,0,0,1e-12,TRUE,"VD_B_A",929,20660929
22775,0,0,1e-12,TRUE,"VD_B_A",930,20660930
23894,0,0,1e-12,TRUE,"VD_B_A",931,20660931
23518,0,0,1e-12,TRUE,"VD_B_A",932,20660932
23585,0,0,1e-12,TRUE,"VD_B_A",933,20660933
23748,0,0,1e-12,TRUE,"VD_B_A",934,20660934
24170,0,0,1e-12,TRUE,"VD_B_A",935,20660935
23554,0,0,1e-12,TRUE,"VD_B_A",936,20660936
23428,0,0,1e-12,TRUE,"VD_B_A",937,20660937
23206,0,0,1e-12,TRUE,"VD_B_A",938,20660938
23759,0,0,1e-12,TRUE,"VD_B_A",939,20660939
22307,0,0,1e-12,TRUE,"VD_B_A",940,20660940
23789,0,0,1e-12,TRUE,"VD_B_A",941,20660941
22812,0,0,1e-12,TRUE,"VD_B_A",942,20660942
23721,0,0,1e-12,TRUE,"VD_B_A",943,20660943
23989,0,0,1e-12,TRUE,"VD_B_A",944,20660944
23580,0,0,1e-12,TRUE,"VD_B_A",945,20660945
22912,0,0,1e-12,TRUE,"VD_B_A",946,20660946
22791,0,0,1e-12,TRUE,"VD_B_A",947,20660947
23236,0,0,1e-12,TRUE,"VD_B_A",948,20660948
22671,0,0,1e-12,TRUE,"VD_B_A",949,20660949
23977,0,0,1e-12,TRUE,"VD_B_A",950,20660950
23872,0,0,1e-12,TRUE,"VD_B_A",951,20660951
23338,0,0,1e-12,TRUE,"VD_B_A",952,20660952
24546,0,0,1e-12,TRUE,"VD_B_A",953,20660953
24148,0,0,1e-12,TRUE,"VD_B_A",954,20660954
24023,0,0,1e-12,TRUE,"VD_B_A",955,20660955
23993,0,0,1e-12,TRUE,"VD_B_A",956,20660956
23585,0,0,1e-12,TRUE,"VD_B_A",957,20660957
23316,0,0,1e-12,TRUE,"VD_B_A",958,20660958
23258,0,0,1e-12,TRUE,"VD_B_A",959,20660959
22940,0,0,1e-12,TRUE,"VD_B_A",960,20660960
23125,0,0,1e-12,TRUE,"VD_B_A",961,20660961
23151,0,0,1e-12,TRUE,"VD_B_A",962,20660962
23214,0,0,1e-12,TRUE,"VD_B_A",963,20660963
23139,0,0,1e-12,TRUE,"VD_B_A",964,20660964
23910,0,0,1e-12,TRUE,"VD_B_A",965,20660965
23559,0,0,1e-12,TRUE,"VD_B_A",966,20660966
22910,0,0,1e-12,TRUE,"VD_B_A",967,20660967
23068,0,0,1e-12,TRUE,"VD_B_A",968,20660968
23193,0,0,1e-12,TRUE,"VD_B_A",969,20660969
23040,0,0,1e-12,TRUE,"VD_B_A",970,20660970
23240,0,0,1e-12,TRUE,"VD_B_A",971,20660971
23660,0,0,1e-12,TRUE,"VD_B_A",972,20660972
23376,0,0,1e-12,TRUE,"VD_B_A",973,20660973
23376,0,0,1e-12,TRUE,"VD_B_A",974,20660974
23569,0,0,1e-12,TRUE,"VD_B_A",975,20660975
23766,0,0,1e-12,TRUE,"VD_B_A",976,20660976
23486,0,0,1e-12,TRUE,"VD_B_A",977,20660977
23301,0,0,1e-12,TRUE,"VD_B_A",978,20660978
23145,0,0,1e-12,TRUE,"VD_B_A",979,20660979
23870,0,0,1e-12,TRUE,"VD_B_A",980,20660980
23279,0,0,1e-12,TRUE,"VD_B_A",981,20660981
24888,0,0,1e-12,TRUE,"VD_B_A",982,20660982
23765,0,0,1e-12,TRUE,"VD_B_A",983,20660983
23642,0,0,1e-12,TRUE,"VD_B_A",984,20660984
23771,0,0,1e-12,TRUE,"VD_B_A",985,20660985
23451,0,0,1e-12,TRUE,"VD_B_A",986,20660986
23094,0,0,1e-12,TRUE,"VD_B_A",987,20660987
23311,0,0,1e-12,TRUE,"VD_B_A",988,20660988
22915,0,0,1e-12,TRUE,"VD_B_A",989,20660989
23799,0,0,1e-12,TRUE,"VD_B_A",990,20660990
23676,0,0,1e-12,TRUE,"VD_B_A",991,20660991
23804,0,0,1e-12,TRUE,"VD_B_A",992,20660992
24127,0,0,1e-12,TRUE,"VD_B_A",993,20660993
23124,0,0,1e-12,TRUE,"VD_B_A",994,20660994
23049,0,0,1e-12,TRUE,"VD_B_A",995,20660995
23857,0,0,1e-12,TRUE,"VD_B_A",996,20660996
23798,0,0,1e-12,TRUE,"VD_B_A",997,20660997
23975,0,0,1e-12,TRUE,"VD_B_A",998,20660998
23566,0,0,1e-12,TRUE,"VD_B_A",999,20660999
24107,0,0,1e-12,TRUE,"VD_B_A",1000,20661000
23312,0,0,1e-12,TRUE,"VD_SH_N",1,20760001
23431,0,0,1e-12,TRUE,"VD_SH_N",2,20760002
23080,0,0,1e-12,TRUE,"VD_SH_N",3,20760003
23281,0,0,1e-12,TRUE,"VD_SH_N",4,20760004
23459,0,0,1e-12,TRUE,"VD_SH_N",5,20760005
22964,0,0,1e-12,TRUE,"VD_SH_N",6,20760006
23925,0,0,1e-12,TRUE,"VD_SH_N",7,20760007
23362,0,0,1e-12,TRUE,"VD_SH_N",8,20760008
24046,0,0,1e-12,TRUE,"VD_SH_N",9,20760009
24185,0,0,1e-12,TRUE,"VD_SH_N",10,20760010
23167,0,0,1e-12,TRUE,"VD_SH_N",11,20760011
22710,0,0,1e-12,TRUE,"VD_SH_N",12,20760012
23308,0,0,1e-12,TRUE,"VD_SH_N",13,20760013
24247,0,0,1e-12,TRUE,"VD_SH_N",14,20760014
24052,0,0,1e-12,TRUE,"VD_SH_N",15,20760015
23359,0,0,1e-12,TRUE,"VD_SH_N",16,20760016
23141,0,0,1e-12,TRUE,"VD_SH_N",17,20760017
22516,0,0,1e-12,TRUE,"VD_SH_N",18,20760018
24219,0,0,1e-12,TRUE,"VD_SH_N",19,20760019
22170,0,0,1e-12,TRUE,"VD_SH_N",20,20760020
23353,0,0,1e-12,TRUE,"VD_SH_N",21,20760021
24422,0,0,1e-12,TRUE,"VD_SH_N",22,20760022
23879,0,0,1e-12,TRUE,"VD_SH_N",23,20760023
24216,0,0,1e-12,TRUE,"VD_SH_N",24,20760024
23946,0,0,1e-12,TRUE,"VD_SH_N",25,20760025
24080,0,0,1e-12,TRUE,"VD_SH_N",26,20760026
22806,0,0,1e-12,TRUE,"VD_SH_N",27,20760027
24157,0,0,1e-12,TRUE,"VD_SH_N",28,20760028
23424,0,0,1e-12,TRUE,"VD_SH_N",29,20760029
24118,0,0,1e-12,TRUE,"VD_SH_N",30,20760030
23905,0,0,1e-12,TRUE,"VD_SH_N",31,20760031
22443,0,0,1e-12,TRUE,"VD_SH_N",32,20760032
23251,0,0,1e-12,TRUE,"VD_SH_N",33,20760033
23485,0,0,1e-12,TRUE,"VD_SH_N",34,20760034
23032,0,0,1e-12,TRUE,"VD_SH_N",35,20760035
23308,0,0,1e-12,TRUE,"VD_SH_N",36,20760036
23194,0,0,1e-12,TRUE,"VD_SH_N",37,20760037
23765,0,0,1e-12,TRUE,"VD_SH_N",38,20760038
23629,0,0,1e-12,TRUE,"VD_SH_N",39,20760039
23171,0,0,1e-12,TRUE,"VD_SH_N",40,20760040
22897,0,0,1e-12,TRUE,"VD_SH_N",41,20760041
22939,0,0,1e-12,TRUE,"VD_SH_N",42,20760042
23559,0,0,1e-12,TRUE,"VD_SH_N",43,20760043
24606,0,0,1e-12,TRUE,"VD_SH_N",44,20760044
24301,0,0,1e-12,TRUE,"VD_SH_N",45,20760045
25258,0,0,1e-12,TRUE,"VD_SH_N",46,20760046
23452,0,0,1e-12,TRUE,"VD_SH_N",47,20760047
24302,0,0,1e-12,TRUE,"VD_SH_N",48,20760048
24445,0,0,1e-12,TRUE,"VD_SH_N",49,20760049
24007,0,0,1e-12,TRUE,"VD_SH_N",50,20760050
23851,0,0,1e-12,TRUE,"VD_SH_N",51,20760051
24014,0,0,1e-12,TRUE,"VD_SH_N",52,20760052
23756,0,0,1e-12,TRUE,"VD_SH_N",53,20760053
24141,0,0,1e-12,TRUE,"VD_SH_N",54,20760054
22534,0,0,1e-12,TRUE,"VD_SH_N",55,20760055
23805,0,0,1e-12,TRUE,"VD_SH_N",56,20760056
23988,0,0,1e-12,TRUE,"VD_SH_N",57,20760057
24904,0,0,1e-12,TRUE,"VD_SH_N",58,20760058
23273,0,0,1e-12,TRUE,"VD_SH_N",59,20760059
23657,0,0,1e-12,TRUE,"VD_SH_N",60,20760060
23784,0,0,1e-12,TRUE,"VD_SH_N",61,20760061
23687,0,0,1e-12,TRUE,"VD_SH_N",62,20760062
24294,0,0,1e-12,TRUE,"VD_SH_N",63,20760063
22481,0,0,1e-12,TRUE,"VD_SH_N",64,20760064
23628,0,0,1e-12,TRUE,"VD_SH_N",65,20760065
23906,0,0,1e-12,TRUE,"VD_SH_N",66,20760066
22908,0,0,1e-12,TRUE,"VD_SH_N",67,20760067
23528,0,0,1e-12,TRUE,"VD_SH_N",68,20760068
24073,0,0,1e-12,TRUE,"VD_SH_N",69,20760069
22947,0,0,1e-12,TRUE,"VD_SH_N",70,20760070
23494,0,0,1e-12,TRUE,"VD_SH_N",71,20760071
23604,0,0,1e-12,TRUE,"VD_SH_N",72,20760072
23095,0,0,1e-12,TRUE,"VD_SH_N",73,20760073
24181,0,0,1e-12,TRUE,"VD_SH_N",74,20760074
23557,0,0,1e-12,TRUE,"VD_SH_N",75,20760075
22543,0,0,1e-12,TRUE,"VD_SH_N",76,20760076
23882,0,0,1e-12,TRUE,"VD_SH_N",77,20760077
23554,0,0,1e-12,TRUE,"VD_SH_N",78,20760078
23558,0,0,1e-12,TRUE,"VD_SH_N",79,20760079
24662,0,0,1e-12,TRUE,"VD_SH_N",80,20760080
24344,0,0,1e-12,TRUE,"VD_SH_N",81,20760081
23570,0,0,1e-12,TRUE,"VD_SH_N",82,20760082
24515,0,0,1e-12,TRUE,"VD_SH_N",83,20760083
23190,0,0,1e-12,TRUE,"VD_SH_N",84,20760084
22571,0,0,1e-12,TRUE,"VD_SH_N",85,20760085
23590,0,0,1e-12,TRUE,"VD_SH_N",86,20760086
24539,0,0,1e-12,TRUE,"VD_SH_N",87,20760087
23417,0,0,1e-12,TRUE,"VD_SH_N",88,20760088
23388,0,0,1e-12,TRUE,"VD_SH_N",89,20760089
23103,0,0,1e-12,TRUE,"VD_SH_N",90,20760090
23203,0,0,1e-12,TRUE,"VD_SH_N",91,20760091
23604,0,0,1e-12,TRUE,"VD_SH_N",92,20760092
24903,0,0,1e-12,TRUE,"VD_SH_N",93,20760093
22980,0,0,1e-12,TRUE,"VD_SH_N",94,20760094
22998,0,0,1e-12,TRUE,"VD_SH_N",95,20760095
24907,0,0,1e-12,TRUE,"VD_SH_N",96,20760096
24427,0,0,1e-12,TRUE,"VD_SH_N",97,20760097
23194,0,0,1e-12,TRUE,"VD_SH_N",98,20760098
24606,0,0,1e-12,TRUE,"VD_SH_N",99,20760099
23688,0,0,1e-12,TRUE,"VD_SH_N",100,20760100
23387,0,0,1e-12,TRUE,"VD_SH_N",101,20760101
22989,0,0,1e-12,TRUE,"VD_SH_N",102,20760102
23016,0,0,1e-12,TRUE,"VD_SH_N",103,20760103
24120,0,0,1e-12,TRUE,"VD_SH_N",104,20760104
23619,0,0,1e-12,TRUE,"VD_SH_N",105,20760105
22149,0,0,1e-12,TRUE,"VD_SH_N",106,20760106
23976,0,0,1e-12,TRUE,"VD_SH_N",107,20760107
22319,0,0,1e-12,TRUE,"VD_SH_N",108,20760108
24285,0,0,1e-12,TRUE,"VD_SH_N",109,20760109
23082,0,0,1e-12,TRUE,"VD_SH_N",110,20760110
23792,0,0,1e-12,TRUE,"VD_SH_N",111,20760111
23692,0,0,1e-12,TRUE,"VD_SH_N",112,20760112
23107,0,0,1e-12,TRUE,"VD_SH_N",113,20760113
24313,0,0,1e-12,TRUE,"VD_SH_N",114,20760114
24138,0,0,1e-12,TRUE,"VD_SH_N",115,20760115
23113,0,0,1e-12,TRUE,"VD_SH_N",116,20760116
23860,0,0,1e-12,TRUE,"VD_SH_N",117,20760117
24667,0,0,1e-12,TRUE,"VD_SH_N",118,20760118
23806,0,0,1e-12,TRUE,"VD_SH_N",119,20760119
22879,0,0,1e-12,TRUE,"VD_SH_N",120,20760120
23185,0,0,1e-12,TRUE,"VD_SH_N",121,20760121
22899,0,0,1e-12,TRUE,"VD_SH_N",122,20760122
23005,0,0,1e-12,TRUE,"VD_SH_N",123,20760123
23184,0,0,1e-12,TRUE,"VD_SH_N",124,20760124
23731,0,0,1e-12,TRUE,"VD_SH_N",125,20760125
24173,0,0,1e-12,TRUE,"VD_SH_N",126,20760126
23328,0,0,1e-12,TRUE,"VD_SH_N",127,20760127
23000,0,0,1e-12,TRUE,"VD_SH_N",128,20760128
23475,0,0,1e-12,TRUE,"VD_SH_N",129,20760129
22106,0,0,1e-12,TRUE,"VD_SH_N",130,20760130
23276,0,0,1e-12,TRUE,"VD_SH_N",131,20760131
22905,0,0,1e-12,TRUE,"VD_SH_N",132,20760132
23785,0,0,1e-12,TRUE,"VD_SH_N",133,20760133
24303,0,0,1e-12,TRUE,"VD_SH_N",134,20760134
23634,0,0,1e-12,TRUE,"VD_SH_N",135,20760135
23329,0,0,1e-12,TRUE,"VD_SH_N",136,20760136
22568,0,0,1e-12,TRUE,"VD_SH_N",137,20760137
22842,0,0,1e-12,TRUE,"VD_SH_N",138,20760138
23203,0,0,1e-12,TRUE,"VD_SH_N",139,20760139
23263,0,0,1e-12,TRUE,"VD_SH_N",140,20760140
22932,0,0,1e-12,TRUE,"VD_SH_N",141,20760141
23599,0,0,1e-12,TRUE,"VD_SH_N",142,20760142
23897,0,0,1e-12,TRUE,"VD_SH_N",143,20760143
23954,0,0,1e-12,TRUE,"VD_SH_N",144,20760144
24071,0,0,1e-12,TRUE,"VD_SH_N",145,20760145
23792,0,0,1e-12,TRUE,"VD_SH_N",146,20760146
23717,0,0,1e-12,TRUE,"VD_SH_N",147,20760147
23552,0,0,1e-12,TRUE,"VD_SH_N",148,20760148
22447,0,0,1e-12,TRUE,"VD_SH_N",149,20760149
23327,0,0,1e-12,TRUE,"VD_SH_N",150,20760150
24728,0,0,1e-12,TRUE,"VD_SH_N",151,20760151
24045,0,0,1e-12,TRUE,"VD_SH_N",152,20760152
23856,0,0,1e-12,TRUE,"VD_SH_N",153,20760153
23739,0,0,1e-12,TRUE,"VD_SH_N",154,20760154
24314,0,0,1e-12,TRUE,"VD_SH_N",155,20760155
23565,0,0,1e-12,TRUE,"VD_SH_N",156,20760156
23776,0,0,1e-12,TRUE,"VD_SH_N",157,20760157
25120,0,0,1e-12,TRUE,"VD_SH_N",158,20760158
22919,0,0,1e-12,TRUE,"VD_SH_N",159,20760159
23701,0,0,1e-12,TRUE,"VD_SH_N",160,20760160
23572,0,0,1e-12,TRUE,"VD_SH_N",161,20760161
23691,0,0,1e-12,TRUE,"VD_SH_N",162,20760162
22899,0,0,1e-12,TRUE,"VD_SH_N",163,20760163
23094,0,0,1e-12,TRUE,"VD_SH_N",164,20760164
23404,0,0,1e-12,TRUE,"VD_SH_N",165,20760165
24327,0,0,1e-12,TRUE,"VD_SH_N",166,20760166
22134,0,0,1e-12,TRUE,"VD_SH_N",167,20760167
23745,0,0,1e-12,TRUE,"VD_SH_N",168,20760168
24922,0,0,1e-12,TRUE,"VD_SH_N",169,20760169
23306,0,0,1e-12,TRUE,"VD_SH_N",170,20760170
23732,0,0,1e-12,TRUE,"VD_SH_N",171,20760171
22577,0,0,1e-12,TRUE,"VD_SH_N",172,20760172
24105,0,0,1e-12,TRUE,"VD_SH_N",173,20760173
23197,0,0,1e-12,TRUE,"VD_SH_N",174,20760174
24525,0,0,1e-12,TRUE,"VD_SH_N",175,20760175
23589,0,0,1e-12,TRUE,"VD_SH_N",176,20760176
23443,0,0,1e-12,TRUE,"VD_SH_N",177,20760177
23598,0,0,1e-12,TRUE,"VD_SH_N",178,20760178
23107,0,0,1e-12,TRUE,"VD_SH_N",179,20760179
22999,0,0,1e-12,TRUE,"VD_SH_N",180,20760180
23807,0,0,1e-12,TRUE,"VD_SH_N",181,20760181
23918,0,0,1e-12,TRUE,"VD_SH_N",182,20760182
24409,0,0,1e-12,TRUE,"VD_SH_N",183,20760183
24035,0,0,1e-12,TRUE,"VD_SH_N",184,20760184
23655,0,0,1e-12,TRUE,"VD_SH_N",185,20760185
24063,0,0,1e-12,TRUE,"VD_SH_N",186,20760186
23971,0,0,1e-12,TRUE,"VD_SH_N",187,20760187
22333,0,0,1e-12,TRUE,"VD_SH_N",188,20760188
23453,0,0,1e-12,TRUE,"VD_SH_N",189,20760189
24119,0,0,1e-12,TRUE,"VD_SH_N",190,20760190
23955,0,0,1e-12,TRUE,"VD_SH_N",191,20760191
22895,0,0,1e-12,TRUE,"VD_SH_N",192,20760192
23905,0,0,1e-12,TRUE,"VD_SH_N",193,20760193
23530,0,0,1e-12,TRUE,"VD_SH_N",194,20760194
23241,0,0,1e-12,TRUE,"VD_SH_N",195,20760195
23328,0,0,1e-12,TRUE,"VD_SH_N",196,20760196
24145,0,0,1e-12,TRUE,"VD_SH_N",197,20760197
23663,0,0,1e-12,TRUE,"VD_SH_N",198,20760198
22188,0,0,1e-12,TRUE,"VD_SH_N",199,20760199
22982,0,0,1e-12,TRUE,"VD_SH_N",200,20760200
23724,0,0,1e-12,TRUE,"VD_SH_N",201,20760201
23802,0,0,1e-12,TRUE,"VD_SH_N",202,20760202
23279,0,0,1e-12,TRUE,"VD_SH_N",203,20760203
23660,0,0,1e-12,TRUE,"VD_SH_N",204,20760204
24397,0,0,1e-12,TRUE,"VD_SH_N",205,20760205
24409,0,0,1e-12,TRUE,"VD_SH_N",206,20760206
22963,0,0,1e-12,TRUE,"VD_SH_N",207,20760207
23345,0,0,1e-12,TRUE,"VD_SH_N",208,20760208
23982,0,0,1e-12,TRUE,"VD_SH_N",209,20760209
23276,0,0,1e-12,TRUE,"VD_SH_N",210,20760210
23312,0,0,1e-12,TRUE,"VD_SH_N",211,20760211
23067,0,0,1e-12,TRUE,"VD_SH_N",212,20760212
24212,0,0,1e-12,TRUE,"VD_SH_N",213,20760213
24187,0,0,1e-12,TRUE,"VD_SH_N",214,20760214
22982,0,0,1e-12,TRUE,"VD_SH_N",215,20760215
23176,0,0,1e-12,TRUE,"VD_SH_N",216,20760216
23242,0,0,1e-12,TRUE,"VD_SH_N",217,20760217
22884,0,0,1e-12,TRUE,"VD_SH_N",218,20760218
22178,0,0,1e-12,TRUE,"VD_SH_N",219,20760219
22903,0,0,1e-12,TRUE,"VD_SH_N",220,20760220
23177,0,0,1e-12,TRUE,"VD_SH_N",221,20760221
23015,0,0,1e-12,TRUE,"VD_SH_N",222,20760222
23308,0,0,1e-12,TRUE,"VD_SH_N",223,20760223
25158,0,0,1e-12,TRUE,"VD_SH_N",224,20760224
22797,0,0,1e-12,TRUE,"VD_SH_N",225,20760225
23793,0,0,1e-12,TRUE,"VD_SH_N",226,20760226
22951,0,0,1e-12,TRUE,"VD_SH_N",227,20760227
23651,0,0,1e-12,TRUE,"VD_SH_N",228,20760228
23733,0,0,1e-12,TRUE,"VD_SH_N",229,20760229
24070,0,0,1e-12,TRUE,"VD_SH_N",230,20760230
23643,0,0,1e-12,TRUE,"VD_SH_N",231,20760231
22841,0,0,1e-12,TRUE,"VD_SH_N",232,20760232
24501,0,0,1e-12,TRUE,"VD_SH_N",233,20760233
23057,0,0,1e-12,TRUE,"VD_SH_N",234,20760234
23750,0,0,1e-12,TRUE,"VD_SH_N",235,20760235
23018,0,0,1e-12,TRUE,"VD_SH_N",236,20760236
22406,0,0,1e-12,TRUE,"VD_SH_N",237,20760237
24055,0,0,1e-12,TRUE,"VD_SH_N",238,20760238
22842,0,0,1e-12,TRUE,"VD_SH_N",239,20760239
24204,0,0,1e-12,TRUE,"VD_SH_N",240,20760240
23898,0,0,1e-12,TRUE,"VD_SH_N",241,20760241
24923,0,0,1e-12,TRUE,"VD_SH_N",242,20760242
23126,0,0,1e-12,TRUE,"VD_SH_N",243,20760243
23344,0,0,1e-12,TRUE,"VD_SH_N",244,20760244
24364,0,0,1e-12,TRUE,"VD_SH_N",245,20760245
24355,0,0,1e-12,TRUE,"VD_SH_N",246,20760246
24052,0,0,1e-12,TRUE,"VD_SH_N",247,20760247
23273,0,0,1e-12,TRUE,"VD_SH_N",248,20760248
24764,0,0,1e-12,TRUE,"VD_SH_N",249,20760249
23007,0,0,1e-12,TRUE,"VD_SH_N",250,20760250
24397,0,0,1e-12,TRUE,"VD_SH_N",251,20760251
24458,0,0,1e-12,TRUE,"VD_SH_N",252,20760252
23529,0,0,1e-12,TRUE,"VD_SH_N",253,20760253
23186,0,0,1e-12,TRUE,"VD_SH_N",254,20760254
23227,0,0,1e-12,TRUE,"VD_SH_N",255,20760255
24081,0,0,1e-12,TRUE,"VD_SH_N",256,20760256
23611,0,0,1e-12,TRUE,"VD_SH_N",257,20760257
23318,0,0,1e-12,TRUE,"VD_SH_N",258,20760258
22654,0,0,1e-12,TRUE,"VD_SH_N",259,20760259
24882,0,0,1e-12,TRUE,"VD_SH_N",260,20760260
22896,0,0,1e-12,TRUE,"VD_SH_N",261,20760261
23641,0,0,1e-12,TRUE,"VD_SH_N",262,20760262
24467,0,0,1e-12,TRUE,"VD_SH_N",263,20760263
23118,0,0,1e-12,TRUE,"VD_SH_N",264,20760264
23006,0,0,1e-12,TRUE,"VD_SH_N",265,20760265
24051,0,0,1e-12,TRUE,"VD_SH_N",266,20760266
23266,0,0,1e-12,TRUE,"VD_SH_N",267,20760267
24235,0,0,1e-12,TRUE,"VD_SH_N",268,20760268
23127,0,0,1e-12,TRUE,"VD_SH_N",269,20760269
23930,0,0,1e-12,TRUE,"VD_SH_N",270,20760270
23787,0,0,1e-12,TRUE,"VD_SH_N",271,20760271
24420,0,0,1e-12,TRUE,"VD_SH_N",272,20760272
23319,0,0,1e-12,TRUE,"VD_SH_N",273,20760273
22987,0,0,1e-12,TRUE,"VD_SH_N",274,20760274
23991,0,0,1e-12,TRUE,"VD_SH_N",275,20760275
23824,0,0,1e-12,TRUE,"VD_SH_N",276,20760276
24421,0,0,1e-12,TRUE,"VD_SH_N",277,20760277
23525,0,0,1e-12,TRUE,"VD_SH_N",278,20760278
22486,0,0,1e-12,TRUE,"VD_SH_N",279,20760279
23738,0,0,1e-12,TRUE,"VD_SH_N",280,20760280
23487,0,0,1e-12,TRUE,"VD_SH_N",281,20760281
23294,0,0,1e-12,TRUE,"VD_SH_N",282,20760282
23832,0,0,1e-12,TRUE,"VD_SH_N",283,20760283
22975,0,0,1e-12,TRUE,"VD_SH_N",284,20760284
22899,0,0,1e-12,TRUE,"VD_SH_N",285,20760285
24134,0,0,1e-12,TRUE,"VD_SH_N",286,20760286
23732,0,0,1e-12,TRUE,"VD_SH_N",287,20760287
23633,0,0,1e-12,TRUE,"VD_SH_N",288,20760288
23340,0,0,1e-12,TRUE,"VD_SH_N",289,20760289
23128,0,0,1e-12,TRUE,"VD_SH_N",290,20760290
24427,0,0,1e-12,TRUE,"VD_SH_N",291,20760291
24393,0,0,1e-12,TRUE,"VD_SH_N",292,20760292
23693,0,0,1e-12,TRUE,"VD_SH_N",293,20760293
23550,0,0,1e-12,TRUE,"VD_SH_N",294,20760294
23769,0,0,1e-12,TRUE,"VD_SH_N",295,20760295
23049,0,0,1e-12,TRUE,"VD_SH_N",296,20760296
23285,0,0,1e-12,TRUE,"VD_SH_N",297,20760297
23946,0,0,1e-12,TRUE,"VD_SH_N",298,20760298
23727,0,0,1e-12,TRUE,"VD_SH_N",299,20760299
23398,0,0,1e-12,TRUE,"VD_SH_N",300,20760300
23142,0,0,1e-12,TRUE,"VD_SH_N",301,20760301
22679,0,0,1e-12,TRUE,"VD_SH_N",302,20760302
22624,0,0,1e-12,TRUE,"VD_SH_N",303,20760303
24164,0,0,1e-12,TRUE,"VD_SH_N",304,20760304
23985,0,0,1e-12,TRUE,"VD_SH_N",305,20760305
22514,0,0,1e-12,TRUE,"VD_SH_N",306,20760306
24224,0,0,1e-12,TRUE,"VD_SH_N",307,20760307
23132,0,0,1e-12,TRUE,"VD_SH_N",308,20760308
24320,0,0,1e-12,TRUE,"VD_SH_N",309,20760309
23718,0,0,1e-12,TRUE,"VD_SH_N",310,20760310
23680,0,0,1e-12,TRUE,"VD_SH_N",311,20760311
24038,0,0,1e-12,TRUE,"VD_SH_N",312,20760312
23788,0,0,1e-12,TRUE,"VD_SH_N",313,20760313
23113,0,0,1e-12,TRUE,"VD_SH_N",314,20760314
22868,0,0,1e-12,TRUE,"VD_SH_N",315,20760315
22780,0,0,1e-12,TRUE,"VD_SH_N",316,20760316
23048,0,0,1e-12,TRUE,"VD_SH_N",317,20760317
23382,0,0,1e-12,TRUE,"VD_SH_N",318,20760318
23555,0,0,1e-12,TRUE,"VD_SH_N",319,20760319
22392,0,0,1e-12,TRUE,"VD_SH_N",320,20760320
23781,0,0,1e-12,TRUE,"VD_SH_N",321,20760321
23719,0,0,1e-12,TRUE,"VD_SH_N",322,20760322
23495,0,0,1e-12,TRUE,"VD_SH_N",323,20760323
22849,0,0,1e-12,TRUE,"VD_SH_N",324,20760324
23269,0,0,1e-12,TRUE,"VD_SH_N",325,20760325
23019,0,0,1e-12,TRUE,"VD_SH_N",326,20760326
23406,0,0,1e-12,TRUE,"VD_SH_N",327,20760327
24852,0,0,1e-12,TRUE,"VD_SH_N",328,20760328
23827,0,0,1e-12,TRUE,"VD_SH_N",329,20760329
23770,0,0,1e-12,TRUE,"VD_SH_N",330,20760330
23707,0,0,1e-12,TRUE,"VD_SH_N",331,20760331
22578,0,0,1e-12,TRUE,"VD_SH_N",332,20760332
23907,0,0,1e-12,TRUE,"VD_SH_N",333,20760333
24023,0,0,1e-12,TRUE,"VD_SH_N",334,20760334
25167,0,0,1e-12,TRUE,"VD_SH_N",335,20760335
23312,0,0,1e-12,TRUE,"VD_SH_N",336,20760336
22856,0,0,1e-12,TRUE,"VD_SH_N",337,20760337
23572,0,0,1e-12,TRUE,"VD_SH_N",338,20760338
24100,0,0,1e-12,TRUE,"VD_SH_N",339,20760339
22886,0,0,1e-12,TRUE,"VD_SH_N",340,20760340
23282,0,0,1e-12,TRUE,"VD_SH_N",341,20760341
22928,0,0,1e-12,TRUE,"VD_SH_N",342,20760342
23633,0,0,1e-12,TRUE,"VD_SH_N",343,20760343
23216,0,0,1e-12,TRUE,"VD_SH_N",344,20760344
23535,0,0,1e-12,TRUE,"VD_SH_N",345,20760345
22996,0,0,1e-12,TRUE,"VD_SH_N",346,20760346
22582,0,0,1e-12,TRUE,"VD_SH_N",347,20760347
22797,0,0,1e-12,TRUE,"VD_SH_N",348,20760348
24305,0,0,1e-12,TRUE,"VD_SH_N",349,20760349
23449,0,0,1e-12,TRUE,"VD_SH_N",350,20760350
23466,0,0,1e-12,TRUE,"VD_SH_N",351,20760351
24479,0,0,1e-12,TRUE,"VD_SH_N",352,20760352
22117,0,0,1e-12,TRUE,"VD_SH_N",353,20760353
23139,0,0,1e-12,TRUE,"VD_SH_N",354,20760354
22567,0,0,1e-12,TRUE,"VD_SH_N",355,20760355
23347,0,0,1e-12,TRUE,"VD_SH_N",356,20760356
24046,0,0,1e-12,TRUE,"VD_SH_N",357,20760357
24266,0,0,1e-12,TRUE,"VD_SH_N",358,20760358
23877,0,0,1e-12,TRUE,"VD_SH_N",359,20760359
23294,0,0,1e-12,TRUE,"VD_SH_N",360,20760360
22565,0,0,1e-12,TRUE,"VD_SH_N",361,20760361
23807,0,0,1e-12,TRUE,"VD_SH_N",362,20760362
23605,0,0,1e-12,TRUE,"VD_SH_N",363,20760363
23411,0,0,1e-12,TRUE,"VD_SH_N",364,20760364
23605,0,0,1e-12,TRUE,"VD_SH_N",365,20760365
23442,0,0,1e-12,TRUE,"VD_SH_N",366,20760366
24603,0,0,1e-12,TRUE,"VD_SH_N",367,20760367
24998,0,0,1e-12,TRUE,"VD_SH_N",368,20760368
23448,0,0,1e-12,TRUE,"VD_SH_N",369,20760369
23167,0,0,1e-12,TRUE,"VD_SH_N",370,20760370
23811,0,0,1e-12,TRUE,"VD_SH_N",371,20760371
24207,0,0,1e-12,TRUE,"VD_SH_N",372,20760372
23022,0,0,1e-12,TRUE,"VD_SH_N",373,20760373
23511,0,0,1e-12,TRUE,"VD_SH_N",374,20760374
22845,0,0,1e-12,TRUE,"VD_SH_N",375,20760375
23268,0,0,1e-12,TRUE,"VD_SH_N",376,20760376
23517,0,0,1e-12,TRUE,"VD_SH_N",377,20760377
22612,0,0,1e-12,TRUE,"VD_SH_N",378,20760378
23748,0,0,1e-12,TRUE,"VD_SH_N",379,20760379
24219,0,0,1e-12,TRUE,"VD_SH_N",380,20760380
23757,0,0,1e-12,TRUE,"VD_SH_N",381,20760381
23591,0,0,1e-12,TRUE,"VD_SH_N",382,20760382
23189,0,0,1e-12,TRUE,"VD_SH_N",383,20760383
22645,0,0,1e-12,TRUE,"VD_SH_N",384,20760384
24003,0,0,1e-12,TRUE,"VD_SH_N",385,20760385
23329,0,0,1e-12,TRUE,"VD_SH_N",386,20760386
23456,0,0,1e-12,TRUE,"VD_SH_N",387,20760387
23807,0,0,1e-12,TRUE,"VD_SH_N",388,20760388
23382,0,0,1e-12,TRUE,"VD_SH_N",389,20760389
22937,0,0,1e-12,TRUE,"VD_SH_N",390,20760390
22922,0,0,1e-12,TRUE,"VD_SH_N",391,20760391
23765,0,0,1e-12,TRUE,"VD_SH_N",392,20760392
23035,0,0,1e-12,TRUE,"VD_SH_N",393,20760393
23055,0,0,1e-12,TRUE,"VD_SH_N",394,20760394
24467,0,0,1e-12,TRUE,"VD_SH_N",395,20760395
24285,0,0,1e-12,TRUE,"VD_SH_N",396,20760396
23557,0,0,1e-12,TRUE,"VD_SH_N",397,20760397
23029,0,0,1e-12,TRUE,"VD_SH_N",398,20760398
22772,0,0,1e-12,TRUE,"VD_SH_N",399,20760399
24535,0,0,1e-12,TRUE,"VD_SH_N",400,20760400
23994,0,0,1e-12,TRUE,"VD_SH_N",401,20760401
24534,0,0,1e-12,TRUE,"VD_SH_N",402,20760402
22377,0,0,1e-12,TRUE,"VD_SH_N",403,20760403
22643,0,0,1e-12,TRUE,"VD_SH_N",404,20760404
23626,0,0,1e-12,TRUE,"VD_SH_N",405,20760405
23928,0,0,1e-12,TRUE,"VD_SH_N",406,20760406
24179,0,0,1e-12,TRUE,"VD_SH_N",407,20760407
23021,0,0,1e-12,TRUE,"VD_SH_N",408,20760408
23484,0,0,1e-12,TRUE,"VD_SH_N",409,20760409
24093,0,0,1e-12,TRUE,"VD_SH_N",410,20760410
25063,0,0,1e-12,TRUE,"VD_SH_N",411,20760411
23810,0,0,1e-12,TRUE,"VD_SH_N",412,20760412
23140,0,0,1e-12,TRUE,"VD_SH_N",413,20760413
23198,0,0,1e-12,TRUE,"VD_SH_N",414,20760414
23747,0,0,1e-12,TRUE,"VD_SH_N",415,20760415
23449,0,0,1e-12,TRUE,"VD_SH_N",416,20760416
23397,0,0,1e-12,TRUE,"VD_SH_N",417,20760417
22987,0,0,1e-12,TRUE,"VD_SH_N",418,20760418
23930,0,0,1e-12,TRUE,"VD_SH_N",419,20760419
23113,0,0,1e-12,TRUE,"VD_SH_N",420,20760420
22813,0,0,1e-12,TRUE,"VD_SH_N",421,20760421
23910,0,0,1e-12,TRUE,"VD_SH_N",422,20760422
23153,0,0,1e-12,TRUE,"VD_SH_N",423,20760423
22665,0,0,1e-12,TRUE,"VD_SH_N",424,20760424
23342,0,0,1e-12,TRUE,"VD_SH_N",425,20760425
23473,0,0,1e-12,TRUE,"VD_SH_N",426,20760426
23652,0,0,1e-12,TRUE,"VD_SH_N",427,20760427
22427,0,0,1e-12,TRUE,"VD_SH_N",428,20760428
23266,0,0,1e-12,TRUE,"VD_SH_N",429,20760429
23461,0,0,1e-12,TRUE,"VD_SH_N",430,20760430
24010,0,0,1e-12,TRUE,"VD_SH_N",431,20760431
23656,0,0,1e-12,TRUE,"VD_SH_N",432,20760432
23307,0,0,1e-12,TRUE,"VD_SH_N",433,20760433
23127,0,0,1e-12,TRUE,"VD_SH_N",434,20760434
22640,0,0,1e-12,TRUE,"VD_SH_N",435,20760435
22454,0,0,1e-12,TRUE,"VD_SH_N",436,20760436
23509,0,0,1e-12,TRUE,"VD_SH_N",437,20760437
24442,0,0,1e-12,TRUE,"VD_SH_N",438,20760438
23149,0,0,1e-12,TRUE,"VD_SH_N",439,20760439
23760,0,0,1e-12,TRUE,"VD_SH_N",440,20760440
23106,0,0,1e-12,TRUE,"VD_SH_N",441,20760441
23344,0,0,1e-12,TRUE,"VD_SH_N",442,20760442
24610,0,0,1e-12,TRUE,"VD_SH_N",443,20760443
23009,0,0,1e-12,TRUE,"VD_SH_N",444,20760444
22828,0,0,1e-12,TRUE,"VD_SH_N",445,20760445
23189,0,0,1e-12,TRUE,"VD_SH_N",446,20760446
24646,0,0,1e-12,TRUE,"VD_SH_N",447,20760447
22855,0,0,1e-12,TRUE,"VD_SH_N",448,20760448
22433,0,0,1e-12,TRUE,"VD_SH_N",449,20760449
23157,0,0,1e-12,TRUE,"VD_SH_N",450,20760450
23925,0,0,1e-12,TRUE,"VD_SH_N",451,20760451
23636,0,0,1e-12,TRUE,"VD_SH_N",452,20760452
23392,0,0,1e-12,TRUE,"VD_SH_N",453,20760453
24757,0,0,1e-12,TRUE,"VD_SH_N",454,20760454
24299,0,0,1e-12,TRUE,"VD_SH_N",455,20760455
25629,0,0,1e-12,TRUE,"VD_SH_N",456,20760456
23933,0,0,1e-12,TRUE,"VD_SH_N",457,20760457
22893,0,0,1e-12,TRUE,"VD_SH_N",458,20760458
23560,0,0,1e-12,TRUE,"VD_SH_N",459,20760459
24274,0,0,1e-12,TRUE,"VD_SH_N",460,20760460
23614,0,0,1e-12,TRUE,"VD_SH_N",461,20760461
23224,0,0,1e-12,TRUE,"VD_SH_N",462,20760462
22613,0,0,1e-12,TRUE,"VD_SH_N",463,20760463
23583,0,0,1e-12,TRUE,"VD_SH_N",464,20760464
23537,0,0,1e-12,TRUE,"VD_SH_N",465,20760465
23667,0,0,1e-12,TRUE,"VD_SH_N",466,20760466
24393,0,0,1e-12,TRUE,"VD_SH_N",467,20760467
22370,0,0,1e-12,TRUE,"VD_SH_N",468,20760468
23713,0,0,1e-12,TRUE,"VD_SH_N",469,20760469
22821,0,0,1e-12,TRUE,"VD_SH_N",470,20760470
23332,0,0,1e-12,TRUE,"VD_SH_N",471,20760471
23730,0,0,1e-12,TRUE,"VD_SH_N",472,20760472
23562,0,0,1e-12,TRUE,"VD_SH_N",473,20760473
22725,0,0,1e-12,TRUE,"VD_SH_N",474,20760474
23625,0,0,1e-12,TRUE,"VD_SH_N",475,20760475
23505,0,0,1e-12,TRUE,"VD_SH_N",476,20760476
23096,0,0,1e-12,TRUE,"VD_SH_N",477,20760477
22938,0,0,1e-12,TRUE,"VD_SH_N",478,20760478
24504,0,0,1e-12,TRUE,"VD_SH_N",479,20760479
22620,0,0,1e-12,TRUE,"VD_SH_N",480,20760480
23872,0,0,1e-12,TRUE,"VD_SH_N",481,20760481
23707,0,0,1e-12,TRUE,"VD_SH_N",482,20760482
24091,0,0,1e-12,TRUE,"VD_SH_N",483,20760483
23630,0,0,1e-12,TRUE,"VD_SH_N",484,20760484
23100,0,0,1e-12,TRUE,"VD_SH_N",485,20760485
23488,0,0,1e-12,TRUE,"VD_SH_N",486,20760486
23447,0,0,1e-12,TRUE,"VD_SH_N",487,20760487
23365,0,0,1e-12,TRUE,"VD_SH_N",488,20760488
24259,0,0,1e-12,TRUE,"VD_SH_N",489,20760489
22383,0,0,1e-12,TRUE,"VD_SH_N",490,20760490
22806,0,0,1e-12,TRUE,"VD_SH_N",491,20760491
22964,0,0,1e-12,TRUE,"VD_SH_N",492,20760492
23254,0,0,1e-12,TRUE,"VD_SH_N",493,20760493
23646,0,0,1e-12,TRUE,"VD_SH_N",494,20760494
24211,0,0,1e-12,TRUE,"VD_SH_N",495,20760495
22993,0,0,1e-12,TRUE,"VD_SH_N",496,20760496
22865,0,0,1e-12,TRUE,"VD_SH_N",497,20760497
22889,0,0,1e-12,TRUE,"VD_SH_N",498,20760498
23094,0,0,1e-12,TRUE,"VD_SH_N",499,20760499
23110,0,0,1e-12,TRUE,"VD_SH_N",500,20760500
23125,0,0,1e-12,TRUE,"VD_SH_N",501,20760501
23743,0,0,1e-12,TRUE,"VD_SH_N",502,20760502
23616,0,0,1e-12,TRUE,"VD_SH_N",503,20760503
22692,0,0,1e-12,TRUE,"VD_SH_N",504,20760504
23363,0,0,1e-12,TRUE,"VD_SH_N",505,20760505
23612,0,0,1e-12,TRUE,"VD_SH_N",506,20760506
24644,0,0,1e-12,TRUE,"VD_SH_N",507,20760507
24748,0,0,1e-12,TRUE,"VD_SH_N",508,20760508
22734,0,0,1e-12,TRUE,"VD_SH_N",509,20760509
23532,0,0,1e-12,TRUE,"VD_SH_N",510,20760510
23759,0,0,1e-12,TRUE,"VD_SH_N",511,20760511
23297,0,0,1e-12,TRUE,"VD_SH_N",512,20760512
24558,0,0,1e-12,TRUE,"VD_SH_N",513,20760513
23372,0,0,1e-12,TRUE,"VD_SH_N",514,20760514
24020,0,0,1e-12,TRUE,"VD_SH_N",515,20760515
23972,0,0,1e-12,TRUE,"VD_SH_N",516,20760516
22131,0,0,1e-12,TRUE,"VD_SH_N",517,20760517
22993,0,0,1e-12,TRUE,"VD_SH_N",518,20760518
23976,0,0,1e-12,TRUE,"VD_SH_N",519,20760519
24083,0,0,1e-12,TRUE,"VD_SH_N",520,20760520
24304,0,0,1e-12,TRUE,"VD_SH_N",521,20760521
23602,0,0,1e-12,TRUE,"VD_SH_N",522,20760522
23471,0,0,1e-12,TRUE,"VD_SH_N",523,20760523
23906,0,0,1e-12,TRUE,"VD_SH_N",524,20760524
23339,0,0,1e-12,TRUE,"VD_SH_N",525,20760525
24010,0,0,1e-12,TRUE,"VD_SH_N",526,20760526
23151,0,0,1e-12,TRUE,"VD_SH_N",527,20760527
22686,0,0,1e-12,TRUE,"VD_SH_N",528,20760528
23847,0,0,1e-12,TRUE,"VD_SH_N",529,20760529
23544,0,0,1e-12,TRUE,"VD_SH_N",530,20760530
24977,0,0,1e-12,TRUE,"VD_SH_N",531,20760531
23919,0,0,1e-12,TRUE,"VD_SH_N",532,20760532
24065,0,0,1e-12,TRUE,"VD_SH_N",533,20760533
24438,0,0,1e-12,TRUE,"VD_SH_N",534,20760534
24454,0,0,1e-12,TRUE,"VD_SH_N",535,20760535
22720,0,0,1e-12,TRUE,"VD_SH_N",536,20760536
24188,0,0,1e-12,TRUE,"VD_SH_N",537,20760537
23131,0,0,1e-12,TRUE,"VD_SH_N",538,20760538
23126,0,0,1e-12,TRUE,"VD_SH_N",539,20760539
23222,0,0,1e-12,TRUE,"VD_SH_N",540,20760540
23185,0,0,1e-12,TRUE,"VD_SH_N",541,20760541
23587,0,0,1e-12,TRUE,"VD_SH_N",542,20760542
24540,0,0,1e-12,TRUE,"VD_SH_N",543,20760543
24167,0,0,1e-12,TRUE,"VD_SH_N",544,20760544
22875,0,0,1e-12,TRUE,"VD_SH_N",545,20760545
23282,0,0,1e-12,TRUE,"VD_SH_N",546,20760546
23801,0,0,1e-12,TRUE,"VD_SH_N",547,20760547
22001,0,0,1e-12,TRUE,"VD_SH_N",548,20760548
24030,0,0,1e-12,TRUE,"VD_SH_N",549,20760549
24717,0,0,1e-12,TRUE,"VD_SH_N",550,20760550
23476,0,0,1e-12,TRUE,"VD_SH_N",551,20760551
24135,0,0,1e-12,TRUE,"VD_SH_N",552,20760552
23387,0,0,1e-12,TRUE,"VD_SH_N",553,20760553
24383,0,0,1e-12,TRUE,"VD_SH_N",554,20760554
23942,0,0,1e-12,TRUE,"VD_SH_N",555,20760555
23380,0,0,1e-12,TRUE,"VD_SH_N",556,20760556
23589,0,0,1e-12,TRUE,"VD_SH_N",557,20760557
23818,0,0,1e-12,TRUE,"VD_SH_N",558,20760558
24085,0,0,1e-12,TRUE,"VD_SH_N",559,20760559
22769,0,0,1e-12,TRUE,"VD_SH_N",560,20760560
23960,0,0,1e-12,TRUE,"VD_SH_N",561,20760561
23388,0,0,1e-12,TRUE,"VD_SH_N",562,20760562
23925,0,0,1e-12,TRUE,"VD_SH_N",563,20760563
23692,0,0,1e-12,TRUE,"VD_SH_N",564,20760564
23464,0,0,1e-12,TRUE,"VD_SH_N",565,20760565
23667,0,0,1e-12,TRUE,"VD_SH_N",566,20760566
23638,0,0,1e-12,TRUE,"VD_SH_N",567,20760567
23359,0,0,1e-12,TRUE,"VD_SH_N",568,20760568
23163,0,0,1e-12,TRUE,"VD_SH_N",569,20760569
24089,0,0,1e-12,TRUE,"VD_SH_N",570,20760570
23178,0,0,1e-12,TRUE,"VD_SH_N",571,20760571
23363,0,0,1e-12,TRUE,"VD_SH_N",572,20760572
22820,0,0,1e-12,TRUE,"VD_SH_N",573,20760573
23289,0,0,1e-12,TRUE,"VD_SH_N",574,20760574
23863,0,0,1e-12,TRUE,"VD_SH_N",575,20760575
24231,0,0,1e-12,TRUE,"VD_SH_N",576,20760576
23371,0,0,1e-12,TRUE,"VD_SH_N",577,20760577
22883,0,0,1e-12,TRUE,"VD_SH_N",578,20760578
22982,0,0,1e-12,TRUE,"VD_SH_N",579,20760579
22929,0,0,1e-12,TRUE,"VD_SH_N",580,20760580
24374,0,0,1e-12,TRUE,"VD_SH_N",581,20760581
22221,0,0,1e-12,TRUE,"VD_SH_N",582,20760582
23719,0,0,1e-12,TRUE,"VD_SH_N",583,20760583
24821,0,0,1e-12,TRUE,"VD_SH_N",584,20760584
22015,0,0,1e-12,TRUE,"VD_SH_N",585,20760585
23133,0,0,1e-12,TRUE,"VD_SH_N",586,20760586
22913,0,0,1e-12,TRUE,"VD_SH_N",587,20760587
23211,0,0,1e-12,TRUE,"VD_SH_N",588,20760588
23733,0,0,1e-12,TRUE,"VD_SH_N",589,20760589
22904,0,0,1e-12,TRUE,"VD_SH_N",590,20760590
23488,0,0,1e-12,TRUE,"VD_SH_N",591,20760591
22917,0,0,1e-12,TRUE,"VD_SH_N",592,20760592
23080,0,0,1e-12,TRUE,"VD_SH_N",593,20760593
22520,0,0,1e-12,TRUE,"VD_SH_N",594,20760594
22905,0,0,1e-12,TRUE,"VD_SH_N",595,20760595
22996,0,0,1e-12,TRUE,"VD_SH_N",596,20760596
23558,0,0,1e-12,TRUE,"VD_SH_N",597,20760597
23654,0,0,1e-12,TRUE,"VD_SH_N",598,20760598
22692,0,0,1e-12,TRUE,"VD_SH_N",599,20760599
24481,0,0,1e-12,TRUE,"VD_SH_N",600,20760600
23575,0,0,1e-12,TRUE,"VD_SH_N",601,20760601
23687,0,0,1e-12,TRUE,"VD_SH_N",602,20760602
23766,0,0,1e-12,TRUE,"VD_SH_N",603,20760603
23151,0,0,1e-12,TRUE,"VD_SH_N",604,20760604
22170,0,0,1e-12,TRUE,"VD_SH_N",605,20760605
24374,0,0,1e-12,TRUE,"VD_SH_N",606,20760606
24658,0,0,1e-12,TRUE,"VD_SH_N",607,20760607
23391,0,0,1e-12,TRUE,"VD_SH_N",608,20760608
23336,0,0,1e-12,TRUE,"VD_SH_N",609,20760609
23275,0,0,1e-12,TRUE,"VD_SH_N",610,20760610
24313,0,0,1e-12,TRUE,"VD_SH_N",611,20760611
23365,0,0,1e-12,TRUE,"VD_SH_N",612,20760612
23664,0,0,1e-12,TRUE,"VD_SH_N",613,20760613
22929,0,0,1e-12,TRUE,"VD_SH_N",614,20760614
23826,0,0,1e-12,TRUE,"VD_SH_N",615,20760615
22546,0,0,1e-12,TRUE,"VD_SH_N",616,20760616
22870,0,0,1e-12,TRUE,"VD_SH_N",617,20760617
22634,0,0,1e-12,TRUE,"VD_SH_N",618,20760618
23669,0,0,1e-12,TRUE,"VD_SH_N",619,20760619
23080,0,0,1e-12,TRUE,"VD_SH_N",620,20760620
23995,0,0,1e-12,TRUE,"VD_SH_N",621,20760621
23384,0,0,1e-12,TRUE,"VD_SH_N",622,20760622
24126,0,0,1e-12,TRUE,"VD_SH_N",623,20760623
24618,0,0,1e-12,TRUE,"VD_SH_N",624,20760624
22651,0,0,1e-12,TRUE,"VD_SH_N",625,20760625
23823,0,0,1e-12,TRUE,"VD_SH_N",626,20760626
22580,0,0,1e-12,TRUE,"VD_SH_N",627,20760627
22787,0,0,1e-12,TRUE,"VD_SH_N",628,20760628
23963,0,0,1e-12,TRUE,"VD_SH_N",629,20760629
23483,0,0,1e-12,TRUE,"VD_SH_N",630,20760630
22545,0,0,1e-12,TRUE,"VD_SH_N",631,20760631
23680,0,0,1e-12,TRUE,"VD_SH_N",632,20760632
23130,0,0,1e-12,TRUE,"VD_SH_N",633,20760633
23763,0,0,1e-12,TRUE,"VD_SH_N",634,20760634
23749,0,0,1e-12,TRUE,"VD_SH_N",635,20760635
22748,0,0,1e-12,TRUE,"VD_SH_N",636,20760636
23142,0,0,1e-12,TRUE,"VD_SH_N",637,20760637
24497,0,0,1e-12,TRUE,"VD_SH_N",638,20760638
23543,0,0,1e-12,TRUE,"VD_SH_N",639,20760639
22563,0,0,1e-12,TRUE,"VD_SH_N",640,20760640
23161,0,0,1e-12,TRUE,"VD_SH_N",641,20760641
22611,0,0,1e-12,TRUE,"VD_SH_N",642,20760642
23679,0,0,1e-12,TRUE,"VD_SH_N",643,20760643
23547,0,0,1e-12,TRUE,"VD_SH_N",644,20760644
23722,0,0,1e-12,TRUE,"VD_SH_N",645,20760645
23216,0,0,1e-12,TRUE,"VD_SH_N",646,20760646
23736,0,0,1e-12,TRUE,"VD_SH_N",647,20760647
23685,0,0,1e-12,TRUE,"VD_SH_N",648,20760648
23606,0,0,1e-12,TRUE,"VD_SH_N",649,20760649
24241,0,0,1e-12,TRUE,"VD_SH_N",650,20760650
22487,0,0,1e-12,TRUE,"VD_SH_N",651,20760651
23176,0,0,1e-12,TRUE,"VD_SH_N",652,20760652
24156,0,0,1e-12,TRUE,"VD_SH_N",653,20760653
23155,0,0,1e-12,TRUE,"VD_SH_N",654,20760654
23110,0,0,1e-12,TRUE,"VD_SH_N",655,20760655
23268,0,0,1e-12,TRUE,"VD_SH_N",656,20760656
24108,0,0,1e-12,TRUE,"VD_SH_N",657,20760657
23993,0,0,1e-12,TRUE,"VD_SH_N",658,20760658
23583,0,0,1e-12,TRUE,"VD_SH_N",659,20760659
22485,0,0,1e-12,TRUE,"VD_SH_N",660,20760660
24544,0,0,1e-12,TRUE,"VD_SH_N",661,20760661
23303,0,0,1e-12,TRUE,"VD_SH_N",662,20760662
23629,0,0,1e-12,TRUE,"VD_SH_N",663,20760663
22856,0,0,1e-12,TRUE,"VD_SH_N",664,20760664
24079,0,0,1e-12,TRUE,"VD_SH_N",665,20760665
24067,0,0,1e-12,TRUE,"VD_SH_N",666,20760666
23906,0,0,1e-12,TRUE,"VD_SH_N",667,20760667
22869,0,0,1e-12,TRUE,"VD_SH_N",668,20760668
24013,0,0,1e-12,TRUE,"VD_SH_N",669,20760669
23703,0,0,1e-12,TRUE,"VD_SH_N",670,20760670
23098,0,0,1e-12,TRUE,"VD_SH_N",671,20760671
23626,0,0,1e-12,TRUE,"VD_SH_N",672,20760672
24075,0,0,1e-12,TRUE,"VD_SH_N",673,20760673
23461,0,0,1e-12,TRUE,"VD_SH_N",674,20760674
23072,0,0,1e-12,TRUE,"VD_SH_N",675,20760675
23744,0,0,1e-12,TRUE,"VD_SH_N",676,20760676
24661,0,0,1e-12,TRUE,"VD_SH_N",677,20760677
23764,0,0,1e-12,TRUE,"VD_SH_N",678,20760678
23283,0,0,1e-12,TRUE,"VD_SH_N",679,20760679
24324,0,0,1e-12,TRUE,"VD_SH_N",680,20760680
23367,0,0,1e-12,TRUE,"VD_SH_N",681,20760681
21632,0,0,1e-12,TRUE,"VD_SH_N",682,20760682
22884,0,0,1e-12,TRUE,"VD_SH_N",683,20760683
23751,0,0,1e-12,TRUE,"VD_SH_N",684,20760684
23901,0,0,1e-12,TRUE,"VD_SH_N",685,20760685
24123,0,0,1e-12,TRUE,"VD_SH_N",686,20760686
23625,0,0,1e-12,TRUE,"VD_SH_N",687,20760687
24594,0,0,1e-12,TRUE,"VD_SH_N",688,20760688
24250,0,0,1e-12,TRUE,"VD_SH_N",689,20760689
23080,0,0,1e-12,TRUE,"VD_SH_N",690,20760690
23314,0,0,1e-12,TRUE,"VD_SH_N",691,20760691
23735,0,0,1e-12,TRUE,"VD_SH_N",692,20760692
22438,0,0,1e-12,TRUE,"VD_SH_N",693,20760693
23420,0,0,1e-12,TRUE,"VD_SH_N",694,20760694
24188,0,0,1e-12,TRUE,"VD_SH_N",695,20760695
23315,0,0,1e-12,TRUE,"VD_SH_N",696,20760696
23851,0,0,1e-12,TRUE,"VD_SH_N",697,20760697
23266,0,0,1e-12,TRUE,"VD_SH_N",698,20760698
23509,0,0,1e-12,TRUE,"VD_SH_N",699,20760699
24096,0,0,1e-12,TRUE,"VD_SH_N",700,20760700
24358,0,0,1e-12,TRUE,"VD_SH_N",701,20760701
23041,0,0,1e-12,TRUE,"VD_SH_N",702,20760702
23714,0,0,1e-12,TRUE,"VD_SH_N",703,20760703
23390,0,0,1e-12,TRUE,"VD_SH_N",704,20760704
24777,0,0,1e-12,TRUE,"VD_SH_N",705,20760705
23680,0,0,1e-12,TRUE,"VD_SH_N",706,20760706
22667,0,0,1e-12,TRUE,"VD_SH_N",707,20760707
22804,0,0,1e-12,TRUE,"VD_SH_N",708,20760708
23164,0,0,1e-12,TRUE,"VD_SH_N",709,20760709
22982,0,0,1e-12,TRUE,"VD_SH_N",710,20760710
23667,0,0,1e-12,TRUE,"VD_SH_N",711,20760711
23766,0,0,1e-12,TRUE,"VD_SH_N",712,20760712
23490,0,0,1e-12,TRUE,"VD_SH_N",713,20760713
23086,0,0,1e-12,TRUE,"VD_SH_N",714,20760714
23655,0,0,1e-12,TRUE,"VD_SH_N",715,20760715
23340,0,0,1e-12,TRUE,"VD_SH_N",716,20760716
23791,0,0,1e-12,TRUE,"VD_SH_N",717,20760717
23166,0,0,1e-12,TRUE,"VD_SH_N",718,20760718
23602,0,0,1e-12,TRUE,"VD_SH_N",719,20760719
23728,0,0,1e-12,TRUE,"VD_SH_N",720,20760720
23917,0,0,1e-12,TRUE,"VD_SH_N",721,20760721
23114,0,0,1e-12,TRUE,"VD_SH_N",722,20760722
24098,0,0,1e-12,TRUE,"VD_SH_N",723,20760723
22941,0,0,1e-12,TRUE,"VD_SH_N",724,20760724
22790,0,0,1e-12,TRUE,"VD_SH_N",725,20760725
23609,0,0,1e-12,TRUE,"VD_SH_N",726,20760726
23343,0,0,1e-12,TRUE,"VD_SH_N",727,20760727
22835,0,0,1e-12,TRUE,"VD_SH_N",728,20760728
23843,0,0,1e-12,TRUE,"VD_SH_N",729,20760729
24442,0,0,1e-12,TRUE,"VD_SH_N",730,20760730
23381,0,0,1e-12,TRUE,"VD_SH_N",731,20760731
23216,0,0,1e-12,TRUE,"VD_SH_N",732,20760732
23609,0,0,1e-12,TRUE,"VD_SH_N",733,20760733
23805,0,0,1e-12,TRUE,"VD_SH_N",734,20760734
24463,0,0,1e-12,TRUE,"VD_SH_N",735,20760735
23380,0,0,1e-12,TRUE,"VD_SH_N",736,20760736
23319,0,0,1e-12,TRUE,"VD_SH_N",737,20760737
23515,0,0,1e-12,TRUE,"VD_SH_N",738,20760738
23719,0,0,1e-12,TRUE,"VD_SH_N",739,20760739
23256,0,0,1e-12,TRUE,"VD_SH_N",740,20760740
24040,0,0,1e-12,TRUE,"VD_SH_N",741,20760741
24123,0,0,1e-12,TRUE,"VD_SH_N",742,20760742
24460,0,0,1e-12,TRUE,"VD_SH_N",743,20760743
23319,0,0,1e-12,TRUE,"VD_SH_N",744,20760744
23893,0,0,1e-12,TRUE,"VD_SH_N",745,20760745
23523,0,0,1e-12,TRUE,"VD_SH_N",746,20760746
23701,0,0,1e-12,TRUE,"VD_SH_N",747,20760747
23140,0,0,1e-12,TRUE,"VD_SH_N",748,20760748
22301,0,0,1e-12,TRUE,"VD_SH_N",749,20760749
23615,0,0,1e-12,TRUE,"VD_SH_N",750,20760750
23143,0,0,1e-12,TRUE,"VD_SH_N",751,20760751
23316,0,0,1e-12,TRUE,"VD_SH_N",752,20760752
23622,0,0,1e-12,TRUE,"VD_SH_N",753,20760753
23472,0,0,1e-12,TRUE,"VD_SH_N",754,20760754
22297,0,0,1e-12,TRUE,"VD_SH_N",755,20760755
23575,0,0,1e-12,TRUE,"VD_SH_N",756,20760756
22931,0,0,1e-12,TRUE,"VD_SH_N",757,20760757
23203,0,0,1e-12,TRUE,"VD_SH_N",758,20760758
23422,0,0,1e-12,TRUE,"VD_SH_N",759,20760759
23095,0,0,1e-12,TRUE,"VD_SH_N",760,20760760
24809,0,0,1e-12,TRUE,"VD_SH_N",761,20760761
24741,0,0,1e-12,TRUE,"VD_SH_N",762,20760762
22921,0,0,1e-12,TRUE,"VD_SH_N",763,20760763
23648,0,0,1e-12,TRUE,"VD_SH_N",764,20760764
22938,0,0,1e-12,TRUE,"VD_SH_N",765,20760765
23761,0,0,1e-12,TRUE,"VD_SH_N",766,20760766
23449,0,0,1e-12,TRUE,"VD_SH_N",767,20760767
24180,0,0,1e-12,TRUE,"VD_SH_N",768,20760768
24300,0,0,1e-12,TRUE,"VD_SH_N",769,20760769
22363,0,0,1e-12,TRUE,"VD_SH_N",770,20760770
23630,0,0,1e-12,TRUE,"VD_SH_N",771,20760771
22940,0,0,1e-12,TRUE,"VD_SH_N",772,20760772
23908,0,0,1e-12,TRUE,"VD_SH_N",773,20760773
23121,0,0,1e-12,TRUE,"VD_SH_N",774,20760774
23465,0,0,1e-12,TRUE,"VD_SH_N",775,20760775
22775,0,0,1e-12,TRUE,"VD_SH_N",776,20760776
23033,0,0,1e-12,TRUE,"VD_SH_N",777,20760777
21625,0,0,1e-12,TRUE,"VD_SH_N",778,20760778
24395,0,0,1e-12,TRUE,"VD_SH_N",779,20760779
23699,0,0,1e-12,TRUE,"VD_SH_N",780,20760780
22876,0,0,1e-12,TRUE,"VD_SH_N",781,20760781
23107,0,0,1e-12,TRUE,"VD_SH_N",782,20760782
24644,0,0,1e-12,TRUE,"VD_SH_N",783,20760783
23023,0,0,1e-12,TRUE,"VD_SH_N",784,20760784
22534,0,0,1e-12,TRUE,"VD_SH_N",785,20760785
23486,0,0,1e-12,TRUE,"VD_SH_N",786,20760786
23354,0,0,1e-12,TRUE,"VD_SH_N",787,20760787
24744,0,0,1e-12,TRUE,"VD_SH_N",788,20760788
23913,0,0,1e-12,TRUE,"VD_SH_N",789,20760789
23909,0,0,1e-12,TRUE,"VD_SH_N",790,20760790
23993,0,0,1e-12,TRUE,"VD_SH_N",791,20760791
22179,0,0,1e-12,TRUE,"VD_SH_N",792,20760792
24122,0,0,1e-12,TRUE,"VD_SH_N",793,20760793
24353,0,0,1e-12,TRUE,"VD_SH_N",794,20760794
23601,0,0,1e-12,TRUE,"VD_SH_N",795,20760795
22786,0,0,1e-12,TRUE,"VD_SH_N",796,20760796
23732,0,0,1e-12,TRUE,"VD_SH_N",797,20760797
23882,0,0,1e-12,TRUE,"VD_SH_N",798,20760798
23454,0,0,1e-12,TRUE,"VD_SH_N",799,20760799
23658,0,0,1e-12,TRUE,"VD_SH_N",800,20760800
23694,0,0,1e-12,TRUE,"VD_SH_N",801,20760801
23919,0,0,1e-12,TRUE,"VD_SH_N",802,20760802
23457,0,0,1e-12,TRUE,"VD_SH_N",803,20760803
23541,0,0,1e-12,TRUE,"VD_SH_N",804,20760804
23306,0,0,1e-12,TRUE,"VD_SH_N",805,20760805
23077,0,0,1e-12,TRUE,"VD_SH_N",806,20760806
23348,0,0,1e-12,TRUE,"VD_SH_N",807,20760807
23925,0,0,1e-12,TRUE,"VD_SH_N",808,20760808
23434,0,0,1e-12,TRUE,"VD_SH_N",809,20760809
23162,0,0,1e-12,TRUE,"VD_SH_N",810,20760810
23800,0,0,1e-12,TRUE,"VD_SH_N",811,20760811
22437,0,0,1e-12,TRUE,"VD_SH_N",812,20760812
22807,0,0,1e-12,TRUE,"VD_SH_N",813,20760813
23449,0,0,1e-12,TRUE,"VD_SH_N",814,20760814
22833,0,0,1e-12,TRUE,"VD_SH_N",815,20760815
25222,0,0,1e-12,TRUE,"VD_SH_N",816,20760816
23173,0,0,1e-12,TRUE,"VD_SH_N",817,20760817
24100,0,0,1e-12,TRUE,"VD_SH_N",818,20760818
24310,0,0,1e-12,TRUE,"VD_SH_N",819,20760819
22887,0,0,1e-12,TRUE,"VD_SH_N",820,20760820
22903,0,0,1e-12,TRUE,"VD_SH_N",821,20760821
23244,0,0,1e-12,TRUE,"VD_SH_N",822,20760822
24272,0,0,1e-12,TRUE,"VD_SH_N",823,20760823
24176,0,0,1e-12,TRUE,"VD_SH_N",824,20760824
24701,0,0,1e-12,TRUE,"VD_SH_N",825,20760825
24377,0,0,1e-12,TRUE,"VD_SH_N",826,20760826
23810,0,0,1e-12,TRUE,"VD_SH_N",827,20760827
22959,0,0,1e-12,TRUE,"VD_SH_N",828,20760828
23210,0,0,1e-12,TRUE,"VD_SH_N",829,20760829
23441,0,0,1e-12,TRUE,"VD_SH_N",830,20760830
23113,0,0,1e-12,TRUE,"VD_SH_N",831,20760831
24002,0,0,1e-12,TRUE,"VD_SH_N",832,20760832
24050,0,0,1e-12,TRUE,"VD_SH_N",833,20760833
22955,0,0,1e-12,TRUE,"VD_SH_N",834,20760834
22859,0,0,1e-12,TRUE,"VD_SH_N",835,20760835
23212,0,0,1e-12,TRUE,"VD_SH_N",836,20760836
24296,0,0,1e-12,TRUE,"VD_SH_N",837,20760837
22891,0,0,1e-12,TRUE,"VD_SH_N",838,20760838
23649,0,0,1e-12,TRUE,"VD_SH_N",839,20760839
23719,0,0,1e-12,TRUE,"VD_SH_N",840,20760840
23762,0,0,1e-12,TRUE,"VD_SH_N",841,20760841
23473,0,0,1e-12,TRUE,"VD_SH_N",842,20760842
23320,0,0,1e-12,TRUE,"VD_SH_N",843,20760843
24246,0,0,1e-12,TRUE,"VD_SH_N",844,20760844
24115,0,0,1e-12,TRUE,"VD_SH_N",845,20760845
22739,0,0,1e-12,TRUE,"VD_SH_N",846,20760846
23605,0,0,1e-12,TRUE,"VD_SH_N",847,20760847
22904,0,0,1e-12,TRUE,"VD_SH_N",848,20760848
23814,0,0,1e-12,TRUE,"VD_SH_N",849,20760849
23257,0,0,1e-12,TRUE,"VD_SH_N",850,20760850
23310,0,0,1e-12,TRUE,"VD_SH_N",851,20760851
24083,0,0,1e-12,TRUE,"VD_SH_N",852,20760852
22778,0,0,1e-12,TRUE,"VD_SH_N",853,20760853
24388,0,0,1e-12,TRUE,"VD_SH_N",854,20760854
23816,0,0,1e-12,TRUE,"VD_SH_N",855,20760855
23647,0,0,1e-12,TRUE,"VD_SH_N",856,20760856
24092,0,0,1e-12,TRUE,"VD_SH_N",857,20760857
23812,0,0,1e-12,TRUE,"VD_SH_N",858,20760858
22339,0,0,1e-12,TRUE,"VD_SH_N",859,20760859
22437,0,0,1e-12,TRUE,"VD_SH_N",860,20760860
23602,0,0,1e-12,TRUE,"VD_SH_N",861,20760861
22072,0,0,1e-12,TRUE,"VD_SH_N",862,20760862
23533,0,0,1e-12,TRUE,"VD_SH_N",863,20760863
23170,0,0,1e-12,TRUE,"VD_SH_N",864,20760864
23487,0,0,1e-12,TRUE,"VD_SH_N",865,20760865
23633,0,0,1e-12,TRUE,"VD_SH_N",866,20760866
23682,0,0,1e-12,TRUE,"VD_SH_N",867,20760867
22958,0,0,1e-12,TRUE,"VD_SH_N",868,20760868
24409,0,0,1e-12,TRUE,"VD_SH_N",869,20760869
22646,0,0,1e-12,TRUE,"VD_SH_N",870,20760870
21879,0,0,1e-12,TRUE,"VD_SH_N",871,20760871
22876,0,0,1e-12,TRUE,"VD_SH_N",872,20760872
23589,0,0,1e-12,TRUE,"VD_SH_N",873,20760873
23954,0,0,1e-12,TRUE,"VD_SH_N",874,20760874
22653,0,0,1e-12,TRUE,"VD_SH_N",875,20760875
23117,0,0,1e-12,TRUE,"VD_SH_N",876,20760876
22596,0,0,1e-12,TRUE,"VD_SH_N",877,20760877
23872,0,0,1e-12,TRUE,"VD_SH_N",878,20760878
22526,0,0,1e-12,TRUE,"VD_SH_N",879,20760879
25471,0,0,1e-12,TRUE,"VD_SH_N",880,20760880
24497,0,0,1e-12,TRUE,"VD_SH_N",881,20760881
24162,0,0,1e-12,TRUE,"VD_SH_N",882,20760882
23463,0,0,1e-12,TRUE,"VD_SH_N",883,20760883
23009,0,0,1e-12,TRUE,"VD_SH_N",884,20760884
23081,0,0,1e-12,TRUE,"VD_SH_N",885,20760885
22848,0,0,1e-12,TRUE,"VD_SH_N",886,20760886
25168,0,0,1e-12,TRUE,"VD_SH_N",887,20760887
23132,0,0,1e-12,TRUE,"VD_SH_N",888,20760888
22232,0,0,1e-12,TRUE,"VD_SH_N",889,20760889
23579,0,0,1e-12,TRUE,"VD_SH_N",890,20760890
23615,0,0,1e-12,TRUE,"VD_SH_N",891,20760891
22347,0,0,1e-12,TRUE,"VD_SH_N",892,20760892
23893,0,0,1e-12,TRUE,"VD_SH_N",893,20760893
23533,0,0,1e-12,TRUE,"VD_SH_N",894,20760894
23011,0,0,1e-12,TRUE,"VD_SH_N",895,20760895
23530,0,0,1e-12,TRUE,"VD_SH_N",896,20760896
24254,0,0,1e-12,TRUE,"VD_SH_N",897,20760897
23719,0,0,1e-12,TRUE,"VD_SH_N",898,20760898
23636,0,0,1e-12,TRUE,"VD_SH_N",899,20760899
22821,0,0,1e-12,TRUE,"VD_SH_N",900,20760900
23781,0,0,1e-12,TRUE,"VD_SH_N",901,20760901
22871,0,0,1e-12,TRUE,"VD_SH_N",902,20760902
23290,0,0,1e-12,TRUE,"VD_SH_N",903,20760903
23518,0,0,1e-12,TRUE,"VD_SH_N",904,20760904
23983,0,0,1e-12,TRUE,"VD_SH_N",905,20760905
22601,0,0,1e-12,TRUE,"VD_SH_N",906,20760906
23646,0,0,1e-12,TRUE,"VD_SH_N",907,20760907
23506,0,0,1e-12,TRUE,"VD_SH_N",908,20760908
24133,0,0,1e-12,TRUE,"VD_SH_N",909,20760909
23485,0,0,1e-12,TRUE,"VD_SH_N",910,20760910
23546,0,0,1e-12,TRUE,"VD_SH_N",911,20760911
22351,0,0,1e-12,TRUE,"VD_SH_N",912,20760912
23399,0,0,1e-12,TRUE,"VD_SH_N",913,20760913
23550,0,0,1e-12,TRUE,"VD_SH_N",914,20760914
22853,0,0,1e-12,TRUE,"VD_SH_N",915,20760915
25057,0,0,1e-12,TRUE,"VD_SH_N",916,20760916
22446,0,0,1e-12,TRUE,"VD_SH_N",917,20760917
24488,0,0,1e-12,TRUE,"VD_SH_N",918,20760918
23369,0,0,1e-12,TRUE,"VD_SH_N",919,20760919
23652,0,0,1e-12,TRUE,"VD_SH_N",920,20760920
24733,0,0,1e-12,TRUE,"VD_SH_N",921,20760921
24637,0,0,1e-12,TRUE,"VD_SH_N",922,20760922
23093,0,0,1e-12,TRUE,"VD_SH_N",923,20760923
23365,0,0,1e-12,TRUE,"VD_SH_N",924,20760924
23330,0,0,1e-12,TRUE,"VD_SH_N",925,20760925
24146,0,0,1e-12,TRUE,"VD_SH_N",926,20760926
22330,0,0,1e-12,TRUE,"VD_SH_N",927,20760927
24463,0,0,1e-12,TRUE,"VD_SH_N",928,20760928
23640,0,0,1e-12,TRUE,"VD_SH_N",929,20760929
23770,0,0,1e-12,TRUE,"VD_SH_N",930,20760930
23282,0,0,1e-12,TRUE,"VD_SH_N",931,20760931
23147,0,0,1e-12,TRUE,"VD_SH_N",932,20760932
21108,0,0,1e-12,TRUE,"VD_SH_N",933,20760933
23611,0,0,1e-12,TRUE,"VD_SH_N",934,20760934
23100,0,0,1e-12,TRUE,"VD_SH_N",935,20760935
22856,0,0,1e-12,TRUE,"VD_SH_N",936,20760936
23448,0,0,1e-12,TRUE,"VD_SH_N",937,20760937
23995,0,0,1e-12,TRUE,"VD_SH_N",938,20760938
24617,0,0,1e-12,TRUE,"VD_SH_N",939,20760939
22904,0,0,1e-12,TRUE,"VD_SH_N",940,20760940
23290,0,0,1e-12,TRUE,"VD_SH_N",941,20760941
23453,0,0,1e-12,TRUE,"VD_SH_N",942,20760942
23131,0,0,1e-12,TRUE,"VD_SH_N",943,20760943
23420,0,0,1e-12,TRUE,"VD_SH_N",944,20760944
23517,0,0,1e-12,TRUE,"VD_SH_N",945,20760945
22767,0,0,1e-12,TRUE,"VD_SH_N",946,20760946
23709,0,0,1e-12,TRUE,"VD_SH_N",947,20760947
22718,0,0,1e-12,TRUE,"VD_SH_N",948,20760948
23622,0,0,1e-12,TRUE,"VD_SH_N",949,20760949
23848,0,0,1e-12,TRUE,"VD_SH_N",950,20760950
23876,0,0,1e-12,TRUE,"VD_SH_N",951,20760951
23610,0,0,1e-12,TRUE,"VD_SH_N",952,20760952
23001,0,0,1e-12,TRUE,"VD_SH_N",953,20760953
23426,0,0,1e-12,TRUE,"VD_SH_N",954,20760954
22682,0,0,1e-12,TRUE,"VD_SH_N",955,20760955
23862,0,0,1e-12,TRUE,"VD_SH_N",956,20760956
22638,0,0,1e-12,TRUE,"VD_SH_N",957,20760957
22806,0,0,1e-12,TRUE,"VD_SH_N",958,20760958
23970,0,0,1e-12,TRUE,"VD_SH_N",959,20760959
24031,0,0,1e-12,TRUE,"VD_SH_N",960,20760960
23806,0,0,1e-12,TRUE,"VD_SH_N",961,20760961
23247,0,0,1e-12,TRUE,"VD_SH_N",962,20760962
22939,0,0,1e-12,TRUE,"VD_SH_N",963,20760963
23619,0,0,1e-12,TRUE,"VD_SH_N",964,20760964
24352,0,0,1e-12,TRUE,"VD_SH_N",965,20760965
24249,0,0,1e-12,TRUE,"VD_SH_N",966,20760966
23402,0,0,1e-12,TRUE,"VD_SH_N",967,20760967
24016,0,0,1e-12,TRUE,"VD_SH_N",968,20760968
23831,0,0,1e-12,TRUE,"VD_SH_N",969,20760969
24224,0,0,1e-12,TRUE,"VD_SH_N",970,20760970
23984,0,0,1e-12,TRUE,"VD_SH_N",971,20760971
23060,0,0,1e-12,TRUE,"VD_SH_N",972,20760972
23956,0,0,1e-12,TRUE,"VD_SH_N",973,20760973
23864,0,0,1e-12,TRUE,"VD_SH_N",974,20760974
23034,0,0,1e-12,TRUE,"VD_SH_N",975,20760975
22898,0,0,1e-12,TRUE,"VD_SH_N",976,20760976
23509,0,0,1e-12,TRUE,"VD_SH_N",977,20760977
23585,0,0,1e-12,TRUE,"VD_SH_N",978,20760978
23591,0,0,1e-12,TRUE,"VD_SH_N",979,20760979
23940,0,0,1e-12,TRUE,"VD_SH_N",980,20760980
23976,0,0,1e-12,TRUE,"VD_SH_N",981,20760981
22684,0,0,1e-12,TRUE,"VD_SH_N",982,20760982
22783,0,0,1e-12,TRUE,"VD_SH_N",983,20760983
23366,0,0,1e-12,TRUE,"VD_SH_N",984,20760984
24206,0,0,1e-12,TRUE,"VD_SH_N",985,20760985
23012,0,0,1e-12,TRUE,"VD_SH_N",986,20760986
23511,0,0,1e-12,TRUE,"VD_SH_N",987,20760987
23298,0,0,1e-12,TRUE,"VD_SH_N",988,20760988
23428,0,0,1e-12,TRUE,"VD_SH_N",989,20760989
22866,0,0,1e-12,TRUE,"VD_SH_N",990,20760990
22691,0,0,1e-12,TRUE,"VD_SH_N",991,20760991
23704,0,0,1e-12,TRUE,"VD_SH_N",992,20760992
23933,0,0,1e-12,TRUE,"VD_SH_N",993,20760993
24288,0,0,1e-12,TRUE,"VD_SH_N",994,20760994
22866,0,0,1e-12,TRUE,"VD_SH_N",995,20760995
23848,0,0,1e-12,TRUE,"VD_SH_N",996,20760996
22764,0,0,1e-12,TRUE,"VD_SH_N",997,20760997
23283,0,0,1e-12,TRUE,"VD_SH_N",998,20760998
22235,0,0,1e-12,TRUE,"VD_SH_N",999,20760999
22598,0,0,1e-12,TRUE,"VD_SH_N",1000,20761000
25334,0,0,1e-12,TRUE,"VD_SH_A",1,20860001
23999,0,0,1e-12,TRUE,"VD_SH_A",2,20860002
24198,0,0,1e-12,TRUE,"VD_SH_A",3,20860003
23594,0,0,1e-12,TRUE,"VD_SH_A",4,20860004
23432,0,0,1e-12,TRUE,"VD_SH_A",5,20860005
23664,0,0,1e-12,TRUE,"VD_SH_A",6,20860006
24070,0,0,1e-12,TRUE,"VD_SH_A",7,20860007
22614,0,0,1e-12,TRUE,"VD_SH_A",8,20860008
24165,0,0,1e-12,TRUE,"VD_SH_A",9,20860009
23359,0,0,1e-12,TRUE,"VD_SH_A",10,20860010
24921,0,0,1e-12,TRUE,"VD_SH_A",11,20860011
24560,0,0,1e-12,TRUE,"VD_SH_A",12,20860012
23575,0,0,1e-12,TRUE,"VD_SH_A",13,20860013
23684,0,0,1e-12,TRUE,"VD_SH_A",14,20860014
24197,0,0,1e-12,TRUE,"VD_SH_A",15,20860015
24277,0,0,1e-12,TRUE,"VD_SH_A",16,20860016
24002,0,0,1e-12,TRUE,"VD_SH_A",17,20860017
23318,0,0,1e-12,TRUE,"VD_SH_A",18,20860018
22951,0,0,1e-12,TRUE,"VD_SH_A",19,20860019
23363,0,0,1e-12,TRUE,"VD_SH_A",20,20860020
23022,0,0,1e-12,TRUE,"VD_SH_A",21,20860021
23305,0,0,1e-12,TRUE,"VD_SH_A",22,20860022
22985,0,0,1e-12,TRUE,"VD_SH_A",23,20860023
23401,0,0,1e-12,TRUE,"VD_SH_A",24,20860024
22964,0,0,1e-12,TRUE,"VD_SH_A",25,20860025
24641,0,0,1e-12,TRUE,"VD_SH_A",26,20860026
24294,0,0,1e-12,TRUE,"VD_SH_A",27,20860027
25304,0,0,1e-12,TRUE,"VD_SH_A",28,20860028
24030,0,0,1e-12,TRUE,"VD_SH_A",29,20860029
24339,0,0,1e-12,TRUE,"VD_SH_A",30,20860030
23399,0,0,1e-12,TRUE,"VD_SH_A",31,20860031
23890,0,0,1e-12,TRUE,"VD_SH_A",32,20860032
22227,0,0,1e-12,TRUE,"VD_SH_A",33,20860033
23324,0,0,1e-12,TRUE,"VD_SH_A",34,20860034
23720,0,0,1e-12,TRUE,"VD_SH_A",35,20860035
24506,0,0,1e-12,TRUE,"VD_SH_A",36,20860036
23607,0,0,1e-12,TRUE,"VD_SH_A",37,20860037
24416,0,0,1e-12,TRUE,"VD_SH_A",38,20860038
23269,0,0,1e-12,TRUE,"VD_SH_A",39,20860039
24160,0,0,1e-12,TRUE,"VD_SH_A",40,20860040
24377,0,0,1e-12,TRUE,"VD_SH_A",41,20860041
23915,0,0,1e-12,TRUE,"VD_SH_A",42,20860042
24302,0,0,1e-12,TRUE,"VD_SH_A",43,20860043
24248,0,0,1e-12,TRUE,"VD_SH_A",44,20860044
23259,0,0,1e-12,TRUE,"VD_SH_A",45,20860045
23401,0,0,1e-12,TRUE,"VD_SH_A",46,20860046
23567,0,0,1e-12,TRUE,"VD_SH_A",47,20860047
23283,0,0,1e-12,TRUE,"VD_SH_A",48,20860048
24072,0,0,1e-12,TRUE,"VD_SH_A",49,20860049
23364,0,0,1e-12,TRUE,"VD_SH_A",50,20860050
23153,0,0,1e-12,TRUE,"VD_SH_A",51,20860051
23026,0,0,1e-12,TRUE,"VD_SH_A",52,20860052
22496,0,0,1e-12,TRUE,"VD_SH_A",53,20860053
22740,0,0,1e-12,TRUE,"VD_SH_A",54,20860054
23711,0,0,1e-12,TRUE,"VD_SH_A",55,20860055
23335,0,0,1e-12,TRUE,"VD_SH_A",56,20860056
23090,0,0,1e-12,TRUE,"VD_SH_A",57,20860057
23466,0,0,1e-12,TRUE,"VD_SH_A",58,20860058
22763,0,0,1e-12,TRUE,"VD_SH_A",59,20860059
22627,0,0,1e-12,TRUE,"VD_SH_A",60,20860060
23823,0,0,1e-12,TRUE,"VD_SH_A",61,20860061
23193,0,0,1e-12,TRUE,"VD_SH_A",62,20860062
23457,0,0,1e-12,TRUE,"VD_SH_A",63,20860063
23445,0,0,1e-12,TRUE,"VD_SH_A",64,20860064
24192,0,0,1e-12,TRUE,"VD_SH_A",65,20860065
24063,0,0,1e-12,TRUE,"VD_SH_A",66,20860066
22854,0,0,1e-12,TRUE,"VD_SH_A",67,20860067
23483,0,0,1e-12,TRUE,"VD_SH_A",68,20860068
23469,0,0,1e-12,TRUE,"VD_SH_A",69,20860069
23468,0,0,1e-12,TRUE,"VD_SH_A",70,20860070
23706,0,0,1e-12,TRUE,"VD_SH_A",71,20860071
24164,0,0,1e-12,TRUE,"VD_SH_A",72,20860072
22434,0,0,1e-12,TRUE,"VD_SH_A",73,20860073
24916,0,0,1e-12,TRUE,"VD_SH_A",74,20860074
23069,0,0,1e-12,TRUE,"VD_SH_A",75,20860075
23844,0,0,1e-12,TRUE,"VD_SH_A",76,20860076
23817,0,0,1e-12,TRUE,"VD_SH_A",77,20860077
23643,0,0,1e-12,TRUE,"VD_SH_A",78,20860078
23138,0,0,1e-12,TRUE,"VD_SH_A",79,20860079
23507,0,0,1e-12,TRUE,"VD_SH_A",80,20860080
24532,0,0,1e-12,TRUE,"VD_SH_A",81,20860081
23727,0,0,1e-12,TRUE,"VD_SH_A",82,20860082
23381,0,0,1e-12,TRUE,"VD_SH_A",83,20860083
22971,0,0,1e-12,TRUE,"VD_SH_A",84,20860084
23569,0,0,1e-12,TRUE,"VD_SH_A",85,20860085
23321,0,0,1e-12,TRUE,"VD_SH_A",86,20860086
23340,0,0,1e-12,TRUE,"VD_SH_A",87,20860087
24239,0,0,1e-12,TRUE,"VD_SH_A",88,20860088
23998,0,0,1e-12,TRUE,"VD_SH_A",89,20860089
24176,0,0,1e-12,TRUE,"VD_SH_A",90,20860090
23629,0,0,1e-12,TRUE,"VD_SH_A",91,20860091
23280,0,0,1e-12,TRUE,"VD_SH_A",92,20860092
23472,0,0,1e-12,TRUE,"VD_SH_A",93,20860093
24212,0,0,1e-12,TRUE,"VD_SH_A",94,20860094
22408,0,0,1e-12,TRUE,"VD_SH_A",95,20860095
24202,0,0,1e-12,TRUE,"VD_SH_A",96,20860096
23441,0,0,1e-12,TRUE,"VD_SH_A",97,20860097
24225,0,0,1e-12,TRUE,"VD_SH_A",98,20860098
23687,0,0,1e-12,TRUE,"VD_SH_A",99,20860099
23245,0,0,1e-12,TRUE,"VD_SH_A",100,20860100
24091,0,0,1e-12,TRUE,"VD_SH_A",101,20860101
23681,0,0,1e-12,TRUE,"VD_SH_A",102,20860102
24074,0,0,1e-12,TRUE,"VD_SH_A",103,20860103
23899,0,0,1e-12,TRUE,"VD_SH_A",104,20860104
24118,0,0,1e-12,TRUE,"VD_SH_A",105,20860105
23033,0,0,1e-12,TRUE,"VD_SH_A",106,20860106
23984,0,0,1e-12,TRUE,"VD_SH_A",107,20860107
24451,0,0,1e-12,TRUE,"VD_SH_A",108,20860108
23562,0,0,1e-12,TRUE,"VD_SH_A",109,20860109
23577,0,0,1e-12,TRUE,"VD_SH_A",110,20860110
23664,0,0,1e-12,TRUE,"VD_SH_A",111,20860111
24190,0,0,1e-12,TRUE,"VD_SH_A",112,20860112
23583,0,0,1e-12,TRUE,"VD_SH_A",113,20860113
24358,0,0,1e-12,TRUE,"VD_SH_A",114,20860114
24430,0,0,1e-12,TRUE,"VD_SH_A",115,20860115
24095,0,0,1e-12,TRUE,"VD_SH_A",116,20860116
22479,0,0,1e-12,TRUE,"VD_SH_A",117,20860117
23754,0,0,1e-12,TRUE,"VD_SH_A",118,20860118
24038,0,0,1e-12,TRUE,"VD_SH_A",119,20860119
23317,0,0,1e-12,TRUE,"VD_SH_A",120,20860120
23280,0,0,1e-12,TRUE,"VD_SH_A",121,20860121
24591,0,0,1e-12,TRUE,"VD_SH_A",122,20860122
23746,0,0,1e-12,TRUE,"VD_SH_A",123,20860123
23162,0,0,1e-12,TRUE,"VD_SH_A",124,20860124
23885,0,0,1e-12,TRUE,"VD_SH_A",125,20860125
23672,0,0,1e-12,TRUE,"VD_SH_A",126,20860126
23551,0,0,1e-12,TRUE,"VD_SH_A",127,20860127
25622,0,0,1e-12,TRUE,"VD_SH_A",128,20860128
23670,0,0,1e-12,TRUE,"VD_SH_A",129,20860129
23702,0,0,1e-12,TRUE,"VD_SH_A",130,20860130
24106,0,0,1e-12,TRUE,"VD_SH_A",131,20860131
23474,0,0,1e-12,TRUE,"VD_SH_A",132,20860132
23808,0,0,1e-12,TRUE,"VD_SH_A",133,20860133
24185,0,0,1e-12,TRUE,"VD_SH_A",134,20860134
23958,0,0,1e-12,TRUE,"VD_SH_A",135,20860135
23445,0,0,1e-12,TRUE,"VD_SH_A",136,20860136
23619,0,0,1e-12,TRUE,"VD_SH_A",137,20860137
23823,0,0,1e-12,TRUE,"VD_SH_A",138,20860138
24052,0,0,1e-12,TRUE,"VD_SH_A",139,20860139
24288,0,0,1e-12,TRUE,"VD_SH_A",140,20860140
23121,0,0,1e-12,TRUE,"VD_SH_A",141,20860141
23572,0,0,1e-12,TRUE,"VD_SH_A",142,20860142
23181,0,0,1e-12,TRUE,"VD_SH_A",143,20860143
23560,0,0,1e-12,TRUE,"VD_SH_A",144,20860144
23354,0,0,1e-12,TRUE,"VD_SH_A",145,20860145
24949,0,0,1e-12,TRUE,"VD_SH_A",146,20860146
24326,0,0,1e-12,TRUE,"VD_SH_A",147,20860147
23341,0,0,1e-12,TRUE,"VD_SH_A",148,20860148
23741,0,0,1e-12,TRUE,"VD_SH_A",149,20860149
23426,0,0,1e-12,TRUE,"VD_SH_A",150,20860150
24382,0,0,1e-12,TRUE,"VD_SH_A",151,20860151
24531,0,0,1e-12,TRUE,"VD_SH_A",152,20860152
23266,0,0,1e-12,TRUE,"VD_SH_A",153,20860153
24800,0,0,1e-12,TRUE,"VD_SH_A",154,20860154
24693,0,0,1e-12,TRUE,"VD_SH_A",155,20860155
24121,0,0,1e-12,TRUE,"VD_SH_A",156,20860156
24150,0,0,1e-12,TRUE,"VD_SH_A",157,20860157
24608,0,0,1e-12,TRUE,"VD_SH_A",158,20860158
23347,0,0,1e-12,TRUE,"VD_SH_A",159,20860159
23410,0,0,1e-12,TRUE,"VD_SH_A",160,20860160
22634,0,0,1e-12,TRUE,"VD_SH_A",161,20860161
24231,0,0,1e-12,TRUE,"VD_SH_A",162,20860162
23280,0,0,1e-12,TRUE,"VD_SH_A",163,20860163
24817,0,0,1e-12,TRUE,"VD_SH_A",164,20860164
22993,0,0,1e-12,TRUE,"VD_SH_A",165,20860165
22538,0,0,1e-12,TRUE,"VD_SH_A",166,20860166
24597,0,0,1e-12,TRUE,"VD_SH_A",167,20860167
24125,0,0,1e-12,TRUE,"VD_SH_A",168,20860168
23697,0,0,1e-12,TRUE,"VD_SH_A",169,20860169
23719,0,0,1e-12,TRUE,"VD_SH_A",170,20860170
22242,0,0,1e-12,TRUE,"VD_SH_A",171,20860171
23970,0,0,1e-12,TRUE,"VD_SH_A",172,20860172
23509,0,0,1e-12,TRUE,"VD_SH_A",173,20860173
23292,0,0,1e-12,TRUE,"VD_SH_A",174,20860174
24880,0,0,1e-12,TRUE,"VD_SH_A",175,20860175
23475,0,0,1e-12,TRUE,"VD_SH_A",176,20860176
24496,0,0,1e-12,TRUE,"VD_SH_A",177,20860177
22907,0,0,1e-12,TRUE,"VD_SH_A",178,20860178
23853,0,0,1e-12,TRUE,"VD_SH_A",179,20860179
23630,0,0,1e-12,TRUE,"VD_SH_A",180,20860180
23261,0,0,1e-12,TRUE,"VD_SH_A",181,20860181
23598,0,0,1e-12,TRUE,"VD_SH_A",182,20860182
24024,0,0,1e-12,TRUE,"VD_SH_A",183,20860183
23758,0,0,1e-12,TRUE,"VD_SH_A",184,20860184
24071,0,0,1e-12,TRUE,"VD_SH_A",185,20860185
24459,0,0,1e-12,TRUE,"VD_SH_A",186,20860186
24330,0,0,1e-12,TRUE,"VD_SH_A",187,20860187
24739,0,0,1e-12,TRUE,"VD_SH_A",188,20860188
23021,0,0,1e-12,TRUE,"VD_SH_A",189,20860189
24564,0,0,1e-12,TRUE,"VD_SH_A",190,20860190
23244,0,0,1e-12,TRUE,"VD_SH_A",191,20860191
23104,0,0,1e-12,TRUE,"VD_SH_A",192,20860192
24082,0,0,1e-12,TRUE,"VD_SH_A",193,20860193
24332,0,0,1e-12,TRUE,"VD_SH_A",194,20860194
24707,0,0,1e-12,TRUE,"VD_SH_A",195,20860195
23559,0,0,1e-12,TRUE,"VD_SH_A",196,20860196
23476,0,0,1e-12,TRUE,"VD_SH_A",197,20860197
23266,0,0,1e-12,TRUE,"VD_SH_A",198,20860198
23954,0,0,1e-12,TRUE,"VD_SH_A",199,20860199
23200,0,0,1e-12,TRUE,"VD_SH_A",200,20860200
24214,0,0,1e-12,TRUE,"VD_SH_A",201,20860201
23152,0,0,1e-12,TRUE,"VD_SH_A",202,20860202
23459,0,0,1e-12,TRUE,"VD_SH_A",203,20860203
24185,0,0,1e-12,TRUE,"VD_SH_A",204,20860204
23773,0,0,1e-12,TRUE,"VD_SH_A",205,20860205
23698,0,0,1e-12,TRUE,"VD_SH_A",206,20860206
24172,0,0,1e-12,TRUE,"VD_SH_A",207,20860207
23202,0,0,1e-12,TRUE,"VD_SH_A",208,20860208
23779,0,0,1e-12,TRUE,"VD_SH_A",209,20860209
23703,0,0,1e-12,TRUE,"VD_SH_A",210,20860210
23697,0,0,1e-12,TRUE,"VD_SH_A",211,20860211
23650,0,0,1e-12,TRUE,"VD_SH_A",212,20860212
23392,0,0,1e-12,TRUE,"VD_SH_A",213,20860213
24423,0,0,1e-12,TRUE,"VD_SH_A",214,20860214
23915,0,0,1e-12,TRUE,"VD_SH_A",215,20860215
23428,0,0,1e-12,TRUE,"VD_SH_A",216,20860216
23359,0,0,1e-12,TRUE,"VD_SH_A",217,20860217
24692,0,0,1e-12,TRUE,"VD_SH_A",218,20860218
23755,0,0,1e-12,TRUE,"VD_SH_A",219,20860219
23930,0,0,1e-12,TRUE,"VD_SH_A",220,20860220
24022,0,0,1e-12,TRUE,"VD_SH_A",221,20860221
24793,0,0,1e-12,TRUE,"VD_SH_A",222,20860222
22417,0,0,1e-12,TRUE,"VD_SH_A",223,20860223
23850,0,0,1e-12,TRUE,"VD_SH_A",224,20860224
23371,0,0,1e-12,TRUE,"VD_SH_A",225,20860225
24370,0,0,1e-12,TRUE,"VD_SH_A",226,20860226
23355,0,0,1e-12,TRUE,"VD_SH_A",227,20860227
24121,0,0,1e-12,TRUE,"VD_SH_A",228,20860228
24013,0,0,1e-12,TRUE,"VD_SH_A",229,20860229
23602,0,0,1e-12,TRUE,"VD_SH_A",230,20860230
23108,0,0,1e-12,TRUE,"VD_SH_A",231,20860231
23886,0,0,1e-12,TRUE,"VD_SH_A",232,20860232
23308,0,0,1e-12,TRUE,"VD_SH_A",233,20860233
24078,0,0,1e-12,TRUE,"VD_SH_A",234,20860234
23854,0,0,1e-12,TRUE,"VD_SH_A",235,20860235
22715,0,0,1e-12,TRUE,"VD_SH_A",236,20860236
24418,0,0,1e-12,TRUE,"VD_SH_A",237,20860237
24053,0,0,1e-12,TRUE,"VD_SH_A",238,20860238
24801,0,0,1e-12,TRUE,"VD_SH_A",239,20860239
24086,0,0,1e-12,TRUE,"VD_SH_A",240,20860240
23240,0,0,1e-12,TRUE,"VD_SH_A",241,20860241
23740,0,0,1e-12,TRUE,"VD_SH_A",242,20860242
23860,0,0,1e-12,TRUE,"VD_SH_A",243,20860243
23403,0,0,1e-12,TRUE,"VD_SH_A",244,20860244
23091,0,0,1e-12,TRUE,"VD_SH_A",245,20860245
23976,0,0,1e-12,TRUE,"VD_SH_A",246,20860246
23384,0,0,1e-12,TRUE,"VD_SH_A",247,20860247
23452,0,0,1e-12,TRUE,"VD_SH_A",248,20860248
23611,0,0,1e-12,TRUE,"VD_SH_A",249,20860249
24325,0,0,1e-12,TRUE,"VD_SH_A",250,20860250
23298,0,0,1e-12,TRUE,"VD_SH_A",251,20860251
23337,0,0,1e-12,TRUE,"VD_SH_A",252,20860252
24231,0,0,1e-12,TRUE,"VD_SH_A",253,20860253
23569,0,0,1e-12,TRUE,"VD_SH_A",254,20860254
23734,0,0,1e-12,TRUE,"VD_SH_A",255,20860255
24012,0,0,1e-12,TRUE,"VD_SH_A",256,20860256
23526,0,0,1e-12,TRUE,"VD_SH_A",257,20860257
22860,0,0,1e-12,TRUE,"VD_SH_A",258,20860258
22684,0,0,1e-12,TRUE,"VD_SH_A",259,20860259
23103,0,0,1e-12,TRUE,"VD_SH_A",260,20860260
23963,0,0,1e-12,TRUE,"VD_SH_A",261,20860261
24358,0,0,1e-12,TRUE,"VD_SH_A",262,20860262
24349,0,0,1e-12,TRUE,"VD_SH_A",263,20860263
23844,0,0,1e-12,TRUE,"VD_SH_A",264,20860264
24460,0,0,1e-12,TRUE,"VD_SH_A",265,20860265
24341,0,0,1e-12,TRUE,"VD_SH_A",266,20860266
23608,0,0,1e-12,TRUE,"VD_SH_A",267,20860267
24032,0,0,1e-12,TRUE,"VD_SH_A",268,20860268
24056,0,0,1e-12,TRUE,"VD_SH_A",269,20860269
24435,0,0,1e-12,TRUE,"VD_SH_A",270,20860270
22919,0,0,1e-12,TRUE,"VD_SH_A",271,20860271
23887,0,0,1e-12,TRUE,"VD_SH_A",272,20860272
23684,0,0,1e-12,TRUE,"VD_SH_A",273,20860273
24404,0,0,1e-12,TRUE,"VD_SH_A",274,20860274
24466,0,0,1e-12,TRUE,"VD_SH_A",275,20860275
23923,0,0,1e-12,TRUE,"VD_SH_A",276,20860276
23403,0,0,1e-12,TRUE,"VD_SH_A",277,20860277
24430,0,0,1e-12,TRUE,"VD_SH_A",278,20860278
24439,0,0,1e-12,TRUE,"VD_SH_A",279,20860279
22778,0,0,1e-12,TRUE,"VD_SH_A",280,20860280
24340,0,0,1e-12,TRUE,"VD_SH_A",281,20860281
23714,0,0,1e-12,TRUE,"VD_SH_A",282,20860282
23202,0,0,1e-12,TRUE,"VD_SH_A",283,20860283
23750,0,0,1e-12,TRUE,"VD_SH_A",284,20860284
24007,0,0,1e-12,TRUE,"VD_SH_A",285,20860285
23939,0,0,1e-12,TRUE,"VD_SH_A",286,20860286
22869,0,0,1e-12,TRUE,"VD_SH_A",287,20860287
23537,0,0,1e-12,TRUE,"VD_SH_A",288,20860288
23677,0,0,1e-12,TRUE,"VD_SH_A",289,20860289
24111,0,0,1e-12,TRUE,"VD_SH_A",290,20860290
23594,0,0,1e-12,TRUE,"VD_SH_A",291,20860291
23531,0,0,1e-12,TRUE,"VD_SH_A",292,20860292
24197,0,0,1e-12,TRUE,"VD_SH_A",293,20860293
22858,0,0,1e-12,TRUE,"VD_SH_A",294,20860294
24312,0,0,1e-12,TRUE,"VD_SH_A",295,20860295
23856,0,0,1e-12,TRUE,"VD_SH_A",296,20860296
23810,0,0,1e-12,TRUE,"VD_SH_A",297,20860297
23326,0,0,1e-12,TRUE,"VD_SH_A",298,20860298
24488,0,0,1e-12,TRUE,"VD_SH_A",299,20860299
23306,0,0,1e-12,TRUE,"VD_SH_A",300,20860300
23680,0,0,1e-12,TRUE,"VD_SH_A",301,20860301
23566,0,0,1e-12,TRUE,"VD_SH_A",302,20860302
23731,0,0,1e-12,TRUE,"VD_SH_A",303,20860303
25120,0,0,1e-12,TRUE,"VD_SH_A",304,20860304
23568,0,0,1e-12,TRUE,"VD_SH_A",305,20860305
22816,0,0,1e-12,TRUE,"VD_SH_A",306,20860306
24621,0,0,1e-12,TRUE,"VD_SH_A",307,20860307
24085,0,0,1e-12,TRUE,"VD_SH_A",308,20860308
23489,0,0,1e-12,TRUE,"VD_SH_A",309,20860309
23609,0,0,1e-12,TRUE,"VD_SH_A",310,20860310
23849,0,0,1e-12,TRUE,"VD_SH_A",311,20860311
24077,0,0,1e-12,TRUE,"VD_SH_A",312,20860312
23929,0,0,1e-12,TRUE,"VD_SH_A",313,20860313
24877,0,0,1e-12,TRUE,"VD_SH_A",314,20860314
24108,0,0,1e-12,TRUE,"VD_SH_A",315,20860315
23469,0,0,1e-12,TRUE,"VD_SH_A",316,20860316
23456,0,0,1e-12,TRUE,"VD_SH_A",317,20860317
23485,0,0,1e-12,TRUE,"VD_SH_A",318,20860318
23362,0,0,1e-12,TRUE,"VD_SH_A",319,20860319
24138,0,0,1e-12,TRUE,"VD_SH_A",320,20860320
23934,0,0,1e-12,TRUE,"VD_SH_A",321,20860321
22599,0,0,1e-12,TRUE,"VD_SH_A",322,20860322
23272,0,0,1e-12,TRUE,"VD_SH_A",323,20860323
23443,0,0,1e-12,TRUE,"VD_SH_A",324,20860324
23351,0,0,1e-12,TRUE,"VD_SH_A",325,20860325
24390,0,0,1e-12,TRUE,"VD_SH_A",326,20860326
22803,0,0,1e-12,TRUE,"VD_SH_A",327,20860327
23285,0,0,1e-12,TRUE,"VD_SH_A",328,20860328
23065,0,0,1e-12,TRUE,"VD_SH_A",329,20860329
23064,0,0,1e-12,TRUE,"VD_SH_A",330,20860330
23679,0,0,1e-12,TRUE,"VD_SH_A",331,20860331
22895,0,0,1e-12,TRUE,"VD_SH_A",332,20860332
23756,0,0,1e-12,TRUE,"VD_SH_A",333,20860333
23107,0,0,1e-12,TRUE,"VD_SH_A",334,20860334
23063,0,0,1e-12,TRUE,"VD_SH_A",335,20860335
23765,0,0,1e-12,TRUE,"VD_SH_A",336,20860336
23096,0,0,1e-12,TRUE,"VD_SH_A",337,20860337
24396,0,0,1e-12,TRUE,"VD_SH_A",338,20860338
24990,0,0,1e-12,TRUE,"VD_SH_A",339,20860339
23976,0,0,1e-12,TRUE,"VD_SH_A",340,20860340
23055,0,0,1e-12,TRUE,"VD_SH_A",341,20860341
24437,0,0,1e-12,TRUE,"VD_SH_A",342,20860342
23752,0,0,1e-12,TRUE,"VD_SH_A",343,20860343
24189,0,0,1e-12,TRUE,"VD_SH_A",344,20860344
24141,0,0,1e-12,TRUE,"VD_SH_A",345,20860345
23360,0,0,1e-12,TRUE,"VD_SH_A",346,20860346
24745,0,0,1e-12,TRUE,"VD_SH_A",347,20860347
24331,0,0,1e-12,TRUE,"VD_SH_A",348,20860348
23856,0,0,1e-12,TRUE,"VD_SH_A",349,20860349
23742,0,0,1e-12,TRUE,"VD_SH_A",350,20860350
22869,0,0,1e-12,TRUE,"VD_SH_A",351,20860351
23810,0,0,1e-12,TRUE,"VD_SH_A",352,20860352
24530,0,0,1e-12,TRUE,"VD_SH_A",353,20860353
23027,0,0,1e-12,TRUE,"VD_SH_A",354,20860354
23619,0,0,1e-12,TRUE,"VD_SH_A",355,20860355
24092,0,0,1e-12,TRUE,"VD_SH_A",356,20860356
24448,0,0,1e-12,TRUE,"VD_SH_A",357,20860357
24397,0,0,1e-12,TRUE,"VD_SH_A",358,20860358
23598,0,0,1e-12,TRUE,"VD_SH_A",359,20860359
24089,0,0,1e-12,TRUE,"VD_SH_A",360,20860360
23576,0,0,1e-12,TRUE,"VD_SH_A",361,20860361
22820,0,0,1e-12,TRUE,"VD_SH_A",362,20860362
22882,0,0,1e-12,TRUE,"VD_SH_A",363,20860363
24667,0,0,1e-12,TRUE,"VD_SH_A",364,20860364
23701,0,0,1e-12,TRUE,"VD_SH_A",365,20860365
25160,0,0,1e-12,TRUE,"VD_SH_A",366,20860366
24051,0,0,1e-12,TRUE,"VD_SH_A",367,20860367
23334,0,0,1e-12,TRUE,"VD_SH_A",368,20860368
23519,0,0,1e-12,TRUE,"VD_SH_A",369,20860369
24018,0,0,1e-12,TRUE,"VD_SH_A",370,20860370
23534,0,0,1e-12,TRUE,"VD_SH_A",371,20860371
24309,0,0,1e-12,TRUE,"VD_SH_A",372,20860372
24575,0,0,1e-12,TRUE,"VD_SH_A",373,20860373
23116,0,0,1e-12,TRUE,"VD_SH_A",374,20860374
24097,0,0,1e-12,TRUE,"VD_SH_A",375,20860375
24628,0,0,1e-12,TRUE,"VD_SH_A",376,20860376
23511,0,0,1e-12,TRUE,"VD_SH_A",377,20860377
23729,0,0,1e-12,TRUE,"VD_SH_A",378,20860378
23860,0,0,1e-12,TRUE,"VD_SH_A",379,20860379
23769,0,0,1e-12,TRUE,"VD_SH_A",380,20860380
24432,0,0,1e-12,TRUE,"VD_SH_A",381,20860381
23250,0,0,1e-12,TRUE,"VD_SH_A",382,20860382
22742,0,0,1e-12,TRUE,"VD_SH_A",383,20860383
24860,0,0,1e-12,TRUE,"VD_SH_A",384,20860384
24061,0,0,1e-12,TRUE,"VD_SH_A",385,20860385
24226,0,0,1e-12,TRUE,"VD_SH_A",386,20860386
24615,0,0,1e-12,TRUE,"VD_SH_A",387,20860387
23659,0,0,1e-12,TRUE,"VD_SH_A",388,20860388
23924,0,0,1e-12,TRUE,"VD_SH_A",389,20860389
23217,0,0,1e-12,TRUE,"VD_SH_A",390,20860390
22115,0,0,1e-12,TRUE,"VD_SH_A",391,20860391
23173,0,0,1e-12,TRUE,"VD_SH_A",392,20860392
25135,0,0,1e-12,TRUE,"VD_SH_A",393,20860393
23490,0,0,1e-12,TRUE,"VD_SH_A",394,20860394
24548,0,0,1e-12,TRUE,"VD_SH_A",395,20860395
24078,0,0,1e-12,TRUE,"VD_SH_A",396,20860396
24177,0,0,1e-12,TRUE,"VD_SH_A",397,20860397
22594,0,0,1e-12,TRUE,"VD_SH_A",398,20860398
23913,0,0,1e-12,TRUE,"VD_SH_A",399,20860399
22773,0,0,1e-12,TRUE,"VD_SH_A",400,20860400
24537,0,0,1e-12,TRUE,"VD_SH_A",401,20860401
23346,0,0,1e-12,TRUE,"VD_SH_A",402,20860402
23416,0,0,1e-12,TRUE,"VD_SH_A",403,20860403
23531,0,0,1e-12,TRUE,"VD_SH_A",404,20860404
23734,0,0,1e-12,TRUE,"VD_SH_A",405,20860405
23502,0,0,1e-12,TRUE,"VD_SH_A",406,20860406
23575,0,0,1e-12,TRUE,"VD_SH_A",407,20860407
23811,0,0,1e-12,TRUE,"VD_SH_A",408,20860408
22938,0,0,1e-12,TRUE,"VD_SH_A",409,20860409
23892,0,0,1e-12,TRUE,"VD_SH_A",410,20860410
23765,0,0,1e-12,TRUE,"VD_SH_A",411,20860411
25190,0,0,1e-12,TRUE,"VD_SH_A",412,20860412
22777,0,0,1e-12,TRUE,"VD_SH_A",413,20860413
23756,0,0,1e-12,TRUE,"VD_SH_A",414,20860414
25402,0,0,1e-12,TRUE,"VD_SH_A",415,20860415
24126,0,0,1e-12,TRUE,"VD_SH_A",416,20860416
23444,0,0,1e-12,TRUE,"VD_SH_A",417,20860417
23485,0,0,1e-12,TRUE,"VD_SH_A",418,20860418
23983,0,0,1e-12,TRUE,"VD_SH_A",419,20860419
23226,0,0,1e-12,TRUE,"VD_SH_A",420,20860420
24220,0,0,1e-12,TRUE,"VD_SH_A",421,20860421
24095,0,0,1e-12,TRUE,"VD_SH_A",422,20860422
24041,0,0,1e-12,TRUE,"VD_SH_A",423,20860423
23830,0,0,1e-12,TRUE,"VD_SH_A",424,20860424
23370,0,0,1e-12,TRUE,"VD_SH_A",425,20860425
23814,0,0,1e-12,TRUE,"VD_SH_A",426,20860426
23717,0,0,1e-12,TRUE,"VD_SH_A",427,20860427
22944,0,0,1e-12,TRUE,"VD_SH_A",428,20860428
23903,0,0,1e-12,TRUE,"VD_SH_A",429,20860429
23799,0,0,1e-12,TRUE,"VD_SH_A",430,20860430
23834,0,0,1e-12,TRUE,"VD_SH_A",431,20860431
23477,0,0,1e-12,TRUE,"VD_SH_A",432,20860432
22972,0,0,1e-12,TRUE,"VD_SH_A",433,20860433
23262,0,0,1e-12,TRUE,"VD_SH_A",434,20860434
23098,0,0,1e-12,TRUE,"VD_SH_A",435,20860435
23315,0,0,1e-12,TRUE,"VD_SH_A",436,20860436
23943,0,0,1e-12,TRUE,"VD_SH_A",437,20860437
24021,0,0,1e-12,TRUE,"VD_SH_A",438,20860438
24125,0,0,1e-12,TRUE,"VD_SH_A",439,20860439
23486,0,0,1e-12,TRUE,"VD_SH_A",440,20860440
22847,0,0,1e-12,TRUE,"VD_SH_A",441,20860441
24064,0,0,1e-12,TRUE,"VD_SH_A",442,20860442
22774,0,0,1e-12,TRUE,"VD_SH_A",443,20860443
24304,0,0,1e-12,TRUE,"VD_SH_A",444,20860444
23637,0,0,1e-12,TRUE,"VD_SH_A",445,20860445
23759,0,0,1e-12,TRUE,"VD_SH_A",446,20860446
23609,0,0,1e-12,TRUE,"VD_SH_A",447,20860447
23490,0,0,1e-12,TRUE,"VD_SH_A",448,20860448
24408,0,0,1e-12,TRUE,"VD_SH_A",449,20860449
23675,0,0,1e-12,TRUE,"VD_SH_A",450,20860450
24298,0,0,1e-12,TRUE,"VD_SH_A",451,20860451
23184,0,0,1e-12,TRUE,"VD_SH_A",452,20860452
23568,0,0,1e-12,TRUE,"VD_SH_A",453,20860453
24374,0,0,1e-12,TRUE,"VD_SH_A",454,20860454
24171,0,0,1e-12,TRUE,"VD_SH_A",455,20860455
23357,0,0,1e-12,TRUE,"VD_SH_A",456,20860456
23949,0,0,1e-12,TRUE,"VD_SH_A",457,20860457
23414,0,0,1e-12,TRUE,"VD_SH_A",458,20860458
23673,0,0,1e-12,TRUE,"VD_SH_A",459,20860459
24612,0,0,1e-12,TRUE,"VD_SH_A",460,20860460
23983,0,0,1e-12,TRUE,"VD_SH_A",461,20860461
23696,0,0,1e-12,TRUE,"VD_SH_A",462,20860462
24849,0,0,1e-12,TRUE,"VD_SH_A",463,20860463
22488,0,0,1e-12,TRUE,"VD_SH_A",464,20860464
24286,0,0,1e-12,TRUE,"VD_SH_A",465,20860465
23861,0,0,1e-12,TRUE,"VD_SH_A",466,20860466
23449,0,0,1e-12,TRUE,"VD_SH_A",467,20860467
24261,0,0,1e-12,TRUE,"VD_SH_A",468,20860468
24111,0,0,1e-12,TRUE,"VD_SH_A",469,20860469
23652,0,0,1e-12,TRUE,"VD_SH_A",470,20860470
23399,0,0,1e-12,TRUE,"VD_SH_A",471,20860471
25000,0,0,1e-12,TRUE,"VD_SH_A",472,20860472
24932,0,0,1e-12,TRUE,"VD_SH_A",473,20860473
23833,0,0,1e-12,TRUE,"VD_SH_A",474,20860474
23521,0,0,1e-12,TRUE,"VD_SH_A",475,20860475
24607,0,0,1e-12,TRUE,"VD_SH_A",476,20860476
22783,0,0,1e-12,TRUE,"VD_SH_A",477,20860477
24876,0,0,1e-12,TRUE,"VD_SH_A",478,20860478
24255,0,0,1e-12,TRUE,"VD_SH_A",479,20860479
23664,0,0,1e-12,TRUE,"VD_SH_A",480,20860480
23951,0,0,1e-12,TRUE,"VD_SH_A",481,20860481
24473,0,0,1e-12,TRUE,"VD_SH_A",482,20860482
24158,0,0,1e-12,TRUE,"VD_SH_A",483,20860483
22621,0,0,1e-12,TRUE,"VD_SH_A",484,20860484
23939,0,0,1e-12,TRUE,"VD_SH_A",485,20860485
22920,0,0,1e-12,TRUE,"VD_SH_A",486,20860486
23760,0,0,1e-12,TRUE,"VD_SH_A",487,20860487
22359,0,0,1e-12,TRUE,"VD_SH_A",488,20860488
23463,0,0,1e-12,TRUE,"VD_SH_A",489,20860489
24051,0,0,1e-12,TRUE,"VD_SH_A",490,20860490
23610,0,0,1e-12,TRUE,"VD_SH_A",491,20860491
23166,0,0,1e-12,TRUE,"VD_SH_A",492,20860492
23746,0,0,1e-12,TRUE,"VD_SH_A",493,20860493
23901,0,0,1e-12,TRUE,"VD_SH_A",494,20860494
24422,0,0,1e-12,TRUE,"VD_SH_A",495,20860495
23863,0,0,1e-12,TRUE,"VD_SH_A",496,20860496
22592,0,0,1e-12,TRUE,"VD_SH_A",497,20860497
24116,0,0,1e-12,TRUE,"VD_SH_A",498,20860498
22876,0,0,1e-12,TRUE,"VD_SH_A",499,20860499
24133,0,0,1e-12,TRUE,"VD_SH_A",500,20860500
23264,0,0,1e-12,TRUE,"VD_SH_A",501,20860501
24035,0,0,1e-12,TRUE,"VD_SH_A",502,20860502
23861,0,0,1e-12,TRUE,"VD_SH_A",503,20860503
23827,0,0,1e-12,TRUE,"VD_SH_A",504,20860504
23401,0,0,1e-12,TRUE,"VD_SH_A",505,20860505
24208,0,0,1e-12,TRUE,"VD_SH_A",506,20860506
23766,0,0,1e-12,TRUE,"VD_SH_A",507,20860507
22588,0,0,1e-12,TRUE,"VD_SH_A",508,20860508
23769,0,0,1e-12,TRUE,"VD_SH_A",509,20860509
23563,0,0,1e-12,TRUE,"VD_SH_A",510,20860510
23771,0,0,1e-12,TRUE,"VD_SH_A",511,20860511
24710,0,0,1e-12,TRUE,"VD_SH_A",512,20860512
23797,0,0,1e-12,TRUE,"VD_SH_A",513,20860513
22982,0,0,1e-12,TRUE,"VD_SH_A",514,20860514
23445,0,0,1e-12,TRUE,"VD_SH_A",515,20860515
23718,0,0,1e-12,TRUE,"VD_SH_A",516,20860516
23548,0,0,1e-12,TRUE,"VD_SH_A",517,20860517
24267,0,0,1e-12,TRUE,"VD_SH_A",518,20860518
24265,0,0,1e-12,TRUE,"VD_SH_A",519,20860519
23058,0,0,1e-12,TRUE,"VD_SH_A",520,20860520
24131,0,0,1e-12,TRUE,"VD_SH_A",521,20860521
23776,0,0,1e-12,TRUE,"VD_SH_A",522,20860522
23181,0,0,1e-12,TRUE,"VD_SH_A",523,20860523
24077,0,0,1e-12,TRUE,"VD_SH_A",524,20860524
23093,0,0,1e-12,TRUE,"VD_SH_A",525,20860525
23934,0,0,1e-12,TRUE,"VD_SH_A",526,20860526
23597,0,0,1e-12,TRUE,"VD_SH_A",527,20860527
23654,0,0,1e-12,TRUE,"VD_SH_A",528,20860528
24552,0,0,1e-12,TRUE,"VD_SH_A",529,20860529
23607,0,0,1e-12,TRUE,"VD_SH_A",530,20860530
24614,0,0,1e-12,TRUE,"VD_SH_A",531,20860531
24208,0,0,1e-12,TRUE,"VD_SH_A",532,20860532
23898,0,0,1e-12,TRUE,"VD_SH_A",533,20860533
22331,0,0,1e-12,TRUE,"VD_SH_A",534,20860534
23086,0,0,1e-12,TRUE,"VD_SH_A",535,20860535
22479,0,0,1e-12,TRUE,"VD_SH_A",536,20860536
24211,0,0,1e-12,TRUE,"VD_SH_A",537,20860537
24392,0,0,1e-12,TRUE,"VD_SH_A",538,20860538
23060,0,0,1e-12,TRUE,"VD_SH_A",539,20860539
23940,0,0,1e-12,TRUE,"VD_SH_A",540,20860540
24391,0,0,1e-12,TRUE,"VD_SH_A",541,20860541
23775,0,0,1e-12,TRUE,"VD_SH_A",542,20860542
24261,0,0,1e-12,TRUE,"VD_SH_A",543,20860543
24422,0,0,1e-12,TRUE,"VD_SH_A",544,20860544
24696,0,0,1e-12,TRUE,"VD_SH_A",545,20860545
22755,0,0,1e-12,TRUE,"VD_SH_A",546,20860546
23795,0,0,1e-12,TRUE,"VD_SH_A",547,20860547
24016,0,0,1e-12,TRUE,"VD_SH_A",548,20860548
22985,0,0,1e-12,TRUE,"VD_SH_A",549,20860549
23741,0,0,1e-12,TRUE,"VD_SH_A",550,20860550
23319,0,0,1e-12,TRUE,"VD_SH_A",551,20860551
23735,0,0,1e-12,TRUE,"VD_SH_A",552,20860552
23495,0,0,1e-12,TRUE,"VD_SH_A",553,20860553
23022,0,0,1e-12,TRUE,"VD_SH_A",554,20860554
24266,0,0,1e-12,TRUE,"VD_SH_A",555,20860555
23038,0,0,1e-12,TRUE,"VD_SH_A",556,20860556
23784,0,0,1e-12,TRUE,"VD_SH_A",557,20860557
24714,0,0,1e-12,TRUE,"VD_SH_A",558,20860558
23598,0,0,1e-12,TRUE,"VD_SH_A",559,20860559
24484,0,0,1e-12,TRUE,"VD_SH_A",560,20860560
23419,0,0,1e-12,TRUE,"VD_SH_A",561,20860561
23610,0,0,1e-12,TRUE,"VD_SH_A",562,20860562
23890,0,0,1e-12,TRUE,"VD_SH_A",563,20860563
23084,0,0,1e-12,TRUE,"VD_SH_A",564,20860564
24498,0,0,1e-12,TRUE,"VD_SH_A",565,20860565
23787,0,0,1e-12,TRUE,"VD_SH_A",566,20860566
23370,0,0,1e-12,TRUE,"VD_SH_A",567,20860567
23597,0,0,1e-12,TRUE,"VD_SH_A",568,20860568
23429,0,0,1e-12,TRUE,"VD_SH_A",569,20860569
23518,0,0,1e-12,TRUE,"VD_SH_A",570,20860570
24903,0,0,1e-12,TRUE,"VD_SH_A",571,20860571
23158,0,0,1e-12,TRUE,"VD_SH_A",572,20860572
23469,0,0,1e-12,TRUE,"VD_SH_A",573,20860573
24419,0,0,1e-12,TRUE,"VD_SH_A",574,20860574
23390,0,0,1e-12,TRUE,"VD_SH_A",575,20860575
23274,0,0,1e-12,TRUE,"VD_SH_A",576,20860576
24011,0,0,1e-12,TRUE,"VD_SH_A",577,20860577
23829,0,0,1e-12,TRUE,"VD_SH_A",578,20860578
24027,0,0,1e-12,TRUE,"VD_SH_A",579,20860579
23616,0,0,1e-12,TRUE,"VD_SH_A",580,20860580
23893,0,0,1e-12,TRUE,"VD_SH_A",581,20860581
23216,0,0,1e-12,TRUE,"VD_SH_A",582,20860582
24821,0,0,1e-12,TRUE,"VD_SH_A",583,20860583
24627,0,0,1e-12,TRUE,"VD_SH_A",584,20860584
23310,0,0,1e-12,TRUE,"VD_SH_A",585,20860585
23992,0,0,1e-12,TRUE,"VD_SH_A",586,20860586
24319,0,0,1e-12,TRUE,"VD_SH_A",587,20860587
22703,0,0,1e-12,TRUE,"VD_SH_A",588,20860588
23934,0,0,1e-12,TRUE,"VD_SH_A",589,20860589
23834,0,0,1e-12,TRUE,"VD_SH_A",590,20860590
21955,0,0,1e-12,TRUE,"VD_SH_A",591,20860591
23950,0,0,1e-12,TRUE,"VD_SH_A",592,20860592
23235,0,0,1e-12,TRUE,"VD_SH_A",593,20860593
23820,0,0,1e-12,TRUE,"VD_SH_A",594,20860594
23257,0,0,1e-12,TRUE,"VD_SH_A",595,20860595
23676,0,0,1e-12,TRUE,"VD_SH_A",596,20860596
22819,0,0,1e-12,TRUE,"VD_SH_A",597,20860597
22989,0,0,1e-12,TRUE,"VD_SH_A",598,20860598
23693,0,0,1e-12,TRUE,"VD_SH_A",599,20860599
23997,0,0,1e-12,TRUE,"VD_SH_A",600,20860600
23577,0,0,1e-12,TRUE,"VD_SH_A",601,20860601
24403,0,0,1e-12,TRUE,"VD_SH_A",602,20860602
22862,0,0,1e-12,TRUE,"VD_SH_A",603,20860603
22871,0,0,1e-12,TRUE,"VD_SH_A",604,20860604
23604,0,0,1e-12,TRUE,"VD_SH_A",605,20860605
23203,0,0,1e-12,TRUE,"VD_SH_A",606,20860606
23496,0,0,1e-12,TRUE,"VD_SH_A",607,20860607
24995,0,0,1e-12,TRUE,"VD_SH_A",608,20860608
23815,0,0,1e-12,TRUE,"VD_SH_A",609,20860609
23419,0,0,1e-12,TRUE,"VD_SH_A",610,20860610
23684,0,0,1e-12,TRUE,"VD_SH_A",611,20860611
24109,0,0,1e-12,TRUE,"VD_SH_A",612,20860612
23224,0,0,1e-12,TRUE,"VD_SH_A",613,20860613
24016,0,0,1e-12,TRUE,"VD_SH_A",614,20860614
24069,0,0,1e-12,TRUE,"VD_SH_A",615,20860615
23359,0,0,1e-12,TRUE,"VD_SH_A",616,20860616
23671,0,0,1e-12,TRUE,"VD_SH_A",617,20860617
23996,0,0,1e-12,TRUE,"VD_SH_A",618,20860618
23963,0,0,1e-12,TRUE,"VD_SH_A",619,20860619
23019,0,0,1e-12,TRUE,"VD_SH_A",620,20860620
23362,0,0,1e-12,TRUE,"VD_SH_A",621,20860621
24195,0,0,1e-12,TRUE,"VD_SH_A",622,20860622
22831,0,0,1e-12,TRUE,"VD_SH_A",623,20860623
24430,0,0,1e-12,TRUE,"VD_SH_A",624,20860624
23880,0,0,1e-12,TRUE,"VD_SH_A",625,20860625
22797,0,0,1e-12,TRUE,"VD_SH_A",626,20860626
23431,0,0,1e-12,TRUE,"VD_SH_A",627,20860627
23397,0,0,1e-12,TRUE,"VD_SH_A",628,20860628
23404,0,0,1e-12,TRUE,"VD_SH_A",629,20860629
24029,0,0,1e-12,TRUE,"VD_SH_A",630,20860630
24091,0,0,1e-12,TRUE,"VD_SH_A",631,20860631
23875,0,0,1e-12,TRUE,"VD_SH_A",632,20860632
23430,0,0,1e-12,TRUE,"VD_SH_A",633,20860633
23635,0,0,1e-12,TRUE,"VD_SH_A",634,20860634
24194,0,0,1e-12,TRUE,"VD_SH_A",635,20860635
24178,0,0,1e-12,TRUE,"VD_SH_A",636,20860636
24235,0,0,1e-12,TRUE,"VD_SH_A",637,20860637
23251,0,0,1e-12,TRUE,"VD_SH_A",638,20860638
24811,0,0,1e-12,TRUE,"VD_SH_A",639,20860639
24094,0,0,1e-12,TRUE,"VD_SH_A",640,20860640
24108,0,0,1e-12,TRUE,"VD_SH_A",641,20860641
23400,0,0,1e-12,TRUE,"VD_SH_A",642,20860642
23038,0,0,1e-12,TRUE,"VD_SH_A",643,20860643
23580,0,0,1e-12,TRUE,"VD_SH_A",644,20860644
24592,0,0,1e-12,TRUE,"VD_SH_A",645,20860645
22906,0,0,1e-12,TRUE,"VD_SH_A",646,20860646
23722,0,0,1e-12,TRUE,"VD_SH_A",647,20860647
22820,0,0,1e-12,TRUE,"VD_SH_A",648,20860648
23401,0,0,1e-12,TRUE,"VD_SH_A",649,20860649
23377,0,0,1e-12,TRUE,"VD_SH_A",650,20860650
24180,0,0,1e-12,TRUE,"VD_SH_A",651,20860651
23981,0,0,1e-12,TRUE,"VD_SH_A",652,20860652
23796,0,0,1e-12,TRUE,"VD_SH_A",653,20860653
22801,0,0,1e-12,TRUE,"VD_SH_A",654,20860654
23933,0,0,1e-12,TRUE,"VD_SH_A",655,20860655
24133,0,0,1e-12,TRUE,"VD_SH_A",656,20860656
23455,0,0,1e-12,TRUE,"VD_SH_A",657,20860657
24233,0,0,1e-12,TRUE,"VD_SH_A",658,20860658
23417,0,0,1e-12,TRUE,"VD_SH_A",659,20860659
23314,0,0,1e-12,TRUE,"VD_SH_A",660,20860660
22758,0,0,1e-12,TRUE,"VD_SH_A",661,20860661
23653,0,0,1e-12,TRUE,"VD_SH_A",662,20860662
23386,0,0,1e-12,TRUE,"VD_SH_A",663,20860663
22941,0,0,1e-12,TRUE,"VD_SH_A",664,20860664
23554,0,0,1e-12,TRUE,"VD_SH_A",665,20860665
22756,0,0,1e-12,TRUE,"VD_SH_A",666,20860666
23939,0,0,1e-12,TRUE,"VD_SH_A",667,20860667
24126,0,0,1e-12,TRUE,"VD_SH_A",668,20860668
23837,0,0,1e-12,TRUE,"VD_SH_A",669,20860669
23932,0,0,1e-12,TRUE,"VD_SH_A",670,20860670
23795,0,0,1e-12,TRUE,"VD_SH_A",671,20860671
24538,0,0,1e-12,TRUE,"VD_SH_A",672,20860672
22913,0,0,1e-12,TRUE,"VD_SH_A",673,20860673
24937,0,0,1e-12,TRUE,"VD_SH_A",674,20860674
23163,0,0,1e-12,TRUE,"VD_SH_A",675,20860675
23792,0,0,1e-12,TRUE,"VD_SH_A",676,20860676
23482,0,0,1e-12,TRUE,"VD_SH_A",677,20860677
23491,0,0,1e-12,TRUE,"VD_SH_A",678,20860678
24507,0,0,1e-12,TRUE,"VD_SH_A",679,20860679
23702,0,0,1e-12,TRUE,"VD_SH_A",680,20860680
24420,0,0,1e-12,TRUE,"VD_SH_A",681,20860681
23029,0,0,1e-12,TRUE,"VD_SH_A",682,20860682
24403,0,0,1e-12,TRUE,"VD_SH_A",683,20860683
22575,0,0,1e-12,TRUE,"VD_SH_A",684,20860684
24758,0,0,1e-12,TRUE,"VD_SH_A",685,20860685
23891,0,0,1e-12,TRUE,"VD_SH_A",686,20860686
23312,0,0,1e-12,TRUE,"VD_SH_A",687,20860687
24026,0,0,1e-12,TRUE,"VD_SH_A",688,20860688
23884,0,0,1e-12,TRUE,"VD_SH_A",689,20860689
24508,0,0,1e-12,TRUE,"VD_SH_A",690,20860690
23783,0,0,1e-12,TRUE,"VD_SH_A",691,20860691
24911,0,0,1e-12,TRUE,"VD_SH_A",692,20860692
24171,0,0,1e-12,TRUE,"VD_SH_A",693,20860693
23770,0,0,1e-12,TRUE,"VD_SH_A",694,20860694
23500,0,0,1e-12,TRUE,"VD_SH_A",695,20860695
23784,0,0,1e-12,TRUE,"VD_SH_A",696,20860696
23632,0,0,1e-12,TRUE,"VD_SH_A",697,20860697
25297,0,0,1e-12,TRUE,"VD_SH_A",698,20860698
23602,0,0,1e-12,TRUE,"VD_SH_A",699,20860699
23459,0,0,1e-12,TRUE,"VD_SH_A",700,20860700
23701,0,0,1e-12,TRUE,"VD_SH_A",701,20860701
23473,0,0,1e-12,TRUE,"VD_SH_A",702,20860702
23301,0,0,1e-12,TRUE,"VD_SH_A",703,20860703
23816,0,0,1e-12,TRUE,"VD_SH_A",704,20860704
23176,0,0,1e-12,TRUE,"VD_SH_A",705,20860705
23757,0,0,1e-12,TRUE,"VD_SH_A",706,20860706
24145,0,0,1e-12,TRUE,"VD_SH_A",707,20860707
23597,0,0,1e-12,TRUE,"VD_SH_A",708,20860708
24700,0,0,1e-12,TRUE,"VD_SH_A",709,20860709
24735,0,0,1e-12,TRUE,"VD_SH_A",710,20860710
23742,0,0,1e-12,TRUE,"VD_SH_A",711,20860711
23932,0,0,1e-12,TRUE,"VD_SH_A",712,20860712
22265,0,0,1e-12,TRUE,"VD_SH_A",713,20860713
22854,0,0,1e-12,TRUE,"VD_SH_A",714,20860714
24245,0,0,1e-12,TRUE,"VD_SH_A",715,20860715
23019,0,0,1e-12,TRUE,"VD_SH_A",716,20860716
24772,0,0,1e-12,TRUE,"VD_SH_A",717,20860717
23552,0,0,1e-12,TRUE,"VD_SH_A",718,20860718
24596,0,0,1e-12,TRUE,"VD_SH_A",719,20860719
23674,0,0,1e-12,TRUE,"VD_SH_A",720,20860720
23214,0,0,1e-12,TRUE,"VD_SH_A",721,20860721
24323,0,0,1e-12,TRUE,"VD_SH_A",722,20860722
22898,0,0,1e-12,TRUE,"VD_SH_A",723,20860723
24208,0,0,1e-12,TRUE,"VD_SH_A",724,20860724
23629,0,0,1e-12,TRUE,"VD_SH_A",725,20860725
23731,0,0,1e-12,TRUE,"VD_SH_A",726,20860726
23705,0,0,1e-12,TRUE,"VD_SH_A",727,20860727
24035,0,0,1e-12,TRUE,"VD_SH_A",728,20860728
24728,0,0,1e-12,TRUE,"VD_SH_A",729,20860729
23886,0,0,1e-12,TRUE,"VD_SH_A",730,20860730
23992,0,0,1e-12,TRUE,"VD_SH_A",731,20860731
23168,0,0,1e-12,TRUE,"VD_SH_A",732,20860732
22824,0,0,1e-12,TRUE,"VD_SH_A",733,20860733
24128,0,0,1e-12,TRUE,"VD_SH_A",734,20860734
24488,0,0,1e-12,TRUE,"VD_SH_A",735,20860735
23935,0,0,1e-12,TRUE,"VD_SH_A",736,20860736
24585,0,0,1e-12,TRUE,"VD_SH_A",737,20860737
24131,0,0,1e-12,TRUE,"VD_SH_A",738,20860738
23995,0,0,1e-12,TRUE,"VD_SH_A",739,20860739
22468,0,0,1e-12,TRUE,"VD_SH_A",740,20860740
24536,0,0,1e-12,TRUE,"VD_SH_A",741,20860741
23801,0,0,1e-12,TRUE,"VD_SH_A",742,20860742
25026,0,0,1e-12,TRUE,"VD_SH_A",743,20860743
23851,0,0,1e-12,TRUE,"VD_SH_A",744,20860744
25036,0,0,1e-12,TRUE,"VD_SH_A",745,20860745
23925,0,0,1e-12,TRUE,"VD_SH_A",746,20860746
25202,0,0,1e-12,TRUE,"VD_SH_A",747,20860747
23126,0,0,1e-12,TRUE,"VD_SH_A",748,20860748
23772,0,0,1e-12,TRUE,"VD_SH_A",749,20860749
23494,0,0,1e-12,TRUE,"VD_SH_A",750,20860750
23492,0,0,1e-12,TRUE,"VD_SH_A",751,20860751
23417,0,0,1e-12,TRUE,"VD_SH_A",752,20860752
23480,0,0,1e-12,TRUE,"VD_SH_A",753,20860753
22368,0,0,1e-12,TRUE,"VD_SH_A",754,20860754
23095,0,0,1e-12,TRUE,"VD_SH_A",755,20860755
23441,0,0,1e-12,TRUE,"VD_SH_A",756,20860756
22804,0,0,1e-12,TRUE,"VD_SH_A",757,20860757
25392,0,0,1e-12,TRUE,"VD_SH_A",758,20860758
23631,0,0,1e-12,TRUE,"VD_SH_A",759,20860759
23914,0,0,1e-12,TRUE,"VD_SH_A",760,20860760
23899,0,0,1e-12,TRUE,"VD_SH_A",761,20860761
23943,0,0,1e-12,TRUE,"VD_SH_A",762,20860762
24449,0,0,1e-12,TRUE,"VD_SH_A",763,20860763
24693,0,0,1e-12,TRUE,"VD_SH_A",764,20860764
23491,0,0,1e-12,TRUE,"VD_SH_A",765,20860765
23443,0,0,1e-12,TRUE,"VD_SH_A",766,20860766
24259,0,0,1e-12,TRUE,"VD_SH_A",767,20860767
24516,0,0,1e-12,TRUE,"VD_SH_A",768,20860768
23880,0,0,1e-12,TRUE,"VD_SH_A",769,20860769
23471,0,0,1e-12,TRUE,"VD_SH_A",770,20860770
22693,0,0,1e-12,TRUE,"VD_SH_A",771,20860771
23833,0,0,1e-12,TRUE,"VD_SH_A",772,20860772
24350,0,0,1e-12,TRUE,"VD_SH_A",773,20860773
23106,0,0,1e-12,TRUE,"VD_SH_A",774,20860774
24320,0,0,1e-12,TRUE,"VD_SH_A",775,20860775
22931,0,0,1e-12,TRUE,"VD_SH_A",776,20860776
24637,0,0,1e-12,TRUE,"VD_SH_A",777,20860777
23606,0,0,1e-12,TRUE,"VD_SH_A",778,20860778
24437,0,0,1e-12,TRUE,"VD_SH_A",779,20860779
22804,0,0,1e-12,TRUE,"VD_SH_A",780,20860780
23663,0,0,1e-12,TRUE,"VD_SH_A",781,20860781
23896,0,0,1e-12,TRUE,"VD_SH_A",782,20860782
22933,0,0,1e-12,TRUE,"VD_SH_A",783,20860783
23284,0,0,1e-12,TRUE,"VD_SH_A",784,20860784
23922,0,0,1e-12,TRUE,"VD_SH_A",785,20860785
23552,0,0,1e-12,TRUE,"VD_SH_A",786,20860786
23655,0,0,1e-12,TRUE,"VD_SH_A",787,20860787
24138,0,0,1e-12,TRUE,"VD_SH_A",788,20860788
23880,0,0,1e-12,TRUE,"VD_SH_A",789,20860789
23522,0,0,1e-12,TRUE,"VD_SH_A",790,20860790
23171,0,0,1e-12,TRUE,"VD_SH_A",791,20860791
23679,0,0,1e-12,TRUE,"VD_SH_A",792,20860792
23707,0,0,1e-12,TRUE,"VD_SH_A",793,20860793
24275,0,0,1e-12,TRUE,"VD_SH_A",794,20860794
23212,0,0,1e-12,TRUE,"VD_SH_A",795,20860795
23632,0,0,1e-12,TRUE,"VD_SH_A",796,20860796
24111,0,0,1e-12,TRUE,"VD_SH_A",797,20860797
24169,0,0,1e-12,TRUE,"VD_SH_A",798,20860798
23054,0,0,1e-12,TRUE,"VD_SH_A",799,20860799
23959,0,0,1e-12,TRUE,"VD_SH_A",800,20860800
23938,0,0,1e-12,TRUE,"VD_SH_A",801,20860801
22967,0,0,1e-12,TRUE,"VD_SH_A",802,20860802
23436,0,0,1e-12,TRUE,"VD_SH_A",803,20860803
24303,0,0,1e-12,TRUE,"VD_SH_A",804,20860804
23430,0,0,1e-12,TRUE,"VD_SH_A",805,20860805
24149,0,0,1e-12,TRUE,"VD_SH_A",806,20860806
24511,0,0,1e-12,TRUE,"VD_SH_A",807,20860807
23054,0,0,1e-12,TRUE,"VD_SH_A",808,20860808
24637,0,0,1e-12,TRUE,"VD_SH_A",809,20860809
22616,0,0,1e-12,TRUE,"VD_SH_A",810,20860810
24146,0,0,1e-12,TRUE,"VD_SH_A",811,20860811
23506,0,0,1e-12,TRUE,"VD_SH_A",812,20860812
23457,0,0,1e-12,TRUE,"VD_SH_A",813,20860813
23124,0,0,1e-12,TRUE,"VD_SH_A",814,20860814
23391,0,0,1e-12,TRUE,"VD_SH_A",815,20860815
23486,0,0,1e-12,TRUE,"VD_SH_A",816,20860816
23322,0,0,1e-12,TRUE,"VD_SH_A",817,20860817
23610,0,0,1e-12,TRUE,"VD_SH_A",818,20860818
23618,0,0,1e-12,TRUE,"VD_SH_A",819,20860819
24521,0,0,1e-12,TRUE,"VD_SH_A",820,20860820
23849,0,0,1e-12,TRUE,"VD_SH_A",821,20860821
24402,0,0,1e-12,TRUE,"VD_SH_A",822,20860822
25057,0,0,1e-12,TRUE,"VD_SH_A",823,20860823
24010,0,0,1e-12,TRUE,"VD_SH_A",824,20860824
23405,0,0,1e-12,TRUE,"VD_SH_A",825,20860825
23928,0,0,1e-12,TRUE,"VD_SH_A",826,20860826
23858,0,0,1e-12,TRUE,"VD_SH_A",827,20860827
23366,0,0,1e-12,TRUE,"VD_SH_A",828,20860828
24317,0,0,1e-12,TRUE,"VD_SH_A",829,20860829
22265,0,0,1e-12,TRUE,"VD_SH_A",830,20860830
24540,0,0,1e-12,TRUE,"VD_SH_A",831,20860831
23914,0,0,1e-12,TRUE,"VD_SH_A",832,20860832
24099,0,0,1e-12,TRUE,"VD_SH_A",833,20860833
24092,0,0,1e-12,TRUE,"VD_SH_A",834,20860834
23558,0,0,1e-12,TRUE,"VD_SH_A",835,20860835
24229,0,0,1e-12,TRUE,"VD_SH_A",836,20860836
24257,0,0,1e-12,TRUE,"VD_SH_A",837,20860837
22751,0,0,1e-12,TRUE,"VD_SH_A",838,20860838
23701,0,0,1e-12,TRUE,"VD_SH_A",839,20860839
24273,0,0,1e-12,TRUE,"VD_SH_A",840,20860840
23477,0,0,1e-12,TRUE,"VD_SH_A",841,20860841
24068,0,0,1e-12,TRUE,"VD_SH_A",842,20860842
23682,0,0,1e-12,TRUE,"VD_SH_A",843,20860843
24026,0,0,1e-12,TRUE,"VD_SH_A",844,20860844
22408,0,0,1e-12,TRUE,"VD_SH_A",845,20860845
22565,0,0,1e-12,TRUE,"VD_SH_A",846,20860846
23617,0,0,1e-12,TRUE,"VD_SH_A",847,20860847
23495,0,0,1e-12,TRUE,"VD_SH_A",848,20860848
23845,0,0,1e-12,TRUE,"VD_SH_A",849,20860849
23723,0,0,1e-12,TRUE,"VD_SH_A",850,20860850
23020,0,0,1e-12,TRUE,"VD_SH_A",851,20860851
23284,0,0,1e-12,TRUE,"VD_SH_A",852,20860852
22942,0,0,1e-12,TRUE,"VD_SH_A",853,20860853
23196,0,0,1e-12,TRUE,"VD_SH_A",854,20860854
24571,0,0,1e-12,TRUE,"VD_SH_A",855,20860855
23361,0,0,1e-12,TRUE,"VD_SH_A",856,20860856
23121,0,0,1e-12,TRUE,"VD_SH_A",857,20860857
22822,0,0,1e-12,TRUE,"VD_SH_A",858,20860858
23158,0,0,1e-12,TRUE,"VD_SH_A",859,20860859
23651,0,0,1e-12,TRUE,"VD_SH_A",860,20860860
22802,0,0,1e-12,TRUE,"VD_SH_A",861,20860861
23471,0,0,1e-12,TRUE,"VD_SH_A",862,20860862
23411,0,0,1e-12,TRUE,"VD_SH_A",863,20860863
23766,0,0,1e-12,TRUE,"VD_SH_A",864,20860864
23154,0,0,1e-12,TRUE,"VD_SH_A",865,20860865
23774,0,0,1e-12,TRUE,"VD_SH_A",866,20860866
24219,0,0,1e-12,TRUE,"VD_SH_A",867,20860867
23051,0,0,1e-12,TRUE,"VD_SH_A",868,20860868
23697,0,0,1e-12,TRUE,"VD_SH_A",869,20860869
23396,0,0,1e-12,TRUE,"VD_SH_A",870,20860870
23672,0,0,1e-12,TRUE,"VD_SH_A",871,20860871
23878,0,0,1e-12,TRUE,"VD_SH_A",872,20860872
23809,0,0,1e-12,TRUE,"VD_SH_A",873,20860873
26174,0,0,1e-12,TRUE,"VD_SH_A",874,20860874
24455,0,0,1e-12,TRUE,"VD_SH_A",875,20860875
23557,0,0,1e-12,TRUE,"VD_SH_A",876,20860876
23277,0,0,1e-12,TRUE,"VD_SH_A",877,20860877
23430,0,0,1e-12,TRUE,"VD_SH_A",878,20860878
24040,0,0,1e-12,TRUE,"VD_SH_A",879,20860879
23514,0,0,1e-12,TRUE,"VD_SH_A",880,20860880
23858,0,0,1e-12,TRUE,"VD_SH_A",881,20860881
23938,0,0,1e-12,TRUE,"VD_SH_A",882,20860882
23513,0,0,1e-12,TRUE,"VD_SH_A",883,20860883
23462,0,0,1e-12,TRUE,"VD_SH_A",884,20860884
24025,0,0,1e-12,TRUE,"VD_SH_A",885,20860885
22750,0,0,1e-12,TRUE,"VD_SH_A",886,20860886
23358,0,0,1e-12,TRUE,"VD_SH_A",887,20860887
24308,0,0,1e-12,TRUE,"VD_SH_A",888,20860888
24586,0,0,1e-12,TRUE,"VD_SH_A",889,20860889
23201,0,0,1e-12,TRUE,"VD_SH_A",890,20860890
24153,0,0,1e-12,TRUE,"VD_SH_A",891,20860891
23773,0,0,1e-12,TRUE,"VD_SH_A",892,20860892
24091,0,0,1e-12,TRUE,"VD_SH_A",893,20860893
23414,0,0,1e-12,TRUE,"VD_SH_A",894,20860894
24123,0,0,1e-12,TRUE,"VD_SH_A",895,20860895
24090,0,0,1e-12,TRUE,"VD_SH_A",896,20860896
23715,0,0,1e-12,TRUE,"VD_SH_A",897,20860897
24088,0,0,1e-12,TRUE,"VD_SH_A",898,20860898
23133,0,0,1e-12,TRUE,"VD_SH_A",899,20860899
24360,0,0,1e-12,TRUE,"VD_SH_A",900,20860900
23869,0,0,1e-12,TRUE,"VD_SH_A",901,20860901
23096,0,0,1e-12,TRUE,"VD_SH_A",902,20860902
24354,0,0,1e-12,TRUE,"VD_SH_A",903,20860903
23274,0,0,1e-12,TRUE,"VD_SH_A",904,20860904
24673,0,0,1e-12,TRUE,"VD_SH_A",905,20860905
23414,0,0,1e-12,TRUE,"VD_SH_A",906,20860906
23893,0,0,1e-12,TRUE,"VD_SH_A",907,20860907
22429,0,0,1e-12,TRUE,"VD_SH_A",908,20860908
23569,0,0,1e-12,TRUE,"VD_SH_A",909,20860909
24705,0,0,1e-12,TRUE,"VD_SH_A",910,20860910
23282,0,0,1e-12,TRUE,"VD_SH_A",911,20860911
23867,0,0,1e-12,TRUE,"VD_SH_A",912,20860912
23611,0,0,1e-12,TRUE,"VD_SH_A",913,20860913
23484,0,0,1e-12,TRUE,"VD_SH_A",914,20860914
24094,0,0,1e-12,TRUE,"VD_SH_A",915,20860915
23463,0,0,1e-12,TRUE,"VD_SH_A",916,20860916
23399,0,0,1e-12,TRUE,"VD_SH_A",917,20860917
23991,0,0,1e-12,TRUE,"VD_SH_A",918,20860918
24299,0,0,1e-12,TRUE,"VD_SH_A",919,20860919
23937,0,0,1e-12,TRUE,"VD_SH_A",920,20860920
23299,0,0,1e-12,TRUE,"VD_SH_A",921,20860921
23657,0,0,1e-12,TRUE,"VD_SH_A",922,20860922
24197,0,0,1e-12,TRUE,"VD_SH_A",923,20860923
23303,0,0,1e-12,TRUE,"VD_SH_A",924,20860924
24190,0,0,1e-12,TRUE,"VD_SH_A",925,20860925
23499,0,0,1e-12,TRUE,"VD_SH_A",926,20860926
24301,0,0,1e-12,TRUE,"VD_SH_A",927,20860927
23352,0,0,1e-12,TRUE,"VD_SH_A",928,20860928
23966,0,0,1e-12,TRUE,"VD_SH_A",929,20860929
23660,0,0,1e-12,TRUE,"VD_SH_A",930,20860930
23041,0,0,1e-12,TRUE,"VD_SH_A",931,20860931
23441,0,0,1e-12,TRUE,"VD_SH_A",932,20860932
22663,0,0,1e-12,TRUE,"VD_SH_A",933,20860933
23211,0,0,1e-12,TRUE,"VD_SH_A",934,20860934
22783,0,0,1e-12,TRUE,"VD_SH_A",935,20860935
23830,0,0,1e-12,TRUE,"VD_SH_A",936,20860936
23474,0,0,1e-12,TRUE,"VD_SH_A",937,20860937
24271,0,0,1e-12,TRUE,"VD_SH_A",938,20860938
23527,0,0,1e-12,TRUE,"VD_SH_A",939,20860939
23669,0,0,1e-12,TRUE,"VD_SH_A",940,20860940
23095,0,0,1e-12,TRUE,"VD_SH_A",941,20860941
23614,0,0,1e-12,TRUE,"VD_SH_A",942,20860942
23285,0,0,1e-12,TRUE,"VD_SH_A",943,20860943
23464,0,0,1e-12,TRUE,"VD_SH_A",944,20860944
24096,0,0,1e-12,TRUE,"VD_SH_A",945,20860945
23576,0,0,1e-12,TRUE,"VD_SH_A",946,20860946
23494,0,0,1e-12,TRUE,"VD_SH_A",947,20860947
24085,0,0,1e-12,TRUE,"VD_SH_A",948,20860948
22865,0,0,1e-12,TRUE,"VD_SH_A",949,20860949
24605,0,0,1e-12,TRUE,"VD_SH_A",950,20860950
23477,0,0,1e-12,TRUE,"VD_SH_A",951,20860951
22912,0,0,1e-12,TRUE,"VD_SH_A",952,20860952
23283,0,0,1e-12,TRUE,"VD_SH_A",953,20860953
23570,0,0,1e-12,TRUE,"VD_SH_A",954,20860954
23055,0,0,1e-12,TRUE,"VD_SH_A",955,20860955
22913,0,0,1e-12,TRUE,"VD_SH_A",956,20860956
23556,0,0,1e-12,TRUE,"VD_SH_A",957,20860957
22687,0,0,1e-12,TRUE,"VD_SH_A",958,20860958
23223,0,0,1e-12,TRUE,"VD_SH_A",959,20860959
23176,0,0,1e-12,TRUE,"VD_SH_A",960,20860960
23158,0,0,1e-12,TRUE,"VD_SH_A",961,20860961
24857,0,0,1e-12,TRUE,"VD_SH_A",962,20860962
23800,0,0,1e-12,TRUE,"VD_SH_A",963,20860963
23712,0,0,1e-12,TRUE,"VD_SH_A",964,20860964
24413,0,0,1e-12,TRUE,"VD_SH_A",965,20860965
24151,0,0,1e-12,TRUE,"VD_SH_A",966,20860966
24425,0,0,1e-12,TRUE,"VD_SH_A",967,20860967
23570,0,0,1e-12,TRUE,"VD_SH_A",968,20860968
23484,0,0,1e-12,TRUE,"VD_SH_A",969,20860969
23833,0,0,1e-12,TRUE,"VD_SH_A",970,20860970
23133,0,0,1e-12,TRUE,"VD_SH_A",971,20860971
22961,0,0,1e-12,TRUE,"VD_SH_A",972,20860972
23942,0,0,1e-12,TRUE,"VD_SH_A",973,20860973
23153,0,0,1e-12,TRUE,"VD_SH_A",974,20860974
23778,0,0,1e-12,TRUE,"VD_SH_A",975,20860975
23776,0,0,1e-12,TRUE,"VD_SH_A",976,20860976
23800,0,0,1e-12,TRUE,"VD_SH_A",977,20860977
24476,0,0,1e-12,TRUE,"VD_SH_A",978,20860978
23808,0,0,1e-12,TRUE,"VD_SH_A",979,20860979
23757,0,0,1e-12,TRUE,"VD_SH_A",980,20860980
24501,0,0,1e-12,TRUE,"VD_SH_A",981,20860981
24812,0,0,1e-12,TRUE,"VD_SH_A",982,20860982
23178,0,0,1e-12,TRUE,"VD_SH_A",983,20860983
24553,0,0,1e-12,TRUE,"VD_SH_A",984,20860984
23369,0,0,1e-12,TRUE,"VD_SH_A",985,20860985
23607,0,0,1e-12,TRUE,"VD_SH_A",986,20860986
23386,0,0,1e-12,TRUE,"VD_SH_A",987,20860987
22992,0,0,1e-12,TRUE,"VD_SH_A",988,20860988
24180,0,0,1e-12,TRUE,"VD_SH_A",989,20860989
24099,0,0,1e-12,TRUE,"VD_SH_A",990,20860990
23639,0,0,1e-12,TRUE,"VD_SH_A",991,20860991
22493,0,0,1e-12,TRUE,"VD_SH_A",992,20860992
23810,0,0,1e-12,TRUE,"VD_SH_A",993,20860993
23283,0,0,1e-12,TRUE,"VD_SH_A",994,20860994
23968,0,0,1e-12,TRUE,"VD_SH_A",995,20860995
23853,0,0,1e-12,TRUE,"VD_SH_A",996,20860996
22434,0,0,1e-12,TRUE,"VD_SH_A",997,20860997
23733,0,0,1e-12,TRUE,"VD_SH_A",998,20860998
24934,0,0,1e-12,TRUE,"VD_SH_A",999,20860999
23375,0,0,1e-12,TRUE,"VD_SH_A",1000,20861000
22641,0,0,1e-12,TRUE,"VS_B_N",1,20960001
22831,0,0,1e-12,TRUE,"VS_B_N",2,20960002
21963,0,0,1e-12,TRUE,"VS_B_N",3,20960003
22721,0,0,1e-12,TRUE,"VS_B_N",4,20960004
23490,0,0,1e-12,TRUE,"VS_B_N",5,20960005
23299,0,0,1e-12,TRUE,"VS_B_N",6,20960006
23198,0,0,1e-12,TRUE,"VS_B_N",7,20960007
22615,0,0,1e-12,TRUE,"VS_B_N",8,20960008
22557,0,0,1e-12,TRUE,"VS_B_N",9,20960009
22355,0,0,1e-12,TRUE,"VS_B_N",10,20960010
22353,0,0,1e-12,TRUE,"VS_B_N",11,20960011
23078,0,0,1e-12,TRUE,"VS_B_N",12,20960012
23293,0,0,1e-12,TRUE,"VS_B_N",13,20960013
23963,0,0,1e-12,TRUE,"VS_B_N",14,20960014
24109,0,0,1e-12,TRUE,"VS_B_N",15,20960015
22481,0,0,1e-12,TRUE,"VS_B_N",16,20960016
22561,0,0,1e-12,TRUE,"VS_B_N",17,20960017
23128,0,0,1e-12,TRUE,"VS_B_N",18,20960018
24264,0,0,1e-12,TRUE,"VS_B_N",19,20960019
23612,0,0,1e-12,TRUE,"VS_B_N",20,20960020
22291,0,0,1e-12,TRUE,"VS_B_N",21,20960021
23315,0,0,1e-12,TRUE,"VS_B_N",22,20960022
22912,0,0,1e-12,TRUE,"VS_B_N",23,20960023
22041,0,0,1e-12,TRUE,"VS_B_N",24,20960024
22805,0,0,1e-12,TRUE,"VS_B_N",25,20960025
22171,0,0,1e-12,TRUE,"VS_B_N",26,20960026
23658,0,0,1e-12,TRUE,"VS_B_N",27,20960027
22769,0,0,1e-12,TRUE,"VS_B_N",28,20960028
22369,0,0,1e-12,TRUE,"VS_B_N",29,20960029
23639,0,0,1e-12,TRUE,"VS_B_N",30,20960030
24234,0,0,1e-12,TRUE,"VS_B_N",31,20960031
22918,0,0,1e-12,TRUE,"VS_B_N",32,20960032
23755,0,0,1e-12,TRUE,"VS_B_N",33,20960033
23769,0,0,1e-12,TRUE,"VS_B_N",34,20960034
23937,0,0,1e-12,TRUE,"VS_B_N",35,20960035
23939,0,0,1e-12,TRUE,"VS_B_N",36,20960036
22865,0,0,1e-12,TRUE,"VS_B_N",37,20960037
22743,0,0,1e-12,TRUE,"VS_B_N",38,20960038
23246,0,0,1e-12,TRUE,"VS_B_N",39,20960039
22646,0,0,1e-12,TRUE,"VS_B_N",40,20960040
23506,0,0,1e-12,TRUE,"VS_B_N",41,20960041
23960,0,0,1e-12,TRUE,"VS_B_N",42,20960042
23057,0,0,1e-12,TRUE,"VS_B_N",43,20960043
22727,0,0,1e-12,TRUE,"VS_B_N",44,20960044
23137,0,0,1e-12,TRUE,"VS_B_N",45,20960045
22770,0,0,1e-12,TRUE,"VS_B_N",46,20960046
22794,0,0,1e-12,TRUE,"VS_B_N",47,20960047
23743,0,0,1e-12,TRUE,"VS_B_N",48,20960048
22158,0,0,1e-12,TRUE,"VS_B_N",49,20960049
23712,0,0,1e-12,TRUE,"VS_B_N",50,20960050
23878,0,0,1e-12,TRUE,"VS_B_N",51,20960051
23190,0,0,1e-12,TRUE,"VS_B_N",52,20960052
22643,0,0,1e-12,TRUE,"VS_B_N",53,20960053
23580,0,0,1e-12,TRUE,"VS_B_N",54,20960054
22781,0,0,1e-12,TRUE,"VS_B_N",55,20960055
23565,0,0,1e-12,TRUE,"VS_B_N",56,20960056
22706,0,0,1e-12,TRUE,"VS_B_N",57,20960057
22907,0,0,1e-12,TRUE,"VS_B_N",58,20960058
22678,0,0,1e-12,TRUE,"VS_B_N",59,20960059
22429,0,0,1e-12,TRUE,"VS_B_N",60,20960060
22920,0,0,1e-12,TRUE,"VS_B_N",61,20960061
24083,0,0,1e-12,TRUE,"VS_B_N",62,20960062
23353,0,0,1e-12,TRUE,"VS_B_N",63,20960063
22335,0,0,1e-12,TRUE,"VS_B_N",64,20960064
22904,0,0,1e-12,TRUE,"VS_B_N",65,20960065
22528,0,0,1e-12,TRUE,"VS_B_N",66,20960066
22475,0,0,1e-12,TRUE,"VS_B_N",67,20960067
23448,0,0,1e-12,TRUE,"VS_B_N",68,20960068
23297,0,0,1e-12,TRUE,"VS_B_N",69,20960069
23052,0,0,1e-12,TRUE,"VS_B_N",70,20960070
22646,0,0,1e-12,TRUE,"VS_B_N",71,20960071
22981,0,0,1e-12,TRUE,"VS_B_N",72,20960072
23580,0,0,1e-12,TRUE,"VS_B_N",73,20960073
23516,0,0,1e-12,TRUE,"VS_B_N",74,20960074
23305,0,0,1e-12,TRUE,"VS_B_N",75,20960075
22279,0,0,1e-12,TRUE,"VS_B_N",76,20960076
24186,0,0,1e-12,TRUE,"VS_B_N",77,20960077
23129,0,0,1e-12,TRUE,"VS_B_N",78,20960078
23639,0,0,1e-12,TRUE,"VS_B_N",79,20960079
23624,0,0,1e-12,TRUE,"VS_B_N",80,20960080
23887,0,0,1e-12,TRUE,"VS_B_N",81,20960081
23421,0,0,1e-12,TRUE,"VS_B_N",82,20960082
22847,0,0,1e-12,TRUE,"VS_B_N",83,20960083
23371,0,0,1e-12,TRUE,"VS_B_N",84,20960084
23760,0,0,1e-12,TRUE,"VS_B_N",85,20960085
23840,0,0,1e-12,TRUE,"VS_B_N",86,20960086
22546,0,0,1e-12,TRUE,"VS_B_N",87,20960087
22805,0,0,1e-12,TRUE,"VS_B_N",88,20960088
23142,0,0,1e-12,TRUE,"VS_B_N",89,20960089
23370,0,0,1e-12,TRUE,"VS_B_N",90,20960090
23570,0,0,1e-12,TRUE,"VS_B_N",91,20960091
23220,0,0,1e-12,TRUE,"VS_B_N",92,20960092
22893,0,0,1e-12,TRUE,"VS_B_N",93,20960093
22868,0,0,1e-12,TRUE,"VS_B_N",94,20960094
23475,0,0,1e-12,TRUE,"VS_B_N",95,20960095
22830,0,0,1e-12,TRUE,"VS_B_N",96,20960096
22504,0,0,1e-12,TRUE,"VS_B_N",97,20960097
21866,0,0,1e-12,TRUE,"VS_B_N",98,20960098
23164,0,0,1e-12,TRUE,"VS_B_N",99,20960099
23530,0,0,1e-12,TRUE,"VS_B_N",100,20960100
23467,0,0,1e-12,TRUE,"VS_B_N",101,20960101
23858,0,0,1e-12,TRUE,"VS_B_N",102,20960102
22240,0,0,1e-12,TRUE,"VS_B_N",103,20960103
23081,0,0,1e-12,TRUE,"VS_B_N",104,20960104
22372,0,0,1e-12,TRUE,"VS_B_N",105,20960105
22921,0,0,1e-12,TRUE,"VS_B_N",106,20960106
23070,0,0,1e-12,TRUE,"VS_B_N",107,20960107
24114,0,0,1e-12,TRUE,"VS_B_N",108,20960108
24252,0,0,1e-12,TRUE,"VS_B_N",109,20960109
23372,0,0,1e-12,TRUE,"VS_B_N",110,20960110
22298,0,0,1e-12,TRUE,"VS_B_N",111,20960111
23219,0,0,1e-12,TRUE,"VS_B_N",112,20960112
23599,0,0,1e-12,TRUE,"VS_B_N",113,20960113
22175,0,0,1e-12,TRUE,"VS_B_N",114,20960114
22731,0,0,1e-12,TRUE,"VS_B_N",115,20960115
23809,0,0,1e-12,TRUE,"VS_B_N",116,20960116
23184,0,0,1e-12,TRUE,"VS_B_N",117,20960117
22464,0,0,1e-12,TRUE,"VS_B_N",118,20960118
23509,0,0,1e-12,TRUE,"VS_B_N",119,20960119
22573,0,0,1e-12,TRUE,"VS_B_N",120,20960120
23896,0,0,1e-12,TRUE,"VS_B_N",121,20960121
22371,0,0,1e-12,TRUE,"VS_B_N",122,20960122
23968,0,0,1e-12,TRUE,"VS_B_N",123,20960123
23155,0,0,1e-12,TRUE,"VS_B_N",124,20960124
23226,0,0,1e-12,TRUE,"VS_B_N",125,20960125
22603,0,0,1e-12,TRUE,"VS_B_N",126,20960126
22661,0,0,1e-12,TRUE,"VS_B_N",127,20960127
24084,0,0,1e-12,TRUE,"VS_B_N",128,20960128
22926,0,0,1e-12,TRUE,"VS_B_N",129,20960129
23647,0,0,1e-12,TRUE,"VS_B_N",130,20960130
23773,0,0,1e-12,TRUE,"VS_B_N",131,20960131
23291,0,0,1e-12,TRUE,"VS_B_N",132,20960132
22866,0,0,1e-12,TRUE,"VS_B_N",133,20960133
23682,0,0,1e-12,TRUE,"VS_B_N",134,20960134
23721,0,0,1e-12,TRUE,"VS_B_N",135,20960135
23396,0,0,1e-12,TRUE,"VS_B_N",136,20960136
21985,0,0,1e-12,TRUE,"VS_B_N",137,20960137
22456,0,0,1e-12,TRUE,"VS_B_N",138,20960138
23184,0,0,1e-12,TRUE,"VS_B_N",139,20960139
22654,0,0,1e-12,TRUE,"VS_B_N",140,20960140
23560,0,0,1e-12,TRUE,"VS_B_N",141,20960141
23034,0,0,1e-12,TRUE,"VS_B_N",142,20960142
23010,0,0,1e-12,TRUE,"VS_B_N",143,20960143
23434,0,0,1e-12,TRUE,"VS_B_N",144,20960144
22473,0,0,1e-12,TRUE,"VS_B_N",145,20960145
23881,0,0,1e-12,TRUE,"VS_B_N",146,20960146
22354,0,0,1e-12,TRUE,"VS_B_N",147,20960147
22874,0,0,1e-12,TRUE,"VS_B_N",148,20960148
22561,0,0,1e-12,TRUE,"VS_B_N",149,20960149
22905,0,0,1e-12,TRUE,"VS_B_N",150,20960150
23461,0,0,1e-12,TRUE,"VS_B_N",151,20960151
22194,0,0,1e-12,TRUE,"VS_B_N",152,20960152
23707,0,0,1e-12,TRUE,"VS_B_N",153,20960153
23532,0,0,1e-12,TRUE,"VS_B_N",154,20960154
23122,0,0,1e-12,TRUE,"VS_B_N",155,20960155
22638,0,0,1e-12,TRUE,"VS_B_N",156,20960156
24307,0,0,1e-12,TRUE,"VS_B_N",157,20960157
21948,0,0,1e-12,TRUE,"VS_B_N",158,20960158
23157,0,0,1e-12,TRUE,"VS_B_N",159,20960159
23242,0,0,1e-12,TRUE,"VS_B_N",160,20960160
23421,0,0,1e-12,TRUE,"VS_B_N",161,20960161
22727,0,0,1e-12,TRUE,"VS_B_N",162,20960162
22171,0,0,1e-12,TRUE,"VS_B_N",163,20960163
22940,0,0,1e-12,TRUE,"VS_B_N",164,20960164
23728,0,0,1e-12,TRUE,"VS_B_N",165,20960165
23105,0,0,1e-12,TRUE,"VS_B_N",166,20960166
22653,0,0,1e-12,TRUE,"VS_B_N",167,20960167
23026,0,0,1e-12,TRUE,"VS_B_N",168,20960168
23975,0,0,1e-12,TRUE,"VS_B_N",169,20960169
22997,0,0,1e-12,TRUE,"VS_B_N",170,20960170
23327,0,0,1e-12,TRUE,"VS_B_N",171,20960171
23219,0,0,1e-12,TRUE,"VS_B_N",172,20960172
23159,0,0,1e-12,TRUE,"VS_B_N",173,20960173
23035,0,0,1e-12,TRUE,"VS_B_N",174,20960174
23925,0,0,1e-12,TRUE,"VS_B_N",175,20960175
23236,0,0,1e-12,TRUE,"VS_B_N",176,20960176
23824,0,0,1e-12,TRUE,"VS_B_N",177,20960177
22283,0,0,1e-12,TRUE,"VS_B_N",178,20960178
22320,0,0,1e-12,TRUE,"VS_B_N",179,20960179
23351,0,0,1e-12,TRUE,"VS_B_N",180,20960180
22755,0,0,1e-12,TRUE,"VS_B_N",181,20960181
22967,0,0,1e-12,TRUE,"VS_B_N",182,20960182
22160,0,0,1e-12,TRUE,"VS_B_N",183,20960183
21695,0,0,1e-12,TRUE,"VS_B_N",184,20960184
23568,0,0,1e-12,TRUE,"VS_B_N",185,20960185
22887,0,0,1e-12,TRUE,"VS_B_N",186,20960186
23350,0,0,1e-12,TRUE,"VS_B_N",187,20960187
23246,0,0,1e-12,TRUE,"VS_B_N",188,20960188
23215,0,0,1e-12,TRUE,"VS_B_N",189,20960189
23993,0,0,1e-12,TRUE,"VS_B_N",190,20960190
23633,0,0,1e-12,TRUE,"VS_B_N",191,20960191
22736,0,0,1e-12,TRUE,"VS_B_N",192,20960192
23063,0,0,1e-12,TRUE,"VS_B_N",193,20960193
23382,0,0,1e-12,TRUE,"VS_B_N",194,20960194
23879,0,0,1e-12,TRUE,"VS_B_N",195,20960195
23573,0,0,1e-12,TRUE,"VS_B_N",196,20960196
23560,0,0,1e-12,TRUE,"VS_B_N",197,20960197
24029,0,0,1e-12,TRUE,"VS_B_N",198,20960198
22258,0,0,1e-12,TRUE,"VS_B_N",199,20960199
23247,0,0,1e-12,TRUE,"VS_B_N",200,20960200
22831,0,0,1e-12,TRUE,"VS_B_N",201,20960201
24182,0,0,1e-12,TRUE,"VS_B_N",202,20960202
22676,0,0,1e-12,TRUE,"VS_B_N",203,20960203
23363,0,0,1e-12,TRUE,"VS_B_N",204,20960204
22192,0,0,1e-12,TRUE,"VS_B_N",205,20960205
23508,0,0,1e-12,TRUE,"VS_B_N",206,20960206
23838,0,0,1e-12,TRUE,"VS_B_N",207,20960207
22636,0,0,1e-12,TRUE,"VS_B_N",208,20960208
23249,0,0,1e-12,TRUE,"VS_B_N",209,20960209
23411,0,0,1e-12,TRUE,"VS_B_N",210,20960210
22561,0,0,1e-12,TRUE,"VS_B_N",211,20960211
23943,0,0,1e-12,TRUE,"VS_B_N",212,20960212
23275,0,0,1e-12,TRUE,"VS_B_N",213,20960213
22448,0,0,1e-12,TRUE,"VS_B_N",214,20960214
23160,0,0,1e-12,TRUE,"VS_B_N",215,20960215
23065,0,0,1e-12,TRUE,"VS_B_N",216,20960216
23644,0,0,1e-12,TRUE,"VS_B_N",217,20960217
23270,0,0,1e-12,TRUE,"VS_B_N",218,20960218
23385,0,0,1e-12,TRUE,"VS_B_N",219,20960219
22717,0,0,1e-12,TRUE,"VS_B_N",220,20960220
23757,0,0,1e-12,TRUE,"VS_B_N",221,20960221
22963,0,0,1e-12,TRUE,"VS_B_N",222,20960222
23379,0,0,1e-12,TRUE,"VS_B_N",223,20960223
23639,0,0,1e-12,TRUE,"VS_B_N",224,20960224
23094,0,0,1e-12,TRUE,"VS_B_N",225,20960225
23908,0,0,1e-12,TRUE,"VS_B_N",226,20960226
23659,0,0,1e-12,TRUE,"VS_B_N",227,20960227
22058,0,0,1e-12,TRUE,"VS_B_N",228,20960228
21820,0,0,1e-12,TRUE,"VS_B_N",229,20960229
23388,0,0,1e-12,TRUE,"VS_B_N",230,20960230
22783,0,0,1e-12,TRUE,"VS_B_N",231,20960231
23730,0,0,1e-12,TRUE,"VS_B_N",232,20960232
23364,0,0,1e-12,TRUE,"VS_B_N",233,20960233
23192,0,0,1e-12,TRUE,"VS_B_N",234,20960234
23263,0,0,1e-12,TRUE,"VS_B_N",235,20960235
22385,0,0,1e-12,TRUE,"VS_B_N",236,20960236
22755,0,0,1e-12,TRUE,"VS_B_N",237,20960237
22274,0,0,1e-12,TRUE,"VS_B_N",238,20960238
23950,0,0,1e-12,TRUE,"VS_B_N",239,20960239
22791,0,0,1e-12,TRUE,"VS_B_N",240,20960240
23024,0,0,1e-12,TRUE,"VS_B_N",241,20960241
24527,0,0,1e-12,TRUE,"VS_B_N",242,20960242
22896,0,0,1e-12,TRUE,"VS_B_N",243,20960243
23501,0,0,1e-12,TRUE,"VS_B_N",244,20960244
24274,0,0,1e-12,TRUE,"VS_B_N",245,20960245
22825,0,0,1e-12,TRUE,"VS_B_N",246,20960246
23979,0,0,1e-12,TRUE,"VS_B_N",247,20960247
23290,0,0,1e-12,TRUE,"VS_B_N",248,20960248
24907,0,0,1e-12,TRUE,"VS_B_N",249,20960249
21975,0,0,1e-12,TRUE,"VS_B_N",250,20960250
23314,0,0,1e-12,TRUE,"VS_B_N",251,20960251
23697,0,0,1e-12,TRUE,"VS_B_N",252,20960252
23564,0,0,1e-12,TRUE,"VS_B_N",253,20960253
23193,0,0,1e-12,TRUE,"VS_B_N",254,20960254
22759,0,0,1e-12,TRUE,"VS_B_N",255,20960255
21944,0,0,1e-12,TRUE,"VS_B_N",256,20960256
24486,0,0,1e-12,TRUE,"VS_B_N",257,20960257
23754,0,0,1e-12,TRUE,"VS_B_N",258,20960258
22574,0,0,1e-12,TRUE,"VS_B_N",259,20960259
23062,0,0,1e-12,TRUE,"VS_B_N",260,20960260
23486,0,0,1e-12,TRUE,"VS_B_N",261,20960261
23245,0,0,1e-12,TRUE,"VS_B_N",262,20960262
23299,0,0,1e-12,TRUE,"VS_B_N",263,20960263
23753,0,0,1e-12,TRUE,"VS_B_N",264,20960264
23563,0,0,1e-12,TRUE,"VS_B_N",265,20960265
23247,0,0,1e-12,TRUE,"VS_B_N",266,20960266
24156,0,0,1e-12,TRUE,"VS_B_N",267,20960267
24099,0,0,1e-12,TRUE,"VS_B_N",268,20960268
23117,0,0,1e-12,TRUE,"VS_B_N",269,20960269
24069,0,0,1e-12,TRUE,"VS_B_N",270,20960270
23494,0,0,1e-12,TRUE,"VS_B_N",271,20960271
23885,0,0,1e-12,TRUE,"VS_B_N",272,20960272
23868,0,0,1e-12,TRUE,"VS_B_N",273,20960273
22783,0,0,1e-12,TRUE,"VS_B_N",274,20960274
22848,0,0,1e-12,TRUE,"VS_B_N",275,20960275
23250,0,0,1e-12,TRUE,"VS_B_N",276,20960276
23227,0,0,1e-12,TRUE,"VS_B_N",277,20960277
22648,0,0,1e-12,TRUE,"VS_B_N",278,20960278
22232,0,0,1e-12,TRUE,"VS_B_N",279,20960279
23333,0,0,1e-12,TRUE,"VS_B_N",280,20960280
23388,0,0,1e-12,TRUE,"VS_B_N",281,20960281
23567,0,0,1e-12,TRUE,"VS_B_N",282,20960282
21830,0,0,1e-12,TRUE,"VS_B_N",283,20960283
22923,0,0,1e-12,TRUE,"VS_B_N",284,20960284
23284,0,0,1e-12,TRUE,"VS_B_N",285,20960285
23393,0,0,1e-12,TRUE,"VS_B_N",286,20960286
22757,0,0,1e-12,TRUE,"VS_B_N",287,20960287
24531,0,0,1e-12,TRUE,"VS_B_N",288,20960288
22920,0,0,1e-12,TRUE,"VS_B_N",289,20960289
24182,0,0,1e-12,TRUE,"VS_B_N",290,20960290
22593,0,0,1e-12,TRUE,"VS_B_N",291,20960291
23880,0,0,1e-12,TRUE,"VS_B_N",292,20960292
22993,0,0,1e-12,TRUE,"VS_B_N",293,20960293
24886,0,0,1e-12,TRUE,"VS_B_N",294,20960294
23615,0,0,1e-12,TRUE,"VS_B_N",295,20960295
24049,0,0,1e-12,TRUE,"VS_B_N",296,20960296
23185,0,0,1e-12,TRUE,"VS_B_N",297,20960297
23697,0,0,1e-12,TRUE,"VS_B_N",298,20960298
22684,0,0,1e-12,TRUE,"VS_B_N",299,20960299
22798,0,0,1e-12,TRUE,"VS_B_N",300,20960300
23055,0,0,1e-12,TRUE,"VS_B_N",301,20960301
24021,0,0,1e-12,TRUE,"VS_B_N",302,20960302
22203,0,0,1e-12,TRUE,"VS_B_N",303,20960303
23873,0,0,1e-12,TRUE,"VS_B_N",304,20960304
22914,0,0,1e-12,TRUE,"VS_B_N",305,20960305
23560,0,0,1e-12,TRUE,"VS_B_N",306,20960306
24152,0,0,1e-12,TRUE,"VS_B_N",307,20960307
23244,0,0,1e-12,TRUE,"VS_B_N",308,20960308
23492,0,0,1e-12,TRUE,"VS_B_N",309,20960309
22852,0,0,1e-12,TRUE,"VS_B_N",310,20960310
23259,0,0,1e-12,TRUE,"VS_B_N",311,20960311
23131,0,0,1e-12,TRUE,"VS_B_N",312,20960312
22934,0,0,1e-12,TRUE,"VS_B_N",313,20960313
23904,0,0,1e-12,TRUE,"VS_B_N",314,20960314
23273,0,0,1e-12,TRUE,"VS_B_N",315,20960315
23131,0,0,1e-12,TRUE,"VS_B_N",316,20960316
23642,0,0,1e-12,TRUE,"VS_B_N",317,20960317
24168,0,0,1e-12,TRUE,"VS_B_N",318,20960318
24226,0,0,1e-12,TRUE,"VS_B_N",319,20960319
23948,0,0,1e-12,TRUE,"VS_B_N",320,20960320
22656,0,0,1e-12,TRUE,"VS_B_N",321,20960321
23428,0,0,1e-12,TRUE,"VS_B_N",322,20960322
23601,0,0,1e-12,TRUE,"VS_B_N",323,20960323
23070,0,0,1e-12,TRUE,"VS_B_N",324,20960324
23303,0,0,1e-12,TRUE,"VS_B_N",325,20960325
22552,0,0,1e-12,TRUE,"VS_B_N",326,20960326
23431,0,0,1e-12,TRUE,"VS_B_N",327,20960327
23464,0,0,1e-12,TRUE,"VS_B_N",328,20960328
23243,0,0,1e-12,TRUE,"VS_B_N",329,20960329
23570,0,0,1e-12,TRUE,"VS_B_N",330,20960330
21963,0,0,1e-12,TRUE,"VS_B_N",331,20960331
22799,0,0,1e-12,TRUE,"VS_B_N",332,20960332
23882,0,0,1e-12,TRUE,"VS_B_N",333,20960333
23094,0,0,1e-12,TRUE,"VS_B_N",334,20960334
22552,0,0,1e-12,TRUE,"VS_B_N",335,20960335
23311,0,0,1e-12,TRUE,"VS_B_N",336,20960336
23127,0,0,1e-12,TRUE,"VS_B_N",337,20960337
24973,0,0,1e-12,TRUE,"VS_B_N",338,20960338
22959,0,0,1e-12,TRUE,"VS_B_N",339,20960339
23505,0,0,1e-12,TRUE,"VS_B_N",340,20960340
23688,0,0,1e-12,TRUE,"VS_B_N",341,20960341
22401,0,0,1e-12,TRUE,"VS_B_N",342,20960342
23784,0,0,1e-12,TRUE,"VS_B_N",343,20960343
22948,0,0,1e-12,TRUE,"VS_B_N",344,20960344
22981,0,0,1e-12,TRUE,"VS_B_N",345,20960345
23508,0,0,1e-12,TRUE,"VS_B_N",346,20960346
23146,0,0,1e-12,TRUE,"VS_B_N",347,20960347
22852,0,0,1e-12,TRUE,"VS_B_N",348,20960348
23276,0,0,1e-12,TRUE,"VS_B_N",349,20960349
23963,0,0,1e-12,TRUE,"VS_B_N",350,20960350
23010,0,0,1e-12,TRUE,"VS_B_N",351,20960351
22238,0,0,1e-12,TRUE,"VS_B_N",352,20960352
22583,0,0,1e-12,TRUE,"VS_B_N",353,20960353
24608,0,0,1e-12,TRUE,"VS_B_N",354,20960354
23550,0,0,1e-12,TRUE,"VS_B_N",355,20960355
23712,0,0,1e-12,TRUE,"VS_B_N",356,20960356
22663,0,0,1e-12,TRUE,"VS_B_N",357,20960357
23508,0,0,1e-12,TRUE,"VS_B_N",358,20960358
22019,0,0,1e-12,TRUE,"VS_B_N",359,20960359
22617,0,0,1e-12,TRUE,"VS_B_N",360,20960360
23567,0,0,1e-12,TRUE,"VS_B_N",361,20960361
23170,0,0,1e-12,TRUE,"VS_B_N",362,20960362
22883,0,0,1e-12,TRUE,"VS_B_N",363,20960363
23005,0,0,1e-12,TRUE,"VS_B_N",364,20960364
23197,0,0,1e-12,TRUE,"VS_B_N",365,20960365
22714,0,0,1e-12,TRUE,"VS_B_N",366,20960366
23355,0,0,1e-12,TRUE,"VS_B_N",367,20960367
22642,0,0,1e-12,TRUE,"VS_B_N",368,20960368
23740,0,0,1e-12,TRUE,"VS_B_N",369,20960369
22850,0,0,1e-12,TRUE,"VS_B_N",370,20960370
24148,0,0,1e-12,TRUE,"VS_B_N",371,20960371
22640,0,0,1e-12,TRUE,"VS_B_N",372,20960372
23410,0,0,1e-12,TRUE,"VS_B_N",373,20960373
22499,0,0,1e-12,TRUE,"VS_B_N",374,20960374
23474,0,0,1e-12,TRUE,"VS_B_N",375,20960375
23435,0,0,1e-12,TRUE,"VS_B_N",376,20960376
23145,0,0,1e-12,TRUE,"VS_B_N",377,20960377
23738,0,0,1e-12,TRUE,"VS_B_N",378,20960378
23024,0,0,1e-12,TRUE,"VS_B_N",379,20960379
23167,0,0,1e-12,TRUE,"VS_B_N",380,20960380
22789,0,0,1e-12,TRUE,"VS_B_N",381,20960381
23515,0,0,1e-12,TRUE,"VS_B_N",382,20960382
23365,0,0,1e-12,TRUE,"VS_B_N",383,20960383
23037,0,0,1e-12,TRUE,"VS_B_N",384,20960384
22269,0,0,1e-12,TRUE,"VS_B_N",385,20960385
23029,0,0,1e-12,TRUE,"VS_B_N",386,20960386
24549,0,0,1e-12,TRUE,"VS_B_N",387,20960387
22450,0,0,1e-12,TRUE,"VS_B_N",388,20960388
22888,0,0,1e-12,TRUE,"VS_B_N",389,20960389
22488,0,0,1e-12,TRUE,"VS_B_N",390,20960390
22547,0,0,1e-12,TRUE,"VS_B_N",391,20960391
23211,0,0,1e-12,TRUE,"VS_B_N",392,20960392
23436,0,0,1e-12,TRUE,"VS_B_N",393,20960393
22740,0,0,1e-12,TRUE,"VS_B_N",394,20960394
23886,0,0,1e-12,TRUE,"VS_B_N",395,20960395
23568,0,0,1e-12,TRUE,"VS_B_N",396,20960396
22465,0,0,1e-12,TRUE,"VS_B_N",397,20960397
23212,0,0,1e-12,TRUE,"VS_B_N",398,20960398
22313,0,0,1e-12,TRUE,"VS_B_N",399,20960399
23678,0,0,1e-12,TRUE,"VS_B_N",400,20960400
23249,0,0,1e-12,TRUE,"VS_B_N",401,20960401
22485,0,0,1e-12,TRUE,"VS_B_N",402,20960402
23093,0,0,1e-12,TRUE,"VS_B_N",403,20960403
23199,0,0,1e-12,TRUE,"VS_B_N",404,20960404
23382,0,0,1e-12,TRUE,"VS_B_N",405,20960405
22196,0,0,1e-12,TRUE,"VS_B_N",406,20960406
24145,0,0,1e-12,TRUE,"VS_B_N",407,20960407
23283,0,0,1e-12,TRUE,"VS_B_N",408,20960408
23349,0,0,1e-12,TRUE,"VS_B_N",409,20960409
22693,0,0,1e-12,TRUE,"VS_B_N",410,20960410
23373,0,0,1e-12,TRUE,"VS_B_N",411,20960411
23473,0,0,1e-12,TRUE,"VS_B_N",412,20960412
22649,0,0,1e-12,TRUE,"VS_B_N",413,20960413
22786,0,0,1e-12,TRUE,"VS_B_N",414,20960414
22713,0,0,1e-12,TRUE,"VS_B_N",415,20960415
22258,0,0,1e-12,TRUE,"VS_B_N",416,20960416
23785,0,0,1e-12,TRUE,"VS_B_N",417,20960417
22285,0,0,1e-12,TRUE,"VS_B_N",418,20960418
23087,0,0,1e-12,TRUE,"VS_B_N",419,20960419
21801,0,0,1e-12,TRUE,"VS_B_N",420,20960420
23559,0,0,1e-12,TRUE,"VS_B_N",421,20960421
24326,0,0,1e-12,TRUE,"VS_B_N",422,20960422
23243,0,0,1e-12,TRUE,"VS_B_N",423,20960423
23310,0,0,1e-12,TRUE,"VS_B_N",424,20960424
22636,0,0,1e-12,TRUE,"VS_B_N",425,20960425
22220,0,0,1e-12,TRUE,"VS_B_N",426,20960426
23423,0,0,1e-12,TRUE,"VS_B_N",427,20960427
22750,0,0,1e-12,TRUE,"VS_B_N",428,20960428
22381,0,0,1e-12,TRUE,"VS_B_N",429,20960429
22847,0,0,1e-12,TRUE,"VS_B_N",430,20960430
23552,0,0,1e-12,TRUE,"VS_B_N",431,20960431
23118,0,0,1e-12,TRUE,"VS_B_N",432,20960432
25159,0,0,1e-12,TRUE,"VS_B_N",433,20960433
24223,0,0,1e-12,TRUE,"VS_B_N",434,20960434
22724,0,0,1e-12,TRUE,"VS_B_N",435,20960435
22626,0,0,1e-12,TRUE,"VS_B_N",436,20960436
22179,0,0,1e-12,TRUE,"VS_B_N",437,20960437
22807,0,0,1e-12,TRUE,"VS_B_N",438,20960438
23998,0,0,1e-12,TRUE,"VS_B_N",439,20960439
23060,0,0,1e-12,TRUE,"VS_B_N",440,20960440
23299,0,0,1e-12,TRUE,"VS_B_N",441,20960441
23841,0,0,1e-12,TRUE,"VS_B_N",442,20960442
23696,0,0,1e-12,TRUE,"VS_B_N",443,20960443
23346,0,0,1e-12,TRUE,"VS_B_N",444,20960444
23135,0,0,1e-12,TRUE,"VS_B_N",445,20960445
23032,0,0,1e-12,TRUE,"VS_B_N",446,20960446
23856,0,0,1e-12,TRUE,"VS_B_N",447,20960447
23516,0,0,1e-12,TRUE,"VS_B_N",448,20960448
23001,0,0,1e-12,TRUE,"VS_B_N",449,20960449
22371,0,0,1e-12,TRUE,"VS_B_N",450,20960450
22872,0,0,1e-12,TRUE,"VS_B_N",451,20960451
21896,0,0,1e-12,TRUE,"VS_B_N",452,20960452
23078,0,0,1e-12,TRUE,"VS_B_N",453,20960453
23203,0,0,1e-12,TRUE,"VS_B_N",454,20960454
23040,0,0,1e-12,TRUE,"VS_B_N",455,20960455
23026,0,0,1e-12,TRUE,"VS_B_N",456,20960456
23070,0,0,1e-12,TRUE,"VS_B_N",457,20960457
23258,0,0,1e-12,TRUE,"VS_B_N",458,20960458
21947,0,0,1e-12,TRUE,"VS_B_N",459,20960459
23454,0,0,1e-12,TRUE,"VS_B_N",460,20960460
23906,0,0,1e-12,TRUE,"VS_B_N",461,20960461
24443,0,0,1e-12,TRUE,"VS_B_N",462,20960462
22951,0,0,1e-12,TRUE,"VS_B_N",463,20960463
23459,0,0,1e-12,TRUE,"VS_B_N",464,20960464
23380,0,0,1e-12,TRUE,"VS_B_N",465,20960465
22299,0,0,1e-12,TRUE,"VS_B_N",466,20960466
22873,0,0,1e-12,TRUE,"VS_B_N",467,20960467
23748,0,0,1e-12,TRUE,"VS_B_N",468,20960468
22673,0,0,1e-12,TRUE,"VS_B_N",469,20960469
23515,0,0,1e-12,TRUE,"VS_B_N",470,20960470
22834,0,0,1e-12,TRUE,"VS_B_N",471,20960471
23788,0,0,1e-12,TRUE,"VS_B_N",472,20960472
23419,0,0,1e-12,TRUE,"VS_B_N",473,20960473
22316,0,0,1e-12,TRUE,"VS_B_N",474,20960474
22819,0,0,1e-12,TRUE,"VS_B_N",475,20960475
24557,0,0,1e-12,TRUE,"VS_B_N",476,20960476
23437,0,0,1e-12,TRUE,"VS_B_N",477,20960477
22782,0,0,1e-12,TRUE,"VS_B_N",478,20960478
23583,0,0,1e-12,TRUE,"VS_B_N",479,20960479
22313,0,0,1e-12,TRUE,"VS_B_N",480,20960480
23067,0,0,1e-12,TRUE,"VS_B_N",481,20960481
23330,0,0,1e-12,TRUE,"VS_B_N",482,20960482
23511,0,0,1e-12,TRUE,"VS_B_N",483,20960483
23078,0,0,1e-12,TRUE,"VS_B_N",484,20960484
23451,0,0,1e-12,TRUE,"VS_B_N",485,20960485
24517,0,0,1e-12,TRUE,"VS_B_N",486,20960486
23230,0,0,1e-12,TRUE,"VS_B_N",487,20960487
22997,0,0,1e-12,TRUE,"VS_B_N",488,20960488
23067,0,0,1e-12,TRUE,"VS_B_N",489,20960489
22987,0,0,1e-12,TRUE,"VS_B_N",490,20960490
23263,0,0,1e-12,TRUE,"VS_B_N",491,20960491
24120,0,0,1e-12,TRUE,"VS_B_N",492,20960492
22418,0,0,1e-12,TRUE,"VS_B_N",493,20960493
23439,0,0,1e-12,TRUE,"VS_B_N",494,20960494
24452,0,0,1e-12,TRUE,"VS_B_N",495,20960495
24040,0,0,1e-12,TRUE,"VS_B_N",496,20960496
23532,0,0,1e-12,TRUE,"VS_B_N",497,20960497
22473,0,0,1e-12,TRUE,"VS_B_N",498,20960498
22137,0,0,1e-12,TRUE,"VS_B_N",499,20960499
21941,0,0,1e-12,TRUE,"VS_B_N",500,20960500
23381,0,0,1e-12,TRUE,"VS_B_N",501,20960501
23550,0,0,1e-12,TRUE,"VS_B_N",502,20960502
24222,0,0,1e-12,TRUE,"VS_B_N",503,20960503
23729,0,0,1e-12,TRUE,"VS_B_N",504,20960504
23497,0,0,1e-12,TRUE,"VS_B_N",505,20960505
22737,0,0,1e-12,TRUE,"VS_B_N",506,20960506
23768,0,0,1e-12,TRUE,"VS_B_N",507,20960507
23373,0,0,1e-12,TRUE,"VS_B_N",508,20960508
23760,0,0,1e-12,TRUE,"VS_B_N",509,20960509
23318,0,0,1e-12,TRUE,"VS_B_N",510,20960510
23788,0,0,1e-12,TRUE,"VS_B_N",511,20960511
22983,0,0,1e-12,TRUE,"VS_B_N",512,20960512
22708,0,0,1e-12,TRUE,"VS_B_N",513,20960513
22171,0,0,1e-12,TRUE,"VS_B_N",514,20960514
23872,0,0,1e-12,TRUE,"VS_B_N",515,20960515
22771,0,0,1e-12,TRUE,"VS_B_N",516,20960516
23541,0,0,1e-12,TRUE,"VS_B_N",517,20960517
23263,0,0,1e-12,TRUE,"VS_B_N",518,20960518
23262,0,0,1e-12,TRUE,"VS_B_N",519,20960519
22264,0,0,1e-12,TRUE,"VS_B_N",520,20960520
23749,0,0,1e-12,TRUE,"VS_B_N",521,20960521
23241,0,0,1e-12,TRUE,"VS_B_N",522,20960522
22244,0,0,1e-12,TRUE,"VS_B_N",523,20960523
23111,0,0,1e-12,TRUE,"VS_B_N",524,20960524
22860,0,0,1e-12,TRUE,"VS_B_N",525,20960525
24298,0,0,1e-12,TRUE,"VS_B_N",526,20960526
23157,0,0,1e-12,TRUE,"VS_B_N",527,20960527
23637,0,0,1e-12,TRUE,"VS_B_N",528,20960528
23645,0,0,1e-12,TRUE,"VS_B_N",529,20960529
24662,0,0,1e-12,TRUE,"VS_B_N",530,20960530
23109,0,0,1e-12,TRUE,"VS_B_N",531,20960531
22171,0,0,1e-12,TRUE,"VS_B_N",532,20960532
22323,0,0,1e-12,TRUE,"VS_B_N",533,20960533
24094,0,0,1e-12,TRUE,"VS_B_N",534,20960534
23288,0,0,1e-12,TRUE,"VS_B_N",535,20960535
23455,0,0,1e-12,TRUE,"VS_B_N",536,20960536
22440,0,0,1e-12,TRUE,"VS_B_N",537,20960537
23292,0,0,1e-12,TRUE,"VS_B_N",538,20960538
23638,0,0,1e-12,TRUE,"VS_B_N",539,20960539
24189,0,0,1e-12,TRUE,"VS_B_N",540,20960540
22827,0,0,1e-12,TRUE,"VS_B_N",541,20960541
24028,0,0,1e-12,TRUE,"VS_B_N",542,20960542
23167,0,0,1e-12,TRUE,"VS_B_N",543,20960543
23959,0,0,1e-12,TRUE,"VS_B_N",544,20960544
22865,0,0,1e-12,TRUE,"VS_B_N",545,20960545
23530,0,0,1e-12,TRUE,"VS_B_N",546,20960546
22732,0,0,1e-12,TRUE,"VS_B_N",547,20960547
23419,0,0,1e-12,TRUE,"VS_B_N",548,20960548
23451,0,0,1e-12,TRUE,"VS_B_N",549,20960549
23627,0,0,1e-12,TRUE,"VS_B_N",550,20960550
23600,0,0,1e-12,TRUE,"VS_B_N",551,20960551
23452,0,0,1e-12,TRUE,"VS_B_N",552,20960552
22787,0,0,1e-12,TRUE,"VS_B_N",553,20960553
24819,0,0,1e-12,TRUE,"VS_B_N",554,20960554
23756,0,0,1e-12,TRUE,"VS_B_N",555,20960555
23873,0,0,1e-12,TRUE,"VS_B_N",556,20960556
22886,0,0,1e-12,TRUE,"VS_B_N",557,20960557
23090,0,0,1e-12,TRUE,"VS_B_N",558,20960558
21913,0,0,1e-12,TRUE,"VS_B_N",559,20960559
22682,0,0,1e-12,TRUE,"VS_B_N",560,20960560
22595,0,0,1e-12,TRUE,"VS_B_N",561,20960561
23192,0,0,1e-12,TRUE,"VS_B_N",562,20960562
23289,0,0,1e-12,TRUE,"VS_B_N",563,20960563
23875,0,0,1e-12,TRUE,"VS_B_N",564,20960564
23755,0,0,1e-12,TRUE,"VS_B_N",565,20960565
23445,0,0,1e-12,TRUE,"VS_B_N",566,20960566
23143,0,0,1e-12,TRUE,"VS_B_N",567,20960567
22560,0,0,1e-12,TRUE,"VS_B_N",568,20960568
23949,0,0,1e-12,TRUE,"VS_B_N",569,20960569
21975,0,0,1e-12,TRUE,"VS_B_N",570,20960570
24569,0,0,1e-12,TRUE,"VS_B_N",571,20960571
23524,0,0,1e-12,TRUE,"VS_B_N",572,20960572
23038,0,0,1e-12,TRUE,"VS_B_N",573,20960573
22580,0,0,1e-12,TRUE,"VS_B_N",574,20960574
22756,0,0,1e-12,TRUE,"VS_B_N",575,20960575
23299,0,0,1e-12,TRUE,"VS_B_N",576,20960576
23616,0,0,1e-12,TRUE,"VS_B_N",577,20960577
23224,0,0,1e-12,TRUE,"VS_B_N",578,20960578
22579,0,0,1e-12,TRUE,"VS_B_N",579,20960579
22399,0,0,1e-12,TRUE,"VS_B_N",580,20960580
22842,0,0,1e-12,TRUE,"VS_B_N",581,20960581
24156,0,0,1e-12,TRUE,"VS_B_N",582,20960582
22913,0,0,1e-12,TRUE,"VS_B_N",583,20960583
22409,0,0,1e-12,TRUE,"VS_B_N",584,20960584
23427,0,0,1e-12,TRUE,"VS_B_N",585,20960585
23387,0,0,1e-12,TRUE,"VS_B_N",586,20960586
23612,0,0,1e-12,TRUE,"VS_B_N",587,20960587
23692,0,0,1e-12,TRUE,"VS_B_N",588,20960588
22888,0,0,1e-12,TRUE,"VS_B_N",589,20960589
23685,0,0,1e-12,TRUE,"VS_B_N",590,20960590
22695,0,0,1e-12,TRUE,"VS_B_N",591,20960591
23230,0,0,1e-12,TRUE,"VS_B_N",592,20960592
22986,0,0,1e-12,TRUE,"VS_B_N",593,20960593
22873,0,0,1e-12,TRUE,"VS_B_N",594,20960594
23543,0,0,1e-12,TRUE,"VS_B_N",595,20960595
22776,0,0,1e-12,TRUE,"VS_B_N",596,20960596
23482,0,0,1e-12,TRUE,"VS_B_N",597,20960597
24182,0,0,1e-12,TRUE,"VS_B_N",598,20960598
23222,0,0,1e-12,TRUE,"VS_B_N",599,20960599
23259,0,0,1e-12,TRUE,"VS_B_N",600,20960600
22574,0,0,1e-12,TRUE,"VS_B_N",601,20960601
23432,0,0,1e-12,TRUE,"VS_B_N",602,20960602
23365,0,0,1e-12,TRUE,"VS_B_N",603,20960603
22072,0,0,1e-12,TRUE,"VS_B_N",604,20960604
22485,0,0,1e-12,TRUE,"VS_B_N",605,20960605
22805,0,0,1e-12,TRUE,"VS_B_N",606,20960606
23629,0,0,1e-12,TRUE,"VS_B_N",607,20960607
23827,0,0,1e-12,TRUE,"VS_B_N",608,20960608
23691,0,0,1e-12,TRUE,"VS_B_N",609,20960609
22613,0,0,1e-12,TRUE,"VS_B_N",610,20960610
22491,0,0,1e-12,TRUE,"VS_B_N",611,20960611
22978,0,0,1e-12,TRUE,"VS_B_N",612,20960612
23739,0,0,1e-12,TRUE,"VS_B_N",613,20960613
23432,0,0,1e-12,TRUE,"VS_B_N",614,20960614
23161,0,0,1e-12,TRUE,"VS_B_N",615,20960615
23272,0,0,1e-12,TRUE,"VS_B_N",616,20960616
22829,0,0,1e-12,TRUE,"VS_B_N",617,20960617
23661,0,0,1e-12,TRUE,"VS_B_N",618,20960618
23757,0,0,1e-12,TRUE,"VS_B_N",619,20960619
22674,0,0,1e-12,TRUE,"VS_B_N",620,20960620
24098,0,0,1e-12,TRUE,"VS_B_N",621,20960621
23710,0,0,1e-12,TRUE,"VS_B_N",622,20960622
23197,0,0,1e-12,TRUE,"VS_B_N",623,20960623
23736,0,0,1e-12,TRUE,"VS_B_N",624,20960624
22472,0,0,1e-12,TRUE,"VS_B_N",625,20960625
23534,0,0,1e-12,TRUE,"VS_B_N",626,20960626
23349,0,0,1e-12,TRUE,"VS_B_N",627,20960627
23104,0,0,1e-12,TRUE,"VS_B_N",628,20960628
22346,0,0,1e-12,TRUE,"VS_B_N",629,20960629
22476,0,0,1e-12,TRUE,"VS_B_N",630,20960630
23689,0,0,1e-12,TRUE,"VS_B_N",631,20960631
22877,0,0,1e-12,TRUE,"VS_B_N",632,20960632
23232,0,0,1e-12,TRUE,"VS_B_N",633,20960633
22355,0,0,1e-12,TRUE,"VS_B_N",634,20960634
22672,0,0,1e-12,TRUE,"VS_B_N",635,20960635
22391,0,0,1e-12,TRUE,"VS_B_N",636,20960636
23633,0,0,1e-12,TRUE,"VS_B_N",637,20960637
23467,0,0,1e-12,TRUE,"VS_B_N",638,20960638
22893,0,0,1e-12,TRUE,"VS_B_N",639,20960639
23481,0,0,1e-12,TRUE,"VS_B_N",640,20960640
22362,0,0,1e-12,TRUE,"VS_B_N",641,20960641
22495,0,0,1e-12,TRUE,"VS_B_N",642,20960642
22950,0,0,1e-12,TRUE,"VS_B_N",643,20960643
22797,0,0,1e-12,TRUE,"VS_B_N",644,20960644
23105,0,0,1e-12,TRUE,"VS_B_N",645,20960645
22855,0,0,1e-12,TRUE,"VS_B_N",646,20960646
23570,0,0,1e-12,TRUE,"VS_B_N",647,20960647
22916,0,0,1e-12,TRUE,"VS_B_N",648,20960648
22848,0,0,1e-12,TRUE,"VS_B_N",649,20960649
23622,0,0,1e-12,TRUE,"VS_B_N",650,20960650
23353,0,0,1e-12,TRUE,"VS_B_N",651,20960651
23213,0,0,1e-12,TRUE,"VS_B_N",652,20960652
22279,0,0,1e-12,TRUE,"VS_B_N",653,20960653
23832,0,0,1e-12,TRUE,"VS_B_N",654,20960654
23834,0,0,1e-12,TRUE,"VS_B_N",655,20960655
22737,0,0,1e-12,TRUE,"VS_B_N",656,20960656
23200,0,0,1e-12,TRUE,"VS_B_N",657,20960657
23902,0,0,1e-12,TRUE,"VS_B_N",658,20960658
22929,0,0,1e-12,TRUE,"VS_B_N",659,20960659
23603,0,0,1e-12,TRUE,"VS_B_N",660,20960660
22797,0,0,1e-12,TRUE,"VS_B_N",661,20960661
23213,0,0,1e-12,TRUE,"VS_B_N",662,20960662
23448,0,0,1e-12,TRUE,"VS_B_N",663,20960663
23536,0,0,1e-12,TRUE,"VS_B_N",664,20960664
25028,0,0,1e-12,TRUE,"VS_B_N",665,20960665
22994,0,0,1e-12,TRUE,"VS_B_N",666,20960666
23374,0,0,1e-12,TRUE,"VS_B_N",667,20960667
22694,0,0,1e-12,TRUE,"VS_B_N",668,20960668
23380,0,0,1e-12,TRUE,"VS_B_N",669,20960669
23747,0,0,1e-12,TRUE,"VS_B_N",670,20960670
22919,0,0,1e-12,TRUE,"VS_B_N",671,20960671
22383,0,0,1e-12,TRUE,"VS_B_N",672,20960672
23362,0,0,1e-12,TRUE,"VS_B_N",673,20960673
22107,0,0,1e-12,TRUE,"VS_B_N",674,20960674
23333,0,0,1e-12,TRUE,"VS_B_N",675,20960675
23809,0,0,1e-12,TRUE,"VS_B_N",676,20960676
22807,0,0,1e-12,TRUE,"VS_B_N",677,20960677
23161,0,0,1e-12,TRUE,"VS_B_N",678,20960678
23606,0,0,1e-12,TRUE,"VS_B_N",679,20960679
23149,0,0,1e-12,TRUE,"VS_B_N",680,20960680
22599,0,0,1e-12,TRUE,"VS_B_N",681,20960681
23240,0,0,1e-12,TRUE,"VS_B_N",682,20960682
23483,0,0,1e-12,TRUE,"VS_B_N",683,20960683
22897,0,0,1e-12,TRUE,"VS_B_N",684,20960684
23084,0,0,1e-12,TRUE,"VS_B_N",685,20960685
24160,0,0,1e-12,TRUE,"VS_B_N",686,20960686
22013,0,0,1e-12,TRUE,"VS_B_N",687,20960687
24684,0,0,1e-12,TRUE,"VS_B_N",688,20960688
23589,0,0,1e-12,TRUE,"VS_B_N",689,20960689
23701,0,0,1e-12,TRUE,"VS_B_N",690,20960690
22831,0,0,1e-12,TRUE,"VS_B_N",691,20960691
23356,0,0,1e-12,TRUE,"VS_B_N",692,20960692
23462,0,0,1e-12,TRUE,"VS_B_N",693,20960693
23323,0,0,1e-12,TRUE,"VS_B_N",694,20960694
21966,0,0,1e-12,TRUE,"VS_B_N",695,20960695
22537,0,0,1e-12,TRUE,"VS_B_N",696,20960696
22777,0,0,1e-12,TRUE,"VS_B_N",697,20960697
22378,0,0,1e-12,TRUE,"VS_B_N",698,20960698
24102,0,0,1e-12,TRUE,"VS_B_N",699,20960699
23964,0,0,1e-12,TRUE,"VS_B_N",700,20960700
23367,0,0,1e-12,TRUE,"VS_B_N",701,20960701
23261,0,0,1e-12,TRUE,"VS_B_N",702,20960702
23146,0,0,1e-12,TRUE,"VS_B_N",703,20960703
22838,0,0,1e-12,TRUE,"VS_B_N",704,20960704
23711,0,0,1e-12,TRUE,"VS_B_N",705,20960705
23222,0,0,1e-12,TRUE,"VS_B_N",706,20960706
22368,0,0,1e-12,TRUE,"VS_B_N",707,20960707
23639,0,0,1e-12,TRUE,"VS_B_N",708,20960708
22638,0,0,1e-12,TRUE,"VS_B_N",709,20960709
23474,0,0,1e-12,TRUE,"VS_B_N",710,20960710
22700,0,0,1e-12,TRUE,"VS_B_N",711,20960711
22803,0,0,1e-12,TRUE,"VS_B_N",712,20960712
22697,0,0,1e-12,TRUE,"VS_B_N",713,20960713
22672,0,0,1e-12,TRUE,"VS_B_N",714,20960714
23897,0,0,1e-12,TRUE,"VS_B_N",715,20960715
22738,0,0,1e-12,TRUE,"VS_B_N",716,20960716
23413,0,0,1e-12,TRUE,"VS_B_N",717,20960717
23562,0,0,1e-12,TRUE,"VS_B_N",718,20960718
22070,0,0,1e-12,TRUE,"VS_B_N",719,20960719
22716,0,0,1e-12,TRUE,"VS_B_N",720,20960720
22478,0,0,1e-12,TRUE,"VS_B_N",721,20960721
23204,0,0,1e-12,TRUE,"VS_B_N",722,20960722
22969,0,0,1e-12,TRUE,"VS_B_N",723,20960723
22546,0,0,1e-12,TRUE,"VS_B_N",724,20960724
23028,0,0,1e-12,TRUE,"VS_B_N",725,20960725
23210,0,0,1e-12,TRUE,"VS_B_N",726,20960726
21644,0,0,1e-12,TRUE,"VS_B_N",727,20960727
23019,0,0,1e-12,TRUE,"VS_B_N",728,20960728
22662,0,0,1e-12,TRUE,"VS_B_N",729,20960729
22919,0,0,1e-12,TRUE,"VS_B_N",730,20960730
24473,0,0,1e-12,TRUE,"VS_B_N",731,20960731
22583,0,0,1e-12,TRUE,"VS_B_N",732,20960732
23618,0,0,1e-12,TRUE,"VS_B_N",733,20960733
24127,0,0,1e-12,TRUE,"VS_B_N",734,20960734
23262,0,0,1e-12,TRUE,"VS_B_N",735,20960735
24009,0,0,1e-12,TRUE,"VS_B_N",736,20960736
23467,0,0,1e-12,TRUE,"VS_B_N",737,20960737
23709,0,0,1e-12,TRUE,"VS_B_N",738,20960738
22844,0,0,1e-12,TRUE,"VS_B_N",739,20960739
22965,0,0,1e-12,TRUE,"VS_B_N",740,20960740
23160,0,0,1e-12,TRUE,"VS_B_N",741,20960741
22605,0,0,1e-12,TRUE,"VS_B_N",742,20960742
22923,0,0,1e-12,TRUE,"VS_B_N",743,20960743
23451,0,0,1e-12,TRUE,"VS_B_N",744,20960744
22394,0,0,1e-12,TRUE,"VS_B_N",745,20960745
23226,0,0,1e-12,TRUE,"VS_B_N",746,20960746
22965,0,0,1e-12,TRUE,"VS_B_N",747,20960747
22974,0,0,1e-12,TRUE,"VS_B_N",748,20960748
23532,0,0,1e-12,TRUE,"VS_B_N",749,20960749
22536,0,0,1e-12,TRUE,"VS_B_N",750,20960750
23217,0,0,1e-12,TRUE,"VS_B_N",751,20960751
22381,0,0,1e-12,TRUE,"VS_B_N",752,20960752
22541,0,0,1e-12,TRUE,"VS_B_N",753,20960753
23526,0,0,1e-12,TRUE,"VS_B_N",754,20960754
23805,0,0,1e-12,TRUE,"VS_B_N",755,20960755
22645,0,0,1e-12,TRUE,"VS_B_N",756,20960756
22810,0,0,1e-12,TRUE,"VS_B_N",757,20960757
24578,0,0,1e-12,TRUE,"VS_B_N",758,20960758
22519,0,0,1e-12,TRUE,"VS_B_N",759,20960759
23810,0,0,1e-12,TRUE,"VS_B_N",760,20960760
22732,0,0,1e-12,TRUE,"VS_B_N",761,20960761
22084,0,0,1e-12,TRUE,"VS_B_N",762,20960762
23569,0,0,1e-12,TRUE,"VS_B_N",763,20960763
22634,0,0,1e-12,TRUE,"VS_B_N",764,20960764
23358,0,0,1e-12,TRUE,"VS_B_N",765,20960765
24027,0,0,1e-12,TRUE,"VS_B_N",766,20960766
23328,0,0,1e-12,TRUE,"VS_B_N",767,20960767
23417,0,0,1e-12,TRUE,"VS_B_N",768,20960768
22830,0,0,1e-12,TRUE,"VS_B_N",769,20960769
23009,0,0,1e-12,TRUE,"VS_B_N",770,20960770
23532,0,0,1e-12,TRUE,"VS_B_N",771,20960771
22988,0,0,1e-12,TRUE,"VS_B_N",772,20960772
23723,0,0,1e-12,TRUE,"VS_B_N",773,20960773
22709,0,0,1e-12,TRUE,"VS_B_N",774,20960774
21635,0,0,1e-12,TRUE,"VS_B_N",775,20960775
24066,0,0,1e-12,TRUE,"VS_B_N",776,20960776
23382,0,0,1e-12,TRUE,"VS_B_N",777,20960777
23471,0,0,1e-12,TRUE,"VS_B_N",778,20960778
22795,0,0,1e-12,TRUE,"VS_B_N",779,20960779
23032,0,0,1e-12,TRUE,"VS_B_N",780,20960780
23537,0,0,1e-12,TRUE,"VS_B_N",781,20960781
23181,0,0,1e-12,TRUE,"VS_B_N",782,20960782
23292,0,0,1e-12,TRUE,"VS_B_N",783,20960783
21934,0,0,1e-12,TRUE,"VS_B_N",784,20960784
22992,0,0,1e-12,TRUE,"VS_B_N",785,20960785
21954,0,0,1e-12,TRUE,"VS_B_N",786,20960786
23986,0,0,1e-12,TRUE,"VS_B_N",787,20960787
22861,0,0,1e-12,TRUE,"VS_B_N",788,20960788
23554,0,0,1e-12,TRUE,"VS_B_N",789,20960789
23314,0,0,1e-12,TRUE,"VS_B_N",790,20960790
24294,0,0,1e-12,TRUE,"VS_B_N",791,20960791
23324,0,0,1e-12,TRUE,"VS_B_N",792,20960792
23698,0,0,1e-12,TRUE,"VS_B_N",793,20960793
23297,0,0,1e-12,TRUE,"VS_B_N",794,20960794
24303,0,0,1e-12,TRUE,"VS_B_N",795,20960795
23484,0,0,1e-12,TRUE,"VS_B_N",796,20960796
22575,0,0,1e-12,TRUE,"VS_B_N",797,20960797
23106,0,0,1e-12,TRUE,"VS_B_N",798,20960798
23523,0,0,1e-12,TRUE,"VS_B_N",799,20960799
23054,0,0,1e-12,TRUE,"VS_B_N",800,20960800
22719,0,0,1e-12,TRUE,"VS_B_N",801,20960801
23034,0,0,1e-12,TRUE,"VS_B_N",802,20960802
23056,0,0,1e-12,TRUE,"VS_B_N",803,20960803
23400,0,0,1e-12,TRUE,"VS_B_N",804,20960804
23429,0,0,1e-12,TRUE,"VS_B_N",805,20960805
23280,0,0,1e-12,TRUE,"VS_B_N",806,20960806
22919,0,0,1e-12,TRUE,"VS_B_N",807,20960807
22186,0,0,1e-12,TRUE,"VS_B_N",808,20960808
22953,0,0,1e-12,TRUE,"VS_B_N",809,20960809
22421,0,0,1e-12,TRUE,"VS_B_N",810,20960810
22771,0,0,1e-12,TRUE,"VS_B_N",811,20960811
22526,0,0,1e-12,TRUE,"VS_B_N",812,20960812
22520,0,0,1e-12,TRUE,"VS_B_N",813,20960813
23909,0,0,1e-12,TRUE,"VS_B_N",814,20960814
22724,0,0,1e-12,TRUE,"VS_B_N",815,20960815
21961,0,0,1e-12,TRUE,"VS_B_N",816,20960816
22663,0,0,1e-12,TRUE,"VS_B_N",817,20960817
22972,0,0,1e-12,TRUE,"VS_B_N",818,20960818
23541,0,0,1e-12,TRUE,"VS_B_N",819,20960819
22398,0,0,1e-12,TRUE,"VS_B_N",820,20960820
23102,0,0,1e-12,TRUE,"VS_B_N",821,20960821
22319,0,0,1e-12,TRUE,"VS_B_N",822,20960822
23664,0,0,1e-12,TRUE,"VS_B_N",823,20960823
23320,0,0,1e-12,TRUE,"VS_B_N",824,20960824
23188,0,0,1e-12,TRUE,"VS_B_N",825,20960825
23061,0,0,1e-12,TRUE,"VS_B_N",826,20960826
24275,0,0,1e-12,TRUE,"VS_B_N",827,20960827
23345,0,0,1e-12,TRUE,"VS_B_N",828,20960828
24006,0,0,1e-12,TRUE,"VS_B_N",829,20960829
23164,0,0,1e-12,TRUE,"VS_B_N",830,20960830
23342,0,0,1e-12,TRUE,"VS_B_N",831,20960831
24303,0,0,1e-12,TRUE,"VS_B_N",832,20960832
22824,0,0,1e-12,TRUE,"VS_B_N",833,20960833
23342,0,0,1e-12,TRUE,"VS_B_N",834,20960834
23195,0,0,1e-12,TRUE,"VS_B_N",835,20960835
22721,0,0,1e-12,TRUE,"VS_B_N",836,20960836
22899,0,0,1e-12,TRUE,"VS_B_N",837,20960837
22810,0,0,1e-12,TRUE,"VS_B_N",838,20960838
23026,0,0,1e-12,TRUE,"VS_B_N",839,20960839
23056,0,0,1e-12,TRUE,"VS_B_N",840,20960840
22584,0,0,1e-12,TRUE,"VS_B_N",841,20960841
22884,0,0,1e-12,TRUE,"VS_B_N",842,20960842
22879,0,0,1e-12,TRUE,"VS_B_N",843,20960843
23907,0,0,1e-12,TRUE,"VS_B_N",844,20960844
23915,0,0,1e-12,TRUE,"VS_B_N",845,20960845
23676,0,0,1e-12,TRUE,"VS_B_N",846,20960846
23241,0,0,1e-12,TRUE,"VS_B_N",847,20960847
23364,0,0,1e-12,TRUE,"VS_B_N",848,20960848
24776,0,0,1e-12,TRUE,"VS_B_N",849,20960849
22176,0,0,1e-12,TRUE,"VS_B_N",850,20960850
23491,0,0,1e-12,TRUE,"VS_B_N",851,20960851
23475,0,0,1e-12,TRUE,"VS_B_N",852,20960852
23369,0,0,1e-12,TRUE,"VS_B_N",853,20960853
23097,0,0,1e-12,TRUE,"VS_B_N",854,20960854
22652,0,0,1e-12,TRUE,"VS_B_N",855,20960855
23001,0,0,1e-12,TRUE,"VS_B_N",856,20960856
22345,0,0,1e-12,TRUE,"VS_B_N",857,20960857
23686,0,0,1e-12,TRUE,"VS_B_N",858,20960858
22461,0,0,1e-12,TRUE,"VS_B_N",859,20960859
23449,0,0,1e-12,TRUE,"VS_B_N",860,20960860
23276,0,0,1e-12,TRUE,"VS_B_N",861,20960861
23474,0,0,1e-12,TRUE,"VS_B_N",862,20960862
22939,0,0,1e-12,TRUE,"VS_B_N",863,20960863
23900,0,0,1e-12,TRUE,"VS_B_N",864,20960864
22767,0,0,1e-12,TRUE,"VS_B_N",865,20960865
22601,0,0,1e-12,TRUE,"VS_B_N",866,20960866
22883,0,0,1e-12,TRUE,"VS_B_N",867,20960867
24022,0,0,1e-12,TRUE,"VS_B_N",868,20960868
22640,0,0,1e-12,TRUE,"VS_B_N",869,20960869
22800,0,0,1e-12,TRUE,"VS_B_N",870,20960870
23613,0,0,1e-12,TRUE,"VS_B_N",871,20960871
23331,0,0,1e-12,TRUE,"VS_B_N",872,20960872
22914,0,0,1e-12,TRUE,"VS_B_N",873,20960873
23741,0,0,1e-12,TRUE,"VS_B_N",874,20960874
22626,0,0,1e-12,TRUE,"VS_B_N",875,20960875
23202,0,0,1e-12,TRUE,"VS_B_N",876,20960876
24384,0,0,1e-12,TRUE,"VS_B_N",877,20960877
22406,0,0,1e-12,TRUE,"VS_B_N",878,20960878
23009,0,0,1e-12,TRUE,"VS_B_N",879,20960879
22515,0,0,1e-12,TRUE,"VS_B_N",880,20960880
23832,0,0,1e-12,TRUE,"VS_B_N",881,20960881
23082,0,0,1e-12,TRUE,"VS_B_N",882,20960882
23240,0,0,1e-12,TRUE,"VS_B_N",883,20960883
22856,0,0,1e-12,TRUE,"VS_B_N",884,20960884
21591,0,0,1e-12,TRUE,"VS_B_N",885,20960885
22856,0,0,1e-12,TRUE,"VS_B_N",886,20960886
22234,0,0,1e-12,TRUE,"VS_B_N",887,20960887
24464,0,0,1e-12,TRUE,"VS_B_N",888,20960888
23658,0,0,1e-12,TRUE,"VS_B_N",889,20960889
23991,0,0,1e-12,TRUE,"VS_B_N",890,20960890
23424,0,0,1e-12,TRUE,"VS_B_N",891,20960891
23841,0,0,1e-12,TRUE,"VS_B_N",892,20960892
23353,0,0,1e-12,TRUE,"VS_B_N",893,20960893
23738,0,0,1e-12,TRUE,"VS_B_N",894,20960894
23315,0,0,1e-12,TRUE,"VS_B_N",895,20960895
23887,0,0,1e-12,TRUE,"VS_B_N",896,20960896
23064,0,0,1e-12,TRUE,"VS_B_N",897,20960897
23806,0,0,1e-12,TRUE,"VS_B_N",898,20960898
23633,0,0,1e-12,TRUE,"VS_B_N",899,20960899
22620,0,0,1e-12,TRUE,"VS_B_N",900,20960900
23298,0,0,1e-12,TRUE,"VS_B_N",901,20960901
23322,0,0,1e-12,TRUE,"VS_B_N",902,20960902
23160,0,0,1e-12,TRUE,"VS_B_N",903,20960903
23131,0,0,1e-12,TRUE,"VS_B_N",904,20960904
23220,0,0,1e-12,TRUE,"VS_B_N",905,20960905
22696,0,0,1e-12,TRUE,"VS_B_N",906,20960906
22883,0,0,1e-12,TRUE,"VS_B_N",907,20960907
23527,0,0,1e-12,TRUE,"VS_B_N",908,20960908
24431,0,0,1e-12,TRUE,"VS_B_N",909,20960909
23125,0,0,1e-12,TRUE,"VS_B_N",910,20960910
23088,0,0,1e-12,TRUE,"VS_B_N",911,20960911
23128,0,0,1e-12,TRUE,"VS_B_N",912,20960912
23652,0,0,1e-12,TRUE,"VS_B_N",913,20960913
23104,0,0,1e-12,TRUE,"VS_B_N",914,20960914
21771,0,0,1e-12,TRUE,"VS_B_N",915,20960915
22629,0,0,1e-12,TRUE,"VS_B_N",916,20960916
22874,0,0,1e-12,TRUE,"VS_B_N",917,20960917
22834,0,0,1e-12,TRUE,"VS_B_N",918,20960918
22362,0,0,1e-12,TRUE,"VS_B_N",919,20960919
22822,0,0,1e-12,TRUE,"VS_B_N",920,20960920
23150,0,0,1e-12,TRUE,"VS_B_N",921,20960921
22757,0,0,1e-12,TRUE,"VS_B_N",922,20960922
22533,0,0,1e-12,TRUE,"VS_B_N",923,20960923
23841,0,0,1e-12,TRUE,"VS_B_N",924,20960924
22387,0,0,1e-12,TRUE,"VS_B_N",925,20960925
23857,0,0,1e-12,TRUE,"VS_B_N",926,20960926
22408,0,0,1e-12,TRUE,"VS_B_N",927,20960927
22373,0,0,1e-12,TRUE,"VS_B_N",928,20960928
22859,0,0,1e-12,TRUE,"VS_B_N",929,20960929
24289,0,0,1e-12,TRUE,"VS_B_N",930,20960930
22819,0,0,1e-12,TRUE,"VS_B_N",931,20960931
23978,0,0,1e-12,TRUE,"VS_B_N",932,20960932
22629,0,0,1e-12,TRUE,"VS_B_N",933,20960933
23138,0,0,1e-12,TRUE,"VS_B_N",934,20960934
24160,0,0,1e-12,TRUE,"VS_B_N",935,20960935
23211,0,0,1e-12,TRUE,"VS_B_N",936,20960936
22465,0,0,1e-12,TRUE,"VS_B_N",937,20960937
22476,0,0,1e-12,TRUE,"VS_B_N",938,20960938
22596,0,0,1e-12,TRUE,"VS_B_N",939,20960939
22874,0,0,1e-12,TRUE,"VS_B_N",940,20960940
23435,0,0,1e-12,TRUE,"VS_B_N",941,20960941
23181,0,0,1e-12,TRUE,"VS_B_N",942,20960942
23892,0,0,1e-12,TRUE,"VS_B_N",943,20960943
24191,0,0,1e-12,TRUE,"VS_B_N",944,20960944
22721,0,0,1e-12,TRUE,"VS_B_N",945,20960945
22259,0,0,1e-12,TRUE,"VS_B_N",946,20960946
22939,0,0,1e-12,TRUE,"VS_B_N",947,20960947
23415,0,0,1e-12,TRUE,"VS_B_N",948,20960948
23459,0,0,1e-12,TRUE,"VS_B_N",949,20960949
23477,0,0,1e-12,TRUE,"VS_B_N",950,20960950
23301,0,0,1e-12,TRUE,"VS_B_N",951,20960951
23108,0,0,1e-12,TRUE,"VS_B_N",952,20960952
22664,0,0,1e-12,TRUE,"VS_B_N",953,20960953
22607,0,0,1e-12,TRUE,"VS_B_N",954,20960954
23544,0,0,1e-12,TRUE,"VS_B_N",955,20960955
23877,0,0,1e-12,TRUE,"VS_B_N",956,20960956
23876,0,0,1e-12,TRUE,"VS_B_N",957,20960957
22351,0,0,1e-12,TRUE,"VS_B_N",958,20960958
23409,0,0,1e-12,TRUE,"VS_B_N",959,20960959
22252,0,0,1e-12,TRUE,"VS_B_N",960,20960960
23585,0,0,1e-12,TRUE,"VS_B_N",961,20960961
24347,0,0,1e-12,TRUE,"VS_B_N",962,20960962
22495,0,0,1e-12,TRUE,"VS_B_N",963,20960963
23173,0,0,1e-12,TRUE,"VS_B_N",964,20960964
23527,0,0,1e-12,TRUE,"VS_B_N",965,20960965
23850,0,0,1e-12,TRUE,"VS_B_N",966,20960966
22222,0,0,1e-12,TRUE,"VS_B_N",967,20960967
23638,0,0,1e-12,TRUE,"VS_B_N",968,20960968
22628,0,0,1e-12,TRUE,"VS_B_N",969,20960969
23646,0,0,1e-12,TRUE,"VS_B_N",970,20960970
23245,0,0,1e-12,TRUE,"VS_B_N",971,20960971
23383,0,0,1e-12,TRUE,"VS_B_N",972,20960972
23640,0,0,1e-12,TRUE,"VS_B_N",973,20960973
22086,0,0,1e-12,TRUE,"VS_B_N",974,20960974
22470,0,0,1e-12,TRUE,"VS_B_N",975,20960975
24324,0,0,1e-12,TRUE,"VS_B_N",976,20960976
23643,0,0,1e-12,TRUE,"VS_B_N",977,20960977
23291,0,0,1e-12,TRUE,"VS_B_N",978,20960978
23026,0,0,1e-12,TRUE,"VS_B_N",979,20960979
22961,0,0,1e-12,TRUE,"VS_B_N",980,20960980
23655,0,0,1e-12,TRUE,"VS_B_N",981,20960981
23503,0,0,1e-12,TRUE,"VS_B_N",982,20960982
23818,0,0,1e-12,TRUE,"VS_B_N",983,20960983
23157,0,0,1e-12,TRUE,"VS_B_N",984,20960984
22581,0,0,1e-12,TRUE,"VS_B_N",985,20960985
22194,0,0,1e-12,TRUE,"VS_B_N",986,20960986
22879,0,0,1e-12,TRUE,"VS_B_N",987,20960987
24019,0,0,1e-12,TRUE,"VS_B_N",988,20960988
22919,0,0,1e-12,TRUE,"VS_B_N",989,20960989
22296,0,0,1e-12,TRUE,"VS_B_N",990,20960990
22086,0,0,1e-12,TRUE,"VS_B_N",991,20960991
22837,0,0,1e-12,TRUE,"VS_B_N",992,20960992
23991,0,0,1e-12,TRUE,"VS_B_N",993,20960993
23406,0,0,1e-12,TRUE,"VS_B_N",994,20960994
24156,0,0,1e-12,TRUE,"VS_B_N",995,20960995
22965,0,0,1e-12,TRUE,"VS_B_N",996,20960996
21970,0,0,1e-12,TRUE,"VS_B_N",997,20960997
22800,0,0,1e-12,TRUE,"VS_B_N",998,20960998
22530,0,0,1e-12,TRUE,"VS_B_N",999,20960999
23724,0,0,1e-12,TRUE,"VS_B_N",1000,20961000
25521,0,0,1e-12,TRUE,"VS_B_A",1,21060001
24650,0,0,1e-12,TRUE,"VS_B_A",2,21060002
24115,0,0,1e-12,TRUE,"VS_B_A",3,21060003
24104,0,0,1e-12,TRUE,"VS_B_A",4,21060004
24231,0,0,1e-12,TRUE,"VS_B_A",5,21060005
23128,0,0,1e-12,TRUE,"VS_B_A",6,21060006
24393,0,0,1e-12,TRUE,"VS_B_A",7,21060007
23837,0,0,1e-12,TRUE,"VS_B_A",8,21060008
23753,0,0,1e-12,TRUE,"VS_B_A",9,21060009
24371,0,0,1e-12,TRUE,"VS_B_A",10,21060010
23575,0,0,1e-12,TRUE,"VS_B_A",11,21060011
23922,0,0,1e-12,TRUE,"VS_B_A",12,21060012
23452,0,0,1e-12,TRUE,"VS_B_A",13,21060013
23996,0,0,1e-12,TRUE,"VS_B_A",14,21060014
22300,0,0,1e-12,TRUE,"VS_B_A",15,21060015
22165,0,0,1e-12,TRUE,"VS_B_A",16,21060016
25095,0,0,1e-12,TRUE,"VS_B_A",17,21060017
24045,0,0,1e-12,TRUE,"VS_B_A",18,21060018
24583,0,0,1e-12,TRUE,"VS_B_A",19,21060019
23131,0,0,1e-12,TRUE,"VS_B_A",20,21060020
23818,0,0,1e-12,TRUE,"VS_B_A",21,21060021
24913,0,0,1e-12,TRUE,"VS_B_A",22,21060022
23796,0,0,1e-12,TRUE,"VS_B_A",23,21060023
23949,0,0,1e-12,TRUE,"VS_B_A",24,21060024
23762,0,0,1e-12,TRUE,"VS_B_A",25,21060025
23376,0,0,1e-12,TRUE,"VS_B_A",26,21060026
24518,0,0,1e-12,TRUE,"VS_B_A",27,21060027
24127,0,0,1e-12,TRUE,"VS_B_A",28,21060028
23484,0,0,1e-12,TRUE,"VS_B_A",29,21060029
23902,0,0,1e-12,TRUE,"VS_B_A",30,21060030
23811,0,0,1e-12,TRUE,"VS_B_A",31,21060031
24035,0,0,1e-12,TRUE,"VS_B_A",32,21060032
24500,0,0,1e-12,TRUE,"VS_B_A",33,21060033
23851,0,0,1e-12,TRUE,"VS_B_A",34,21060034
24860,0,0,1e-12,TRUE,"VS_B_A",35,21060035
24557,0,0,1e-12,TRUE,"VS_B_A",36,21060036
23689,0,0,1e-12,TRUE,"VS_B_A",37,21060037
23510,0,0,1e-12,TRUE,"VS_B_A",38,21060038
23785,0,0,1e-12,TRUE,"VS_B_A",39,21060039
25001,0,0,1e-12,TRUE,"VS_B_A",40,21060040
23749,0,0,1e-12,TRUE,"VS_B_A",41,21060041
23905,0,0,1e-12,TRUE,"VS_B_A",42,21060042
23610,0,0,1e-12,TRUE,"VS_B_A",43,21060043
23494,0,0,1e-12,TRUE,"VS_B_A",44,21060044
24294,0,0,1e-12,TRUE,"VS_B_A",45,21060045
24163,0,0,1e-12,TRUE,"VS_B_A",46,21060046
23613,0,0,1e-12,TRUE,"VS_B_A",47,21060047
23226,0,0,1e-12,TRUE,"VS_B_A",48,21060048
24024,0,0,1e-12,TRUE,"VS_B_A",49,21060049
23549,0,0,1e-12,TRUE,"VS_B_A",50,21060050
22907,0,0,1e-12,TRUE,"VS_B_A",51,21060051
22873,0,0,1e-12,TRUE,"VS_B_A",52,21060052
23749,0,0,1e-12,TRUE,"VS_B_A",53,21060053
24189,0,0,1e-12,TRUE,"VS_B_A",54,21060054
23708,0,0,1e-12,TRUE,"VS_B_A",55,21060055
23889,0,0,1e-12,TRUE,"VS_B_A",56,21060056
23244,0,0,1e-12,TRUE,"VS_B_A",57,21060057
22728,0,0,1e-12,TRUE,"VS_B_A",58,21060058
23916,0,0,1e-12,TRUE,"VS_B_A",59,21060059
24405,0,0,1e-12,TRUE,"VS_B_A",60,21060060
23741,0,0,1e-12,TRUE,"VS_B_A",61,21060061
24547,0,0,1e-12,TRUE,"VS_B_A",62,21060062
23790,0,0,1e-12,TRUE,"VS_B_A",63,21060063
24656,0,0,1e-12,TRUE,"VS_B_A",64,21060064
24139,0,0,1e-12,TRUE,"VS_B_A",65,21060065
24995,0,0,1e-12,TRUE,"VS_B_A",66,21060066
24253,0,0,1e-12,TRUE,"VS_B_A",67,21060067
23772,0,0,1e-12,TRUE,"VS_B_A",68,21060068
23927,0,0,1e-12,TRUE,"VS_B_A",69,21060069
23405,0,0,1e-12,TRUE,"VS_B_A",70,21060070
24448,0,0,1e-12,TRUE,"VS_B_A",71,21060071
24009,0,0,1e-12,TRUE,"VS_B_A",72,21060072
23562,0,0,1e-12,TRUE,"VS_B_A",73,21060073
24002,0,0,1e-12,TRUE,"VS_B_A",74,21060074
24803,0,0,1e-12,TRUE,"VS_B_A",75,21060075
24169,0,0,1e-12,TRUE,"VS_B_A",76,21060076
23230,0,0,1e-12,TRUE,"VS_B_A",77,21060077
24051,0,0,1e-12,TRUE,"VS_B_A",78,21060078
24793,0,0,1e-12,TRUE,"VS_B_A",79,21060079
23289,0,0,1e-12,TRUE,"VS_B_A",80,21060080
25134,0,0,1e-12,TRUE,"VS_B_A",81,21060081
23961,0,0,1e-12,TRUE,"VS_B_A",82,21060082
24936,0,0,1e-12,TRUE,"VS_B_A",83,21060083
23866,0,0,1e-12,TRUE,"VS_B_A",84,21060084
23848,0,0,1e-12,TRUE,"VS_B_A",85,21060085
23708,0,0,1e-12,TRUE,"VS_B_A",86,21060086
23682,0,0,1e-12,TRUE,"VS_B_A",87,21060087
23652,0,0,1e-12,TRUE,"VS_B_A",88,21060088
24234,0,0,1e-12,TRUE,"VS_B_A",89,21060089
24118,0,0,1e-12,TRUE,"VS_B_A",90,21060090
23772,0,0,1e-12,TRUE,"VS_B_A",91,21060091
24853,0,0,1e-12,TRUE,"VS_B_A",92,21060092
24228,0,0,1e-12,TRUE,"VS_B_A",93,21060093
23919,0,0,1e-12,TRUE,"VS_B_A",94,21060094
22988,0,0,1e-12,TRUE,"VS_B_A",95,21060095
22747,0,0,1e-12,TRUE,"VS_B_A",96,21060096
23691,0,0,1e-12,TRUE,"VS_B_A",97,21060097
22686,0,0,1e-12,TRUE,"VS_B_A",98,21060098
24073,0,0,1e-12,TRUE,"VS_B_A",99,21060099
23701,0,0,1e-12,TRUE,"VS_B_A",100,21060100
23294,0,0,1e-12,TRUE,"VS_B_A",101,21060101
22628,0,0,1e-12,TRUE,"VS_B_A",102,21060102
24148,0,0,1e-12,TRUE,"VS_B_A",103,21060103
23086,0,0,1e-12,TRUE,"VS_B_A",104,21060104
24070,0,0,1e-12,TRUE,"VS_B_A",105,21060105
23917,0,0,1e-12,TRUE,"VS_B_A",106,21060106
24301,0,0,1e-12,TRUE,"VS_B_A",107,21060107
23240,0,0,1e-12,TRUE,"VS_B_A",108,21060108
23630,0,0,1e-12,TRUE,"VS_B_A",109,21060109
23405,0,0,1e-12,TRUE,"VS_B_A",110,21060110
24103,0,0,1e-12,TRUE,"VS_B_A",111,21060111
24465,0,0,1e-12,TRUE,"VS_B_A",112,21060112
23881,0,0,1e-12,TRUE,"VS_B_A",113,21060113
24247,0,0,1e-12,TRUE,"VS_B_A",114,21060114
24910,0,0,1e-12,TRUE,"VS_B_A",115,21060115
23627,0,0,1e-12,TRUE,"VS_B_A",116,21060116
24089,0,0,1e-12,TRUE,"VS_B_A",117,21060117
23683,0,0,1e-12,TRUE,"VS_B_A",118,21060118
23498,0,0,1e-12,TRUE,"VS_B_A",119,21060119
23697,0,0,1e-12,TRUE,"VS_B_A",120,21060120
23778,0,0,1e-12,TRUE,"VS_B_A",121,21060121
23725,0,0,1e-12,TRUE,"VS_B_A",122,21060122
23106,0,0,1e-12,TRUE,"VS_B_A",123,21060123
23996,0,0,1e-12,TRUE,"VS_B_A",124,21060124
24125,0,0,1e-12,TRUE,"VS_B_A",125,21060125
24130,0,0,1e-12,TRUE,"VS_B_A",126,21060126
24347,0,0,1e-12,TRUE,"VS_B_A",127,21060127
24023,0,0,1e-12,TRUE,"VS_B_A",128,21060128
23587,0,0,1e-12,TRUE,"VS_B_A",129,21060129
23867,0,0,1e-12,TRUE,"VS_B_A",130,21060130
24265,0,0,1e-12,TRUE,"VS_B_A",131,21060131
24512,0,0,1e-12,TRUE,"VS_B_A",132,21060132
23267,0,0,1e-12,TRUE,"VS_B_A",133,21060133
24936,0,0,1e-12,TRUE,"VS_B_A",134,21060134
23532,0,0,1e-12,TRUE,"VS_B_A",135,21060135
24784,0,0,1e-12,TRUE,"VS_B_A",136,21060136
22541,0,0,1e-12,TRUE,"VS_B_A",137,21060137
23353,0,0,1e-12,TRUE,"VS_B_A",138,21060138
23350,0,0,1e-12,TRUE,"VS_B_A",139,21060139
25817,0,0,1e-12,TRUE,"VS_B_A",140,21060140
23788,0,0,1e-12,TRUE,"VS_B_A",141,21060141
23866,0,0,1e-12,TRUE,"VS_B_A",142,21060142
24656,0,0,1e-12,TRUE,"VS_B_A",143,21060143
24048,0,0,1e-12,TRUE,"VS_B_A",144,21060144
22765,0,0,1e-12,TRUE,"VS_B_A",145,21060145
24153,0,0,1e-12,TRUE,"VS_B_A",146,21060146
24368,0,0,1e-12,TRUE,"VS_B_A",147,21060147
24230,0,0,1e-12,TRUE,"VS_B_A",148,21060148
24361,0,0,1e-12,TRUE,"VS_B_A",149,21060149
23952,0,0,1e-12,TRUE,"VS_B_A",150,21060150
24682,0,0,1e-12,TRUE,"VS_B_A",151,21060151
23839,0,0,1e-12,TRUE,"VS_B_A",152,21060152
23580,0,0,1e-12,TRUE,"VS_B_A",153,21060153
24758,0,0,1e-12,TRUE,"VS_B_A",154,21060154
23815,0,0,1e-12,TRUE,"VS_B_A",155,21060155
24406,0,0,1e-12,TRUE,"VS_B_A",156,21060156
23267,0,0,1e-12,TRUE,"VS_B_A",157,21060157
23123,0,0,1e-12,TRUE,"VS_B_A",158,21060158
24348,0,0,1e-12,TRUE,"VS_B_A",159,21060159
23951,0,0,1e-12,TRUE,"VS_B_A",160,21060160
24301,0,0,1e-12,TRUE,"VS_B_A",161,21060161
23844,0,0,1e-12,TRUE,"VS_B_A",162,21060162
23817,0,0,1e-12,TRUE,"VS_B_A",163,21060163
23714,0,0,1e-12,TRUE,"VS_B_A",164,21060164
23551,0,0,1e-12,TRUE,"VS_B_A",165,21060165
23947,0,0,1e-12,TRUE,"VS_B_A",166,21060166
22949,0,0,1e-12,TRUE,"VS_B_A",167,21060167
24562,0,0,1e-12,TRUE,"VS_B_A",168,21060168
24718,0,0,1e-12,TRUE,"VS_B_A",169,21060169
22990,0,0,1e-12,TRUE,"VS_B_A",170,21060170
24645,0,0,1e-12,TRUE,"VS_B_A",171,21060171
22932,0,0,1e-12,TRUE,"VS_B_A",172,21060172
24629,0,0,1e-12,TRUE,"VS_B_A",173,21060173
24051,0,0,1e-12,TRUE,"VS_B_A",174,21060174
23466,0,0,1e-12,TRUE,"VS_B_A",175,21060175
24481,0,0,1e-12,TRUE,"VS_B_A",176,21060176
22750,0,0,1e-12,TRUE,"VS_B_A",177,21060177
23256,0,0,1e-12,TRUE,"VS_B_A",178,21060178
24232,0,0,1e-12,TRUE,"VS_B_A",179,21060179
23959,0,0,1e-12,TRUE,"VS_B_A",180,21060180
23218,0,0,1e-12,TRUE,"VS_B_A",181,21060181
23266,0,0,1e-12,TRUE,"VS_B_A",182,21060182
24085,0,0,1e-12,TRUE,"VS_B_A",183,21060183
24378,0,0,1e-12,TRUE,"VS_B_A",184,21060184
24218,0,0,1e-12,TRUE,"VS_B_A",185,21060185
24630,0,0,1e-12,TRUE,"VS_B_A",186,21060186
22732,0,0,1e-12,TRUE,"VS_B_A",187,21060187
23201,0,0,1e-12,TRUE,"VS_B_A",188,21060188
24426,0,0,1e-12,TRUE,"VS_B_A",189,21060189
23976,0,0,1e-12,TRUE,"VS_B_A",190,21060190
22472,0,0,1e-12,TRUE,"VS_B_A",191,21060191
24498,0,0,1e-12,TRUE,"VS_B_A",192,21060192
24204,0,0,1e-12,TRUE,"VS_B_A",193,21060193
23715,0,0,1e-12,TRUE,"VS_B_A",194,21060194
24777,0,0,1e-12,TRUE,"VS_B_A",195,21060195
24498,0,0,1e-12,TRUE,"VS_B_A",196,21060196
24290,0,0,1e-12,TRUE,"VS_B_A",197,21060197
24911,0,0,1e-12,TRUE,"VS_B_A",198,21060198
23207,0,0,1e-12,TRUE,"VS_B_A",199,21060199
22666,0,0,1e-12,TRUE,"VS_B_A",200,21060200
23350,0,0,1e-12,TRUE,"VS_B_A",201,21060201
24575,0,0,1e-12,TRUE,"VS_B_A",202,21060202
23394,0,0,1e-12,TRUE,"VS_B_A",203,21060203
24007,0,0,1e-12,TRUE,"VS_B_A",204,21060204
23348,0,0,1e-12,TRUE,"VS_B_A",205,21060205
23808,0,0,1e-12,TRUE,"VS_B_A",206,21060206
24152,0,0,1e-12,TRUE,"VS_B_A",207,21060207
23925,0,0,1e-12,TRUE,"VS_B_A",208,21060208
25712,0,0,1e-12,TRUE,"VS_B_A",209,21060209
23350,0,0,1e-12,TRUE,"VS_B_A",210,21060210
23891,0,0,1e-12,TRUE,"VS_B_A",211,21060211
23752,0,0,1e-12,TRUE,"VS_B_A",212,21060212
24491,0,0,1e-12,TRUE,"VS_B_A",213,21060213
23729,0,0,1e-12,TRUE,"VS_B_A",214,21060214
24589,0,0,1e-12,TRUE,"VS_B_A",215,21060215
23430,0,0,1e-12,TRUE,"VS_B_A",216,21060216
24490,0,0,1e-12,TRUE,"VS_B_A",217,21060217
23381,0,0,1e-12,TRUE,"VS_B_A",218,21060218
25082,0,0,1e-12,TRUE,"VS_B_A",219,21060219
24414,0,0,1e-12,TRUE,"VS_B_A",220,21060220
24842,0,0,1e-12,TRUE,"VS_B_A",221,21060221
24463,0,0,1e-12,TRUE,"VS_B_A",222,21060222
23426,0,0,1e-12,TRUE,"VS_B_A",223,21060223
23116,0,0,1e-12,TRUE,"VS_B_A",224,21060224
24349,0,0,1e-12,TRUE,"VS_B_A",225,21060225
24081,0,0,1e-12,TRUE,"VS_B_A",226,21060226
24480,0,0,1e-12,TRUE,"VS_B_A",227,21060227
24188,0,0,1e-12,TRUE,"VS_B_A",228,21060228
24301,0,0,1e-12,TRUE,"VS_B_A",229,21060229
23537,0,0,1e-12,TRUE,"VS_B_A",230,21060230
22616,0,0,1e-12,TRUE,"VS_B_A",231,21060231
22909,0,0,1e-12,TRUE,"VS_B_A",232,21060232
23341,0,0,1e-12,TRUE,"VS_B_A",233,21060233
23930,0,0,1e-12,TRUE,"VS_B_A",234,21060234
24134,0,0,1e-12,TRUE,"VS_B_A",235,21060235
25124,0,0,1e-12,TRUE,"VS_B_A",236,21060236
24480,0,0,1e-12,TRUE,"VS_B_A",237,21060237
23352,0,0,1e-12,TRUE,"VS_B_A",238,21060238
23919,0,0,1e-12,TRUE,"VS_B_A",239,21060239
23971,0,0,1e-12,TRUE,"VS_B_A",240,21060240
22732,0,0,1e-12,TRUE,"VS_B_A",241,21060241
24410,0,0,1e-12,TRUE,"VS_B_A",242,21060242
23215,0,0,1e-12,TRUE,"VS_B_A",243,21060243
23720,0,0,1e-12,TRUE,"VS_B_A",244,21060244
23274,0,0,1e-12,TRUE,"VS_B_A",245,21060245
22458,0,0,1e-12,TRUE,"VS_B_A",246,21060246
24287,0,0,1e-12,TRUE,"VS_B_A",247,21060247
23953,0,0,1e-12,TRUE,"VS_B_A",248,21060248
24572,0,0,1e-12,TRUE,"VS_B_A",249,21060249
24064,0,0,1e-12,TRUE,"VS_B_A",250,21060250
24665,0,0,1e-12,TRUE,"VS_B_A",251,21060251
23583,0,0,1e-12,TRUE,"VS_B_A",252,21060252
24086,0,0,1e-12,TRUE,"VS_B_A",253,21060253
24418,0,0,1e-12,TRUE,"VS_B_A",254,21060254
23150,0,0,1e-12,TRUE,"VS_B_A",255,21060255
24205,0,0,1e-12,TRUE,"VS_B_A",256,21060256
24091,0,0,1e-12,TRUE,"VS_B_A",257,21060257
23843,0,0,1e-12,TRUE,"VS_B_A",258,21060258
24353,0,0,1e-12,TRUE,"VS_B_A",259,21060259
22778,0,0,1e-12,TRUE,"VS_B_A",260,21060260
22458,0,0,1e-12,TRUE,"VS_B_A",261,21060261
23992,0,0,1e-12,TRUE,"VS_B_A",262,21060262
24646,0,0,1e-12,TRUE,"VS_B_A",263,21060263
23939,0,0,1e-12,TRUE,"VS_B_A",264,21060264
24140,0,0,1e-12,TRUE,"VS_B_A",265,21060265
24194,0,0,1e-12,TRUE,"VS_B_A",266,21060266
23307,0,0,1e-12,TRUE,"VS_B_A",267,21060267
22335,0,0,1e-12,TRUE,"VS_B_A",268,21060268
23982,0,0,1e-12,TRUE,"VS_B_A",269,21060269
21871,0,0,1e-12,TRUE,"VS_B_A",270,21060270
24242,0,0,1e-12,TRUE,"VS_B_A",271,21060271
24047,0,0,1e-12,TRUE,"VS_B_A",272,21060272
23841,0,0,1e-12,TRUE,"VS_B_A",273,21060273
23149,0,0,1e-12,TRUE,"VS_B_A",274,21060274
23296,0,0,1e-12,TRUE,"VS_B_A",275,21060275
23380,0,0,1e-12,TRUE,"VS_B_A",276,21060276
23933,0,0,1e-12,TRUE,"VS_B_A",277,21060277
22714,0,0,1e-12,TRUE,"VS_B_A",278,21060278
23884,0,0,1e-12,TRUE,"VS_B_A",279,21060279
23725,0,0,1e-12,TRUE,"VS_B_A",280,21060280
22996,0,0,1e-12,TRUE,"VS_B_A",281,21060281
23883,0,0,1e-12,TRUE,"VS_B_A",282,21060282
22664,0,0,1e-12,TRUE,"VS_B_A",283,21060283
23867,0,0,1e-12,TRUE,"VS_B_A",284,21060284
24100,0,0,1e-12,TRUE,"VS_B_A",285,21060285
23924,0,0,1e-12,TRUE,"VS_B_A",286,21060286
23706,0,0,1e-12,TRUE,"VS_B_A",287,21060287
23407,0,0,1e-12,TRUE,"VS_B_A",288,21060288
24250,0,0,1e-12,TRUE,"VS_B_A",289,21060289
24366,0,0,1e-12,TRUE,"VS_B_A",290,21060290
22296,0,0,1e-12,TRUE,"VS_B_A",291,21060291
24533,0,0,1e-12,TRUE,"VS_B_A",292,21060292
24449,0,0,1e-12,TRUE,"VS_B_A",293,21060293
24732,0,0,1e-12,TRUE,"VS_B_A",294,21060294
24425,0,0,1e-12,TRUE,"VS_B_A",295,21060295
23349,0,0,1e-12,TRUE,"VS_B_A",296,21060296
23986,0,0,1e-12,TRUE,"VS_B_A",297,21060297
23813,0,0,1e-12,TRUE,"VS_B_A",298,21060298
23904,0,0,1e-12,TRUE,"VS_B_A",299,21060299
22578,0,0,1e-12,TRUE,"VS_B_A",300,21060300
22885,0,0,1e-12,TRUE,"VS_B_A",301,21060301
24612,0,0,1e-12,TRUE,"VS_B_A",302,21060302
23499,0,0,1e-12,TRUE,"VS_B_A",303,21060303
23954,0,0,1e-12,TRUE,"VS_B_A",304,21060304
22847,0,0,1e-12,TRUE,"VS_B_A",305,21060305
23119,0,0,1e-12,TRUE,"VS_B_A",306,21060306
25075,0,0,1e-12,TRUE,"VS_B_A",307,21060307
24290,0,0,1e-12,TRUE,"VS_B_A",308,21060308
23758,0,0,1e-12,TRUE,"VS_B_A",309,21060309
23664,0,0,1e-12,TRUE,"VS_B_A",310,21060310
24652,0,0,1e-12,TRUE,"VS_B_A",311,21060311
25178,0,0,1e-12,TRUE,"VS_B_A",312,21060312
23737,0,0,1e-12,TRUE,"VS_B_A",313,21060313
24154,0,0,1e-12,TRUE,"VS_B_A",314,21060314
23702,0,0,1e-12,TRUE,"VS_B_A",315,21060315
23480,0,0,1e-12,TRUE,"VS_B_A",316,21060316
23401,0,0,1e-12,TRUE,"VS_B_A",317,21060317
24052,0,0,1e-12,TRUE,"VS_B_A",318,21060318
23046,0,0,1e-12,TRUE,"VS_B_A",319,21060319
24262,0,0,1e-12,TRUE,"VS_B_A",320,21060320
24681,0,0,1e-12,TRUE,"VS_B_A",321,21060321
23674,0,0,1e-12,TRUE,"VS_B_A",322,21060322
23877,0,0,1e-12,TRUE,"VS_B_A",323,21060323
23181,0,0,1e-12,TRUE,"VS_B_A",324,21060324
23495,0,0,1e-12,TRUE,"VS_B_A",325,21060325
23554,0,0,1e-12,TRUE,"VS_B_A",326,21060326
23322,0,0,1e-12,TRUE,"VS_B_A",327,21060327
23882,0,0,1e-12,TRUE,"VS_B_A",328,21060328
23514,0,0,1e-12,TRUE,"VS_B_A",329,21060329
24138,0,0,1e-12,TRUE,"VS_B_A",330,21060330
23569,0,0,1e-12,TRUE,"VS_B_A",331,21060331
24397,0,0,1e-12,TRUE,"VS_B_A",332,21060332
24021,0,0,1e-12,TRUE,"VS_B_A",333,21060333
23847,0,0,1e-12,TRUE,"VS_B_A",334,21060334
24058,0,0,1e-12,TRUE,"VS_B_A",335,21060335
24178,0,0,1e-12,TRUE,"VS_B_A",336,21060336
23230,0,0,1e-12,TRUE,"VS_B_A",337,21060337
23985,0,0,1e-12,TRUE,"VS_B_A",338,21060338
23335,0,0,1e-12,TRUE,"VS_B_A",339,21060339
24528,0,0,1e-12,TRUE,"VS_B_A",340,21060340
23891,0,0,1e-12,TRUE,"VS_B_A",341,21060341
22607,0,0,1e-12,TRUE,"VS_B_A",342,21060342
22949,0,0,1e-12,TRUE,"VS_B_A",343,21060343
23681,0,0,1e-12,TRUE,"VS_B_A",344,21060344
23464,0,0,1e-12,TRUE,"VS_B_A",345,21060345
24295,0,0,1e-12,TRUE,"VS_B_A",346,21060346
23416,0,0,1e-12,TRUE,"VS_B_A",347,21060347
24837,0,0,1e-12,TRUE,"VS_B_A",348,21060348
24260,0,0,1e-12,TRUE,"VS_B_A",349,21060349
23037,0,0,1e-12,TRUE,"VS_B_A",350,21060350
24774,0,0,1e-12,TRUE,"VS_B_A",351,21060351
24303,0,0,1e-12,TRUE,"VS_B_A",352,21060352
24442,0,0,1e-12,TRUE,"VS_B_A",353,21060353
24172,0,0,1e-12,TRUE,"VS_B_A",354,21060354
23714,0,0,1e-12,TRUE,"VS_B_A",355,21060355
23904,0,0,1e-12,TRUE,"VS_B_A",356,21060356
23006,0,0,1e-12,TRUE,"VS_B_A",357,21060357
24455,0,0,1e-12,TRUE,"VS_B_A",358,21060358
24329,0,0,1e-12,TRUE,"VS_B_A",359,21060359
23415,0,0,1e-12,TRUE,"VS_B_A",360,21060360
23473,0,0,1e-12,TRUE,"VS_B_A",361,21060361
24389,0,0,1e-12,TRUE,"VS_B_A",362,21060362
23776,0,0,1e-12,TRUE,"VS_B_A",363,21060363
24284,0,0,1e-12,TRUE,"VS_B_A",364,21060364
23177,0,0,1e-12,TRUE,"VS_B_A",365,21060365
23529,0,0,1e-12,TRUE,"VS_B_A",366,21060366
23349,0,0,1e-12,TRUE,"VS_B_A",367,21060367
25466,0,0,1e-12,TRUE,"VS_B_A",368,21060368
23567,0,0,1e-12,TRUE,"VS_B_A",369,21060369
24323,0,0,1e-12,TRUE,"VS_B_A",370,21060370
23271,0,0,1e-12,TRUE,"VS_B_A",371,21060371
24401,0,0,1e-12,TRUE,"VS_B_A",372,21060372
23578,0,0,1e-12,TRUE,"VS_B_A",373,21060373
24296,0,0,1e-12,TRUE,"VS_B_A",374,21060374
25700,0,0,1e-12,TRUE,"VS_B_A",375,21060375
23468,0,0,1e-12,TRUE,"VS_B_A",376,21060376
23295,0,0,1e-12,TRUE,"VS_B_A",377,21060377
24023,0,0,1e-12,TRUE,"VS_B_A",378,21060378
23856,0,0,1e-12,TRUE,"VS_B_A",379,21060379
23853,0,0,1e-12,TRUE,"VS_B_A",380,21060380
24578,0,0,1e-12,TRUE,"VS_B_A",381,21060381
23913,0,0,1e-12,TRUE,"VS_B_A",382,21060382
23158,0,0,1e-12,TRUE,"VS_B_A",383,21060383
24681,0,0,1e-12,TRUE,"VS_B_A",384,21060384
24158,0,0,1e-12,TRUE,"VS_B_A",385,21060385
23838,0,0,1e-12,TRUE,"VS_B_A",386,21060386
23527,0,0,1e-12,TRUE,"VS_B_A",387,21060387
24111,0,0,1e-12,TRUE,"VS_B_A",388,21060388
24129,0,0,1e-12,TRUE,"VS_B_A",389,21060389
24067,0,0,1e-12,TRUE,"VS_B_A",390,21060390
25030,0,0,1e-12,TRUE,"VS_B_A",391,21060391
24060,0,0,1e-12,TRUE,"VS_B_A",392,21060392
23256,0,0,1e-12,TRUE,"VS_B_A",393,21060393
24045,0,0,1e-12,TRUE,"VS_B_A",394,21060394
22462,0,0,1e-12,TRUE,"VS_B_A",395,21060395
24008,0,0,1e-12,TRUE,"VS_B_A",396,21060396
24181,0,0,1e-12,TRUE,"VS_B_A",397,21060397
23492,0,0,1e-12,TRUE,"VS_B_A",398,21060398
23490,0,0,1e-12,TRUE,"VS_B_A",399,21060399
23696,0,0,1e-12,TRUE,"VS_B_A",400,21060400
24016,0,0,1e-12,TRUE,"VS_B_A",401,21060401
24855,0,0,1e-12,TRUE,"VS_B_A",402,21060402
23551,0,0,1e-12,TRUE,"VS_B_A",403,21060403
24951,0,0,1e-12,TRUE,"VS_B_A",404,21060404
25209,0,0,1e-12,TRUE,"VS_B_A",405,21060405
23166,0,0,1e-12,TRUE,"VS_B_A",406,21060406
22509,0,0,1e-12,TRUE,"VS_B_A",407,21060407
23055,0,0,1e-12,TRUE,"VS_B_A",408,21060408
24541,0,0,1e-12,TRUE,"VS_B_A",409,21060409
24231,0,0,1e-12,TRUE,"VS_B_A",410,21060410
24330,0,0,1e-12,TRUE,"VS_B_A",411,21060411
24620,0,0,1e-12,TRUE,"VS_B_A",412,21060412
24510,0,0,1e-12,TRUE,"VS_B_A",413,21060413
23763,0,0,1e-12,TRUE,"VS_B_A",414,21060414
24267,0,0,1e-12,TRUE,"VS_B_A",415,21060415
24629,0,0,1e-12,TRUE,"VS_B_A",416,21060416
22576,0,0,1e-12,TRUE,"VS_B_A",417,21060417
24369,0,0,1e-12,TRUE,"VS_B_A",418,21060418
24358,0,0,1e-12,TRUE,"VS_B_A",419,21060419
23374,0,0,1e-12,TRUE,"VS_B_A",420,21060420
23462,0,0,1e-12,TRUE,"VS_B_A",421,21060421
23384,0,0,1e-12,TRUE,"VS_B_A",422,21060422
23774,0,0,1e-12,TRUE,"VS_B_A",423,21060423
23597,0,0,1e-12,TRUE,"VS_B_A",424,21060424
23837,0,0,1e-12,TRUE,"VS_B_A",425,21060425
25416,0,0,1e-12,TRUE,"VS_B_A",426,21060426
23636,0,0,1e-12,TRUE,"VS_B_A",427,21060427
23710,0,0,1e-12,TRUE,"VS_B_A",428,21060428
24573,0,0,1e-12,TRUE,"VS_B_A",429,21060429
23351,0,0,1e-12,TRUE,"VS_B_A",430,21060430
24528,0,0,1e-12,TRUE,"VS_B_A",431,21060431
23318,0,0,1e-12,TRUE,"VS_B_A",432,21060432
24216,0,0,1e-12,TRUE,"VS_B_A",433,21060433
24283,0,0,1e-12,TRUE,"VS_B_A",434,21060434
23452,0,0,1e-12,TRUE,"VS_B_A",435,21060435
22970,0,0,1e-12,TRUE,"VS_B_A",436,21060436
23659,0,0,1e-12,TRUE,"VS_B_A",437,21060437
24242,0,0,1e-12,TRUE,"VS_B_A",438,21060438
23174,0,0,1e-12,TRUE,"VS_B_A",439,21060439
23393,0,0,1e-12,TRUE,"VS_B_A",440,21060440
23506,0,0,1e-12,TRUE,"VS_B_A",441,21060441
23275,0,0,1e-12,TRUE,"VS_B_A",442,21060442
24366,0,0,1e-12,TRUE,"VS_B_A",443,21060443
23494,0,0,1e-12,TRUE,"VS_B_A",444,21060444
22648,0,0,1e-12,TRUE,"VS_B_A",445,21060445
24776,0,0,1e-12,TRUE,"VS_B_A",446,21060446
23976,0,0,1e-12,TRUE,"VS_B_A",447,21060447
24959,0,0,1e-12,TRUE,"VS_B_A",448,21060448
22824,0,0,1e-12,TRUE,"VS_B_A",449,21060449
23846,0,0,1e-12,TRUE,"VS_B_A",450,21060450
24422,0,0,1e-12,TRUE,"VS_B_A",451,21060451
24241,0,0,1e-12,TRUE,"VS_B_A",452,21060452
23461,0,0,1e-12,TRUE,"VS_B_A",453,21060453
23288,0,0,1e-12,TRUE,"VS_B_A",454,21060454
23672,0,0,1e-12,TRUE,"VS_B_A",455,21060455
23504,0,0,1e-12,TRUE,"VS_B_A",456,21060456
24849,0,0,1e-12,TRUE,"VS_B_A",457,21060457
24182,0,0,1e-12,TRUE,"VS_B_A",458,21060458
24325,0,0,1e-12,TRUE,"VS_B_A",459,21060459
23786,0,0,1e-12,TRUE,"VS_B_A",460,21060460
24191,0,0,1e-12,TRUE,"VS_B_A",461,21060461
23889,0,0,1e-12,TRUE,"VS_B_A",462,21060462
24056,0,0,1e-12,TRUE,"VS_B_A",463,21060463
24328,0,0,1e-12,TRUE,"VS_B_A",464,21060464
22443,0,0,1e-12,TRUE,"VS_B_A",465,21060465
22753,0,0,1e-12,TRUE,"VS_B_A",466,21060466
23844,0,0,1e-12,TRUE,"VS_B_A",467,21060467
25716,0,0,1e-12,TRUE,"VS_B_A",468,21060468
23804,0,0,1e-12,TRUE,"VS_B_A",469,21060469
23536,0,0,1e-12,TRUE,"VS_B_A",470,21060470
23756,0,0,1e-12,TRUE,"VS_B_A",471,21060471
23600,0,0,1e-12,TRUE,"VS_B_A",472,21060472
24611,0,0,1e-12,TRUE,"VS_B_A",473,21060473
24974,0,0,1e-12,TRUE,"VS_B_A",474,21060474
24200,0,0,1e-12,TRUE,"VS_B_A",475,21060475
23575,0,0,1e-12,TRUE,"VS_B_A",476,21060476
23536,0,0,1e-12,TRUE,"VS_B_A",477,21060477
24066,0,0,1e-12,TRUE,"VS_B_A",478,21060478
24856,0,0,1e-12,TRUE,"VS_B_A",479,21060479
22634,0,0,1e-12,TRUE,"VS_B_A",480,21060480
23335,0,0,1e-12,TRUE,"VS_B_A",481,21060481
23363,0,0,1e-12,TRUE,"VS_B_A",482,21060482
23290,0,0,1e-12,TRUE,"VS_B_A",483,21060483
24247,0,0,1e-12,TRUE,"VS_B_A",484,21060484
23546,0,0,1e-12,TRUE,"VS_B_A",485,21060485
23941,0,0,1e-12,TRUE,"VS_B_A",486,21060486
22943,0,0,1e-12,TRUE,"VS_B_A",487,21060487
24179,0,0,1e-12,TRUE,"VS_B_A",488,21060488
23877,0,0,1e-12,TRUE,"VS_B_A",489,21060489
21626,0,0,1e-12,TRUE,"VS_B_A",490,21060490
22857,0,0,1e-12,TRUE,"VS_B_A",491,21060491
23631,0,0,1e-12,TRUE,"VS_B_A",492,21060492
24102,0,0,1e-12,TRUE,"VS_B_A",493,21060493
23190,0,0,1e-12,TRUE,"VS_B_A",494,21060494
24083,0,0,1e-12,TRUE,"VS_B_A",495,21060495
23198,0,0,1e-12,TRUE,"VS_B_A",496,21060496
23349,0,0,1e-12,TRUE,"VS_B_A",497,21060497
23034,0,0,1e-12,TRUE,"VS_B_A",498,21060498
23360,0,0,1e-12,TRUE,"VS_B_A",499,21060499
24573,0,0,1e-12,TRUE,"VS_B_A",500,21060500
24642,0,0,1e-12,TRUE,"VS_B_A",501,21060501
23234,0,0,1e-12,TRUE,"VS_B_A",502,21060502
22974,0,0,1e-12,TRUE,"VS_B_A",503,21060503
24299,0,0,1e-12,TRUE,"VS_B_A",504,21060504
23488,0,0,1e-12,TRUE,"VS_B_A",505,21060505
22600,0,0,1e-12,TRUE,"VS_B_A",506,21060506
24229,0,0,1e-12,TRUE,"VS_B_A",507,21060507
25463,0,0,1e-12,TRUE,"VS_B_A",508,21060508
24528,0,0,1e-12,TRUE,"VS_B_A",509,21060509
23006,0,0,1e-12,TRUE,"VS_B_A",510,21060510
23565,0,0,1e-12,TRUE,"VS_B_A",511,21060511
23178,0,0,1e-12,TRUE,"VS_B_A",512,21060512
24029,0,0,1e-12,TRUE,"VS_B_A",513,21060513
23941,0,0,1e-12,TRUE,"VS_B_A",514,21060514
22456,0,0,1e-12,TRUE,"VS_B_A",515,21060515
24471,0,0,1e-12,TRUE,"VS_B_A",516,21060516
23655,0,0,1e-12,TRUE,"VS_B_A",517,21060517
23270,0,0,1e-12,TRUE,"VS_B_A",518,21060518
24624,0,0,1e-12,TRUE,"VS_B_A",519,21060519
24960,0,0,1e-12,TRUE,"VS_B_A",520,21060520
24328,0,0,1e-12,TRUE,"VS_B_A",521,21060521
24065,0,0,1e-12,TRUE,"VS_B_A",522,21060522
23467,0,0,1e-12,TRUE,"VS_B_A",523,21060523
23682,0,0,1e-12,TRUE,"VS_B_A",524,21060524
24153,0,0,1e-12,TRUE,"VS_B_A",525,21060525
24049,0,0,1e-12,TRUE,"VS_B_A",526,21060526
24196,0,0,1e-12,TRUE,"VS_B_A",527,21060527
22272,0,0,1e-12,TRUE,"VS_B_A",528,21060528
23150,0,0,1e-12,TRUE,"VS_B_A",529,21060529
23955,0,0,1e-12,TRUE,"VS_B_A",530,21060530
24022,0,0,1e-12,TRUE,"VS_B_A",531,21060531
23663,0,0,1e-12,TRUE,"VS_B_A",532,21060532
23778,0,0,1e-12,TRUE,"VS_B_A",533,21060533
23526,0,0,1e-12,TRUE,"VS_B_A",534,21060534
23660,0,0,1e-12,TRUE,"VS_B_A",535,21060535
23374,0,0,1e-12,TRUE,"VS_B_A",536,21060536
23359,0,0,1e-12,TRUE,"VS_B_A",537,21060537
24989,0,0,1e-12,TRUE,"VS_B_A",538,21060538
22696,0,0,1e-12,TRUE,"VS_B_A",539,21060539
23251,0,0,1e-12,TRUE,"VS_B_A",540,21060540
23974,0,0,1e-12,TRUE,"VS_B_A",541,21060541
23410,0,0,1e-12,TRUE,"VS_B_A",542,21060542
23660,0,0,1e-12,TRUE,"VS_B_A",543,21060543
23738,0,0,1e-12,TRUE,"VS_B_A",544,21060544
23949,0,0,1e-12,TRUE,"VS_B_A",545,21060545
22429,0,0,1e-12,TRUE,"VS_B_A",546,21060546
22510,0,0,1e-12,TRUE,"VS_B_A",547,21060547
25027,0,0,1e-12,TRUE,"VS_B_A",548,21060548
24412,0,0,1e-12,TRUE,"VS_B_A",549,21060549
24515,0,0,1e-12,TRUE,"VS_B_A",550,21060550
23734,0,0,1e-12,TRUE,"VS_B_A",551,21060551
23977,0,0,1e-12,TRUE,"VS_B_A",552,21060552
22958,0,0,1e-12,TRUE,"VS_B_A",553,21060553
23870,0,0,1e-12,TRUE,"VS_B_A",554,21060554
23405,0,0,1e-12,TRUE,"VS_B_A",555,21060555
24570,0,0,1e-12,TRUE,"VS_B_A",556,21060556
25059,0,0,1e-12,TRUE,"VS_B_A",557,21060557
23441,0,0,1e-12,TRUE,"VS_B_A",558,21060558
23744,0,0,1e-12,TRUE,"VS_B_A",559,21060559
23946,0,0,1e-12,TRUE,"VS_B_A",560,21060560
23342,0,0,1e-12,TRUE,"VS_B_A",561,21060561
23456,0,0,1e-12,TRUE,"VS_B_A",562,21060562
23483,0,0,1e-12,TRUE,"VS_B_A",563,21060563
24639,0,0,1e-12,TRUE,"VS_B_A",564,21060564
24016,0,0,1e-12,TRUE,"VS_B_A",565,21060565
24530,0,0,1e-12,TRUE,"VS_B_A",566,21060566
23392,0,0,1e-12,TRUE,"VS_B_A",567,21060567
23894,0,0,1e-12,TRUE,"VS_B_A",568,21060568
24027,0,0,1e-12,TRUE,"VS_B_A",569,21060569
23157,0,0,1e-12,TRUE,"VS_B_A",570,21060570
23992,0,0,1e-12,TRUE,"VS_B_A",571,21060571
23688,0,0,1e-12,TRUE,"VS_B_A",572,21060572
23620,0,0,1e-12,TRUE,"VS_B_A",573,21060573
24584,0,0,1e-12,TRUE,"VS_B_A",574,21060574
23992,0,0,1e-12,TRUE,"VS_B_A",575,21060575
23242,0,0,1e-12,TRUE,"VS_B_A",576,21060576
24213,0,0,1e-12,TRUE,"VS_B_A",577,21060577
23546,0,0,1e-12,TRUE,"VS_B_A",578,21060578
25716,0,0,1e-12,TRUE,"VS_B_A",579,21060579
23590,0,0,1e-12,TRUE,"VS_B_A",580,21060580
23435,0,0,1e-12,TRUE,"VS_B_A",581,21060581
24730,0,0,1e-12,TRUE,"VS_B_A",582,21060582
24257,0,0,1e-12,TRUE,"VS_B_A",583,21060583
24203,0,0,1e-12,TRUE,"VS_B_A",584,21060584
23480,0,0,1e-12,TRUE,"VS_B_A",585,21060585
24719,0,0,1e-12,TRUE,"VS_B_A",586,21060586
23686,0,0,1e-12,TRUE,"VS_B_A",587,21060587
23058,0,0,1e-12,TRUE,"VS_B_A",588,21060588
23846,0,0,1e-12,TRUE,"VS_B_A",589,21060589
23684,0,0,1e-12,TRUE,"VS_B_A",590,21060590
24401,0,0,1e-12,TRUE,"VS_B_A",591,21060591
23347,0,0,1e-12,TRUE,"VS_B_A",592,21060592
24554,0,0,1e-12,TRUE,"VS_B_A",593,21060593
24428,0,0,1e-12,TRUE,"VS_B_A",594,21060594
23991,0,0,1e-12,TRUE,"VS_B_A",595,21060595
23669,0,0,1e-12,TRUE,"VS_B_A",596,21060596
23390,0,0,1e-12,TRUE,"VS_B_A",597,21060597
23282,0,0,1e-12,TRUE,"VS_B_A",598,21060598
23616,0,0,1e-12,TRUE,"VS_B_A",599,21060599
24062,0,0,1e-12,TRUE,"VS_B_A",600,21060600
24192,0,0,1e-12,TRUE,"VS_B_A",601,21060601
22768,0,0,1e-12,TRUE,"VS_B_A",602,21060602
23454,0,0,1e-12,TRUE,"VS_B_A",603,21060603
23884,0,0,1e-12,TRUE,"VS_B_A",604,21060604
24612,0,0,1e-12,TRUE,"VS_B_A",605,21060605
23318,0,0,1e-12,TRUE,"VS_B_A",606,21060606
24019,0,0,1e-12,TRUE,"VS_B_A",607,21060607
23460,0,0,1e-12,TRUE,"VS_B_A",608,21060608
23634,0,0,1e-12,TRUE,"VS_B_A",609,21060609
23702,0,0,1e-12,TRUE,"VS_B_A",610,21060610
23298,0,0,1e-12,TRUE,"VS_B_A",611,21060611
22800,0,0,1e-12,TRUE,"VS_B_A",612,21060612
23880,0,0,1e-12,TRUE,"VS_B_A",613,21060613
24370,0,0,1e-12,TRUE,"VS_B_A",614,21060614
25437,0,0,1e-12,TRUE,"VS_B_A",615,21060615
23503,0,0,1e-12,TRUE,"VS_B_A",616,21060616
24197,0,0,1e-12,TRUE,"VS_B_A",617,21060617
23662,0,0,1e-12,TRUE,"VS_B_A",618,21060618
24038,0,0,1e-12,TRUE,"VS_B_A",619,21060619
24128,0,0,1e-12,TRUE,"VS_B_A",620,21060620
22793,0,0,1e-12,TRUE,"VS_B_A",621,21060621
22716,0,0,1e-12,TRUE,"VS_B_A",622,21060622
24260,0,0,1e-12,TRUE,"VS_B_A",623,21060623
23999,0,0,1e-12,TRUE,"VS_B_A",624,21060624
23853,0,0,1e-12,TRUE,"VS_B_A",625,21060625
24488,0,0,1e-12,TRUE,"VS_B_A",626,21060626
24414,0,0,1e-12,TRUE,"VS_B_A",627,21060627
23108,0,0,1e-12,TRUE,"VS_B_A",628,21060628
23943,0,0,1e-12,TRUE,"VS_B_A",629,21060629
23410,0,0,1e-12,TRUE,"VS_B_A",630,21060630
24762,0,0,1e-12,TRUE,"VS_B_A",631,21060631
22979,0,0,1e-12,TRUE,"VS_B_A",632,21060632
23850,0,0,1e-12,TRUE,"VS_B_A",633,21060633
23001,0,0,1e-12,TRUE,"VS_B_A",634,21060634
22786,0,0,1e-12,TRUE,"VS_B_A",635,21060635
23283,0,0,1e-12,TRUE,"VS_B_A",636,21060636
24162,0,0,1e-12,TRUE,"VS_B_A",637,21060637
24686,0,0,1e-12,TRUE,"VS_B_A",638,21060638
23834,0,0,1e-12,TRUE,"VS_B_A",639,21060639
23634,0,0,1e-12,TRUE,"VS_B_A",640,21060640
24200,0,0,1e-12,TRUE,"VS_B_A",641,21060641
23806,0,0,1e-12,TRUE,"VS_B_A",642,21060642
24086,0,0,1e-12,TRUE,"VS_B_A",643,21060643
23296,0,0,1e-12,TRUE,"VS_B_A",644,21060644
24238,0,0,1e-12,TRUE,"VS_B_A",645,21060645
23823,0,0,1e-12,TRUE,"VS_B_A",646,21060646
24165,0,0,1e-12,TRUE,"VS_B_A",647,21060647
24438,0,0,1e-12,TRUE,"VS_B_A",648,21060648
23421,0,0,1e-12,TRUE,"VS_B_A",649,21060649
23359,0,0,1e-12,TRUE,"VS_B_A",650,21060650
23062,0,0,1e-12,TRUE,"VS_B_A",651,21060651
23391,0,0,1e-12,TRUE,"VS_B_A",652,21060652
24008,0,0,1e-12,TRUE,"VS_B_A",653,21060653
24244,0,0,1e-12,TRUE,"VS_B_A",654,21060654
25265,0,0,1e-12,TRUE,"VS_B_A",655,21060655
24425,0,0,1e-12,TRUE,"VS_B_A",656,21060656
23055,0,0,1e-12,TRUE,"VS_B_A",657,21060657
23587,0,0,1e-12,TRUE,"VS_B_A",658,21060658
24329,0,0,1e-12,TRUE,"VS_B_A",659,21060659
23550,0,0,1e-12,TRUE,"VS_B_A",660,21060660
23735,0,0,1e-12,TRUE,"VS_B_A",661,21060661
23655,0,0,1e-12,TRUE,"VS_B_A",662,21060662
22695,0,0,1e-12,TRUE,"VS_B_A",663,21060663
23702,0,0,1e-12,TRUE,"VS_B_A",664,21060664
24621,0,0,1e-12,TRUE,"VS_B_A",665,21060665
24185,0,0,1e-12,TRUE,"VS_B_A",666,21060666
22853,0,0,1e-12,TRUE,"VS_B_A",667,21060667
23659,0,0,1e-12,TRUE,"VS_B_A",668,21060668
23911,0,0,1e-12,TRUE,"VS_B_A",669,21060669
24117,0,0,1e-12,TRUE,"VS_B_A",670,21060670
22836,0,0,1e-12,TRUE,"VS_B_A",671,21060671
24739,0,0,1e-12,TRUE,"VS_B_A",672,21060672
23227,0,0,1e-12,TRUE,"VS_B_A",673,21060673
24332,0,0,1e-12,TRUE,"VS_B_A",674,21060674
24928,0,0,1e-12,TRUE,"VS_B_A",675,21060675
25300,0,0,1e-12,TRUE,"VS_B_A",676,21060676
23187,0,0,1e-12,TRUE,"VS_B_A",677,21060677
23945,0,0,1e-12,TRUE,"VS_B_A",678,21060678
23405,0,0,1e-12,TRUE,"VS_B_A",679,21060679
23393,0,0,1e-12,TRUE,"VS_B_A",680,21060680
24776,0,0,1e-12,TRUE,"VS_B_A",681,21060681
23080,0,0,1e-12,TRUE,"VS_B_A",682,21060682
22661,0,0,1e-12,TRUE,"VS_B_A",683,21060683
23431,0,0,1e-12,TRUE,"VS_B_A",684,21060684
23013,0,0,1e-12,TRUE,"VS_B_A",685,21060685
23564,0,0,1e-12,TRUE,"VS_B_A",686,21060686
23972,0,0,1e-12,TRUE,"VS_B_A",687,21060687
24707,0,0,1e-12,TRUE,"VS_B_A",688,21060688
23814,0,0,1e-12,TRUE,"VS_B_A",689,21060689
24916,0,0,1e-12,TRUE,"VS_B_A",690,21060690
24012,0,0,1e-12,TRUE,"VS_B_A",691,21060691
24624,0,0,1e-12,TRUE,"VS_B_A",692,21060692
23587,0,0,1e-12,TRUE,"VS_B_A",693,21060693
23253,0,0,1e-12,TRUE,"VS_B_A",694,21060694
23329,0,0,1e-12,TRUE,"VS_B_A",695,21060695
25060,0,0,1e-12,TRUE,"VS_B_A",696,21060696
23258,0,0,1e-12,TRUE,"VS_B_A",697,21060697
24812,0,0,1e-12,TRUE,"VS_B_A",698,21060698
24511,0,0,1e-12,TRUE,"VS_B_A",699,21060699
22229,0,0,1e-12,TRUE,"VS_B_A",700,21060700
24884,0,0,1e-12,TRUE,"VS_B_A",701,21060701
22952,0,0,1e-12,TRUE,"VS_B_A",702,21060702
24122,0,0,1e-12,TRUE,"VS_B_A",703,21060703
23446,0,0,1e-12,TRUE,"VS_B_A",704,21060704
23955,0,0,1e-12,TRUE,"VS_B_A",705,21060705
23654,0,0,1e-12,TRUE,"VS_B_A",706,21060706
24121,0,0,1e-12,TRUE,"VS_B_A",707,21060707
24504,0,0,1e-12,TRUE,"VS_B_A",708,21060708
22996,0,0,1e-12,TRUE,"VS_B_A",709,21060709
22869,0,0,1e-12,TRUE,"VS_B_A",710,21060710
23359,0,0,1e-12,TRUE,"VS_B_A",711,21060711
23982,0,0,1e-12,TRUE,"VS_B_A",712,21060712
23921,0,0,1e-12,TRUE,"VS_B_A",713,21060713
24565,0,0,1e-12,TRUE,"VS_B_A",714,21060714
24344,0,0,1e-12,TRUE,"VS_B_A",715,21060715
23847,0,0,1e-12,TRUE,"VS_B_A",716,21060716
22801,0,0,1e-12,TRUE,"VS_B_A",717,21060717
23333,0,0,1e-12,TRUE,"VS_B_A",718,21060718
24230,0,0,1e-12,TRUE,"VS_B_A",719,21060719
24088,0,0,1e-12,TRUE,"VS_B_A",720,21060720
23940,0,0,1e-12,TRUE,"VS_B_A",721,21060721
23611,0,0,1e-12,TRUE,"VS_B_A",722,21060722
23968,0,0,1e-12,TRUE,"VS_B_A",723,21060723
23531,0,0,1e-12,TRUE,"VS_B_A",724,21060724
23505,0,0,1e-12,TRUE,"VS_B_A",725,21060725
23307,0,0,1e-12,TRUE,"VS_B_A",726,21060726
24845,0,0,1e-12,TRUE,"VS_B_A",727,21060727
25168,0,0,1e-12,TRUE,"VS_B_A",728,21060728
23372,0,0,1e-12,TRUE,"VS_B_A",729,21060729
24242,0,0,1e-12,TRUE,"VS_B_A",730,21060730
23193,0,0,1e-12,TRUE,"VS_B_A",731,21060731
24828,0,0,1e-12,TRUE,"VS_B_A",732,21060732
22849,0,0,1e-12,TRUE,"VS_B_A",733,21060733
24335,0,0,1e-12,TRUE,"VS_B_A",734,21060734
24575,0,0,1e-12,TRUE,"VS_B_A",735,21060735
23906,0,0,1e-12,TRUE,"VS_B_A",736,21060736
23974,0,0,1e-12,TRUE,"VS_B_A",737,21060737
23462,0,0,1e-12,TRUE,"VS_B_A",738,21060738
24332,0,0,1e-12,TRUE,"VS_B_A",739,21060739
24210,0,0,1e-12,TRUE,"VS_B_A",740,21060740
25215,0,0,1e-12,TRUE,"VS_B_A",741,21060741
24377,0,0,1e-12,TRUE,"VS_B_A",742,21060742
23217,0,0,1e-12,TRUE,"VS_B_A",743,21060743
23682,0,0,1e-12,TRUE,"VS_B_A",744,21060744
22724,0,0,1e-12,TRUE,"VS_B_A",745,21060745
23156,0,0,1e-12,TRUE,"VS_B_A",746,21060746
24322,0,0,1e-12,TRUE,"VS_B_A",747,21060747
24966,0,0,1e-12,TRUE,"VS_B_A",748,21060748
24294,0,0,1e-12,TRUE,"VS_B_A",749,21060749
23826,0,0,1e-12,TRUE,"VS_B_A",750,21060750
24040,0,0,1e-12,TRUE,"VS_B_A",751,21060751
23893,0,0,1e-12,TRUE,"VS_B_A",752,21060752
23075,0,0,1e-12,TRUE,"VS_B_A",753,21060753
24967,0,0,1e-12,TRUE,"VS_B_A",754,21060754
24279,0,0,1e-12,TRUE,"VS_B_A",755,21060755
24072,0,0,1e-12,TRUE,"VS_B_A",756,21060756
24078,0,0,1e-12,TRUE,"VS_B_A",757,21060757
24323,0,0,1e-12,TRUE,"VS_B_A",758,21060758
24748,0,0,1e-12,TRUE,"VS_B_A",759,21060759
23809,0,0,1e-12,TRUE,"VS_B_A",760,21060760
23617,0,0,1e-12,TRUE,"VS_B_A",761,21060761
23565,0,0,1e-12,TRUE,"VS_B_A",762,21060762
23856,0,0,1e-12,TRUE,"VS_B_A",763,21060763
23896,0,0,1e-12,TRUE,"VS_B_A",764,21060764
23093,0,0,1e-12,TRUE,"VS_B_A",765,21060765
23318,0,0,1e-12,TRUE,"VS_B_A",766,21060766
24065,0,0,1e-12,TRUE,"VS_B_A",767,21060767
23570,0,0,1e-12,TRUE,"VS_B_A",768,21060768
24617,0,0,1e-12,TRUE,"VS_B_A",769,21060769
23969,0,0,1e-12,TRUE,"VS_B_A",770,21060770
24236,0,0,1e-12,TRUE,"VS_B_A",771,21060771
23573,0,0,1e-12,TRUE,"VS_B_A",772,21060772
24455,0,0,1e-12,TRUE,"VS_B_A",773,21060773
25134,0,0,1e-12,TRUE,"VS_B_A",774,21060774
23936,0,0,1e-12,TRUE,"VS_B_A",775,21060775
24026,0,0,1e-12,TRUE,"VS_B_A",776,21060776
23243,0,0,1e-12,TRUE,"VS_B_A",777,21060777
24219,0,0,1e-12,TRUE,"VS_B_A",778,21060778
24215,0,0,1e-12,TRUE,"VS_B_A",779,21060779
25326,0,0,1e-12,TRUE,"VS_B_A",780,21060780
24117,0,0,1e-12,TRUE,"VS_B_A",781,21060781
23789,0,0,1e-12,TRUE,"VS_B_A",782,21060782
24652,0,0,1e-12,TRUE,"VS_B_A",783,21060783
25134,0,0,1e-12,TRUE,"VS_B_A",784,21060784
24287,0,0,1e-12,TRUE,"VS_B_A",785,21060785
24380,0,0,1e-12,TRUE,"VS_B_A",786,21060786
23851,0,0,1e-12,TRUE,"VS_B_A",787,21060787
23500,0,0,1e-12,TRUE,"VS_B_A",788,21060788
24235,0,0,1e-12,TRUE,"VS_B_A",789,21060789
23484,0,0,1e-12,TRUE,"VS_B_A",790,21060790
24086,0,0,1e-12,TRUE,"VS_B_A",791,21060791
23287,0,0,1e-12,TRUE,"VS_B_A",792,21060792
23505,0,0,1e-12,TRUE,"VS_B_A",793,21060793
24251,0,0,1e-12,TRUE,"VS_B_A",794,21060794
24818,0,0,1e-12,TRUE,"VS_B_A",795,21060795
22990,0,0,1e-12,TRUE,"VS_B_A",796,21060796
24747,0,0,1e-12,TRUE,"VS_B_A",797,21060797
23680,0,0,1e-12,TRUE,"VS_B_A",798,21060798
24134,0,0,1e-12,TRUE,"VS_B_A",799,21060799
25115,0,0,1e-12,TRUE,"VS_B_A",800,21060800
23265,0,0,1e-12,TRUE,"VS_B_A",801,21060801
23101,0,0,1e-12,TRUE,"VS_B_A",802,21060802
25519,0,0,1e-12,TRUE,"VS_B_A",803,21060803
24918,0,0,1e-12,TRUE,"VS_B_A",804,21060804
24064,0,0,1e-12,TRUE,"VS_B_A",805,21060805
24116,0,0,1e-12,TRUE,"VS_B_A",806,21060806
23832,0,0,1e-12,TRUE,"VS_B_A",807,21060807
24284,0,0,1e-12,TRUE,"VS_B_A",808,21060808
24043,0,0,1e-12,TRUE,"VS_B_A",809,21060809
22784,0,0,1e-12,TRUE,"VS_B_A",810,21060810
23812,0,0,1e-12,TRUE,"VS_B_A",811,21060811
24111,0,0,1e-12,TRUE,"VS_B_A",812,21060812
23197,0,0,1e-12,TRUE,"VS_B_A",813,21060813
24360,0,0,1e-12,TRUE,"VS_B_A",814,21060814
23540,0,0,1e-12,TRUE,"VS_B_A",815,21060815
23856,0,0,1e-12,TRUE,"VS_B_A",816,21060816
22874,0,0,1e-12,TRUE,"VS_B_A",817,21060817
23852,0,0,1e-12,TRUE,"VS_B_A",818,21060818
24639,0,0,1e-12,TRUE,"VS_B_A",819,21060819
23562,0,0,1e-12,TRUE,"VS_B_A",820,21060820
24227,0,0,1e-12,TRUE,"VS_B_A",821,21060821
24138,0,0,1e-12,TRUE,"VS_B_A",822,21060822
24401,0,0,1e-12,TRUE,"VS_B_A",823,21060823
23922,0,0,1e-12,TRUE,"VS_B_A",824,21060824
24326,0,0,1e-12,TRUE,"VS_B_A",825,21060825
23767,0,0,1e-12,TRUE,"VS_B_A",826,21060826
24632,0,0,1e-12,TRUE,"VS_B_A",827,21060827
23366,0,0,1e-12,TRUE,"VS_B_A",828,21060828
23257,0,0,1e-12,TRUE,"VS_B_A",829,21060829
24952,0,0,1e-12,TRUE,"VS_B_A",830,21060830
24280,0,0,1e-12,TRUE,"VS_B_A",831,21060831
23420,0,0,1e-12,TRUE,"VS_B_A",832,21060832
23448,0,0,1e-12,TRUE,"VS_B_A",833,21060833
23533,0,0,1e-12,TRUE,"VS_B_A",834,21060834
24268,0,0,1e-12,TRUE,"VS_B_A",835,21060835
24517,0,0,1e-12,TRUE,"VS_B_A",836,21060836
23545,0,0,1e-12,TRUE,"VS_B_A",837,21060837
24216,0,0,1e-12,TRUE,"VS_B_A",838,21060838
24727,0,0,1e-12,TRUE,"VS_B_A",839,21060839
24528,0,0,1e-12,TRUE,"VS_B_A",840,21060840
24159,0,0,1e-12,TRUE,"VS_B_A",841,21060841
24626,0,0,1e-12,TRUE,"VS_B_A",842,21060842
24529,0,0,1e-12,TRUE,"VS_B_A",843,21060843
23947,0,0,1e-12,TRUE,"VS_B_A",844,21060844
23985,0,0,1e-12,TRUE,"VS_B_A",845,21060845
23375,0,0,1e-12,TRUE,"VS_B_A",846,21060846
25091,0,0,1e-12,TRUE,"VS_B_A",847,21060847
24412,0,0,1e-12,TRUE,"VS_B_A",848,21060848
23194,0,0,1e-12,TRUE,"VS_B_A",849,21060849
24169,0,0,1e-12,TRUE,"VS_B_A",850,21060850
23948,0,0,1e-12,TRUE,"VS_B_A",851,21060851
23500,0,0,1e-12,TRUE,"VS_B_A",852,21060852
23560,0,0,1e-12,TRUE,"VS_B_A",853,21060853
23287,0,0,1e-12,TRUE,"VS_B_A",854,21060854
23291,0,0,1e-12,TRUE,"VS_B_A",855,21060855
24066,0,0,1e-12,TRUE,"VS_B_A",856,21060856
25174,0,0,1e-12,TRUE,"VS_B_A",857,21060857
22944,0,0,1e-12,TRUE,"VS_B_A",858,21060858
23559,0,0,1e-12,TRUE,"VS_B_A",859,21060859
23693,0,0,1e-12,TRUE,"VS_B_A",860,21060860
25162,0,0,1e-12,TRUE,"VS_B_A",861,21060861
24353,0,0,1e-12,TRUE,"VS_B_A",862,21060862
23607,0,0,1e-12,TRUE,"VS_B_A",863,21060863
23895,0,0,1e-12,TRUE,"VS_B_A",864,21060864
23619,0,0,1e-12,TRUE,"VS_B_A",865,21060865
24621,0,0,1e-12,TRUE,"VS_B_A",866,21060866
23078,0,0,1e-12,TRUE,"VS_B_A",867,21060867
24635,0,0,1e-12,TRUE,"VS_B_A",868,21060868
23651,0,0,1e-12,TRUE,"VS_B_A",869,21060869
24297,0,0,1e-12,TRUE,"VS_B_A",870,21060870
23669,0,0,1e-12,TRUE,"VS_B_A",871,21060871
25189,0,0,1e-12,TRUE,"VS_B_A",872,21060872
23456,0,0,1e-12,TRUE,"VS_B_A",873,21060873
25383,0,0,1e-12,TRUE,"VS_B_A",874,21060874
24003,0,0,1e-12,TRUE,"VS_B_A",875,21060875
23623,0,0,1e-12,TRUE,"VS_B_A",876,21060876
25286,0,0,1e-12,TRUE,"VS_B_A",877,21060877
23799,0,0,1e-12,TRUE,"VS_B_A",878,21060878
23438,0,0,1e-12,TRUE,"VS_B_A",879,21060879
24701,0,0,1e-12,TRUE,"VS_B_A",880,21060880
23453,0,0,1e-12,TRUE,"VS_B_A",881,21060881
23713,0,0,1e-12,TRUE,"VS_B_A",882,21060882
23014,0,0,1e-12,TRUE,"VS_B_A",883,21060883
24638,0,0,1e-12,TRUE,"VS_B_A",884,21060884
24100,0,0,1e-12,TRUE,"VS_B_A",885,21060885
23330,0,0,1e-12,TRUE,"VS_B_A",886,21060886
23865,0,0,1e-12,TRUE,"VS_B_A",887,21060887
24523,0,0,1e-12,TRUE,"VS_B_A",888,21060888
23387,0,0,1e-12,TRUE,"VS_B_A",889,21060889
24502,0,0,1e-12,TRUE,"VS_B_A",890,21060890
24269,0,0,1e-12,TRUE,"VS_B_A",891,21060891
22918,0,0,1e-12,TRUE,"VS_B_A",892,21060892
24319,0,0,1e-12,TRUE,"VS_B_A",893,21060893
23918,0,0,1e-12,TRUE,"VS_B_A",894,21060894
25453,0,0,1e-12,TRUE,"VS_B_A",895,21060895
24075,0,0,1e-12,TRUE,"VS_B_A",896,21060896
24230,0,0,1e-12,TRUE,"VS_B_A",897,21060897
22912,0,0,1e-12,TRUE,"VS_B_A",898,21060898
23754,0,0,1e-12,TRUE,"VS_B_A",899,21060899
23660,0,0,1e-12,TRUE,"VS_B_A",900,21060900
24240,0,0,1e-12,TRUE,"VS_B_A",901,21060901
23655,0,0,1e-12,TRUE,"VS_B_A",902,21060902
23582,0,0,1e-12,TRUE,"VS_B_A",903,21060903
24293,0,0,1e-12,TRUE,"VS_B_A",904,21060904
23843,0,0,1e-12,TRUE,"VS_B_A",905,21060905
24578,0,0,1e-12,TRUE,"VS_B_A",906,21060906
23045,0,0,1e-12,TRUE,"VS_B_A",907,21060907
23305,0,0,1e-12,TRUE,"VS_B_A",908,21060908
23969,0,0,1e-12,TRUE,"VS_B_A",909,21060909
24040,0,0,1e-12,TRUE,"VS_B_A",910,21060910
24053,0,0,1e-12,TRUE,"VS_B_A",911,21060911
25249,0,0,1e-12,TRUE,"VS_B_A",912,21060912
23543,0,0,1e-12,TRUE,"VS_B_A",913,21060913
25102,0,0,1e-12,TRUE,"VS_B_A",914,21060914
23266,0,0,1e-12,TRUE,"VS_B_A",915,21060915
22968,0,0,1e-12,TRUE,"VS_B_A",916,21060916
23831,0,0,1e-12,TRUE,"VS_B_A",917,21060917
24652,0,0,1e-12,TRUE,"VS_B_A",918,21060918
25151,0,0,1e-12,TRUE,"VS_B_A",919,21060919
24078,0,0,1e-12,TRUE,"VS_B_A",920,21060920
23722,0,0,1e-12,TRUE,"VS_B_A",921,21060921
24561,0,0,1e-12,TRUE,"VS_B_A",922,21060922
23618,0,0,1e-12,TRUE,"VS_B_A",923,21060923
23825,0,0,1e-12,TRUE,"VS_B_A",924,21060924
24575,0,0,1e-12,TRUE,"VS_B_A",925,21060925
24532,0,0,1e-12,TRUE,"VS_B_A",926,21060926
24054,0,0,1e-12,TRUE,"VS_B_A",927,21060927
24141,0,0,1e-12,TRUE,"VS_B_A",928,21060928
24371,0,0,1e-12,TRUE,"VS_B_A",929,21060929
23643,0,0,1e-12,TRUE,"VS_B_A",930,21060930
23496,0,0,1e-12,TRUE,"VS_B_A",931,21060931
24695,0,0,1e-12,TRUE,"VS_B_A",932,21060932
23933,0,0,1e-12,TRUE,"VS_B_A",933,21060933
24002,0,0,1e-12,TRUE,"VS_B_A",934,21060934
24296,0,0,1e-12,TRUE,"VS_B_A",935,21060935
24220,0,0,1e-12,TRUE,"VS_B_A",936,21060936
24089,0,0,1e-12,TRUE,"VS_B_A",937,21060937
23808,0,0,1e-12,TRUE,"VS_B_A",938,21060938
23127,0,0,1e-12,TRUE,"VS_B_A",939,21060939
22878,0,0,1e-12,TRUE,"VS_B_A",940,21060940
22776,0,0,1e-12,TRUE,"VS_B_A",941,21060941
23362,0,0,1e-12,TRUE,"VS_B_A",942,21060942
23369,0,0,1e-12,TRUE,"VS_B_A",943,21060943
23958,0,0,1e-12,TRUE,"VS_B_A",944,21060944
23439,0,0,1e-12,TRUE,"VS_B_A",945,21060945
23558,0,0,1e-12,TRUE,"VS_B_A",946,21060946
24123,0,0,1e-12,TRUE,"VS_B_A",947,21060947
23446,0,0,1e-12,TRUE,"VS_B_A",948,21060948
24953,0,0,1e-12,TRUE,"VS_B_A",949,21060949
24852,0,0,1e-12,TRUE,"VS_B_A",950,21060950
23366,0,0,1e-12,TRUE,"VS_B_A",951,21060951
24073,0,0,1e-12,TRUE,"VS_B_A",952,21060952
24832,0,0,1e-12,TRUE,"VS_B_A",953,21060953
23797,0,0,1e-12,TRUE,"VS_B_A",954,21060954
23020,0,0,1e-12,TRUE,"VS_B_A",955,21060955
24251,0,0,1e-12,TRUE,"VS_B_A",956,21060956
23728,0,0,1e-12,TRUE,"VS_B_A",957,21060957
24335,0,0,1e-12,TRUE,"VS_B_A",958,21060958
23606,0,0,1e-12,TRUE,"VS_B_A",959,21060959
23944,0,0,1e-12,TRUE,"VS_B_A",960,21060960
24534,0,0,1e-12,TRUE,"VS_B_A",961,21060961
22932,0,0,1e-12,TRUE,"VS_B_A",962,21060962
24889,0,0,1e-12,TRUE,"VS_B_A",963,21060963
24080,0,0,1e-12,TRUE,"VS_B_A",964,21060964
23875,0,0,1e-12,TRUE,"VS_B_A",965,21060965
23225,0,0,1e-12,TRUE,"VS_B_A",966,21060966
24080,0,0,1e-12,TRUE,"VS_B_A",967,21060967
25360,0,0,1e-12,TRUE,"VS_B_A",968,21060968
24223,0,0,1e-12,TRUE,"VS_B_A",969,21060969
24375,0,0,1e-12,TRUE,"VS_B_A",970,21060970
23357,0,0,1e-12,TRUE,"VS_B_A",971,21060971
24505,0,0,1e-12,TRUE,"VS_B_A",972,21060972
23802,0,0,1e-12,TRUE,"VS_B_A",973,21060973
23986,0,0,1e-12,TRUE,"VS_B_A",974,21060974
24023,0,0,1e-12,TRUE,"VS_B_A",975,21060975
24525,0,0,1e-12,TRUE,"VS_B_A",976,21060976
23968,0,0,1e-12,TRUE,"VS_B_A",977,21060977
24081,0,0,1e-12,TRUE,"VS_B_A",978,21060978
24624,0,0,1e-12,TRUE,"VS_B_A",979,21060979
23566,0,0,1e-12,TRUE,"VS_B_A",980,21060980
24599,0,0,1e-12,TRUE,"VS_B_A",981,21060981
22832,0,0,1e-12,TRUE,"VS_B_A",982,21060982
23945,0,0,1e-12,TRUE,"VS_B_A",983,21060983
24073,0,0,1e-12,TRUE,"VS_B_A",984,21060984
23930,0,0,1e-12,TRUE,"VS_B_A",985,21060985
23299,0,0,1e-12,TRUE,"VS_B_A",986,21060986
24501,0,0,1e-12,TRUE,"VS_B_A",987,21060987
22829,0,0,1e-12,TRUE,"VS_B_A",988,21060988
25042,0,0,1e-12,TRUE,"VS_B_A",989,21060989
22779,0,0,1e-12,TRUE,"VS_B_A",990,21060990
23853,0,0,1e-12,TRUE,"VS_B_A",991,21060991
24229,0,0,1e-12,TRUE,"VS_B_A",992,21060992
24967,0,0,1e-12,TRUE,"VS_B_A",993,21060993
24558,0,0,1e-12,TRUE,"VS_B_A",994,21060994
25578,0,0,1e-12,TRUE,"VS_B_A",995,21060995
25340,0,0,1e-12,TRUE,"VS_B_A",996,21060996
23645,0,0,1e-12,TRUE,"VS_B_A",997,21060997
23269,0,0,1e-12,TRUE,"VS_B_A",998,21060998
23808,0,0,1e-12,TRUE,"VS_B_A",999,21060999
22895,0,0,1e-12,TRUE,"VS_B_A",1000,21061000
22843,0,0,1e-12,TRUE,"VS_SH_N",1,21160001
22938,0,0,1e-12,TRUE,"VS_SH_N",2,21160002
23439,0,0,1e-12,TRUE,"VS_SH_N",3,21160003
22578,0,0,1e-12,TRUE,"VS_SH_N",4,21160004
23498,0,0,1e-12,TRUE,"VS_SH_N",5,21160005
22804,0,0,1e-12,TRUE,"VS_SH_N",6,21160006
23114,0,0,1e-12,TRUE,"VS_SH_N",7,21160007
23126,0,0,1e-12,TRUE,"VS_SH_N",8,21160008
23247,0,0,1e-12,TRUE,"VS_SH_N",9,21160009
23447,0,0,1e-12,TRUE,"VS_SH_N",10,21160010
23235,0,0,1e-12,TRUE,"VS_SH_N",11,21160011
23407,0,0,1e-12,TRUE,"VS_SH_N",12,21160012
24789,0,0,1e-12,TRUE,"VS_SH_N",13,21160013
23537,0,0,1e-12,TRUE,"VS_SH_N",14,21160014
22122,0,0,1e-12,TRUE,"VS_SH_N",15,21160015
23290,0,0,1e-12,TRUE,"VS_SH_N",16,21160016
22940,0,0,1e-12,TRUE,"VS_SH_N",17,21160017
24228,0,0,1e-12,TRUE,"VS_SH_N",18,21160018
22969,0,0,1e-12,TRUE,"VS_SH_N",19,21160019
23035,0,0,1e-12,TRUE,"VS_SH_N",20,21160020
23307,0,0,1e-12,TRUE,"VS_SH_N",21,21160021
22518,0,0,1e-12,TRUE,"VS_SH_N",22,21160022
23977,0,0,1e-12,TRUE,"VS_SH_N",23,21160023
23765,0,0,1e-12,TRUE,"VS_SH_N",24,21160024
23159,0,0,1e-12,TRUE,"VS_SH_N",25,21160025
22338,0,0,1e-12,TRUE,"VS_SH_N",26,21160026
23850,0,0,1e-12,TRUE,"VS_SH_N",27,21160027
23615,0,0,1e-12,TRUE,"VS_SH_N",28,21160028
23419,0,0,1e-12,TRUE,"VS_SH_N",29,21160029
24042,0,0,1e-12,TRUE,"VS_SH_N",30,21160030
22266,0,0,1e-12,TRUE,"VS_SH_N",31,21160031
23556,0,0,1e-12,TRUE,"VS_SH_N",32,21160032
22628,0,0,1e-12,TRUE,"VS_SH_N",33,21160033
23167,0,0,1e-12,TRUE,"VS_SH_N",34,21160034
23060,0,0,1e-12,TRUE,"VS_SH_N",35,21160035
22755,0,0,1e-12,TRUE,"VS_SH_N",36,21160036
23431,0,0,1e-12,TRUE,"VS_SH_N",37,21160037
23343,0,0,1e-12,TRUE,"VS_SH_N",38,21160038
22902,0,0,1e-12,TRUE,"VS_SH_N",39,21160039
23325,0,0,1e-12,TRUE,"VS_SH_N",40,21160040
23982,0,0,1e-12,TRUE,"VS_SH_N",41,21160041
22972,0,0,1e-12,TRUE,"VS_SH_N",42,21160042
23039,0,0,1e-12,TRUE,"VS_SH_N",43,21160043
22819,0,0,1e-12,TRUE,"VS_SH_N",44,21160044
23626,0,0,1e-12,TRUE,"VS_SH_N",45,21160045
23114,0,0,1e-12,TRUE,"VS_SH_N",46,21160046
23877,0,0,1e-12,TRUE,"VS_SH_N",47,21160047
22175,0,0,1e-12,TRUE,"VS_SH_N",48,21160048
23583,0,0,1e-12,TRUE,"VS_SH_N",49,21160049
23394,0,0,1e-12,TRUE,"VS_SH_N",50,21160050
21864,0,0,1e-12,TRUE,"VS_SH_N",51,21160051
23723,0,0,1e-12,TRUE,"VS_SH_N",52,21160052
23437,0,0,1e-12,TRUE,"VS_SH_N",53,21160053
23298,0,0,1e-12,TRUE,"VS_SH_N",54,21160054
24859,0,0,1e-12,TRUE,"VS_SH_N",55,21160055
24182,0,0,1e-12,TRUE,"VS_SH_N",56,21160056
23317,0,0,1e-12,TRUE,"VS_SH_N",57,21160057
22393,0,0,1e-12,TRUE,"VS_SH_N",58,21160058
22815,0,0,1e-12,TRUE,"VS_SH_N",59,21160059
23941,0,0,1e-12,TRUE,"VS_SH_N",60,21160060
23879,0,0,1e-12,TRUE,"VS_SH_N",61,21160061
24436,0,0,1e-12,TRUE,"VS_SH_N",62,21160062
23940,0,0,1e-12,TRUE,"VS_SH_N",63,21160063
24344,0,0,1e-12,TRUE,"VS_SH_N",64,21160064
21912,0,0,1e-12,TRUE,"VS_SH_N",65,21160065
23329,0,0,1e-12,TRUE,"VS_SH_N",66,21160066
23598,0,0,1e-12,TRUE,"VS_SH_N",67,21160067
22750,0,0,1e-12,TRUE,"VS_SH_N",68,21160068
23568,0,0,1e-12,TRUE,"VS_SH_N",69,21160069
23701,0,0,1e-12,TRUE,"VS_SH_N",70,21160070
22928,0,0,1e-12,TRUE,"VS_SH_N",71,21160071
22769,0,0,1e-12,TRUE,"VS_SH_N",72,21160072
23980,0,0,1e-12,TRUE,"VS_SH_N",73,21160073
24139,0,0,1e-12,TRUE,"VS_SH_N",74,21160074
24578,0,0,1e-12,TRUE,"VS_SH_N",75,21160075
22779,0,0,1e-12,TRUE,"VS_SH_N",76,21160076
23624,0,0,1e-12,TRUE,"VS_SH_N",77,21160077
22884,0,0,1e-12,TRUE,"VS_SH_N",78,21160078
22766,0,0,1e-12,TRUE,"VS_SH_N",79,21160079
24550,0,0,1e-12,TRUE,"VS_SH_N",80,21160080
23490,0,0,1e-12,TRUE,"VS_SH_N",81,21160081
22718,0,0,1e-12,TRUE,"VS_SH_N",82,21160082
23249,0,0,1e-12,TRUE,"VS_SH_N",83,21160083
24190,0,0,1e-12,TRUE,"VS_SH_N",84,21160084
22528,0,0,1e-12,TRUE,"VS_SH_N",85,21160085
23566,0,0,1e-12,TRUE,"VS_SH_N",86,21160086
22862,0,0,1e-12,TRUE,"VS_SH_N",87,21160087
23007,0,0,1e-12,TRUE,"VS_SH_N",88,21160088
24137,0,0,1e-12,TRUE,"VS_SH_N",89,21160089
23250,0,0,1e-12,TRUE,"VS_SH_N",90,21160090
22811,0,0,1e-12,TRUE,"VS_SH_N",91,21160091
24250,0,0,1e-12,TRUE,"VS_SH_N",92,21160092
22900,0,0,1e-12,TRUE,"VS_SH_N",93,21160093
23348,0,0,1e-12,TRUE,"VS_SH_N",94,21160094
24008,0,0,1e-12,TRUE,"VS_SH_N",95,21160095
22622,0,0,1e-12,TRUE,"VS_SH_N",96,21160096
23771,0,0,1e-12,TRUE,"VS_SH_N",97,21160097
22397,0,0,1e-12,TRUE,"VS_SH_N",98,21160098
24091,0,0,1e-12,TRUE,"VS_SH_N",99,21160099
23801,0,0,1e-12,TRUE,"VS_SH_N",100,21160100
23955,0,0,1e-12,TRUE,"VS_SH_N",101,21160101
23000,0,0,1e-12,TRUE,"VS_SH_N",102,21160102
22756,0,0,1e-12,TRUE,"VS_SH_N",103,21160103
23803,0,0,1e-12,TRUE,"VS_SH_N",104,21160104
24255,0,0,1e-12,TRUE,"VS_SH_N",105,21160105
23866,0,0,1e-12,TRUE,"VS_SH_N",106,21160106
24338,0,0,1e-12,TRUE,"VS_SH_N",107,21160107
23812,0,0,1e-12,TRUE,"VS_SH_N",108,21160108
23223,0,0,1e-12,TRUE,"VS_SH_N",109,21160109
23829,0,0,1e-12,TRUE,"VS_SH_N",110,21160110
23847,0,0,1e-12,TRUE,"VS_SH_N",111,21160111
24561,0,0,1e-12,TRUE,"VS_SH_N",112,21160112
23128,0,0,1e-12,TRUE,"VS_SH_N",113,21160113
22814,0,0,1e-12,TRUE,"VS_SH_N",114,21160114
23066,0,0,1e-12,TRUE,"VS_SH_N",115,21160115
22919,0,0,1e-12,TRUE,"VS_SH_N",116,21160116
24103,0,0,1e-12,TRUE,"VS_SH_N",117,21160117
22969,0,0,1e-12,TRUE,"VS_SH_N",118,21160118
24927,0,0,1e-12,TRUE,"VS_SH_N",119,21160119
23949,0,0,1e-12,TRUE,"VS_SH_N",120,21160120
23067,0,0,1e-12,TRUE,"VS_SH_N",121,21160121
22915,0,0,1e-12,TRUE,"VS_SH_N",122,21160122
24479,0,0,1e-12,TRUE,"VS_SH_N",123,21160123
22778,0,0,1e-12,TRUE,"VS_SH_N",124,21160124
23252,0,0,1e-12,TRUE,"VS_SH_N",125,21160125
23003,0,0,1e-12,TRUE,"VS_SH_N",126,21160126
23241,0,0,1e-12,TRUE,"VS_SH_N",127,21160127
22788,0,0,1e-12,TRUE,"VS_SH_N",128,21160128
23289,0,0,1e-12,TRUE,"VS_SH_N",129,21160129
22912,0,0,1e-12,TRUE,"VS_SH_N",130,21160130
23351,0,0,1e-12,TRUE,"VS_SH_N",131,21160131
24170,0,0,1e-12,TRUE,"VS_SH_N",132,21160132
23469,0,0,1e-12,TRUE,"VS_SH_N",133,21160133
23075,0,0,1e-12,TRUE,"VS_SH_N",134,21160134
22403,0,0,1e-12,TRUE,"VS_SH_N",135,21160135
23136,0,0,1e-12,TRUE,"VS_SH_N",136,21160136
25248,0,0,1e-12,TRUE,"VS_SH_N",137,21160137
23563,0,0,1e-12,TRUE,"VS_SH_N",138,21160138
22297,0,0,1e-12,TRUE,"VS_SH_N",139,21160139
24562,0,0,1e-12,TRUE,"VS_SH_N",140,21160140
23839,0,0,1e-12,TRUE,"VS_SH_N",141,21160141
23736,0,0,1e-12,TRUE,"VS_SH_N",142,21160142
22752,0,0,1e-12,TRUE,"VS_SH_N",143,21160143
22851,0,0,1e-12,TRUE,"VS_SH_N",144,21160144
23628,0,0,1e-12,TRUE,"VS_SH_N",145,21160145
24055,0,0,1e-12,TRUE,"VS_SH_N",146,21160146
23090,0,0,1e-12,TRUE,"VS_SH_N",147,21160147
23284,0,0,1e-12,TRUE,"VS_SH_N",148,21160148
23463,0,0,1e-12,TRUE,"VS_SH_N",149,21160149
23319,0,0,1e-12,TRUE,"VS_SH_N",150,21160150
24075,0,0,1e-12,TRUE,"VS_SH_N",151,21160151
22467,0,0,1e-12,TRUE,"VS_SH_N",152,21160152
23919,0,0,1e-12,TRUE,"VS_SH_N",153,21160153
23996,0,0,1e-12,TRUE,"VS_SH_N",154,21160154
23769,0,0,1e-12,TRUE,"VS_SH_N",155,21160155
24102,0,0,1e-12,TRUE,"VS_SH_N",156,21160156
22071,0,0,1e-12,TRUE,"VS_SH_N",157,21160157
22900,0,0,1e-12,TRUE,"VS_SH_N",158,21160158
24525,0,0,1e-12,TRUE,"VS_SH_N",159,21160159
22893,0,0,1e-12,TRUE,"VS_SH_N",160,21160160
24238,0,0,1e-12,TRUE,"VS_SH_N",161,21160161
23149,0,0,1e-12,TRUE,"VS_SH_N",162,21160162
22641,0,0,1e-12,TRUE,"VS_SH_N",163,21160163
23204,0,0,1e-12,TRUE,"VS_SH_N",164,21160164
23724,0,0,1e-12,TRUE,"VS_SH_N",165,21160165
24312,0,0,1e-12,TRUE,"VS_SH_N",166,21160166
23630,0,0,1e-12,TRUE,"VS_SH_N",167,21160167
23248,0,0,1e-12,TRUE,"VS_SH_N",168,21160168
22232,0,0,1e-12,TRUE,"VS_SH_N",169,21160169
23215,0,0,1e-12,TRUE,"VS_SH_N",170,21160170
23421,0,0,1e-12,TRUE,"VS_SH_N",171,21160171
23156,0,0,1e-12,TRUE,"VS_SH_N",172,21160172
23027,0,0,1e-12,TRUE,"VS_SH_N",173,21160173
23688,0,0,1e-12,TRUE,"VS_SH_N",174,21160174
23303,0,0,1e-12,TRUE,"VS_SH_N",175,21160175
24436,0,0,1e-12,TRUE,"VS_SH_N",176,21160176
24011,0,0,1e-12,TRUE,"VS_SH_N",177,21160177
24108,0,0,1e-12,TRUE,"VS_SH_N",178,21160178
24321,0,0,1e-12,TRUE,"VS_SH_N",179,21160179
22443,0,0,1e-12,TRUE,"VS_SH_N",180,21160180
24271,0,0,1e-12,TRUE,"VS_SH_N",181,21160181
22647,0,0,1e-12,TRUE,"VS_SH_N",182,21160182
24666,0,0,1e-12,TRUE,"VS_SH_N",183,21160183
22953,0,0,1e-12,TRUE,"VS_SH_N",184,21160184
23104,0,0,1e-12,TRUE,"VS_SH_N",185,21160185
21920,0,0,1e-12,TRUE,"VS_SH_N",186,21160186
23271,0,0,1e-12,TRUE,"VS_SH_N",187,21160187
23418,0,0,1e-12,TRUE,"VS_SH_N",188,21160188
23876,0,0,1e-12,TRUE,"VS_SH_N",189,21160189
22192,0,0,1e-12,TRUE,"VS_SH_N",190,21160190
23163,0,0,1e-12,TRUE,"VS_SH_N",191,21160191
22739,0,0,1e-12,TRUE,"VS_SH_N",192,21160192
22502,0,0,1e-12,TRUE,"VS_SH_N",193,21160193
24108,0,0,1e-12,TRUE,"VS_SH_N",194,21160194
23524,0,0,1e-12,TRUE,"VS_SH_N",195,21160195
22940,0,0,1e-12,TRUE,"VS_SH_N",196,21160196
22735,0,0,1e-12,TRUE,"VS_SH_N",197,21160197
23303,0,0,1e-12,TRUE,"VS_SH_N",198,21160198
23396,0,0,1e-12,TRUE,"VS_SH_N",199,21160199
23465,0,0,1e-12,TRUE,"VS_SH_N",200,21160200
23364,0,0,1e-12,TRUE,"VS_SH_N",201,21160201
22589,0,0,1e-12,TRUE,"VS_SH_N",202,21160202
23790,0,0,1e-12,TRUE,"VS_SH_N",203,21160203
23666,0,0,1e-12,TRUE,"VS_SH_N",204,21160204
23185,0,0,1e-12,TRUE,"VS_SH_N",205,21160205
23351,0,0,1e-12,TRUE,"VS_SH_N",206,21160206
22656,0,0,1e-12,TRUE,"VS_SH_N",207,21160207
23849,0,0,1e-12,TRUE,"VS_SH_N",208,21160208
23816,0,0,1e-12,TRUE,"VS_SH_N",209,21160209
23305,0,0,1e-12,TRUE,"VS_SH_N",210,21160210
22655,0,0,1e-12,TRUE,"VS_SH_N",211,21160211
23663,0,0,1e-12,TRUE,"VS_SH_N",212,21160212
23181,0,0,1e-12,TRUE,"VS_SH_N",213,21160213
22324,0,0,1e-12,TRUE,"VS_SH_N",214,21160214
22943,0,0,1e-12,TRUE,"VS_SH_N",215,21160215
24342,0,0,1e-12,TRUE,"VS_SH_N",216,21160216
23049,0,0,1e-12,TRUE,"VS_SH_N",217,21160217
23831,0,0,1e-12,TRUE,"VS_SH_N",218,21160218
23921,0,0,1e-12,TRUE,"VS_SH_N",219,21160219
23379,0,0,1e-12,TRUE,"VS_SH_N",220,21160220
22291,0,0,1e-12,TRUE,"VS_SH_N",221,21160221
23585,0,0,1e-12,TRUE,"VS_SH_N",222,21160222
23940,0,0,1e-12,TRUE,"VS_SH_N",223,21160223
23472,0,0,1e-12,TRUE,"VS_SH_N",224,21160224
23299,0,0,1e-12,TRUE,"VS_SH_N",225,21160225
22859,0,0,1e-12,TRUE,"VS_SH_N",226,21160226
22863,0,0,1e-12,TRUE,"VS_SH_N",227,21160227
23029,0,0,1e-12,TRUE,"VS_SH_N",228,21160228
23817,0,0,1e-12,TRUE,"VS_SH_N",229,21160229
23244,0,0,1e-12,TRUE,"VS_SH_N",230,21160230
23190,0,0,1e-12,TRUE,"VS_SH_N",231,21160231
22508,0,0,1e-12,TRUE,"VS_SH_N",232,21160232
23076,0,0,1e-12,TRUE,"VS_SH_N",233,21160233
23188,0,0,1e-12,TRUE,"VS_SH_N",234,21160234
23605,0,0,1e-12,TRUE,"VS_SH_N",235,21160235
23791,0,0,1e-12,TRUE,"VS_SH_N",236,21160236
23339,0,0,1e-12,TRUE,"VS_SH_N",237,21160237
23507,0,0,1e-12,TRUE,"VS_SH_N",238,21160238
23104,0,0,1e-12,TRUE,"VS_SH_N",239,21160239
24218,0,0,1e-12,TRUE,"VS_SH_N",240,21160240
23028,0,0,1e-12,TRUE,"VS_SH_N",241,21160241
23778,0,0,1e-12,TRUE,"VS_SH_N",242,21160242
24106,0,0,1e-12,TRUE,"VS_SH_N",243,21160243
23210,0,0,1e-12,TRUE,"VS_SH_N",244,21160244
23062,0,0,1e-12,TRUE,"VS_SH_N",245,21160245
22181,0,0,1e-12,TRUE,"VS_SH_N",246,21160246
22876,0,0,1e-12,TRUE,"VS_SH_N",247,21160247
22559,0,0,1e-12,TRUE,"VS_SH_N",248,21160248
23470,0,0,1e-12,TRUE,"VS_SH_N",249,21160249
23713,0,0,1e-12,TRUE,"VS_SH_N",250,21160250
23383,0,0,1e-12,TRUE,"VS_SH_N",251,21160251
23224,0,0,1e-12,TRUE,"VS_SH_N",252,21160252
23262,0,0,1e-12,TRUE,"VS_SH_N",253,21160253
22419,0,0,1e-12,TRUE,"VS_SH_N",254,21160254
23620,0,0,1e-12,TRUE,"VS_SH_N",255,21160255
23453,0,0,1e-12,TRUE,"VS_SH_N",256,21160256
23129,0,0,1e-12,TRUE,"VS_SH_N",257,21160257
23194,0,0,1e-12,TRUE,"VS_SH_N",258,21160258
22886,0,0,1e-12,TRUE,"VS_SH_N",259,21160259
24480,0,0,1e-12,TRUE,"VS_SH_N",260,21160260
23905,0,0,1e-12,TRUE,"VS_SH_N",261,21160261
24475,0,0,1e-12,TRUE,"VS_SH_N",262,21160262
23739,0,0,1e-12,TRUE,"VS_SH_N",263,21160263
23471,0,0,1e-12,TRUE,"VS_SH_N",264,21160264
23232,0,0,1e-12,TRUE,"VS_SH_N",265,21160265
24240,0,0,1e-12,TRUE,"VS_SH_N",266,21160266
23599,0,0,1e-12,TRUE,"VS_SH_N",267,21160267
22921,0,0,1e-12,TRUE,"VS_SH_N",268,21160268
24043,0,0,1e-12,TRUE,"VS_SH_N",269,21160269
23810,0,0,1e-12,TRUE,"VS_SH_N",270,21160270
23082,0,0,1e-12,TRUE,"VS_SH_N",271,21160271
23604,0,0,1e-12,TRUE,"VS_SH_N",272,21160272
23386,0,0,1e-12,TRUE,"VS_SH_N",273,21160273
23073,0,0,1e-12,TRUE,"VS_SH_N",274,21160274
23505,0,0,1e-12,TRUE,"VS_SH_N",275,21160275
22868,0,0,1e-12,TRUE,"VS_SH_N",276,21160276
22485,0,0,1e-12,TRUE,"VS_SH_N",277,21160277
23089,0,0,1e-12,TRUE,"VS_SH_N",278,21160278
22738,0,0,1e-12,TRUE,"VS_SH_N",279,21160279
23648,0,0,1e-12,TRUE,"VS_SH_N",280,21160280
23252,0,0,1e-12,TRUE,"VS_SH_N",281,21160281
22716,0,0,1e-12,TRUE,"VS_SH_N",282,21160282
22480,0,0,1e-12,TRUE,"VS_SH_N",283,21160283
23759,0,0,1e-12,TRUE,"VS_SH_N",284,21160284
22818,0,0,1e-12,TRUE,"VS_SH_N",285,21160285
23347,0,0,1e-12,TRUE,"VS_SH_N",286,21160286
21930,0,0,1e-12,TRUE,"VS_SH_N",287,21160287
22759,0,0,1e-12,TRUE,"VS_SH_N",288,21160288
23893,0,0,1e-12,TRUE,"VS_SH_N",289,21160289
23527,0,0,1e-12,TRUE,"VS_SH_N",290,21160290
22672,0,0,1e-12,TRUE,"VS_SH_N",291,21160291
23048,0,0,1e-12,TRUE,"VS_SH_N",292,21160292
23099,0,0,1e-12,TRUE,"VS_SH_N",293,21160293
23335,0,0,1e-12,TRUE,"VS_SH_N",294,21160294
21769,0,0,1e-12,TRUE,"VS_SH_N",295,21160295
22991,0,0,1e-12,TRUE,"VS_SH_N",296,21160296
22861,0,0,1e-12,TRUE,"VS_SH_N",297,21160297
23351,0,0,1e-12,TRUE,"VS_SH_N",298,21160298
23265,0,0,1e-12,TRUE,"VS_SH_N",299,21160299
23476,0,0,1e-12,TRUE,"VS_SH_N",300,21160300
22076,0,0,1e-12,TRUE,"VS_SH_N",301,21160301
22292,0,0,1e-12,TRUE,"VS_SH_N",302,21160302
22932,0,0,1e-12,TRUE,"VS_SH_N",303,21160303
23534,0,0,1e-12,TRUE,"VS_SH_N",304,21160304
22994,0,0,1e-12,TRUE,"VS_SH_N",305,21160305
24058,0,0,1e-12,TRUE,"VS_SH_N",306,21160306
22317,0,0,1e-12,TRUE,"VS_SH_N",307,21160307
23923,0,0,1e-12,TRUE,"VS_SH_N",308,21160308
23092,0,0,1e-12,TRUE,"VS_SH_N",309,21160309
23024,0,0,1e-12,TRUE,"VS_SH_N",310,21160310
23882,0,0,1e-12,TRUE,"VS_SH_N",311,21160311
22200,0,0,1e-12,TRUE,"VS_SH_N",312,21160312
21893,0,0,1e-12,TRUE,"VS_SH_N",313,21160313
22738,0,0,1e-12,TRUE,"VS_SH_N",314,21160314
23405,0,0,1e-12,TRUE,"VS_SH_N",315,21160315
23291,0,0,1e-12,TRUE,"VS_SH_N",316,21160316
23280,0,0,1e-12,TRUE,"VS_SH_N",317,21160317
23301,0,0,1e-12,TRUE,"VS_SH_N",318,21160318
23960,0,0,1e-12,TRUE,"VS_SH_N",319,21160319
23211,0,0,1e-12,TRUE,"VS_SH_N",320,21160320
22134,0,0,1e-12,TRUE,"VS_SH_N",321,21160321
22481,0,0,1e-12,TRUE,"VS_SH_N",322,21160322
22613,0,0,1e-12,TRUE,"VS_SH_N",323,21160323
24334,0,0,1e-12,TRUE,"VS_SH_N",324,21160324
22984,0,0,1e-12,TRUE,"VS_SH_N",325,21160325
22954,0,0,1e-12,TRUE,"VS_SH_N",326,21160326
23867,0,0,1e-12,TRUE,"VS_SH_N",327,21160327
23830,0,0,1e-12,TRUE,"VS_SH_N",328,21160328
23158,0,0,1e-12,TRUE,"VS_SH_N",329,21160329
22664,0,0,1e-12,TRUE,"VS_SH_N",330,21160330
23444,0,0,1e-12,TRUE,"VS_SH_N",331,21160331
23092,0,0,1e-12,TRUE,"VS_SH_N",332,21160332
24246,0,0,1e-12,TRUE,"VS_SH_N",333,21160333
23635,0,0,1e-12,TRUE,"VS_SH_N",334,21160334
23438,0,0,1e-12,TRUE,"VS_SH_N",335,21160335
23368,0,0,1e-12,TRUE,"VS_SH_N",336,21160336
23233,0,0,1e-12,TRUE,"VS_SH_N",337,21160337
23287,0,0,1e-12,TRUE,"VS_SH_N",338,21160338
23791,0,0,1e-12,TRUE,"VS_SH_N",339,21160339
23079,0,0,1e-12,TRUE,"VS_SH_N",340,21160340
23311,0,0,1e-12,TRUE,"VS_SH_N",341,21160341
23419,0,0,1e-12,TRUE,"VS_SH_N",342,21160342
22603,0,0,1e-12,TRUE,"VS_SH_N",343,21160343
22680,0,0,1e-12,TRUE,"VS_SH_N",344,21160344
23455,0,0,1e-12,TRUE,"VS_SH_N",345,21160345
23941,0,0,1e-12,TRUE,"VS_SH_N",346,21160346
23321,0,0,1e-12,TRUE,"VS_SH_N",347,21160347
23001,0,0,1e-12,TRUE,"VS_SH_N",348,21160348
24422,0,0,1e-12,TRUE,"VS_SH_N",349,21160349
23762,0,0,1e-12,TRUE,"VS_SH_N",350,21160350
24000,0,0,1e-12,TRUE,"VS_SH_N",351,21160351
22324,0,0,1e-12,TRUE,"VS_SH_N",352,21160352
24092,0,0,1e-12,TRUE,"VS_SH_N",353,21160353
23485,0,0,1e-12,TRUE,"VS_SH_N",354,21160354
22380,0,0,1e-12,TRUE,"VS_SH_N",355,21160355
22935,0,0,1e-12,TRUE,"VS_SH_N",356,21160356
23511,0,0,1e-12,TRUE,"VS_SH_N",357,21160357
22061,0,0,1e-12,TRUE,"VS_SH_N",358,21160358
24556,0,0,1e-12,TRUE,"VS_SH_N",359,21160359
24070,0,0,1e-12,TRUE,"VS_SH_N",360,21160360
23902,0,0,1e-12,TRUE,"VS_SH_N",361,21160361
22575,0,0,1e-12,TRUE,"VS_SH_N",362,21160362
23675,0,0,1e-12,TRUE,"VS_SH_N",363,21160363
22792,0,0,1e-12,TRUE,"VS_SH_N",364,21160364
23695,0,0,1e-12,TRUE,"VS_SH_N",365,21160365
24049,0,0,1e-12,TRUE,"VS_SH_N",366,21160366
22938,0,0,1e-12,TRUE,"VS_SH_N",367,21160367
23454,0,0,1e-12,TRUE,"VS_SH_N",368,21160368
23533,0,0,1e-12,TRUE,"VS_SH_N",369,21160369
22964,0,0,1e-12,TRUE,"VS_SH_N",370,21160370
23263,0,0,1e-12,TRUE,"VS_SH_N",371,21160371
23116,0,0,1e-12,TRUE,"VS_SH_N",372,21160372
24460,0,0,1e-12,TRUE,"VS_SH_N",373,21160373
22114,0,0,1e-12,TRUE,"VS_SH_N",374,21160374
23992,0,0,1e-12,TRUE,"VS_SH_N",375,21160375
23608,0,0,1e-12,TRUE,"VS_SH_N",376,21160376
22298,0,0,1e-12,TRUE,"VS_SH_N",377,21160377
22512,0,0,1e-12,TRUE,"VS_SH_N",378,21160378
23574,0,0,1e-12,TRUE,"VS_SH_N",379,21160379
23450,0,0,1e-12,TRUE,"VS_SH_N",380,21160380
22621,0,0,1e-12,TRUE,"VS_SH_N",381,21160381
22792,0,0,1e-12,TRUE,"VS_SH_N",382,21160382
23922,0,0,1e-12,TRUE,"VS_SH_N",383,21160383
22913,0,0,1e-12,TRUE,"VS_SH_N",384,21160384
23724,0,0,1e-12,TRUE,"VS_SH_N",385,21160385
23403,0,0,1e-12,TRUE,"VS_SH_N",386,21160386
22931,0,0,1e-12,TRUE,"VS_SH_N",387,21160387
24915,0,0,1e-12,TRUE,"VS_SH_N",388,21160388
23922,0,0,1e-12,TRUE,"VS_SH_N",389,21160389
23000,0,0,1e-12,TRUE,"VS_SH_N",390,21160390
21973,0,0,1e-12,TRUE,"VS_SH_N",391,21160391
23166,0,0,1e-12,TRUE,"VS_SH_N",392,21160392
22458,0,0,1e-12,TRUE,"VS_SH_N",393,21160393
22574,0,0,1e-12,TRUE,"VS_SH_N",394,21160394
23622,0,0,1e-12,TRUE,"VS_SH_N",395,21160395
22920,0,0,1e-12,TRUE,"VS_SH_N",396,21160396
23177,0,0,1e-12,TRUE,"VS_SH_N",397,21160397
23975,0,0,1e-12,TRUE,"VS_SH_N",398,21160398
22987,0,0,1e-12,TRUE,"VS_SH_N",399,21160399
23025,0,0,1e-12,TRUE,"VS_SH_N",400,21160400
23273,0,0,1e-12,TRUE,"VS_SH_N",401,21160401
23593,0,0,1e-12,TRUE,"VS_SH_N",402,21160402
22433,0,0,1e-12,TRUE,"VS_SH_N",403,21160403
23510,0,0,1e-12,TRUE,"VS_SH_N",404,21160404
23776,0,0,1e-12,TRUE,"VS_SH_N",405,21160405
23363,0,0,1e-12,TRUE,"VS_SH_N",406,21160406
23496,0,0,1e-12,TRUE,"VS_SH_N",407,21160407
24005,0,0,1e-12,TRUE,"VS_SH_N",408,21160408
23884,0,0,1e-12,TRUE,"VS_SH_N",409,21160409
23536,0,0,1e-12,TRUE,"VS_SH_N",410,21160410
23493,0,0,1e-12,TRUE,"VS_SH_N",411,21160411
23317,0,0,1e-12,TRUE,"VS_SH_N",412,21160412
23267,0,0,1e-12,TRUE,"VS_SH_N",413,21160413
23081,0,0,1e-12,TRUE,"VS_SH_N",414,21160414
23912,0,0,1e-12,TRUE,"VS_SH_N",415,21160415
23015,0,0,1e-12,TRUE,"VS_SH_N",416,21160416
24898,0,0,1e-12,TRUE,"VS_SH_N",417,21160417
23222,0,0,1e-12,TRUE,"VS_SH_N",418,21160418
24630,0,0,1e-12,TRUE,"VS_SH_N",419,21160419
22908,0,0,1e-12,TRUE,"VS_SH_N",420,21160420
22993,0,0,1e-12,TRUE,"VS_SH_N",421,21160421
22953,0,0,1e-12,TRUE,"VS_SH_N",422,21160422
23825,0,0,1e-12,TRUE,"VS_SH_N",423,21160423
22938,0,0,1e-12,TRUE,"VS_SH_N",424,21160424
22762,0,0,1e-12,TRUE,"VS_SH_N",425,21160425
22698,0,0,1e-12,TRUE,"VS_SH_N",426,21160426
23099,0,0,1e-12,TRUE,"VS_SH_N",427,21160427
22454,0,0,1e-12,TRUE,"VS_SH_N",428,21160428
23515,0,0,1e-12,TRUE,"VS_SH_N",429,21160429
23761,0,0,1e-12,TRUE,"VS_SH_N",430,21160430
23081,0,0,1e-12,TRUE,"VS_SH_N",431,21160431
23085,0,0,1e-12,TRUE,"VS_SH_N",432,21160432
23769,0,0,1e-12,TRUE,"VS_SH_N",433,21160433
22317,0,0,1e-12,TRUE,"VS_SH_N",434,21160434
22778,0,0,1e-12,TRUE,"VS_SH_N",435,21160435
23749,0,0,1e-12,TRUE,"VS_SH_N",436,21160436
23779,0,0,1e-12,TRUE,"VS_SH_N",437,21160437
23083,0,0,1e-12,TRUE,"VS_SH_N",438,21160438
24485,0,0,1e-12,TRUE,"VS_SH_N",439,21160439
23218,0,0,1e-12,TRUE,"VS_SH_N",440,21160440
23090,0,0,1e-12,TRUE,"VS_SH_N",441,21160441
23843,0,0,1e-12,TRUE,"VS_SH_N",442,21160442
23852,0,0,1e-12,TRUE,"VS_SH_N",443,21160443
24081,0,0,1e-12,TRUE,"VS_SH_N",444,21160444
23530,0,0,1e-12,TRUE,"VS_SH_N",445,21160445
22652,0,0,1e-12,TRUE,"VS_SH_N",446,21160446
24824,0,0,1e-12,TRUE,"VS_SH_N",447,21160447
24409,0,0,1e-12,TRUE,"VS_SH_N",448,21160448
23001,0,0,1e-12,TRUE,"VS_SH_N",449,21160449
22768,0,0,1e-12,TRUE,"VS_SH_N",450,21160450
23663,0,0,1e-12,TRUE,"VS_SH_N",451,21160451
24877,0,0,1e-12,TRUE,"VS_SH_N",452,21160452
23347,0,0,1e-12,TRUE,"VS_SH_N",453,21160453
24206,0,0,1e-12,TRUE,"VS_SH_N",454,21160454
22971,0,0,1e-12,TRUE,"VS_SH_N",455,21160455
23353,0,0,1e-12,TRUE,"VS_SH_N",456,21160456
22914,0,0,1e-12,TRUE,"VS_SH_N",457,21160457
22861,0,0,1e-12,TRUE,"VS_SH_N",458,21160458
22576,0,0,1e-12,TRUE,"VS_SH_N",459,21160459
23957,0,0,1e-12,TRUE,"VS_SH_N",460,21160460
22263,0,0,1e-12,TRUE,"VS_SH_N",461,21160461
24860,0,0,1e-12,TRUE,"VS_SH_N",462,21160462
23938,0,0,1e-12,TRUE,"VS_SH_N",463,21160463
23164,0,0,1e-12,TRUE,"VS_SH_N",464,21160464
24426,0,0,1e-12,TRUE,"VS_SH_N",465,21160465
23268,0,0,1e-12,TRUE,"VS_SH_N",466,21160466
22080,0,0,1e-12,TRUE,"VS_SH_N",467,21160467
23874,0,0,1e-12,TRUE,"VS_SH_N",468,21160468
22817,0,0,1e-12,TRUE,"VS_SH_N",469,21160469
22744,0,0,1e-12,TRUE,"VS_SH_N",470,21160470
23562,0,0,1e-12,TRUE,"VS_SH_N",471,21160471
23514,0,0,1e-12,TRUE,"VS_SH_N",472,21160472
22892,0,0,1e-12,TRUE,"VS_SH_N",473,21160473
23322,0,0,1e-12,TRUE,"VS_SH_N",474,21160474
23693,0,0,1e-12,TRUE,"VS_SH_N",475,21160475
22303,0,0,1e-12,TRUE,"VS_SH_N",476,21160476
23230,0,0,1e-12,TRUE,"VS_SH_N",477,21160477
24021,0,0,1e-12,TRUE,"VS_SH_N",478,21160478
24480,0,0,1e-12,TRUE,"VS_SH_N",479,21160479
21857,0,0,1e-12,TRUE,"VS_SH_N",480,21160480
23026,0,0,1e-12,TRUE,"VS_SH_N",481,21160481
23701,0,0,1e-12,TRUE,"VS_SH_N",482,21160482
23187,0,0,1e-12,TRUE,"VS_SH_N",483,21160483
24390,0,0,1e-12,TRUE,"VS_SH_N",484,21160484
22726,0,0,1e-12,TRUE,"VS_SH_N",485,21160485
23028,0,0,1e-12,TRUE,"VS_SH_N",486,21160486
22724,0,0,1e-12,TRUE,"VS_SH_N",487,21160487
23769,0,0,1e-12,TRUE,"VS_SH_N",488,21160488
22561,0,0,1e-12,TRUE,"VS_SH_N",489,21160489
21221,0,0,1e-12,TRUE,"VS_SH_N",490,21160490
23051,0,0,1e-12,TRUE,"VS_SH_N",491,21160491
22427,0,0,1e-12,TRUE,"VS_SH_N",492,21160492
23183,0,0,1e-12,TRUE,"VS_SH_N",493,21160493
24519,0,0,1e-12,TRUE,"VS_SH_N",494,21160494
23175,0,0,1e-12,TRUE,"VS_SH_N",495,21160495
23645,0,0,1e-12,TRUE,"VS_SH_N",496,21160496
23662,0,0,1e-12,TRUE,"VS_SH_N",497,21160497
22791,0,0,1e-12,TRUE,"VS_SH_N",498,21160498
22501,0,0,1e-12,TRUE,"VS_SH_N",499,21160499
22964,0,0,1e-12,TRUE,"VS_SH_N",500,21160500
23544,0,0,1e-12,TRUE,"VS_SH_N",501,21160501
22972,0,0,1e-12,TRUE,"VS_SH_N",502,21160502
23269,0,0,1e-12,TRUE,"VS_SH_N",503,21160503
21950,0,0,1e-12,TRUE,"VS_SH_N",504,21160504
23670,0,0,1e-12,TRUE,"VS_SH_N",505,21160505
23250,0,0,1e-12,TRUE,"VS_SH_N",506,21160506
22936,0,0,1e-12,TRUE,"VS_SH_N",507,21160507
23794,0,0,1e-12,TRUE,"VS_SH_N",508,21160508
22810,0,0,1e-12,TRUE,"VS_SH_N",509,21160509
22954,0,0,1e-12,TRUE,"VS_SH_N",510,21160510
23712,0,0,1e-12,TRUE,"VS_SH_N",511,21160511
22696,0,0,1e-12,TRUE,"VS_SH_N",512,21160512
21941,0,0,1e-12,TRUE,"VS_SH_N",513,21160513
22734,0,0,1e-12,TRUE,"VS_SH_N",514,21160514
23269,0,0,1e-12,TRUE,"VS_SH_N",515,21160515
24061,0,0,1e-12,TRUE,"VS_SH_N",516,21160516
23281,0,0,1e-12,TRUE,"VS_SH_N",517,21160517
22633,0,0,1e-12,TRUE,"VS_SH_N",518,21160518
23283,0,0,1e-12,TRUE,"VS_SH_N",519,21160519
23871,0,0,1e-12,TRUE,"VS_SH_N",520,21160520
23171,0,0,1e-12,TRUE,"VS_SH_N",521,21160521
23339,0,0,1e-12,TRUE,"VS_SH_N",522,21160522
23500,0,0,1e-12,TRUE,"VS_SH_N",523,21160523
22553,0,0,1e-12,TRUE,"VS_SH_N",524,21160524
22528,0,0,1e-12,TRUE,"VS_SH_N",525,21160525
23596,0,0,1e-12,TRUE,"VS_SH_N",526,21160526
23591,0,0,1e-12,TRUE,"VS_SH_N",527,21160527
23052,0,0,1e-12,TRUE,"VS_SH_N",528,21160528
23812,0,0,1e-12,TRUE,"VS_SH_N",529,21160529
22940,0,0,1e-12,TRUE,"VS_SH_N",530,21160530
24031,0,0,1e-12,TRUE,"VS_SH_N",531,21160531
23873,0,0,1e-12,TRUE,"VS_SH_N",532,21160532
22691,0,0,1e-12,TRUE,"VS_SH_N",533,21160533
23057,0,0,1e-12,TRUE,"VS_SH_N",534,21160534
23192,0,0,1e-12,TRUE,"VS_SH_N",535,21160535
22721,0,0,1e-12,TRUE,"VS_SH_N",536,21160536
23500,0,0,1e-12,TRUE,"VS_SH_N",537,21160537
23196,0,0,1e-12,TRUE,"VS_SH_N",538,21160538
23270,0,0,1e-12,TRUE,"VS_SH_N",539,21160539
23932,0,0,1e-12,TRUE,"VS_SH_N",540,21160540
23968,0,0,1e-12,TRUE,"VS_SH_N",541,21160541
22970,0,0,1e-12,TRUE,"VS_SH_N",542,21160542
23084,0,0,1e-12,TRUE,"VS_SH_N",543,21160543
23498,0,0,1e-12,TRUE,"VS_SH_N",544,21160544
22999,0,0,1e-12,TRUE,"VS_SH_N",545,21160545
21611,0,0,1e-12,TRUE,"VS_SH_N",546,21160546
22154,0,0,1e-12,TRUE,"VS_SH_N",547,21160547
25363,0,0,1e-12,TRUE,"VS_SH_N",548,21160548
23713,0,0,1e-12,TRUE,"VS_SH_N",549,21160549
24228,0,0,1e-12,TRUE,"VS_SH_N",550,21160550
23235,0,0,1e-12,TRUE,"VS_SH_N",551,21160551
22329,0,0,1e-12,TRUE,"VS_SH_N",552,21160552
24057,0,0,1e-12,TRUE,"VS_SH_N",553,21160553
22666,0,0,1e-12,TRUE,"VS_SH_N",554,21160554
24637,0,0,1e-12,TRUE,"VS_SH_N",555,21160555
23453,0,0,1e-12,TRUE,"VS_SH_N",556,21160556
23538,0,0,1e-12,TRUE,"VS_SH_N",557,21160557
23095,0,0,1e-12,TRUE,"VS_SH_N",558,21160558
23376,0,0,1e-12,TRUE,"VS_SH_N",559,21160559
23592,0,0,1e-12,TRUE,"VS_SH_N",560,21160560
23295,0,0,1e-12,TRUE,"VS_SH_N",561,21160561
22993,0,0,1e-12,TRUE,"VS_SH_N",562,21160562
22820,0,0,1e-12,TRUE,"VS_SH_N",563,21160563
23645,0,0,1e-12,TRUE,"VS_SH_N",564,21160564
22780,0,0,1e-12,TRUE,"VS_SH_N",565,21160565
23673,0,0,1e-12,TRUE,"VS_SH_N",566,21160566
23454,0,0,1e-12,TRUE,"VS_SH_N",567,21160567
23650,0,0,1e-12,TRUE,"VS_SH_N",568,21160568
23770,0,0,1e-12,TRUE,"VS_SH_N",569,21160569
23204,0,0,1e-12,TRUE,"VS_SH_N",570,21160570
23173,0,0,1e-12,TRUE,"VS_SH_N",571,21160571
24059,0,0,1e-12,TRUE,"VS_SH_N",572,21160572
22728,0,0,1e-12,TRUE,"VS_SH_N",573,21160573
23342,0,0,1e-12,TRUE,"VS_SH_N",574,21160574
22600,0,0,1e-12,TRUE,"VS_SH_N",575,21160575
23279,0,0,1e-12,TRUE,"VS_SH_N",576,21160576
23185,0,0,1e-12,TRUE,"VS_SH_N",577,21160577
24557,0,0,1e-12,TRUE,"VS_SH_N",578,21160578
23386,0,0,1e-12,TRUE,"VS_SH_N",579,21160579
23142,0,0,1e-12,TRUE,"VS_SH_N",580,21160580
23589,0,0,1e-12,TRUE,"VS_SH_N",581,21160581
23224,0,0,1e-12,TRUE,"VS_SH_N",582,21160582
22165,0,0,1e-12,TRUE,"VS_SH_N",583,21160583
23021,0,0,1e-12,TRUE,"VS_SH_N",584,21160584
23163,0,0,1e-12,TRUE,"VS_SH_N",585,21160585
22859,0,0,1e-12,TRUE,"VS_SH_N",586,21160586
23959,0,0,1e-12,TRUE,"VS_SH_N",587,21160587
24761,0,0,1e-12,TRUE,"VS_SH_N",588,21160588
23851,0,0,1e-12,TRUE,"VS_SH_N",589,21160589
23591,0,0,1e-12,TRUE,"VS_SH_N",590,21160590
23379,0,0,1e-12,TRUE,"VS_SH_N",591,21160591
23341,0,0,1e-12,TRUE,"VS_SH_N",592,21160592
23191,0,0,1e-12,TRUE,"VS_SH_N",593,21160593
22953,0,0,1e-12,TRUE,"VS_SH_N",594,21160594
24029,0,0,1e-12,TRUE,"VS_SH_N",595,21160595
23396,0,0,1e-12,TRUE,"VS_SH_N",596,21160596
23804,0,0,1e-12,TRUE,"VS_SH_N",597,21160597
22747,0,0,1e-12,TRUE,"VS_SH_N",598,21160598
24078,0,0,1e-12,TRUE,"VS_SH_N",599,21160599
24029,0,0,1e-12,TRUE,"VS_SH_N",600,21160600
21584,0,0,1e-12,TRUE,"VS_SH_N",601,21160601
23098,0,0,1e-12,TRUE,"VS_SH_N",602,21160602
23120,0,0,1e-12,TRUE,"VS_SH_N",603,21160603
23287,0,0,1e-12,TRUE,"VS_SH_N",604,21160604
23169,0,0,1e-12,TRUE,"VS_SH_N",605,21160605
23873,0,0,1e-12,TRUE,"VS_SH_N",606,21160606
22843,0,0,1e-12,TRUE,"VS_SH_N",607,21160607
23965,0,0,1e-12,TRUE,"VS_SH_N",608,21160608
22434,0,0,1e-12,TRUE,"VS_SH_N",609,21160609
23093,0,0,1e-12,TRUE,"VS_SH_N",610,21160610
24069,0,0,1e-12,TRUE,"VS_SH_N",611,21160611
23606,0,0,1e-12,TRUE,"VS_SH_N",612,21160612
23046,0,0,1e-12,TRUE,"VS_SH_N",613,21160613
23052,0,0,1e-12,TRUE,"VS_SH_N",614,21160614
22891,0,0,1e-12,TRUE,"VS_SH_N",615,21160615
22103,0,0,1e-12,TRUE,"VS_SH_N",616,21160616
22600,0,0,1e-12,TRUE,"VS_SH_N",617,21160617
24066,0,0,1e-12,TRUE,"VS_SH_N",618,21160618
23813,0,0,1e-12,TRUE,"VS_SH_N",619,21160619
24185,0,0,1e-12,TRUE,"VS_SH_N",620,21160620
23388,0,0,1e-12,TRUE,"VS_SH_N",621,21160621
23347,0,0,1e-12,TRUE,"VS_SH_N",622,21160622
25059,0,0,1e-12,TRUE,"VS_SH_N",623,21160623
23995,0,0,1e-12,TRUE,"VS_SH_N",624,21160624
24891,0,0,1e-12,TRUE,"VS_SH_N",625,21160625
22745,0,0,1e-12,TRUE,"VS_SH_N",626,21160626
22122,0,0,1e-12,TRUE,"VS_SH_N",627,21160627
23704,0,0,1e-12,TRUE,"VS_SH_N",628,21160628
23126,0,0,1e-12,TRUE,"VS_SH_N",629,21160629
23004,0,0,1e-12,TRUE,"VS_SH_N",630,21160630
23431,0,0,1e-12,TRUE,"VS_SH_N",631,21160631
23770,0,0,1e-12,TRUE,"VS_SH_N",632,21160632
23860,0,0,1e-12,TRUE,"VS_SH_N",633,21160633
23626,0,0,1e-12,TRUE,"VS_SH_N",634,21160634
23809,0,0,1e-12,TRUE,"VS_SH_N",635,21160635
23205,0,0,1e-12,TRUE,"VS_SH_N",636,21160636
23746,0,0,1e-12,TRUE,"VS_SH_N",637,21160637
22954,0,0,1e-12,TRUE,"VS_SH_N",638,21160638
24212,0,0,1e-12,TRUE,"VS_SH_N",639,21160639
23328,0,0,1e-12,TRUE,"VS_SH_N",640,21160640
23245,0,0,1e-12,TRUE,"VS_SH_N",641,21160641
23480,0,0,1e-12,TRUE,"VS_SH_N",642,21160642
24095,0,0,1e-12,TRUE,"VS_SH_N",643,21160643
23531,0,0,1e-12,TRUE,"VS_SH_N",644,21160644
24002,0,0,1e-12,TRUE,"VS_SH_N",645,21160645
24214,0,0,1e-12,TRUE,"VS_SH_N",646,21160646
23788,0,0,1e-12,TRUE,"VS_SH_N",647,21160647
23727,0,0,1e-12,TRUE,"VS_SH_N",648,21160648
21742,0,0,1e-12,TRUE,"VS_SH_N",649,21160649
23025,0,0,1e-12,TRUE,"VS_SH_N",650,21160650
22491,0,0,1e-12,TRUE,"VS_SH_N",651,21160651
23561,0,0,1e-12,TRUE,"VS_SH_N",652,21160652
22765,0,0,1e-12,TRUE,"VS_SH_N",653,21160653
23393,0,0,1e-12,TRUE,"VS_SH_N",654,21160654
23428,0,0,1e-12,TRUE,"VS_SH_N",655,21160655
23016,0,0,1e-12,TRUE,"VS_SH_N",656,21160656
23983,0,0,1e-12,TRUE,"VS_SH_N",657,21160657
23168,0,0,1e-12,TRUE,"VS_SH_N",658,21160658
23631,0,0,1e-12,TRUE,"VS_SH_N",659,21160659
23713,0,0,1e-12,TRUE,"VS_SH_N",660,21160660
22920,0,0,1e-12,TRUE,"VS_SH_N",661,21160661
23423,0,0,1e-12,TRUE,"VS_SH_N",662,21160662
23005,0,0,1e-12,TRUE,"VS_SH_N",663,21160663
23840,0,0,1e-12,TRUE,"VS_SH_N",664,21160664
23775,0,0,1e-12,TRUE,"VS_SH_N",665,21160665
24894,0,0,1e-12,TRUE,"VS_SH_N",666,21160666
23825,0,0,1e-12,TRUE,"VS_SH_N",667,21160667
23528,0,0,1e-12,TRUE,"VS_SH_N",668,21160668
23108,0,0,1e-12,TRUE,"VS_SH_N",669,21160669
22930,0,0,1e-12,TRUE,"VS_SH_N",670,21160670
22515,0,0,1e-12,TRUE,"VS_SH_N",671,21160671
23861,0,0,1e-12,TRUE,"VS_SH_N",672,21160672
23073,0,0,1e-12,TRUE,"VS_SH_N",673,21160673
22922,0,0,1e-12,TRUE,"VS_SH_N",674,21160674
23252,0,0,1e-12,TRUE,"VS_SH_N",675,21160675
25380,0,0,1e-12,TRUE,"VS_SH_N",676,21160676
23840,0,0,1e-12,TRUE,"VS_SH_N",677,21160677
22986,0,0,1e-12,TRUE,"VS_SH_N",678,21160678
23178,0,0,1e-12,TRUE,"VS_SH_N",679,21160679
24153,0,0,1e-12,TRUE,"VS_SH_N",680,21160680
23747,0,0,1e-12,TRUE,"VS_SH_N",681,21160681
24012,0,0,1e-12,TRUE,"VS_SH_N",682,21160682
22656,0,0,1e-12,TRUE,"VS_SH_N",683,21160683
23401,0,0,1e-12,TRUE,"VS_SH_N",684,21160684
23553,0,0,1e-12,TRUE,"VS_SH_N",685,21160685
22516,0,0,1e-12,TRUE,"VS_SH_N",686,21160686
22654,0,0,1e-12,TRUE,"VS_SH_N",687,21160687
23841,0,0,1e-12,TRUE,"VS_SH_N",688,21160688
23756,0,0,1e-12,TRUE,"VS_SH_N",689,21160689
23761,0,0,1e-12,TRUE,"VS_SH_N",690,21160690
23675,0,0,1e-12,TRUE,"VS_SH_N",691,21160691
23053,0,0,1e-12,TRUE,"VS_SH_N",692,21160692
23184,0,0,1e-12,TRUE,"VS_SH_N",693,21160693
22675,0,0,1e-12,TRUE,"VS_SH_N",694,21160694
22954,0,0,1e-12,TRUE,"VS_SH_N",695,21160695
24113,0,0,1e-12,TRUE,"VS_SH_N",696,21160696
24185,0,0,1e-12,TRUE,"VS_SH_N",697,21160697
22552,0,0,1e-12,TRUE,"VS_SH_N",698,21160698
22336,0,0,1e-12,TRUE,"VS_SH_N",699,21160699
23577,0,0,1e-12,TRUE,"VS_SH_N",700,21160700
23498,0,0,1e-12,TRUE,"VS_SH_N",701,21160701
22461,0,0,1e-12,TRUE,"VS_SH_N",702,21160702
22857,0,0,1e-12,TRUE,"VS_SH_N",703,21160703
23997,0,0,1e-12,TRUE,"VS_SH_N",704,21160704
22432,0,0,1e-12,TRUE,"VS_SH_N",705,21160705
23708,0,0,1e-12,TRUE,"VS_SH_N",706,21160706
23449,0,0,1e-12,TRUE,"VS_SH_N",707,21160707
23578,0,0,1e-12,TRUE,"VS_SH_N",708,21160708
23111,0,0,1e-12,TRUE,"VS_SH_N",709,21160709
23322,0,0,1e-12,TRUE,"VS_SH_N",710,21160710
22560,0,0,1e-12,TRUE,"VS_SH_N",711,21160711
23638,0,0,1e-12,TRUE,"VS_SH_N",712,21160712
23428,0,0,1e-12,TRUE,"VS_SH_N",713,21160713
23782,0,0,1e-12,TRUE,"VS_SH_N",714,21160714
23382,0,0,1e-12,TRUE,"VS_SH_N",715,21160715
23715,0,0,1e-12,TRUE,"VS_SH_N",716,21160716
23757,0,0,1e-12,TRUE,"VS_SH_N",717,21160717
23609,0,0,1e-12,TRUE,"VS_SH_N",718,21160718
23834,0,0,1e-12,TRUE,"VS_SH_N",719,21160719
23582,0,0,1e-12,TRUE,"VS_SH_N",720,21160720
23479,0,0,1e-12,TRUE,"VS_SH_N",721,21160721
23635,0,0,1e-12,TRUE,"VS_SH_N",722,21160722
24066,0,0,1e-12,TRUE,"VS_SH_N",723,21160723
23348,0,0,1e-12,TRUE,"VS_SH_N",724,21160724
23218,0,0,1e-12,TRUE,"VS_SH_N",725,21160725
24032,0,0,1e-12,TRUE,"VS_SH_N",726,21160726
22947,0,0,1e-12,TRUE,"VS_SH_N",727,21160727
23458,0,0,1e-12,TRUE,"VS_SH_N",728,21160728
23018,0,0,1e-12,TRUE,"VS_SH_N",729,21160729
23098,0,0,1e-12,TRUE,"VS_SH_N",730,21160730
23071,0,0,1e-12,TRUE,"VS_SH_N",731,21160731
23892,0,0,1e-12,TRUE,"VS_SH_N",732,21160732
23299,0,0,1e-12,TRUE,"VS_SH_N",733,21160733
23403,0,0,1e-12,TRUE,"VS_SH_N",734,21160734
24222,0,0,1e-12,TRUE,"VS_SH_N",735,21160735
23397,0,0,1e-12,TRUE,"VS_SH_N",736,21160736
24377,0,0,1e-12,TRUE,"VS_SH_N",737,21160737
23569,0,0,1e-12,TRUE,"VS_SH_N",738,21160738
23599,0,0,1e-12,TRUE,"VS_SH_N",739,21160739
22837,0,0,1e-12,TRUE,"VS_SH_N",740,21160740
23168,0,0,1e-12,TRUE,"VS_SH_N",741,21160741
23478,0,0,1e-12,TRUE,"VS_SH_N",742,21160742
23114,0,0,1e-12,TRUE,"VS_SH_N",743,21160743
22799,0,0,1e-12,TRUE,"VS_SH_N",744,21160744
23737,0,0,1e-12,TRUE,"VS_SH_N",745,21160745
22730,0,0,1e-12,TRUE,"VS_SH_N",746,21160746
23255,0,0,1e-12,TRUE,"VS_SH_N",747,21160747
23254,0,0,1e-12,TRUE,"VS_SH_N",748,21160748
22514,0,0,1e-12,TRUE,"VS_SH_N",749,21160749
21578,0,0,1e-12,TRUE,"VS_SH_N",750,21160750
23679,0,0,1e-12,TRUE,"VS_SH_N",751,21160751
23233,0,0,1e-12,TRUE,"VS_SH_N",752,21160752
23273,0,0,1e-12,TRUE,"VS_SH_N",753,21160753
23792,0,0,1e-12,TRUE,"VS_SH_N",754,21160754
23880,0,0,1e-12,TRUE,"VS_SH_N",755,21160755
22981,0,0,1e-12,TRUE,"VS_SH_N",756,21160756
23554,0,0,1e-12,TRUE,"VS_SH_N",757,21160757
22865,0,0,1e-12,TRUE,"VS_SH_N",758,21160758
23625,0,0,1e-12,TRUE,"VS_SH_N",759,21160759
24355,0,0,1e-12,TRUE,"VS_SH_N",760,21160760
23630,0,0,1e-12,TRUE,"VS_SH_N",761,21160761
23048,0,0,1e-12,TRUE,"VS_SH_N",762,21160762
23210,0,0,1e-12,TRUE,"VS_SH_N",763,21160763
23514,0,0,1e-12,TRUE,"VS_SH_N",764,21160764
23868,0,0,1e-12,TRUE,"VS_SH_N",765,21160765
23440,0,0,1e-12,TRUE,"VS_SH_N",766,21160766
23460,0,0,1e-12,TRUE,"VS_SH_N",767,21160767
22385,0,0,1e-12,TRUE,"VS_SH_N",768,21160768
22478,0,0,1e-12,TRUE,"VS_SH_N",769,21160769
23345,0,0,1e-12,TRUE,"VS_SH_N",770,21160770
22999,0,0,1e-12,TRUE,"VS_SH_N",771,21160771
23807,0,0,1e-12,TRUE,"VS_SH_N",772,21160772
23413,0,0,1e-12,TRUE,"VS_SH_N",773,21160773
24494,0,0,1e-12,TRUE,"VS_SH_N",774,21160774
23562,0,0,1e-12,TRUE,"VS_SH_N",775,21160775
23398,0,0,1e-12,TRUE,"VS_SH_N",776,21160776
23634,0,0,1e-12,TRUE,"VS_SH_N",777,21160777
23715,0,0,1e-12,TRUE,"VS_SH_N",778,21160778
22031,0,0,1e-12,TRUE,"VS_SH_N",779,21160779
22764,0,0,1e-12,TRUE,"VS_SH_N",780,21160780
22993,0,0,1e-12,TRUE,"VS_SH_N",781,21160781
23771,0,0,1e-12,TRUE,"VS_SH_N",782,21160782
23436,0,0,1e-12,TRUE,"VS_SH_N",783,21160783
23652,0,0,1e-12,TRUE,"VS_SH_N",784,21160784
23033,0,0,1e-12,TRUE,"VS_SH_N",785,21160785
23183,0,0,1e-12,TRUE,"VS_SH_N",786,21160786
23796,0,0,1e-12,TRUE,"VS_SH_N",787,21160787
22515,0,0,1e-12,TRUE,"VS_SH_N",788,21160788
22830,0,0,1e-12,TRUE,"VS_SH_N",789,21160789
23247,0,0,1e-12,TRUE,"VS_SH_N",790,21160790
24629,0,0,1e-12,TRUE,"VS_SH_N",791,21160791
23764,0,0,1e-12,TRUE,"VS_SH_N",792,21160792
23584,0,0,1e-12,TRUE,"VS_SH_N",793,21160793
23731,0,0,1e-12,TRUE,"VS_SH_N",794,21160794
24413,0,0,1e-12,TRUE,"VS_SH_N",795,21160795
24015,0,0,1e-12,TRUE,"VS_SH_N",796,21160796
22721,0,0,1e-12,TRUE,"VS_SH_N",797,21160797
23081,0,0,1e-12,TRUE,"VS_SH_N",798,21160798
24040,0,0,1e-12,TRUE,"VS_SH_N",799,21160799
24287,0,0,1e-12,TRUE,"VS_SH_N",800,21160800
24531,0,0,1e-12,TRUE,"VS_SH_N",801,21160801
23809,0,0,1e-12,TRUE,"VS_SH_N",802,21160802
23784,0,0,1e-12,TRUE,"VS_SH_N",803,21160803
22526,0,0,1e-12,TRUE,"VS_SH_N",804,21160804
22353,0,0,1e-12,TRUE,"VS_SH_N",805,21160805
23597,0,0,1e-12,TRUE,"VS_SH_N",806,21160806
22536,0,0,1e-12,TRUE,"VS_SH_N",807,21160807
23934,0,0,1e-12,TRUE,"VS_SH_N",808,21160808
23944,0,0,1e-12,TRUE,"VS_SH_N",809,21160809
23047,0,0,1e-12,TRUE,"VS_SH_N",810,21160810
23509,0,0,1e-12,TRUE,"VS_SH_N",811,21160811
23285,0,0,1e-12,TRUE,"VS_SH_N",812,21160812
22361,0,0,1e-12,TRUE,"VS_SH_N",813,21160813
23947,0,0,1e-12,TRUE,"VS_SH_N",814,21160814
24578,0,0,1e-12,TRUE,"VS_SH_N",815,21160815
22216,0,0,1e-12,TRUE,"VS_SH_N",816,21160816
22259,0,0,1e-12,TRUE,"VS_SH_N",817,21160817
23543,0,0,1e-12,TRUE,"VS_SH_N",818,21160818
22408,0,0,1e-12,TRUE,"VS_SH_N",819,21160819
23332,0,0,1e-12,TRUE,"VS_SH_N",820,21160820
23776,0,0,1e-12,TRUE,"VS_SH_N",821,21160821
22666,0,0,1e-12,TRUE,"VS_SH_N",822,21160822
22386,0,0,1e-12,TRUE,"VS_SH_N",823,21160823
23460,0,0,1e-12,TRUE,"VS_SH_N",824,21160824
24122,0,0,1e-12,TRUE,"VS_SH_N",825,21160825
23891,0,0,1e-12,TRUE,"VS_SH_N",826,21160826
22812,0,0,1e-12,TRUE,"VS_SH_N",827,21160827
23644,0,0,1e-12,TRUE,"VS_SH_N",828,21160828
24199,0,0,1e-12,TRUE,"VS_SH_N",829,21160829
23509,0,0,1e-12,TRUE,"VS_SH_N",830,21160830
23887,0,0,1e-12,TRUE,"VS_SH_N",831,21160831
24512,0,0,1e-12,TRUE,"VS_SH_N",832,21160832
23874,0,0,1e-12,TRUE,"VS_SH_N",833,21160833
24053,0,0,1e-12,TRUE,"VS_SH_N",834,21160834
22510,0,0,1e-12,TRUE,"VS_SH_N",835,21160835
23514,0,0,1e-12,TRUE,"VS_SH_N",836,21160836
23088,0,0,1e-12,TRUE,"VS_SH_N",837,21160837
23162,0,0,1e-12,TRUE,"VS_SH_N",838,21160838
24233,0,0,1e-12,TRUE,"VS_SH_N",839,21160839
23489,0,0,1e-12,TRUE,"VS_SH_N",840,21160840
23013,0,0,1e-12,TRUE,"VS_SH_N",841,21160841
22725,0,0,1e-12,TRUE,"VS_SH_N",842,21160842
24620,0,0,1e-12,TRUE,"VS_SH_N",843,21160843
23598,0,0,1e-12,TRUE,"VS_SH_N",844,21160844
22953,0,0,1e-12,TRUE,"VS_SH_N",845,21160845
23449,0,0,1e-12,TRUE,"VS_SH_N",846,21160846
23901,0,0,1e-12,TRUE,"VS_SH_N",847,21160847
22877,0,0,1e-12,TRUE,"VS_SH_N",848,21160848
23240,0,0,1e-12,TRUE,"VS_SH_N",849,21160849
24300,0,0,1e-12,TRUE,"VS_SH_N",850,21160850
23439,0,0,1e-12,TRUE,"VS_SH_N",851,21160851
23917,0,0,1e-12,TRUE,"VS_SH_N",852,21160852
22901,0,0,1e-12,TRUE,"VS_SH_N",853,21160853
23578,0,0,1e-12,TRUE,"VS_SH_N",854,21160854
23531,0,0,1e-12,TRUE,"VS_SH_N",855,21160855
22864,0,0,1e-12,TRUE,"VS_SH_N",856,21160856
22669,0,0,1e-12,TRUE,"VS_SH_N",857,21160857
23127,0,0,1e-12,TRUE,"VS_SH_N",858,21160858
22763,0,0,1e-12,TRUE,"VS_SH_N",859,21160859
23580,0,0,1e-12,TRUE,"VS_SH_N",860,21160860
23834,0,0,1e-12,TRUE,"VS_SH_N",861,21160861
22935,0,0,1e-12,TRUE,"VS_SH_N",862,21160862
22958,0,0,1e-12,TRUE,"VS_SH_N",863,21160863
22806,0,0,1e-12,TRUE,"VS_SH_N",864,21160864
23649,0,0,1e-12,TRUE,"VS_SH_N",865,21160865
23028,0,0,1e-12,TRUE,"VS_SH_N",866,21160866
22495,0,0,1e-12,TRUE,"VS_SH_N",867,21160867
23339,0,0,1e-12,TRUE,"VS_SH_N",868,21160868
22628,0,0,1e-12,TRUE,"VS_SH_N",869,21160869
23952,0,0,1e-12,TRUE,"VS_SH_N",870,21160870
22735,0,0,1e-12,TRUE,"VS_SH_N",871,21160871
22537,0,0,1e-12,TRUE,"VS_SH_N",872,21160872
23439,0,0,1e-12,TRUE,"VS_SH_N",873,21160873
23196,0,0,1e-12,TRUE,"VS_SH_N",874,21160874
23828,0,0,1e-12,TRUE,"VS_SH_N",875,21160875
23277,0,0,1e-12,TRUE,"VS_SH_N",876,21160876
23585,0,0,1e-12,TRUE,"VS_SH_N",877,21160877
23084,0,0,1e-12,TRUE,"VS_SH_N",878,21160878
24162,0,0,1e-12,TRUE,"VS_SH_N",879,21160879
24153,0,0,1e-12,TRUE,"VS_SH_N",880,21160880
23387,0,0,1e-12,TRUE,"VS_SH_N",881,21160881
23406,0,0,1e-12,TRUE,"VS_SH_N",882,21160882
22676,0,0,1e-12,TRUE,"VS_SH_N",883,21160883
22627,0,0,1e-12,TRUE,"VS_SH_N",884,21160884
23187,0,0,1e-12,TRUE,"VS_SH_N",885,21160885
23569,0,0,1e-12,TRUE,"VS_SH_N",886,21160886
23186,0,0,1e-12,TRUE,"VS_SH_N",887,21160887
22790,0,0,1e-12,TRUE,"VS_SH_N",888,21160888
24289,0,0,1e-12,TRUE,"VS_SH_N",889,21160889
23600,0,0,1e-12,TRUE,"VS_SH_N",890,21160890
24002,0,0,1e-12,TRUE,"VS_SH_N",891,21160891
23370,0,0,1e-12,TRUE,"VS_SH_N",892,21160892
23332,0,0,1e-12,TRUE,"VS_SH_N",893,21160893
24424,0,0,1e-12,TRUE,"VS_SH_N",894,21160894
22900,0,0,1e-12,TRUE,"VS_SH_N",895,21160895
23460,0,0,1e-12,TRUE,"VS_SH_N",896,21160896
23730,0,0,1e-12,TRUE,"VS_SH_N",897,21160897
24452,0,0,1e-12,TRUE,"VS_SH_N",898,21160898
22414,0,0,1e-12,TRUE,"VS_SH_N",899,21160899
23699,0,0,1e-12,TRUE,"VS_SH_N",900,21160900
23777,0,0,1e-12,TRUE,"VS_SH_N",901,21160901
24607,0,0,1e-12,TRUE,"VS_SH_N",902,21160902
22777,0,0,1e-12,TRUE,"VS_SH_N",903,21160903
23425,0,0,1e-12,TRUE,"VS_SH_N",904,21160904
22370,0,0,1e-12,TRUE,"VS_SH_N",905,21160905
23807,0,0,1e-12,TRUE,"VS_SH_N",906,21160906
23169,0,0,1e-12,TRUE,"VS_SH_N",907,21160907
24321,0,0,1e-12,TRUE,"VS_SH_N",908,21160908
23032,0,0,1e-12,TRUE,"VS_SH_N",909,21160909
23367,0,0,1e-12,TRUE,"VS_SH_N",910,21160910
23647,0,0,1e-12,TRUE,"VS_SH_N",911,21160911
23403,0,0,1e-12,TRUE,"VS_SH_N",912,21160912
23097,0,0,1e-12,TRUE,"VS_SH_N",913,21160913
23961,0,0,1e-12,TRUE,"VS_SH_N",914,21160914
24405,0,0,1e-12,TRUE,"VS_SH_N",915,21160915
23507,0,0,1e-12,TRUE,"VS_SH_N",916,21160916
23222,0,0,1e-12,TRUE,"VS_SH_N",917,21160917
24359,0,0,1e-12,TRUE,"VS_SH_N",918,21160918
22256,0,0,1e-12,TRUE,"VS_SH_N",919,21160919
22669,0,0,1e-12,TRUE,"VS_SH_N",920,21160920
24255,0,0,1e-12,TRUE,"VS_SH_N",921,21160921
22177,0,0,1e-12,TRUE,"VS_SH_N",922,21160922
22439,0,0,1e-12,TRUE,"VS_SH_N",923,21160923
22744,0,0,1e-12,TRUE,"VS_SH_N",924,21160924
23464,0,0,1e-12,TRUE,"VS_SH_N",925,21160925
23544,0,0,1e-12,TRUE,"VS_SH_N",926,21160926
23309,0,0,1e-12,TRUE,"VS_SH_N",927,21160927
23313,0,0,1e-12,TRUE,"VS_SH_N",928,21160928
23120,0,0,1e-12,TRUE,"VS_SH_N",929,21160929
24032,0,0,1e-12,TRUE,"VS_SH_N",930,21160930
23887,0,0,1e-12,TRUE,"VS_SH_N",931,21160931
22587,0,0,1e-12,TRUE,"VS_SH_N",932,21160932
23295,0,0,1e-12,TRUE,"VS_SH_N",933,21160933
23527,0,0,1e-12,TRUE,"VS_SH_N",934,21160934
22050,0,0,1e-12,TRUE,"VS_SH_N",935,21160935
22645,0,0,1e-12,TRUE,"VS_SH_N",936,21160936
23632,0,0,1e-12,TRUE,"VS_SH_N",937,21160937
23914,0,0,1e-12,TRUE,"VS_SH_N",938,21160938
22480,0,0,1e-12,TRUE,"VS_SH_N",939,21160939
22859,0,0,1e-12,TRUE,"VS_SH_N",940,21160940
23270,0,0,1e-12,TRUE,"VS_SH_N",941,21160941
23570,0,0,1e-12,TRUE,"VS_SH_N",942,21160942
23025,0,0,1e-12,TRUE,"VS_SH_N",943,21160943
23063,0,0,1e-12,TRUE,"VS_SH_N",944,21160944
23540,0,0,1e-12,TRUE,"VS_SH_N",945,21160945
22772,0,0,1e-12,TRUE,"VS_SH_N",946,21160946
23107,0,0,1e-12,TRUE,"VS_SH_N",947,21160947
23127,0,0,1e-12,TRUE,"VS_SH_N",948,21160948
23519,0,0,1e-12,TRUE,"VS_SH_N",949,21160949
22082,0,0,1e-12,TRUE,"VS_SH_N",950,21160950
23620,0,0,1e-12,TRUE,"VS_SH_N",951,21160951
23704,0,0,1e-12,TRUE,"VS_SH_N",952,21160952
23588,0,0,1e-12,TRUE,"VS_SH_N",953,21160953
23581,0,0,1e-12,TRUE,"VS_SH_N",954,21160954
23797,0,0,1e-12,TRUE,"VS_SH_N",955,21160955
22082,0,0,1e-12,TRUE,"VS_SH_N",956,21160956
23285,0,0,1e-12,TRUE,"VS_SH_N",957,21160957
23142,0,0,1e-12,TRUE,"VS_SH_N",958,21160958
23754,0,0,1e-12,TRUE,"VS_SH_N",959,21160959
23330,0,0,1e-12,TRUE,"VS_SH_N",960,21160960
23346,0,0,1e-12,TRUE,"VS_SH_N",961,21160961
22531,0,0,1e-12,TRUE,"VS_SH_N",962,21160962
22566,0,0,1e-12,TRUE,"VS_SH_N",963,21160963
23095,0,0,1e-12,TRUE,"VS_SH_N",964,21160964
22569,0,0,1e-12,TRUE,"VS_SH_N",965,21160965
23029,0,0,1e-12,TRUE,"VS_SH_N",966,21160966
23537,0,0,1e-12,TRUE,"VS_SH_N",967,21160967
24268,0,0,1e-12,TRUE,"VS_SH_N",968,21160968
22511,0,0,1e-12,TRUE,"VS_SH_N",969,21160969
23205,0,0,1e-12,TRUE,"VS_SH_N",970,21160970
24516,0,0,1e-12,TRUE,"VS_SH_N",971,21160971
23344,0,0,1e-12,TRUE,"VS_SH_N",972,21160972
23011,0,0,1e-12,TRUE,"VS_SH_N",973,21160973
23992,0,0,1e-12,TRUE,"VS_SH_N",974,21160974
24397,0,0,1e-12,TRUE,"VS_SH_N",975,21160975
24039,0,0,1e-12,TRUE,"VS_SH_N",976,21160976
22934,0,0,1e-12,TRUE,"VS_SH_N",977,21160977
24032,0,0,1e-12,TRUE,"VS_SH_N",978,21160978
23675,0,0,1e-12,TRUE,"VS_SH_N",979,21160979
24984,0,0,1e-12,TRUE,"VS_SH_N",980,21160980
23505,0,0,1e-12,TRUE,"VS_SH_N",981,21160981
23702,0,0,1e-12,TRUE,"VS_SH_N",982,21160982
23981,0,0,1e-12,TRUE,"VS_SH_N",983,21160983
24792,0,0,1e-12,TRUE,"VS_SH_N",984,21160984
24493,0,0,1e-12,TRUE,"VS_SH_N",985,21160985
22724,0,0,1e-12,TRUE,"VS_SH_N",986,21160986
23468,0,0,1e-12,TRUE,"VS_SH_N",987,21160987
23726,0,0,1e-12,TRUE,"VS_SH_N",988,21160988
23146,0,0,1e-12,TRUE,"VS_SH_N",989,21160989
23948,0,0,1e-12,TRUE,"VS_SH_N",990,21160990
22956,0,0,1e-12,TRUE,"VS_SH_N",991,21160991
23263,0,0,1e-12,TRUE,"VS_SH_N",992,21160992
24333,0,0,1e-12,TRUE,"VS_SH_N",993,21160993
22805,0,0,1e-12,TRUE,"VS_SH_N",994,21160994
22825,0,0,1e-12,TRUE,"VS_SH_N",995,21160995
23202,0,0,1e-12,TRUE,"VS_SH_N",996,21160996
22370,0,0,1e-12,TRUE,"VS_SH_N",997,21160997
23586,0,0,1e-12,TRUE,"VS_SH_N",998,21160998
25473,0,0,1e-12,TRUE,"VS_SH_N",999,21160999
23332,0,0,1e-12,TRUE,"VS_SH_N",1000,21161000
24197,0,0,1e-12,TRUE,"VS_SH_A",1,21260001
23467,0,0,1e-12,TRUE,"VS_SH_A",2,21260002
25017,0,0,1e-12,TRUE,"VS_SH_A",3,21260003
23352,0,0,1e-12,TRUE,"VS_SH_A",4,21260004
22450,0,0,1e-12,TRUE,"VS_SH_A",5,21260005
22547,0,0,1e-12,TRUE,"VS_SH_A",6,21260006
23042,0,0,1e-12,TRUE,"VS_SH_A",7,21260007
24296,0,0,1e-12,TRUE,"VS_SH_A",8,21260008
24288,0,0,1e-12,TRUE,"VS_SH_A",9,21260009
22502,0,0,1e-12,TRUE,"VS_SH_A",10,21260010
25054,0,0,1e-12,TRUE,"VS_SH_A",11,21260011
24465,0,0,1e-12,TRUE,"VS_SH_A",12,21260012
24981,0,0,1e-12,TRUE,"VS_SH_A",13,21260013
23691,0,0,1e-12,TRUE,"VS_SH_A",14,21260014
22988,0,0,1e-12,TRUE,"VS_SH_A",15,21260015
23281,0,0,1e-12,TRUE,"VS_SH_A",16,21260016
23284,0,0,1e-12,TRUE,"VS_SH_A",17,21260017
24394,0,0,1e-12,TRUE,"VS_SH_A",18,21260018
22597,0,0,1e-12,TRUE,"VS_SH_A",19,21260019
23595,0,0,1e-12,TRUE,"VS_SH_A",20,21260020
23627,0,0,1e-12,TRUE,"VS_SH_A",21,21260021
24217,0,0,1e-12,TRUE,"VS_SH_A",22,21260022
23225,0,0,1e-12,TRUE,"VS_SH_A",23,21260023
24753,0,0,1e-12,TRUE,"VS_SH_A",24,21260024
24641,0,0,1e-12,TRUE,"VS_SH_A",25,21260025
23616,0,0,1e-12,TRUE,"VS_SH_A",26,21260026
24418,0,0,1e-12,TRUE,"VS_SH_A",27,21260027
22823,0,0,1e-12,TRUE,"VS_SH_A",28,21260028
22679,0,0,1e-12,TRUE,"VS_SH_A",29,21260029
23008,0,0,1e-12,TRUE,"VS_SH_A",30,21260030
24611,0,0,1e-12,TRUE,"VS_SH_A",31,21260031
22758,0,0,1e-12,TRUE,"VS_SH_A",32,21260032
23418,0,0,1e-12,TRUE,"VS_SH_A",33,21260033
23526,0,0,1e-12,TRUE,"VS_SH_A",34,21260034
23469,0,0,1e-12,TRUE,"VS_SH_A",35,21260035
23944,0,0,1e-12,TRUE,"VS_SH_A",36,21260036
23641,0,0,1e-12,TRUE,"VS_SH_A",37,21260037
23964,0,0,1e-12,TRUE,"VS_SH_A",38,21260038
24813,0,0,1e-12,TRUE,"VS_SH_A",39,21260039
24308,0,0,1e-12,TRUE,"VS_SH_A",40,21260040
23077,0,0,1e-12,TRUE,"VS_SH_A",41,21260041
24327,0,0,1e-12,TRUE,"VS_SH_A",42,21260042
24524,0,0,1e-12,TRUE,"VS_SH_A",43,21260043
23553,0,0,1e-12,TRUE,"VS_SH_A",44,21260044
22907,0,0,1e-12,TRUE,"VS_SH_A",45,21260045
23840,0,0,1e-12,TRUE,"VS_SH_A",46,21260046
24396,0,0,1e-12,TRUE,"VS_SH_A",47,21260047
23577,0,0,1e-12,TRUE,"VS_SH_A",48,21260048
23517,0,0,1e-12,TRUE,"VS_SH_A",49,21260049
23961,0,0,1e-12,TRUE,"VS_SH_A",50,21260050
24606,0,0,1e-12,TRUE,"VS_SH_A",51,21260051
23859,0,0,1e-12,TRUE,"VS_SH_A",52,21260052
23302,0,0,1e-12,TRUE,"VS_SH_A",53,21260053
23560,0,0,1e-12,TRUE,"VS_SH_A",54,21260054
24427,0,0,1e-12,TRUE,"VS_SH_A",55,21260055
23350,0,0,1e-12,TRUE,"VS_SH_A",56,21260056
22672,0,0,1e-12,TRUE,"VS_SH_A",57,21260057
24581,0,0,1e-12,TRUE,"VS_SH_A",58,21260058
23636,0,0,1e-12,TRUE,"VS_SH_A",59,21260059
23754,0,0,1e-12,TRUE,"VS_SH_A",60,21260060
22560,0,0,1e-12,TRUE,"VS_SH_A",61,21260061
22967,0,0,1e-12,TRUE,"VS_SH_A",62,21260062
22449,0,0,1e-12,TRUE,"VS_SH_A",63,21260063
23350,0,0,1e-12,TRUE,"VS_SH_A",64,21260064
23170,0,0,1e-12,TRUE,"VS_SH_A",65,21260065
23670,0,0,1e-12,TRUE,"VS_SH_A",66,21260066
22826,0,0,1e-12,TRUE,"VS_SH_A",67,21260067
22520,0,0,1e-12,TRUE,"VS_SH_A",68,21260068
24025,0,0,1e-12,TRUE,"VS_SH_A",69,21260069
24910,0,0,1e-12,TRUE,"VS_SH_A",70,21260070
23890,0,0,1e-12,TRUE,"VS_SH_A",71,21260071
22927,0,0,1e-12,TRUE,"VS_SH_A",72,21260072
22817,0,0,1e-12,TRUE,"VS_SH_A",73,21260073
22780,0,0,1e-12,TRUE,"VS_SH_A",74,21260074
24253,0,0,1e-12,TRUE,"VS_SH_A",75,21260075
23239,0,0,1e-12,TRUE,"VS_SH_A",76,21260076
23616,0,0,1e-12,TRUE,"VS_SH_A",77,21260077
23538,0,0,1e-12,TRUE,"VS_SH_A",78,21260078
24098,0,0,1e-12,TRUE,"VS_SH_A",79,21260079
22868,0,0,1e-12,TRUE,"VS_SH_A",80,21260080
24175,0,0,1e-12,TRUE,"VS_SH_A",81,21260081
22869,0,0,1e-12,TRUE,"VS_SH_A",82,21260082
23192,0,0,1e-12,TRUE,"VS_SH_A",83,21260083
23435,0,0,1e-12,TRUE,"VS_SH_A",84,21260084
23099,0,0,1e-12,TRUE,"VS_SH_A",85,21260085
23528,0,0,1e-12,TRUE,"VS_SH_A",86,21260086
23449,0,0,1e-12,TRUE,"VS_SH_A",87,21260087
21781,0,0,1e-12,TRUE,"VS_SH_A",88,21260088
23949,0,0,1e-12,TRUE,"VS_SH_A",89,21260089
24431,0,0,1e-12,TRUE,"VS_SH_A",90,21260090
23878,0,0,1e-12,TRUE,"VS_SH_A",91,21260091
23509,0,0,1e-12,TRUE,"VS_SH_A",92,21260092
23003,0,0,1e-12,TRUE,"VS_SH_A",93,21260093
24049,0,0,1e-12,TRUE,"VS_SH_A",94,21260094
24327,0,0,1e-12,TRUE,"VS_SH_A",95,21260095
23779,0,0,1e-12,TRUE,"VS_SH_A",96,21260096
22993,0,0,1e-12,TRUE,"VS_SH_A",97,21260097
24092,0,0,1e-12,TRUE,"VS_SH_A",98,21260098
23520,0,0,1e-12,TRUE,"VS_SH_A",99,21260099
23582,0,0,1e-12,TRUE,"VS_SH_A",100,21260100
23664,0,0,1e-12,TRUE,"VS_SH_A",101,21260101
24476,0,0,1e-12,TRUE,"VS_SH_A",102,21260102
23958,0,0,1e-12,TRUE,"VS_SH_A",103,21260103
24360,0,0,1e-12,TRUE,"VS_SH_A",104,21260104
22796,0,0,1e-12,TRUE,"VS_SH_A",105,21260105
24497,0,0,1e-12,TRUE,"VS_SH_A",106,21260106
24551,0,0,1e-12,TRUE,"VS_SH_A",107,21260107
24594,0,0,1e-12,TRUE,"VS_SH_A",108,21260108
23728,0,0,1e-12,TRUE,"VS_SH_A",109,21260109
22386,0,0,1e-12,TRUE,"VS_SH_A",110,21260110
23923,0,0,1e-12,TRUE,"VS_SH_A",111,21260111
23144,0,0,1e-12,TRUE,"VS_SH_A",112,21260112
24133,0,0,1e-12,TRUE,"VS_SH_A",113,21260113
23574,0,0,1e-12,TRUE,"VS_SH_A",114,21260114
23727,0,0,1e-12,TRUE,"VS_SH_A",115,21260115
24649,0,0,1e-12,TRUE,"VS_SH_A",116,21260116
24603,0,0,1e-12,TRUE,"VS_SH_A",117,21260117
22790,0,0,1e-12,TRUE,"VS_SH_A",118,21260118
24128,0,0,1e-12,TRUE,"VS_SH_A",119,21260119
23520,0,0,1e-12,TRUE,"VS_SH_A",120,21260120
23051,0,0,1e-12,TRUE,"VS_SH_A",121,21260121
24768,0,0,1e-12,TRUE,"VS_SH_A",122,21260122
23347,0,0,1e-12,TRUE,"VS_SH_A",123,21260123
23684,0,0,1e-12,TRUE,"VS_SH_A",124,21260124
23908,0,0,1e-12,TRUE,"VS_SH_A",125,21260125
24075,0,0,1e-12,TRUE,"VS_SH_A",126,21260126
24619,0,0,1e-12,TRUE,"VS_SH_A",127,21260127
23082,0,0,1e-12,TRUE,"VS_SH_A",128,21260128
24983,0,0,1e-12,TRUE,"VS_SH_A",129,21260129
23547,0,0,1e-12,TRUE,"VS_SH_A",130,21260130
23208,0,0,1e-12,TRUE,"VS_SH_A",131,21260131
24029,0,0,1e-12,TRUE,"VS_SH_A",132,21260132
24038,0,0,1e-12,TRUE,"VS_SH_A",133,21260133
23672,0,0,1e-12,TRUE,"VS_SH_A",134,21260134
24478,0,0,1e-12,TRUE,"VS_SH_A",135,21260135
23014,0,0,1e-12,TRUE,"VS_SH_A",136,21260136
24055,0,0,1e-12,TRUE,"VS_SH_A",137,21260137
23422,0,0,1e-12,TRUE,"VS_SH_A",138,21260138
23016,0,0,1e-12,TRUE,"VS_SH_A",139,21260139
23133,0,0,1e-12,TRUE,"VS_SH_A",140,21260140
23652,0,0,1e-12,TRUE,"VS_SH_A",141,21260141
24109,0,0,1e-12,TRUE,"VS_SH_A",142,21260142
23338,0,0,1e-12,TRUE,"VS_SH_A",143,21260143
23640,0,0,1e-12,TRUE,"VS_SH_A",144,21260144
23616,0,0,1e-12,TRUE,"VS_SH_A",145,21260145
22809,0,0,1e-12,TRUE,"VS_SH_A",146,21260146
22495,0,0,1e-12,TRUE,"VS_SH_A",147,21260147
24642,0,0,1e-12,TRUE,"VS_SH_A",148,21260148
24826,0,0,1e-12,TRUE,"VS_SH_A",149,21260149
23370,0,0,1e-12,TRUE,"VS_SH_A",150,21260150
25394,0,0,1e-12,TRUE,"VS_SH_A",151,21260151
23904,0,0,1e-12,TRUE,"VS_SH_A",152,21260152
23278,0,0,1e-12,TRUE,"VS_SH_A",153,21260153
24138,0,0,1e-12,TRUE,"VS_SH_A",154,21260154
23294,0,0,1e-12,TRUE,"VS_SH_A",155,21260155
22973,0,0,1e-12,TRUE,"VS_SH_A",156,21260156
24101,0,0,1e-12,TRUE,"VS_SH_A",157,21260157
23270,0,0,1e-12,TRUE,"VS_SH_A",158,21260158
24083,0,0,1e-12,TRUE,"VS_SH_A",159,21260159
23982,0,0,1e-12,TRUE,"VS_SH_A",160,21260160
23931,0,0,1e-12,TRUE,"VS_SH_A",161,21260161
22907,0,0,1e-12,TRUE,"VS_SH_A",162,21260162
23893,0,0,1e-12,TRUE,"VS_SH_A",163,21260163
23230,0,0,1e-12,TRUE,"VS_SH_A",164,21260164
22864,0,0,1e-12,TRUE,"VS_SH_A",165,21260165
24002,0,0,1e-12,TRUE,"VS_SH_A",166,21260166
23834,0,0,1e-12,TRUE,"VS_SH_A",167,21260167
24409,0,0,1e-12,TRUE,"VS_SH_A",168,21260168
23553,0,0,1e-12,TRUE,"VS_SH_A",169,21260169
23451,0,0,1e-12,TRUE,"VS_SH_A",170,21260170
23144,0,0,1e-12,TRUE,"VS_SH_A",171,21260171
23134,0,0,1e-12,TRUE,"VS_SH_A",172,21260172
23088,0,0,1e-12,TRUE,"VS_SH_A",173,21260173
22566,0,0,1e-12,TRUE,"VS_SH_A",174,21260174
23440,0,0,1e-12,TRUE,"VS_SH_A",175,21260175
23957,0,0,1e-12,TRUE,"VS_SH_A",176,21260176
24185,0,0,1e-12,TRUE,"VS_SH_A",177,21260177
22747,0,0,1e-12,TRUE,"VS_SH_A",178,21260178
24343,0,0,1e-12,TRUE,"VS_SH_A",179,21260179
22469,0,0,1e-12,TRUE,"VS_SH_A",180,21260180
25139,0,0,1e-12,TRUE,"VS_SH_A",181,21260181
23353,0,0,1e-12,TRUE,"VS_SH_A",182,21260182
23042,0,0,1e-12,TRUE,"VS_SH_A",183,21260183
24351,0,0,1e-12,TRUE,"VS_SH_A",184,21260184
23479,0,0,1e-12,TRUE,"VS_SH_A",185,21260185
23208,0,0,1e-12,TRUE,"VS_SH_A",186,21260186
25027,0,0,1e-12,TRUE,"VS_SH_A",187,21260187
23644,0,0,1e-12,TRUE,"VS_SH_A",188,21260188
22675,0,0,1e-12,TRUE,"VS_SH_A",189,21260189
24857,0,0,1e-12,TRUE,"VS_SH_A",190,21260190
23365,0,0,1e-12,TRUE,"VS_SH_A",191,21260191
23277,0,0,1e-12,TRUE,"VS_SH_A",192,21260192
22398,0,0,1e-12,TRUE,"VS_SH_A",193,21260193
23148,0,0,1e-12,TRUE,"VS_SH_A",194,21260194
23750,0,0,1e-12,TRUE,"VS_SH_A",195,21260195
23751,0,0,1e-12,TRUE,"VS_SH_A",196,21260196
23862,0,0,1e-12,TRUE,"VS_SH_A",197,21260197
23729,0,0,1e-12,TRUE,"VS_SH_A",198,21260198
24057,0,0,1e-12,TRUE,"VS_SH_A",199,21260199
22638,0,0,1e-12,TRUE,"VS_SH_A",200,21260200
23421,0,0,1e-12,TRUE,"VS_SH_A",201,21260201
24000,0,0,1e-12,TRUE,"VS_SH_A",202,21260202
23340,0,0,1e-12,TRUE,"VS_SH_A",203,21260203
23135,0,0,1e-12,TRUE,"VS_SH_A",204,21260204
24390,0,0,1e-12,TRUE,"VS_SH_A",205,21260205
23652,0,0,1e-12,TRUE,"VS_SH_A",206,21260206
22972,0,0,1e-12,TRUE,"VS_SH_A",207,21260207
23558,0,0,1e-12,TRUE,"VS_SH_A",208,21260208
23907,0,0,1e-12,TRUE,"VS_SH_A",209,21260209
23786,0,0,1e-12,TRUE,"VS_SH_A",210,21260210
22970,0,0,1e-12,TRUE,"VS_SH_A",211,21260211
23268,0,0,1e-12,TRUE,"VS_SH_A",212,21260212
23515,0,0,1e-12,TRUE,"VS_SH_A",213,21260213
24318,0,0,1e-12,TRUE,"VS_SH_A",214,21260214
23918,0,0,1e-12,TRUE,"VS_SH_A",215,21260215
24955,0,0,1e-12,TRUE,"VS_SH_A",216,21260216
24099,0,0,1e-12,TRUE,"VS_SH_A",217,21260217
23745,0,0,1e-12,TRUE,"VS_SH_A",218,21260218
23635,0,0,1e-12,TRUE,"VS_SH_A",219,21260219
22593,0,0,1e-12,TRUE,"VS_SH_A",220,21260220
23806,0,0,1e-12,TRUE,"VS_SH_A",221,21260221
23599,0,0,1e-12,TRUE,"VS_SH_A",222,21260222
24436,0,0,1e-12,TRUE,"VS_SH_A",223,21260223
23803,0,0,1e-12,TRUE,"VS_SH_A",224,21260224
24208,0,0,1e-12,TRUE,"VS_SH_A",225,21260225
22552,0,0,1e-12,TRUE,"VS_SH_A",226,21260226
23939,0,0,1e-12,TRUE,"VS_SH_A",227,21260227
25627,0,0,1e-12,TRUE,"VS_SH_A",228,21260228
23979,0,0,1e-12,TRUE,"VS_SH_A",229,21260229
23030,0,0,1e-12,TRUE,"VS_SH_A",230,21260230
24167,0,0,1e-12,TRUE,"VS_SH_A",231,21260231
23195,0,0,1e-12,TRUE,"VS_SH_A",232,21260232
23560,0,0,1e-12,TRUE,"VS_SH_A",233,21260233
23282,0,0,1e-12,TRUE,"VS_SH_A",234,21260234
24307,0,0,1e-12,TRUE,"VS_SH_A",235,21260235
23607,0,0,1e-12,TRUE,"VS_SH_A",236,21260236
23143,0,0,1e-12,TRUE,"VS_SH_A",237,21260237
23929,0,0,1e-12,TRUE,"VS_SH_A",238,21260238
22982,0,0,1e-12,TRUE,"VS_SH_A",239,21260239
24303,0,0,1e-12,TRUE,"VS_SH_A",240,21260240
23550,0,0,1e-12,TRUE,"VS_SH_A",241,21260241
24145,0,0,1e-12,TRUE,"VS_SH_A",242,21260242
23248,0,0,1e-12,TRUE,"VS_SH_A",243,21260243
23279,0,0,1e-12,TRUE,"VS_SH_A",244,21260244
23653,0,0,1e-12,TRUE,"VS_SH_A",245,21260245
23132,0,0,1e-12,TRUE,"VS_SH_A",246,21260246
24153,0,0,1e-12,TRUE,"VS_SH_A",247,21260247
22897,0,0,1e-12,TRUE,"VS_SH_A",248,21260248
24500,0,0,1e-12,TRUE,"VS_SH_A",249,21260249
23288,0,0,1e-12,TRUE,"VS_SH_A",250,21260250
24135,0,0,1e-12,TRUE,"VS_SH_A",251,21260251
23480,0,0,1e-12,TRUE,"VS_SH_A",252,21260252
24004,0,0,1e-12,TRUE,"VS_SH_A",253,21260253
23034,0,0,1e-12,TRUE,"VS_SH_A",254,21260254
24771,0,0,1e-12,TRUE,"VS_SH_A",255,21260255
23719,0,0,1e-12,TRUE,"VS_SH_A",256,21260256
23169,0,0,1e-12,TRUE,"VS_SH_A",257,21260257
24055,0,0,1e-12,TRUE,"VS_SH_A",258,21260258
23416,0,0,1e-12,TRUE,"VS_SH_A",259,21260259
23975,0,0,1e-12,TRUE,"VS_SH_A",260,21260260
23576,0,0,1e-12,TRUE,"VS_SH_A",261,21260261
23407,0,0,1e-12,TRUE,"VS_SH_A",262,21260262
24397,0,0,1e-12,TRUE,"VS_SH_A",263,21260263
23353,0,0,1e-12,TRUE,"VS_SH_A",264,21260264
23972,0,0,1e-12,TRUE,"VS_SH_A",265,21260265
23503,0,0,1e-12,TRUE,"VS_SH_A",266,21260266
23115,0,0,1e-12,TRUE,"VS_SH_A",267,21260267
23804,0,0,1e-12,TRUE,"VS_SH_A",268,21260268
24042,0,0,1e-12,TRUE,"VS_SH_A",269,21260269
24184,0,0,1e-12,TRUE,"VS_SH_A",270,21260270
24289,0,0,1e-12,TRUE,"VS_SH_A",271,21260271
24632,0,0,1e-12,TRUE,"VS_SH_A",272,21260272
24759,0,0,1e-12,TRUE,"VS_SH_A",273,21260273
21847,0,0,1e-12,TRUE,"VS_SH_A",274,21260274
24406,0,0,1e-12,TRUE,"VS_SH_A",275,21260275
23518,0,0,1e-12,TRUE,"VS_SH_A",276,21260276
23431,0,0,1e-12,TRUE,"VS_SH_A",277,21260277
23243,0,0,1e-12,TRUE,"VS_SH_A",278,21260278
23356,0,0,1e-12,TRUE,"VS_SH_A",279,21260279
24053,0,0,1e-12,TRUE,"VS_SH_A",280,21260280
23963,0,0,1e-12,TRUE,"VS_SH_A",281,21260281
22227,0,0,1e-12,TRUE,"VS_SH_A",282,21260282
23181,0,0,1e-12,TRUE,"VS_SH_A",283,21260283
22956,0,0,1e-12,TRUE,"VS_SH_A",284,21260284
23041,0,0,1e-12,TRUE,"VS_SH_A",285,21260285
23600,0,0,1e-12,TRUE,"VS_SH_A",286,21260286
23489,0,0,1e-12,TRUE,"VS_SH_A",287,21260287
22988,0,0,1e-12,TRUE,"VS_SH_A",288,21260288
22715,0,0,1e-12,TRUE,"VS_SH_A",289,21260289
24422,0,0,1e-12,TRUE,"VS_SH_A",290,21260290
24111,0,0,1e-12,TRUE,"VS_SH_A",291,21260291
24269,0,0,1e-12,TRUE,"VS_SH_A",292,21260292
23450,0,0,1e-12,TRUE,"VS_SH_A",293,21260293
23609,0,0,1e-12,TRUE,"VS_SH_A",294,21260294
22984,0,0,1e-12,TRUE,"VS_SH_A",295,21260295
23158,0,0,1e-12,TRUE,"VS_SH_A",296,21260296
23777,0,0,1e-12,TRUE,"VS_SH_A",297,21260297
23664,0,0,1e-12,TRUE,"VS_SH_A",298,21260298
23927,0,0,1e-12,TRUE,"VS_SH_A",299,21260299
24432,0,0,1e-12,TRUE,"VS_SH_A",300,21260300
23976,0,0,1e-12,TRUE,"VS_SH_A",301,21260301
23274,0,0,1e-12,TRUE,"VS_SH_A",302,21260302
23822,0,0,1e-12,TRUE,"VS_SH_A",303,21260303
22047,0,0,1e-12,TRUE,"VS_SH_A",304,21260304
23689,0,0,1e-12,TRUE,"VS_SH_A",305,21260305
23048,0,0,1e-12,TRUE,"VS_SH_A",306,21260306
23578,0,0,1e-12,TRUE,"VS_SH_A",307,21260307
23822,0,0,1e-12,TRUE,"VS_SH_A",308,21260308
24224,0,0,1e-12,TRUE,"VS_SH_A",309,21260309
23577,0,0,1e-12,TRUE,"VS_SH_A",310,21260310
23911,0,0,1e-12,TRUE,"VS_SH_A",311,21260311
23370,0,0,1e-12,TRUE,"VS_SH_A",312,21260312
23792,0,0,1e-12,TRUE,"VS_SH_A",313,21260313
23589,0,0,1e-12,TRUE,"VS_SH_A",314,21260314
22786,0,0,1e-12,TRUE,"VS_SH_A",315,21260315
23519,0,0,1e-12,TRUE,"VS_SH_A",316,21260316
23428,0,0,1e-12,TRUE,"VS_SH_A",317,21260317
24197,0,0,1e-12,TRUE,"VS_SH_A",318,21260318
24729,0,0,1e-12,TRUE,"VS_SH_A",319,21260319
23887,0,0,1e-12,TRUE,"VS_SH_A",320,21260320
22873,0,0,1e-12,TRUE,"VS_SH_A",321,21260321
23895,0,0,1e-12,TRUE,"VS_SH_A",322,21260322
25069,0,0,1e-12,TRUE,"VS_SH_A",323,21260323
23516,0,0,1e-12,TRUE,"VS_SH_A",324,21260324
25793,0,0,1e-12,TRUE,"VS_SH_A",325,21260325
24018,0,0,1e-12,TRUE,"VS_SH_A",326,21260326
23657,0,0,1e-12,TRUE,"VS_SH_A",327,21260327
23607,0,0,1e-12,TRUE,"VS_SH_A",328,21260328
23034,0,0,1e-12,TRUE,"VS_SH_A",329,21260329
22397,0,0,1e-12,TRUE,"VS_SH_A",330,21260330
23723,0,0,1e-12,TRUE,"VS_SH_A",331,21260331
24202,0,0,1e-12,TRUE,"VS_SH_A",332,21260332
24443,0,0,1e-12,TRUE,"VS_SH_A",333,21260333
22563,0,0,1e-12,TRUE,"VS_SH_A",334,21260334
23237,0,0,1e-12,TRUE,"VS_SH_A",335,21260335
23751,0,0,1e-12,TRUE,"VS_SH_A",336,21260336
23545,0,0,1e-12,TRUE,"VS_SH_A",337,21260337
23871,0,0,1e-12,TRUE,"VS_SH_A",338,21260338
23125,0,0,1e-12,TRUE,"VS_SH_A",339,21260339
23691,0,0,1e-12,TRUE,"VS_SH_A",340,21260340
23628,0,0,1e-12,TRUE,"VS_SH_A",341,21260341
24439,0,0,1e-12,TRUE,"VS_SH_A",342,21260342
23708,0,0,1e-12,TRUE,"VS_SH_A",343,21260343
22319,0,0,1e-12,TRUE,"VS_SH_A",344,21260344
24367,0,0,1e-12,TRUE,"VS_SH_A",345,21260345
24035,0,0,1e-12,TRUE,"VS_SH_A",346,21260346
23278,0,0,1e-12,TRUE,"VS_SH_A",347,21260347
23538,0,0,1e-12,TRUE,"VS_SH_A",348,21260348
24999,0,0,1e-12,TRUE,"VS_SH_A",349,21260349
23703,0,0,1e-12,TRUE,"VS_SH_A",350,21260350
24447,0,0,1e-12,TRUE,"VS_SH_A",351,21260351
23042,0,0,1e-12,TRUE,"VS_SH_A",352,21260352
23559,0,0,1e-12,TRUE,"VS_SH_A",353,21260353
24397,0,0,1e-12,TRUE,"VS_SH_A",354,21260354
23315,0,0,1e-12,TRUE,"VS_SH_A",355,21260355
24069,0,0,1e-12,TRUE,"VS_SH_A",356,21260356
23416,0,0,1e-12,TRUE,"VS_SH_A",357,21260357
23970,0,0,1e-12,TRUE,"VS_SH_A",358,21260358
23560,0,0,1e-12,TRUE,"VS_SH_A",359,21260359
23985,0,0,1e-12,TRUE,"VS_SH_A",360,21260360
24162,0,0,1e-12,TRUE,"VS_SH_A",361,21260361
23594,0,0,1e-12,TRUE,"VS_SH_A",362,21260362
23644,0,0,1e-12,TRUE,"VS_SH_A",363,21260363
23662,0,0,1e-12,TRUE,"VS_SH_A",364,21260364
24292,0,0,1e-12,TRUE,"VS_SH_A",365,21260365
23763,0,0,1e-12,TRUE,"VS_SH_A",366,21260366
23177,0,0,1e-12,TRUE,"VS_SH_A",367,21260367
22002,0,0,1e-12,TRUE,"VS_SH_A",368,21260368
23845,0,0,1e-12,TRUE,"VS_SH_A",369,21260369
23510,0,0,1e-12,TRUE,"VS_SH_A",370,21260370
25355,0,0,1e-12,TRUE,"VS_SH_A",371,21260371
24268,0,0,1e-12,TRUE,"VS_SH_A",372,21260372
23741,0,0,1e-12,TRUE,"VS_SH_A",373,21260373
24116,0,0,1e-12,TRUE,"VS_SH_A",374,21260374
22890,0,0,1e-12,TRUE,"VS_SH_A",375,21260375
22742,0,0,1e-12,TRUE,"VS_SH_A",376,21260376
24105,0,0,1e-12,TRUE,"VS_SH_A",377,21260377
23862,0,0,1e-12,TRUE,"VS_SH_A",378,21260378
23509,0,0,1e-12,TRUE,"VS_SH_A",379,21260379
24632,0,0,1e-12,TRUE,"VS_SH_A",380,21260380
22991,0,0,1e-12,TRUE,"VS_SH_A",381,21260381
23193,0,0,1e-12,TRUE,"VS_SH_A",382,21260382
23584,0,0,1e-12,TRUE,"VS_SH_A",383,21260383
23800,0,0,1e-12,TRUE,"VS_SH_A",384,21260384
24107,0,0,1e-12,TRUE,"VS_SH_A",385,21260385
23658,0,0,1e-12,TRUE,"VS_SH_A",386,21260386
23511,0,0,1e-12,TRUE,"VS_SH_A",387,21260387
22980,0,0,1e-12,TRUE,"VS_SH_A",388,21260388
23034,0,0,1e-12,TRUE,"VS_SH_A",389,21260389
22714,0,0,1e-12,TRUE,"VS_SH_A",390,21260390
23869,0,0,1e-12,TRUE,"VS_SH_A",391,21260391
24124,0,0,1e-12,TRUE,"VS_SH_A",392,21260392
22851,0,0,1e-12,TRUE,"VS_SH_A",393,21260393
23430,0,0,1e-12,TRUE,"VS_SH_A",394,21260394
23997,0,0,1e-12,TRUE,"VS_SH_A",395,21260395
24142,0,0,1e-12,TRUE,"VS_SH_A",396,21260396
23793,0,0,1e-12,TRUE,"VS_SH_A",397,21260397
24492,0,0,1e-12,TRUE,"VS_SH_A",398,21260398
23691,0,0,1e-12,TRUE,"VS_SH_A",399,21260399
24556,0,0,1e-12,TRUE,"VS_SH_A",400,21260400
22928,0,0,1e-12,TRUE,"VS_SH_A",401,21260401
23698,0,0,1e-12,TRUE,"VS_SH_A",402,21260402
23343,0,0,1e-12,TRUE,"VS_SH_A",403,21260403
24939,0,0,1e-12,TRUE,"VS_SH_A",404,21260404
23215,0,0,1e-12,TRUE,"VS_SH_A",405,21260405
23320,0,0,1e-12,TRUE,"VS_SH_A",406,21260406
23553,0,0,1e-12,TRUE,"VS_SH_A",407,21260407
23996,0,0,1e-12,TRUE,"VS_SH_A",408,21260408
22992,0,0,1e-12,TRUE,"VS_SH_A",409,21260409
24065,0,0,1e-12,TRUE,"VS_SH_A",410,21260410
24130,0,0,1e-12,TRUE,"VS_SH_A",411,21260411
25337,0,0,1e-12,TRUE,"VS_SH_A",412,21260412
25607,0,0,1e-12,TRUE,"VS_SH_A",413,21260413
24068,0,0,1e-12,TRUE,"VS_SH_A",414,21260414
23460,0,0,1e-12,TRUE,"VS_SH_A",415,21260415
23406,0,0,1e-12,TRUE,"VS_SH_A",416,21260416
23304,0,0,1e-12,TRUE,"VS_SH_A",417,21260417
24301,0,0,1e-12,TRUE,"VS_SH_A",418,21260418
24599,0,0,1e-12,TRUE,"VS_SH_A",419,21260419
23192,0,0,1e-12,TRUE,"VS_SH_A",420,21260420
22980,0,0,1e-12,TRUE,"VS_SH_A",421,21260421
23599,0,0,1e-12,TRUE,"VS_SH_A",422,21260422
24323,0,0,1e-12,TRUE,"VS_SH_A",423,21260423
24082,0,0,1e-12,TRUE,"VS_SH_A",424,21260424
23533,0,0,1e-12,TRUE,"VS_SH_A",425,21260425
23515,0,0,1e-12,TRUE,"VS_SH_A",426,21260426
22788,0,0,1e-12,TRUE,"VS_SH_A",427,21260427
22935,0,0,1e-12,TRUE,"VS_SH_A",428,21260428
23223,0,0,1e-12,TRUE,"VS_SH_A",429,21260429
24377,0,0,1e-12,TRUE,"VS_SH_A",430,21260430
24057,0,0,1e-12,TRUE,"VS_SH_A",431,21260431
23180,0,0,1e-12,TRUE,"VS_SH_A",432,21260432
23322,0,0,1e-12,TRUE,"VS_SH_A",433,21260433
23649,0,0,1e-12,TRUE,"VS_SH_A",434,21260434
25097,0,0,1e-12,TRUE,"VS_SH_A",435,21260435
22872,0,0,1e-12,TRUE,"VS_SH_A",436,21260436
22785,0,0,1e-12,TRUE,"VS_SH_A",437,21260437
25705,0,0,1e-12,TRUE,"VS_SH_A",438,21260438
23517,0,0,1e-12,TRUE,"VS_SH_A",439,21260439
23283,0,0,1e-12,TRUE,"VS_SH_A",440,21260440
23817,0,0,1e-12,TRUE,"VS_SH_A",441,21260441
23988,0,0,1e-12,TRUE,"VS_SH_A",442,21260442
23304,0,0,1e-12,TRUE,"VS_SH_A",443,21260443
24064,0,0,1e-12,TRUE,"VS_SH_A",444,21260444
23363,0,0,1e-12,TRUE,"VS_SH_A",445,21260445
22819,0,0,1e-12,TRUE,"VS_SH_A",446,21260446
22754,0,0,1e-12,TRUE,"VS_SH_A",447,21260447
24487,0,0,1e-12,TRUE,"VS_SH_A",448,21260448
22654,0,0,1e-12,TRUE,"VS_SH_A",449,21260449
24424,0,0,1e-12,TRUE,"VS_SH_A",450,21260450
23730,0,0,1e-12,TRUE,"VS_SH_A",451,21260451
23779,0,0,1e-12,TRUE,"VS_SH_A",452,21260452
21883,0,0,1e-12,TRUE,"VS_SH_A",453,21260453
22770,0,0,1e-12,TRUE,"VS_SH_A",454,21260454
24519,0,0,1e-12,TRUE,"VS_SH_A",455,21260455
24435,0,0,1e-12,TRUE,"VS_SH_A",456,21260456
22814,0,0,1e-12,TRUE,"VS_SH_A",457,21260457
23670,0,0,1e-12,TRUE,"VS_SH_A",458,21260458
23180,0,0,1e-12,TRUE,"VS_SH_A",459,21260459
23093,0,0,1e-12,TRUE,"VS_SH_A",460,21260460
24311,0,0,1e-12,TRUE,"VS_SH_A",461,21260461
24114,0,0,1e-12,TRUE,"VS_SH_A",462,21260462
24968,0,0,1e-12,TRUE,"VS_SH_A",463,21260463
23020,0,0,1e-12,TRUE,"VS_SH_A",464,21260464
24207,0,0,1e-12,TRUE,"VS_SH_A",465,21260465
23847,0,0,1e-12,TRUE,"VS_SH_A",466,21260466
23476,0,0,1e-12,TRUE,"VS_SH_A",467,21260467
24181,0,0,1e-12,TRUE,"VS_SH_A",468,21260468
24549,0,0,1e-12,TRUE,"VS_SH_A",469,21260469
23448,0,0,1e-12,TRUE,"VS_SH_A",470,21260470
23866,0,0,1e-12,TRUE,"VS_SH_A",471,21260471
24464,0,0,1e-12,TRUE,"VS_SH_A",472,21260472
22872,0,0,1e-12,TRUE,"VS_SH_A",473,21260473
23229,0,0,1e-12,TRUE,"VS_SH_A",474,21260474
23730,0,0,1e-12,TRUE,"VS_SH_A",475,21260475
22801,0,0,1e-12,TRUE,"VS_SH_A",476,21260476
23700,0,0,1e-12,TRUE,"VS_SH_A",477,21260477
22648,0,0,1e-12,TRUE,"VS_SH_A",478,21260478
23758,0,0,1e-12,TRUE,"VS_SH_A",479,21260479
23249,0,0,1e-12,TRUE,"VS_SH_A",480,21260480
23837,0,0,1e-12,TRUE,"VS_SH_A",481,21260481
23367,0,0,1e-12,TRUE,"VS_SH_A",482,21260482
23885,0,0,1e-12,TRUE,"VS_SH_A",483,21260483
24367,0,0,1e-12,TRUE,"VS_SH_A",484,21260484
23338,0,0,1e-12,TRUE,"VS_SH_A",485,21260485
24369,0,0,1e-12,TRUE,"VS_SH_A",486,21260486
23837,0,0,1e-12,TRUE,"VS_SH_A",487,21260487
24268,0,0,1e-12,TRUE,"VS_SH_A",488,21260488
23532,0,0,1e-12,TRUE,"VS_SH_A",489,21260489
23851,0,0,1e-12,TRUE,"VS_SH_A",490,21260490
23093,0,0,1e-12,TRUE,"VS_SH_A",491,21260491
23885,0,0,1e-12,TRUE,"VS_SH_A",492,21260492
24179,0,0,1e-12,TRUE,"VS_SH_A",493,21260493
24370,0,0,1e-12,TRUE,"VS_SH_A",494,21260494
23691,0,0,1e-12,TRUE,"VS_SH_A",495,21260495
24920,0,0,1e-12,TRUE,"VS_SH_A",496,21260496
24008,0,0,1e-12,TRUE,"VS_SH_A",497,21260497
23272,0,0,1e-12,TRUE,"VS_SH_A",498,21260498
23415,0,0,1e-12,TRUE,"VS_SH_A",499,21260499
23233,0,0,1e-12,TRUE,"VS_SH_A",500,21260500
24139,0,0,1e-12,TRUE,"VS_SH_A",501,21260501
23590,0,0,1e-12,TRUE,"VS_SH_A",502,21260502
24343,0,0,1e-12,TRUE,"VS_SH_A",503,21260503
23654,0,0,1e-12,TRUE,"VS_SH_A",504,21260504
22848,0,0,1e-12,TRUE,"VS_SH_A",505,21260505
23880,0,0,1e-12,TRUE,"VS_SH_A",506,21260506
23687,0,0,1e-12,TRUE,"VS_SH_A",507,21260507
23155,0,0,1e-12,TRUE,"VS_SH_A",508,21260508
23330,0,0,1e-12,TRUE,"VS_SH_A",509,21260509
25017,0,0,1e-12,TRUE,"VS_SH_A",510,21260510
23194,0,0,1e-12,TRUE,"VS_SH_A",511,21260511
24556,0,0,1e-12,TRUE,"VS_SH_A",512,21260512
23545,0,0,1e-12,TRUE,"VS_SH_A",513,21260513
24043,0,0,1e-12,TRUE,"VS_SH_A",514,21260514
23605,0,0,1e-12,TRUE,"VS_SH_A",515,21260515
23554,0,0,1e-12,TRUE,"VS_SH_A",516,21260516
24257,0,0,1e-12,TRUE,"VS_SH_A",517,21260517
23562,0,0,1e-12,TRUE,"VS_SH_A",518,21260518
23156,0,0,1e-12,TRUE,"VS_SH_A",519,21260519
25035,0,0,1e-12,TRUE,"VS_SH_A",520,21260520
23988,0,0,1e-12,TRUE,"VS_SH_A",521,21260521
22803,0,0,1e-12,TRUE,"VS_SH_A",522,21260522
22970,0,0,1e-12,TRUE,"VS_SH_A",523,21260523
23782,0,0,1e-12,TRUE,"VS_SH_A",524,21260524
24068,0,0,1e-12,TRUE,"VS_SH_A",525,21260525
24353,0,0,1e-12,TRUE,"VS_SH_A",526,21260526
23690,0,0,1e-12,TRUE,"VS_SH_A",527,21260527
23588,0,0,1e-12,TRUE,"VS_SH_A",528,21260528
23460,0,0,1e-12,TRUE,"VS_SH_A",529,21260529
23822,0,0,1e-12,TRUE,"VS_SH_A",530,21260530
24900,0,0,1e-12,TRUE,"VS_SH_A",531,21260531
24084,0,0,1e-12,TRUE,"VS_SH_A",532,21260532
23991,0,0,1e-12,TRUE,"VS_SH_A",533,21260533
23728,0,0,1e-12,TRUE,"VS_SH_A",534,21260534
24219,0,0,1e-12,TRUE,"VS_SH_A",535,21260535
23912,0,0,1e-12,TRUE,"VS_SH_A",536,21260536
23531,0,0,1e-12,TRUE,"VS_SH_A",537,21260537
23748,0,0,1e-12,TRUE,"VS_SH_A",538,21260538
24253,0,0,1e-12,TRUE,"VS_SH_A",539,21260539
24976,0,0,1e-12,TRUE,"VS_SH_A",540,21260540
23281,0,0,1e-12,TRUE,"VS_SH_A",541,21260541
23070,0,0,1e-12,TRUE,"VS_SH_A",542,21260542
23495,0,0,1e-12,TRUE,"VS_SH_A",543,21260543
23511,0,0,1e-12,TRUE,"VS_SH_A",544,21260544
24469,0,0,1e-12,TRUE,"VS_SH_A",545,21260545
22930,0,0,1e-12,TRUE,"VS_SH_A",546,21260546
23930,0,0,1e-12,TRUE,"VS_SH_A",547,21260547
23250,0,0,1e-12,TRUE,"VS_SH_A",548,21260548
23789,0,0,1e-12,TRUE,"VS_SH_A",549,21260549
23194,0,0,1e-12,TRUE,"VS_SH_A",550,21260550
23935,0,0,1e-12,TRUE,"VS_SH_A",551,21260551
23897,0,0,1e-12,TRUE,"VS_SH_A",552,21260552
24355,0,0,1e-12,TRUE,"VS_SH_A",553,21260553
24639,0,0,1e-12,TRUE,"VS_SH_A",554,21260554
23343,0,0,1e-12,TRUE,"VS_SH_A",555,21260555
24573,0,0,1e-12,TRUE,"VS_SH_A",556,21260556
23368,0,0,1e-12,TRUE,"VS_SH_A",557,21260557
24109,0,0,1e-12,TRUE,"VS_SH_A",558,21260558
24393,0,0,1e-12,TRUE,"VS_SH_A",559,21260559
23962,0,0,1e-12,TRUE,"VS_SH_A",560,21260560
23387,0,0,1e-12,TRUE,"VS_SH_A",561,21260561
23852,0,0,1e-12,TRUE,"VS_SH_A",562,21260562
23724,0,0,1e-12,TRUE,"VS_SH_A",563,21260563
24206,0,0,1e-12,TRUE,"VS_SH_A",564,21260564
23387,0,0,1e-12,TRUE,"VS_SH_A",565,21260565
23450,0,0,1e-12,TRUE,"VS_SH_A",566,21260566
23465,0,0,1e-12,TRUE,"VS_SH_A",567,21260567
24097,0,0,1e-12,TRUE,"VS_SH_A",568,21260568
22749,0,0,1e-12,TRUE,"VS_SH_A",569,21260569
23109,0,0,1e-12,TRUE,"VS_SH_A",570,21260570
24152,0,0,1e-12,TRUE,"VS_SH_A",571,21260571
23601,0,0,1e-12,TRUE,"VS_SH_A",572,21260572
23056,0,0,1e-12,TRUE,"VS_SH_A",573,21260573
22769,0,0,1e-12,TRUE,"VS_SH_A",574,21260574
23584,0,0,1e-12,TRUE,"VS_SH_A",575,21260575
23330,0,0,1e-12,TRUE,"VS_SH_A",576,21260576
24797,0,0,1e-12,TRUE,"VS_SH_A",577,21260577
24569,0,0,1e-12,TRUE,"VS_SH_A",578,21260578
24468,0,0,1e-12,TRUE,"VS_SH_A",579,21260579
23417,0,0,1e-12,TRUE,"VS_SH_A",580,21260580
22921,0,0,1e-12,TRUE,"VS_SH_A",581,21260581
23909,0,0,1e-12,TRUE,"VS_SH_A",582,21260582
24011,0,0,1e-12,TRUE,"VS_SH_A",583,21260583
23357,0,0,1e-12,TRUE,"VS_SH_A",584,21260584
23354,0,0,1e-12,TRUE,"VS_SH_A",585,21260585
23651,0,0,1e-12,TRUE,"VS_SH_A",586,21260586
22989,0,0,1e-12,TRUE,"VS_SH_A",587,21260587
23691,0,0,1e-12,TRUE,"VS_SH_A",588,21260588
24017,0,0,1e-12,TRUE,"VS_SH_A",589,21260589
23614,0,0,1e-12,TRUE,"VS_SH_A",590,21260590
24468,0,0,1e-12,TRUE,"VS_SH_A",591,21260591
24247,0,0,1e-12,TRUE,"VS_SH_A",592,21260592
23403,0,0,1e-12,TRUE,"VS_SH_A",593,21260593
25100,0,0,1e-12,TRUE,"VS_SH_A",594,21260594
24029,0,0,1e-12,TRUE,"VS_SH_A",595,21260595
24234,0,0,1e-12,TRUE,"VS_SH_A",596,21260596
24000,0,0,1e-12,TRUE,"VS_SH_A",597,21260597
22950,0,0,1e-12,TRUE,"VS_SH_A",598,21260598
23328,0,0,1e-12,TRUE,"VS_SH_A",599,21260599
23431,0,0,1e-12,TRUE,"VS_SH_A",600,21260600
23867,0,0,1e-12,TRUE,"VS_SH_A",601,21260601
22583,0,0,1e-12,TRUE,"VS_SH_A",602,21260602
23664,0,0,1e-12,TRUE,"VS_SH_A",603,21260603
23496,0,0,1e-12,TRUE,"VS_SH_A",604,21260604
22358,0,0,1e-12,TRUE,"VS_SH_A",605,21260605
22548,0,0,1e-12,TRUE,"VS_SH_A",606,21260606
24375,0,0,1e-12,TRUE,"VS_SH_A",607,21260607
23673,0,0,1e-12,TRUE,"VS_SH_A",608,21260608
23826,0,0,1e-12,TRUE,"VS_SH_A",609,21260609
22516,0,0,1e-12,TRUE,"VS_SH_A",610,21260610
24943,0,0,1e-12,TRUE,"VS_SH_A",611,21260611
23646,0,0,1e-12,TRUE,"VS_SH_A",612,21260612
23433,0,0,1e-12,TRUE,"VS_SH_A",613,21260613
22865,0,0,1e-12,TRUE,"VS_SH_A",614,21260614
24418,0,0,1e-12,TRUE,"VS_SH_A",615,21260615
23116,0,0,1e-12,TRUE,"VS_SH_A",616,21260616
24550,0,0,1e-12,TRUE,"VS_SH_A",617,21260617
24593,0,0,1e-12,TRUE,"VS_SH_A",618,21260618
22984,0,0,1e-12,TRUE,"VS_SH_A",619,21260619
23432,0,0,1e-12,TRUE,"VS_SH_A",620,21260620
23185,0,0,1e-12,TRUE,"VS_SH_A",621,21260621
24244,0,0,1e-12,TRUE,"VS_SH_A",622,21260622
23721,0,0,1e-12,TRUE,"VS_SH_A",623,21260623
23549,0,0,1e-12,TRUE,"VS_SH_A",624,21260624
23808,0,0,1e-12,TRUE,"VS_SH_A",625,21260625
24123,0,0,1e-12,TRUE,"VS_SH_A",626,21260626
22758,0,0,1e-12,TRUE,"VS_SH_A",627,21260627
23931,0,0,1e-12,TRUE,"VS_SH_A",628,21260628
24068,0,0,1e-12,TRUE,"VS_SH_A",629,21260629
23362,0,0,1e-12,TRUE,"VS_SH_A",630,21260630
23255,0,0,1e-12,TRUE,"VS_SH_A",631,21260631
23270,0,0,1e-12,TRUE,"VS_SH_A",632,21260632
24365,0,0,1e-12,TRUE,"VS_SH_A",633,21260633
24053,0,0,1e-12,TRUE,"VS_SH_A",634,21260634
23633,0,0,1e-12,TRUE,"VS_SH_A",635,21260635
23570,0,0,1e-12,TRUE,"VS_SH_A",636,21260636
23575,0,0,1e-12,TRUE,"VS_SH_A",637,21260637
24414,0,0,1e-12,TRUE,"VS_SH_A",638,21260638
24250,0,0,1e-12,TRUE,"VS_SH_A",639,21260639
24400,0,0,1e-12,TRUE,"VS_SH_A",640,21260640
24102,0,0,1e-12,TRUE,"VS_SH_A",641,21260641
24711,0,0,1e-12,TRUE,"VS_SH_A",642,21260642
23395,0,0,1e-12,TRUE,"VS_SH_A",643,21260643
23676,0,0,1e-12,TRUE,"VS_SH_A",644,21260644
23272,0,0,1e-12,TRUE,"VS_SH_A",645,21260645
24236,0,0,1e-12,TRUE,"VS_SH_A",646,21260646
23516,0,0,1e-12,TRUE,"VS_SH_A",647,21260647
22918,0,0,1e-12,TRUE,"VS_SH_A",648,21260648
24307,0,0,1e-12,TRUE,"VS_SH_A",649,21260649
22230,0,0,1e-12,TRUE,"VS_SH_A",650,21260650
24680,0,0,1e-12,TRUE,"VS_SH_A",651,21260651
24036,0,0,1e-12,TRUE,"VS_SH_A",652,21260652
23959,0,0,1e-12,TRUE,"VS_SH_A",653,21260653
23111,0,0,1e-12,TRUE,"VS_SH_A",654,21260654
23494,0,0,1e-12,TRUE,"VS_SH_A",655,21260655
22820,0,0,1e-12,TRUE,"VS_SH_A",656,21260656
23594,0,0,1e-12,TRUE,"VS_SH_A",657,21260657
23956,0,0,1e-12,TRUE,"VS_SH_A",658,21260658
23539,0,0,1e-12,TRUE,"VS_SH_A",659,21260659
24304,0,0,1e-12,TRUE,"VS_SH_A",660,21260660
22500,0,0,1e-12,TRUE,"VS_SH_A",661,21260661
22975,0,0,1e-12,TRUE,"VS_SH_A",662,21260662
22445,0,0,1e-12,TRUE,"VS_SH_A",663,21260663
24072,0,0,1e-12,TRUE,"VS_SH_A",664,21260664
23803,0,0,1e-12,TRUE,"VS_SH_A",665,21260665
23305,0,0,1e-12,TRUE,"VS_SH_A",666,21260666
23018,0,0,1e-12,TRUE,"VS_SH_A",667,21260667
24549,0,0,1e-12,TRUE,"VS_SH_A",668,21260668
23972,0,0,1e-12,TRUE,"VS_SH_A",669,21260669
22850,0,0,1e-12,TRUE,"VS_SH_A",670,21260670
24536,0,0,1e-12,TRUE,"VS_SH_A",671,21260671
23163,0,0,1e-12,TRUE,"VS_SH_A",672,21260672
23438,0,0,1e-12,TRUE,"VS_SH_A",673,21260673
24942,0,0,1e-12,TRUE,"VS_SH_A",674,21260674
23244,0,0,1e-12,TRUE,"VS_SH_A",675,21260675
24158,0,0,1e-12,TRUE,"VS_SH_A",676,21260676
23122,0,0,1e-12,TRUE,"VS_SH_A",677,21260677
24206,0,0,1e-12,TRUE,"VS_SH_A",678,21260678
24145,0,0,1e-12,TRUE,"VS_SH_A",679,21260679
24614,0,0,1e-12,TRUE,"VS_SH_A",680,21260680
24644,0,0,1e-12,TRUE,"VS_SH_A",681,21260681
23044,0,0,1e-12,TRUE,"VS_SH_A",682,21260682
23702,0,0,1e-12,TRUE,"VS_SH_A",683,21260683
22922,0,0,1e-12,TRUE,"VS_SH_A",684,21260684
23369,0,0,1e-12,TRUE,"VS_SH_A",685,21260685
23584,0,0,1e-12,TRUE,"VS_SH_A",686,21260686
22993,0,0,1e-12,TRUE,"VS_SH_A",687,21260687
23713,0,0,1e-12,TRUE,"VS_SH_A",688,21260688
24792,0,0,1e-12,TRUE,"VS_SH_A",689,21260689
23378,0,0,1e-12,TRUE,"VS_SH_A",690,21260690
23586,0,0,1e-12,TRUE,"VS_SH_A",691,21260691
24074,0,0,1e-12,TRUE,"VS_SH_A",692,21260692
24155,0,0,1e-12,TRUE,"VS_SH_A",693,21260693
24187,0,0,1e-12,TRUE,"VS_SH_A",694,21260694
23320,0,0,1e-12,TRUE,"VS_SH_A",695,21260695
23498,0,0,1e-12,TRUE,"VS_SH_A",696,21260696
21845,0,0,1e-12,TRUE,"VS_SH_A",697,21260697
23631,0,0,1e-12,TRUE,"VS_SH_A",698,21260698
23704,0,0,1e-12,TRUE,"VS_SH_A",699,21260699
23722,0,0,1e-12,TRUE,"VS_SH_A",700,21260700
24000,0,0,1e-12,TRUE,"VS_SH_A",701,21260701
23568,0,0,1e-12,TRUE,"VS_SH_A",702,21260702
23873,0,0,1e-12,TRUE,"VS_SH_A",703,21260703
23274,0,0,1e-12,TRUE,"VS_SH_A",704,21260704
22732,0,0,1e-12,TRUE,"VS_SH_A",705,21260705
22418,0,0,1e-12,TRUE,"VS_SH_A",706,21260706
23926,0,0,1e-12,TRUE,"VS_SH_A",707,21260707
22357,0,0,1e-12,TRUE,"VS_SH_A",708,21260708
23745,0,0,1e-12,TRUE,"VS_SH_A",709,21260709
24241,0,0,1e-12,TRUE,"VS_SH_A",710,21260710
23384,0,0,1e-12,TRUE,"VS_SH_A",711,21260711
23493,0,0,1e-12,TRUE,"VS_SH_A",712,21260712
22990,0,0,1e-12,TRUE,"VS_SH_A",713,21260713
23217,0,0,1e-12,TRUE,"VS_SH_A",714,21260714
23481,0,0,1e-12,TRUE,"VS_SH_A",715,21260715
23869,0,0,1e-12,TRUE,"VS_SH_A",716,21260716
24555,0,0,1e-12,TRUE,"VS_SH_A",717,21260717
23550,0,0,1e-12,TRUE,"VS_SH_A",718,21260718
24528,0,0,1e-12,TRUE,"VS_SH_A",719,21260719
23622,0,0,1e-12,TRUE,"VS_SH_A",720,21260720
23844,0,0,1e-12,TRUE,"VS_SH_A",721,21260721
22281,0,0,1e-12,TRUE,"VS_SH_A",722,21260722
22646,0,0,1e-12,TRUE,"VS_SH_A",723,21260723
22881,0,0,1e-12,TRUE,"VS_SH_A",724,21260724
23437,0,0,1e-12,TRUE,"VS_SH_A",725,21260725
23648,0,0,1e-12,TRUE,"VS_SH_A",726,21260726
23586,0,0,1e-12,TRUE,"VS_SH_A",727,21260727
23137,0,0,1e-12,TRUE,"VS_SH_A",728,21260728
23843,0,0,1e-12,TRUE,"VS_SH_A",729,21260729
24404,0,0,1e-12,TRUE,"VS_SH_A",730,21260730
23088,0,0,1e-12,TRUE,"VS_SH_A",731,21260731
22603,0,0,1e-12,TRUE,"VS_SH_A",732,21260732
22911,0,0,1e-12,TRUE,"VS_SH_A",733,21260733
23432,0,0,1e-12,TRUE,"VS_SH_A",734,21260734
24229,0,0,1e-12,TRUE,"VS_SH_A",735,21260735
24269,0,0,1e-12,TRUE,"VS_SH_A",736,21260736
23005,0,0,1e-12,TRUE,"VS_SH_A",737,21260737
24364,0,0,1e-12,TRUE,"VS_SH_A",738,21260738
23610,0,0,1e-12,TRUE,"VS_SH_A",739,21260739
23977,0,0,1e-12,TRUE,"VS_SH_A",740,21260740
24516,0,0,1e-12,TRUE,"VS_SH_A",741,21260741
23182,0,0,1e-12,TRUE,"VS_SH_A",742,21260742
23513,0,0,1e-12,TRUE,"VS_SH_A",743,21260743
23719,0,0,1e-12,TRUE,"VS_SH_A",744,21260744
23750,0,0,1e-12,TRUE,"VS_SH_A",745,21260745
23619,0,0,1e-12,TRUE,"VS_SH_A",746,21260746
24258,0,0,1e-12,TRUE,"VS_SH_A",747,21260747
24035,0,0,1e-12,TRUE,"VS_SH_A",748,21260748
23513,0,0,1e-12,TRUE,"VS_SH_A",749,21260749
23170,0,0,1e-12,TRUE,"VS_SH_A",750,21260750
24792,0,0,1e-12,TRUE,"VS_SH_A",751,21260751
23810,0,0,1e-12,TRUE,"VS_SH_A",752,21260752
23864,0,0,1e-12,TRUE,"VS_SH_A",753,21260753
23948,0,0,1e-12,TRUE,"VS_SH_A",754,21260754
23429,0,0,1e-12,TRUE,"VS_SH_A",755,21260755
22853,0,0,1e-12,TRUE,"VS_SH_A",756,21260756
24464,0,0,1e-12,TRUE,"VS_SH_A",757,21260757
23382,0,0,1e-12,TRUE,"VS_SH_A",758,21260758
23618,0,0,1e-12,TRUE,"VS_SH_A",759,21260759
23278,0,0,1e-12,TRUE,"VS_SH_A",760,21260760
23716,0,0,1e-12,TRUE,"VS_SH_A",761,21260761
23175,0,0,1e-12,TRUE,"VS_SH_A",762,21260762
23512,0,0,1e-12,TRUE,"VS_SH_A",763,21260763
24033,0,0,1e-12,TRUE,"VS_SH_A",764,21260764
23950,0,0,1e-12,TRUE,"VS_SH_A",765,21260765
23476,0,0,1e-12,TRUE,"VS_SH_A",766,21260766
25553,0,0,1e-12,TRUE,"VS_SH_A",767,21260767
23916,0,0,1e-12,TRUE,"VS_SH_A",768,21260768
24269,0,0,1e-12,TRUE,"VS_SH_A",769,21260769
23031,0,0,1e-12,TRUE,"VS_SH_A",770,21260770
23348,0,0,1e-12,TRUE,"VS_SH_A",771,21260771
23947,0,0,1e-12,TRUE,"VS_SH_A",772,21260772
24356,0,0,1e-12,TRUE,"VS_SH_A",773,21260773
22907,0,0,1e-12,TRUE,"VS_SH_A",774,21260774
24201,0,0,1e-12,TRUE,"VS_SH_A",775,21260775
23326,0,0,1e-12,TRUE,"VS_SH_A",776,21260776
23023,0,0,1e-12,TRUE,"VS_SH_A",777,21260777
23760,0,0,1e-12,TRUE,"VS_SH_A",778,21260778
23559,0,0,1e-12,TRUE,"VS_SH_A",779,21260779
24639,0,0,1e-12,TRUE,"VS_SH_A",780,21260780
23070,0,0,1e-12,TRUE,"VS_SH_A",781,21260781
23353,0,0,1e-12,TRUE,"VS_SH_A",782,21260782
24047,0,0,1e-12,TRUE,"VS_SH_A",783,21260783
23565,0,0,1e-12,TRUE,"VS_SH_A",784,21260784
22925,0,0,1e-12,TRUE,"VS_SH_A",785,21260785
23769,0,0,1e-12,TRUE,"VS_SH_A",786,21260786
24600,0,0,1e-12,TRUE,"VS_SH_A",787,21260787
22818,0,0,1e-12,TRUE,"VS_SH_A",788,21260788
24324,0,0,1e-12,TRUE,"VS_SH_A",789,21260789
23891,0,0,1e-12,TRUE,"VS_SH_A",790,21260790
24150,0,0,1e-12,TRUE,"VS_SH_A",791,21260791
23645,0,0,1e-12,TRUE,"VS_SH_A",792,21260792
24029,0,0,1e-12,TRUE,"VS_SH_A",793,21260793
24331,0,0,1e-12,TRUE,"VS_SH_A",794,21260794
24000,0,0,1e-12,TRUE,"VS_SH_A",795,21260795
22833,0,0,1e-12,TRUE,"VS_SH_A",796,21260796
23577,0,0,1e-12,TRUE,"VS_SH_A",797,21260797
23220,0,0,1e-12,TRUE,"VS_SH_A",798,21260798
23936,0,0,1e-12,TRUE,"VS_SH_A",799,21260799
23963,0,0,1e-12,TRUE,"VS_SH_A",800,21260800
23516,0,0,1e-12,TRUE,"VS_SH_A",801,21260801
23300,0,0,1e-12,TRUE,"VS_SH_A",802,21260802
24340,0,0,1e-12,TRUE,"VS_SH_A",803,21260803
23568,0,0,1e-12,TRUE,"VS_SH_A",804,21260804
22768,0,0,1e-12,TRUE,"VS_SH_A",805,21260805
22511,0,0,1e-12,TRUE,"VS_SH_A",806,21260806
23314,0,0,1e-12,TRUE,"VS_SH_A",807,21260807
23068,0,0,1e-12,TRUE,"VS_SH_A",808,21260808
24941,0,0,1e-12,TRUE,"VS_SH_A",809,21260809
23643,0,0,1e-12,TRUE,"VS_SH_A",810,21260810
24468,0,0,1e-12,TRUE,"VS_SH_A",811,21260811
24720,0,0,1e-12,TRUE,"VS_SH_A",812,21260812
23368,0,0,1e-12,TRUE,"VS_SH_A",813,21260813
24179,0,0,1e-12,TRUE,"VS_SH_A",814,21260814
23730,0,0,1e-12,TRUE,"VS_SH_A",815,21260815
23751,0,0,1e-12,TRUE,"VS_SH_A",816,21260816
22383,0,0,1e-12,TRUE,"VS_SH_A",817,21260817
22808,0,0,1e-12,TRUE,"VS_SH_A",818,21260818
24102,0,0,1e-12,TRUE,"VS_SH_A",819,21260819
24116,0,0,1e-12,TRUE,"VS_SH_A",820,21260820
23622,0,0,1e-12,TRUE,"VS_SH_A",821,21260821
24523,0,0,1e-12,TRUE,"VS_SH_A",822,21260822
23949,0,0,1e-12,TRUE,"VS_SH_A",823,21260823
23790,0,0,1e-12,TRUE,"VS_SH_A",824,21260824
23542,0,0,1e-12,TRUE,"VS_SH_A",825,21260825
24874,0,0,1e-12,TRUE,"VS_SH_A",826,21260826
23305,0,0,1e-12,TRUE,"VS_SH_A",827,21260827
23329,0,0,1e-12,TRUE,"VS_SH_A",828,21260828
23151,0,0,1e-12,TRUE,"VS_SH_A",829,21260829
23526,0,0,1e-12,TRUE,"VS_SH_A",830,21260830
22863,0,0,1e-12,TRUE,"VS_SH_A",831,21260831
23352,0,0,1e-12,TRUE,"VS_SH_A",832,21260832
22481,0,0,1e-12,TRUE,"VS_SH_A",833,21260833
23903,0,0,1e-12,TRUE,"VS_SH_A",834,21260834
23684,0,0,1e-12,TRUE,"VS_SH_A",835,21260835
24034,0,0,1e-12,TRUE,"VS_SH_A",836,21260836
23755,0,0,1e-12,TRUE,"VS_SH_A",837,21260837
23362,0,0,1e-12,TRUE,"VS_SH_A",838,21260838
23718,0,0,1e-12,TRUE,"VS_SH_A",839,21260839
23112,0,0,1e-12,TRUE,"VS_SH_A",840,21260840
23964,0,0,1e-12,TRUE,"VS_SH_A",841,21260841
23949,0,0,1e-12,TRUE,"VS_SH_A",842,21260842
23789,0,0,1e-12,TRUE,"VS_SH_A",843,21260843
22621,0,0,1e-12,TRUE,"VS_SH_A",844,21260844
23579,0,0,1e-12,TRUE,"VS_SH_A",845,21260845
23239,0,0,1e-12,TRUE,"VS_SH_A",846,21260846
24038,0,0,1e-12,TRUE,"VS_SH_A",847,21260847
24277,0,0,1e-12,TRUE,"VS_SH_A",848,21260848
25089,0,0,1e-12,TRUE,"VS_SH_A",849,21260849
23148,0,0,1e-12,TRUE,"VS_SH_A",850,21260850
24181,0,0,1e-12,TRUE,"VS_SH_A",851,21260851
22342,0,0,1e-12,TRUE,"VS_SH_A",852,21260852
22895,0,0,1e-12,TRUE,"VS_SH_A",853,21260853
24132,0,0,1e-12,TRUE,"VS_SH_A",854,21260854
23229,0,0,1e-12,TRUE,"VS_SH_A",855,21260855
24400,0,0,1e-12,TRUE,"VS_SH_A",856,21260856
23479,0,0,1e-12,TRUE,"VS_SH_A",857,21260857
23519,0,0,1e-12,TRUE,"VS_SH_A",858,21260858
23975,0,0,1e-12,TRUE,"VS_SH_A",859,21260859
24080,0,0,1e-12,TRUE,"VS_SH_A",860,21260860
23570,0,0,1e-12,TRUE,"VS_SH_A",861,21260861
23000,0,0,1e-12,TRUE,"VS_SH_A",862,21260862
22969,0,0,1e-12,TRUE,"VS_SH_A",863,21260863
23755,0,0,1e-12,TRUE,"VS_SH_A",864,21260864
24784,0,0,1e-12,TRUE,"VS_SH_A",865,21260865
22659,0,0,1e-12,TRUE,"VS_SH_A",866,21260866
23149,0,0,1e-12,TRUE,"VS_SH_A",867,21260867
23170,0,0,1e-12,TRUE,"VS_SH_A",868,21260868
23574,0,0,1e-12,TRUE,"VS_SH_A",869,21260869
23683,0,0,1e-12,TRUE,"VS_SH_A",870,21260870
23170,0,0,1e-12,TRUE,"VS_SH_A",871,21260871
23888,0,0,1e-12,TRUE,"VS_SH_A",872,21260872
24605,0,0,1e-12,TRUE,"VS_SH_A",873,21260873
23724,0,0,1e-12,TRUE,"VS_SH_A",874,21260874
23302,0,0,1e-12,TRUE,"VS_SH_A",875,21260875
23663,0,0,1e-12,TRUE,"VS_SH_A",876,21260876
24511,0,0,1e-12,TRUE,"VS_SH_A",877,21260877
23019,0,0,1e-12,TRUE,"VS_SH_A",878,21260878
23441,0,0,1e-12,TRUE,"VS_SH_A",879,21260879
23671,0,0,1e-12,TRUE,"VS_SH_A",880,21260880
23264,0,0,1e-12,TRUE,"VS_SH_A",881,21260881
22852,0,0,1e-12,TRUE,"VS_SH_A",882,21260882
23670,0,0,1e-12,TRUE,"VS_SH_A",883,21260883
22836,0,0,1e-12,TRUE,"VS_SH_A",884,21260884
24471,0,0,1e-12,TRUE,"VS_SH_A",885,21260885
24063,0,0,1e-12,TRUE,"VS_SH_A",886,21260886
23781,0,0,1e-12,TRUE,"VS_SH_A",887,21260887
23020,0,0,1e-12,TRUE,"VS_SH_A",888,21260888
22746,0,0,1e-12,TRUE,"VS_SH_A",889,21260889
23946,0,0,1e-12,TRUE,"VS_SH_A",890,21260890
23935,0,0,1e-12,TRUE,"VS_SH_A",891,21260891
23999,0,0,1e-12,TRUE,"VS_SH_A",892,21260892
23326,0,0,1e-12,TRUE,"VS_SH_A",893,21260893
23803,0,0,1e-12,TRUE,"VS_SH_A",894,21260894
22936,0,0,1e-12,TRUE,"VS_SH_A",895,21260895
24734,0,0,1e-12,TRUE,"VS_SH_A",896,21260896
23942,0,0,1e-12,TRUE,"VS_SH_A",897,21260897
22873,0,0,1e-12,TRUE,"VS_SH_A",898,21260898
24335,0,0,1e-12,TRUE,"VS_SH_A",899,21260899
23701,0,0,1e-12,TRUE,"VS_SH_A",900,21260900
23818,0,0,1e-12,TRUE,"VS_SH_A",901,21260901
23401,0,0,1e-12,TRUE,"VS_SH_A",902,21260902
23935,0,0,1e-12,TRUE,"VS_SH_A",903,21260903
23557,0,0,1e-12,TRUE,"VS_SH_A",904,21260904
22850,0,0,1e-12,TRUE,"VS_SH_A",905,21260905
23053,0,0,1e-12,TRUE,"VS_SH_A",906,21260906
24104,0,0,1e-12,TRUE,"VS_SH_A",907,21260907
23497,0,0,1e-12,TRUE,"VS_SH_A",908,21260908
24404,0,0,1e-12,TRUE,"VS_SH_A",909,21260909
24037,0,0,1e-12,TRUE,"VS_SH_A",910,21260910
23135,0,0,1e-12,TRUE,"VS_SH_A",911,21260911
22790,0,0,1e-12,TRUE,"VS_SH_A",912,21260912
24426,0,0,1e-12,TRUE,"VS_SH_A",913,21260913
23648,0,0,1e-12,TRUE,"VS_SH_A",914,21260914
24236,0,0,1e-12,TRUE,"VS_SH_A",915,21260915
22915,0,0,1e-12,TRUE,"VS_SH_A",916,21260916
24862,0,0,1e-12,TRUE,"VS_SH_A",917,21260917
24117,0,0,1e-12,TRUE,"VS_SH_A",918,21260918
23442,0,0,1e-12,TRUE,"VS_SH_A",919,21260919
23240,0,0,1e-12,TRUE,"VS_SH_A",920,21260920
24066,0,0,1e-12,TRUE,"VS_SH_A",921,21260921
22967,0,0,1e-12,TRUE,"VS_SH_A",922,21260922
23725,0,0,1e-12,TRUE,"VS_SH_A",923,21260923
23834,0,0,1e-12,TRUE,"VS_SH_A",924,21260924
24355,0,0,1e-12,TRUE,"VS_SH_A",925,21260925
23483,0,0,1e-12,TRUE,"VS_SH_A",926,21260926
24183,0,0,1e-12,TRUE,"VS_SH_A",927,21260927
23729,0,0,1e-12,TRUE,"VS_SH_A",928,21260928
23941,0,0,1e-12,TRUE,"VS_SH_A",929,21260929
23527,0,0,1e-12,TRUE,"VS_SH_A",930,21260930
23957,0,0,1e-12,TRUE,"VS_SH_A",931,21260931
22770,0,0,1e-12,TRUE,"VS_SH_A",932,21260932
22746,0,0,1e-12,TRUE,"VS_SH_A",933,21260933
24619,0,0,1e-12,TRUE,"VS_SH_A",934,21260934
22977,0,0,1e-12,TRUE,"VS_SH_A",935,21260935
23860,0,0,1e-12,TRUE,"VS_SH_A",936,21260936
23803,0,0,1e-12,TRUE,"VS_SH_A",937,21260937
22814,0,0,1e-12,TRUE,"VS_SH_A",938,21260938
22902,0,0,1e-12,TRUE,"VS_SH_A",939,21260939
23484,0,0,1e-12,TRUE,"VS_SH_A",940,21260940
24319,0,0,1e-12,TRUE,"VS_SH_A",941,21260941
23224,0,0,1e-12,TRUE,"VS_SH_A",942,21260942
23985,0,0,1e-12,TRUE,"VS_SH_A",943,21260943
23288,0,0,1e-12,TRUE,"VS_SH_A",944,21260944
22863,0,0,1e-12,TRUE,"VS_SH_A",945,21260945
24023,0,0,1e-12,TRUE,"VS_SH_A",946,21260946
24712,0,0,1e-12,TRUE,"VS_SH_A",947,21260947
23037,0,0,1e-12,TRUE,"VS_SH_A",948,21260948
22903,0,0,1e-12,TRUE,"VS_SH_A",949,21260949
23970,0,0,1e-12,TRUE,"VS_SH_A",950,21260950
23548,0,0,1e-12,TRUE,"VS_SH_A",951,21260951
23321,0,0,1e-12,TRUE,"VS_SH_A",952,21260952
24202,0,0,1e-12,TRUE,"VS_SH_A",953,21260953
23196,0,0,1e-12,TRUE,"VS_SH_A",954,21260954
24992,0,0,1e-12,TRUE,"VS_SH_A",955,21260955
24569,0,0,1e-12,TRUE,"VS_SH_A",956,21260956
23585,0,0,1e-12,TRUE,"VS_SH_A",957,21260957
23180,0,0,1e-12,TRUE,"VS_SH_A",958,21260958
23851,0,0,1e-12,TRUE,"VS_SH_A",959,21260959
23622,0,0,1e-12,TRUE,"VS_SH_A",960,21260960
24168,0,0,1e-12,TRUE,"VS_SH_A",961,21260961
23695,0,0,1e-12,TRUE,"VS_SH_A",962,21260962
24724,0,0,1e-12,TRUE,"VS_SH_A",963,21260963
23650,0,0,1e-12,TRUE,"VS_SH_A",964,21260964
23983,0,0,1e-12,TRUE,"VS_SH_A",965,21260965
24313,0,0,1e-12,TRUE,"VS_SH_A",966,21260966
23750,0,0,1e-12,TRUE,"VS_SH_A",967,21260967
22876,0,0,1e-12,TRUE,"VS_SH_A",968,21260968
22736,0,0,1e-12,TRUE,"VS_SH_A",969,21260969
24365,0,0,1e-12,TRUE,"VS_SH_A",970,21260970
24035,0,0,1e-12,TRUE,"VS_SH_A",971,21260971
23562,0,0,1e-12,TRUE,"VS_SH_A",972,21260972
23311,0,0,1e-12,TRUE,"VS_SH_A",973,21260973
22493,0,0,1e-12,TRUE,"VS_SH_A",974,21260974
22709,0,0,1e-12,TRUE,"VS_SH_A",975,21260975
23146,0,0,1e-12,TRUE,"VS_SH_A",976,21260976
23417,0,0,1e-12,TRUE,"VS_SH_A",977,21260977
23187,0,0,1e-12,TRUE,"VS_SH_A",978,21260978
23735,0,0,1e-12,TRUE,"VS_SH_A",979,21260979
23746,0,0,1e-12,TRUE,"VS_SH_A",980,21260980
23416,0,0,1e-12,TRUE,"VS_SH_A",981,21260981
23820,0,0,1e-12,TRUE,"VS_SH_A",982,21260982
24074,0,0,1e-12,TRUE,"VS_SH_A",983,21260983
23459,0,0,1e-12,TRUE,"VS_SH_A",984,21260984
23636,0,0,1e-12,TRUE,"VS_SH_A",985,21260985
23862,0,0,1e-12,TRUE,"VS_SH_A",986,21260986
22151,0,0,1e-12,TRUE,"VS_SH_A",987,21260987
23650,0,0,1e-12,TRUE,"VS_SH_A",988,21260988
23382,0,0,1e-12,TRUE,"VS_SH_A",989,21260989
23510,0,0,1e-12,TRUE,"VS_SH_A",990,21260990
23196,0,0,1e-12,TRUE,"VS_SH_A",991,21260991
23029,0,0,1e-12,TRUE,"VS_SH_A",992,21260992
23142,0,0,1e-12,TRUE,"VS_SH_A",993,21260993
24071,0,0,1e-12,TRUE,"VS_SH_A",994,21260994
23612,0,0,1e-12,TRUE,"VS_SH_A",995,21260995
23319,0,0,1e-12,TRUE,"VS_SH_A",996,21260996
24236,0,0,1e-12,TRUE,"VS_SH_A",997,21260997
22574,0,0,1e-12,TRUE,"VS_SH_A",998,21260998
24073,0,0,1e-12,TRUE,"VS_SH_A",999,21260999
23374,0,0,1e-12,TRUE,"VS_SH_A",1000,21261000
