"scenario_id","mechanism","structure","true_beta3","replicate","seed","generation_success","five_methods_present","all_methods_converged","model_audit_pass","oracle_audit_pass","weight_audit_pass","structural_audit_pass","dataset_pass","failure_reason"
"VD_B_N","VD","B",0,1,20560001,TRUE,TRUE,TRUE,TRUE,TRUE,TRUE,TRUE,TRUE,""
"VD_B_N","VD","B",0,2,20560002,TRUE,TRUE,TRUE,TRUE,TRUE,TRUE,TRUE,TRUE,""
"VD_B_N","VD","B",0,3,20560003,TRUE,TRUE,TRUE,TRUE,TRUE,TRUE,TRUE,TRUE,""
"VD_B_N","VD","B",0,4,20560004,TRUE,TRUE,TRUE,TRUE,TRUE,TRUE,TRUE,TRUE,""
"VD_B_N","VD","B",0,5,20560005,TRUE,TRUE,TRUE,TRUE,TRUE,TRUE,TRUE,TRUE,""
"VD_B_N","VD","B",0,6,20560006,TRUE,TRUE,TRUE,TRUE,TRUE,TRUE,TRUE,TRUE,""
"VD_B_N","VD","B",0,7,20560007,TRUE,TRUE,TRUE,TRUE,TRUE,TRUE,TRUE,TRUE,""
"VD_B_N","VD","B",0,8,20560008,TRUE,TRUE,TRUE,TRUE,TRUE,TRUE,TRUE,TRUE,""
"VD_B_N","VD","B",0,9,20560009,TRUE,TRUE,TRUE,TRUE,TRUE,TRUE,TRUE,TRUE,""
"VD_B_N","VD","B",0,10,20560010,TRUE,TRUE,TRUE,TRUE,TRUE,TRUE,TRUE,TRUE,""
"VD_B_N","VD","B",0,11,20560011,TRUE,TRUE,TRUE,TRUE,TRUE,TRUE,TRUE,TRUE,""
"VD_B_N","VD","B",0,12,20560012,TRUE,TRUE,TRUE,TRUE,TRUE,TRUE,TRUE,TRUE,""
"VD_B_N","VD","B",0,13,20560013,TRUE,TRUE,TRUE,TRUE,TRUE,TRUE,TRUE,TRUE,""
"VD_B_N","VD","B",0,14,20560014,TRUE,TRUE,TRUE,TRUE,TRUE,TRUE,TRUE,TRUE,""
"VD_B_N","VD","B",0,15,20560015,TRUE,TRUE,TRUE,TRUE,TRUE,TRUE,TRUE,TRUE,""
"VD_B_N","VD","B",0,16,20560016,TRUE,TRUE,TRUE,TRUE,TRUE,TRUE,TRUE,TRUE,""
"VD_B_N","VD","B",0,17,20560017,TRUE,TRUE,TRUE,TRUE,TRUE,TRUE,TRUE,TRUE,""
"VD_B_N","VD","B",0,18,20560018,TRUE,TRUE,TRUE,TRUE,TRUE,TRUE,TRUE,TRUE,""
"VD_B_N","VD","B",0,19,20560019,TRUE,TRUE,TRUE,TRUE,TRUE,TRUE,TRUE,TRUE,""
"VD_B_N","VD","B",0,20,20560020,TRUE,TRUE,TRUE,TRUE,TRUE,TRUE,TRUE,TRUE,""
"VD_B_N","VD","B",0,21,20560021,TRUE,TRUE,TRUE,TRUE,TRUE,TRUE,TRUE,TRUE,""
"VD_B_N","VD","B",0,22,20560022,TRUE,TRUE,TRUE,TRUE,TRUE,TRUE,TRUE,TRUE,""
"VD_B_N","VD","B",0,23,20560023,TRUE,TRUE,TRUE,TRUE,TRUE,TRUE,TRUE,TRUE,""
"VD_B_N","VD","B",0,24,20560024,TRUE,TRUE,TRUE,TRUE,TRUE,TRUE,TRUE,TRUE,""
"VD_B_N","VD","B",0,25,20560025,TRUE,TRUE,TRUE,TRUE,TRUE,TRUE,TRUE,TRUE,""
"VD_B_N","VD","B",0,26,20560026,TRUE,TRUE,TRUE,TRUE,TRUE,TRUE,TRUE,TRUE,""
"VD_B_N","VD","B",0,27,20560027,TRUE,TRUE,TRUE,TRUE,TRUE,TRUE,TRUE,TRUE,""
"VD_B_N","VD","B",0,28,20560028,TRUE,TRUE,TRUE,TRUE,TRUE,TRUE,TRUE,TRUE,""
"VD_B_N","VD","B",0,29,20560029,TRUE,TRUE,TRUE,TRUE,TRUE,TRUE,TRUE,TRUE,""
"VD_B_N","VD","B",0,30,20560030,TRUE,TRUE,TRUE,TRUE,TRUE,TRUE,TRUE,TRUE,""
"VD_B_N","VD","B",0,31,20560031,TRUE,TRUE,TRUE,TRUE,TRUE,TRUE,TRUE,TRUE,""
"VD_B_N","VD","B",0,32,20560032,TRUE,TRUE,TRUE,TRUE,TRUE,TRUE,TRUE,TRUE,""
"VD_B_N","VD","B",0,33,20560033,TRUE,TRUE,TRUE,TRUE,TRUE,TRUE,TRUE,TRUE,""
"VD_B_N","VD","B",0,34,20560034,TRUE,TRUE,TRUE,TRUE,TRUE,TRUE,TRUE,TRUE,""
"VD_B_N","VD","B",0,35,20560035,TRUE,TRUE,TRUE,TRUE,TRUE,TRUE,TRUE,TRUE,""
"VD_B_N","VD","B",0,36,20560036,TRUE,TRUE,TRUE,TRUE,TRUE,TRUE,TRUE,TRUE,""
"VD_B_N","VD","B",0,37,20560037,TRUE,TRUE,TRUE,TRUE,TRUE,TRUE,TRUE,TRUE,""
"VD_B_N","VD","B",0,38,20560038,TRUE,TRUE,TRUE,TRUE,TRUE,TRUE,TRUE,TRUE,""
"VD_B_N","VD","B",0,39,20560039,TRUE,TRUE,TRUE,TRUE,TRUE,TRUE,TRUE,TRUE,""
"VD_B_N","VD","B",0,40,20560040,TRUE,TRUE,TRUE,TRUE,TRUE,TRUE,TRUE,TRUE,""
"VD_B_N","VD","B",0,41,20560041,TRUE,TRUE,TRUE,TRUE,TRUE,TRUE,TRUE,TRUE,""
"VD_B_N","VD","B",0,42,20560042,TRUE,TRUE,TRUE,TRUE,TRUE,TRUE,TRUE,TRUE,""
"VD_B_N","VD","B",0,43,20560043,TRUE,TRUE,TRUE,TRUE,TRUE,TRUE,TRUE,TRUE,""
"VD_B_N","VD","B",0,44,20560044,TRUE,TRUE,TRUE,TRUE,TRUE,TRUE,TRUE,TRUE,""
"VD_B_N","VD","B",0,45,20560045,TRUE,TRUE,TRUE,TRUE,TRUE,TRUE,TRUE,TRUE,""
"VD_B_N","VD","B",0,46,20560046,TRUE,TRUE,TRUE,TRUE,TRUE,TRUE,TRUE,TRUE,""
"VD_B_N","VD","B",0,47,20560047,TRUE,TRUE,TRUE,TRUE,TRUE,TRUE,TRUE,TRUE,""
"VD_B_N","VD","B",0,48,20560048,TRUE,TRUE,TRUE,TRUE,TRUE,TRUE,TRUE,TRUE,""
"VD_B_N","VD","B",0,49,20560049,TRUE,TRUE,TRUE,TRUE,TRUE,TRUE,TRUE,TRUE,""
"VD_B_N","VD","B",0,50,20560050,TRUE,TRUE,TRUE,TRUE,TRUE,TRUE,TRUE,TRUE,""
"VD_B_N","VD","B",0,51,20560051,TRUE,TRUE,TRUE,TRUE,TRUE,TRUE,TRUE,TRUE,""
"VD_B_N","VD","B",0,52,20560052,TRUE,TRUE,TRUE,TRUE,TRUE,TRUE,TRUE,TRUE,""
"VD_B_N","VD","B",0,53,20560053,TRUE,TRUE,TRUE,TRUE,TRUE,TRUE,TRUE,TRUE,""
"VD_B_N","VD","B",0,54,20560054,TRUE,TRUE,TRUE,TRUE,TRUE,TRUE,TRUE,TRUE,""
"VD_B_N","VD","B",0,55,20560055,TRUE,TRUE,TRUE,TRUE,TRUE,TRUE,TRUE,TRUE,""
"VD_B_N","VD","B",0,56,20560056,TRUE,TRUE,TRUE,TRUE,TRUE,TRUE,TRUE,TRUE,""
"VD_B_N","VD","B",0,57,20560057,TRUE,TRUE,TRUE,TRUE,TRUE,TRUE,TRUE,TRUE,""
"VD_B_N","VD","B",0,58,20560058,TRUE,TRUE,TRUE,TRUE,TRUE,TRUE,TRUE,TRUE,""
"VD_B_N","VD","B",0,59,20560059,TRUE,TRUE,TRUE,TRUE,TRUE,TRUE,TRUE,TRUE,""
"VD_B_N","VD","B",0,60,20560060,TRUE,TRUE,TRUE,TRUE,TRUE,TRUE,TRUE,TRUE,""
"VD_B_N","VD","B",0,61,20560061,TRUE,TRUE,TRUE,TRUE,TRUE,TRUE,TRUE,TRUE,""
"VD_B_N","VD","B",0,62,20560062,TRUE,TRUE,TRUE,TRUE,TRUE,TRUE,TRUE,TRUE,""
"VD_B_N","VD","B",0,63,20560063,TRUE,TRUE,TRUE,TRUE,TRUE,TRUE,TRUE,TRUE,""
"VD_B_N","VD","B",0,64,20560064,TRUE,TRUE,TRUE,TRUE,TRUE,TRUE,TRUE,TRUE,""
"VD_B_N","VD","B",0,65,20560065,TRUE,TRUE,TRUE,TRUE,TRUE,TRUE,TRUE,TRUE,""
"VD_B_N","VD","B",0,66,20560066,TRUE,TRUE,TRUE,TRUE,TRUE,TRUE,TRUE,TRUE,""
"VD_B_N","VD","B",0,67,20560067,TRUE,TRUE,TRUE,TRUE,TRUE,TRUE,TRUE,TRUE,""
"VD_B_N","VD","B",0,68,20560068,TRUE,TRUE,TRUE,TRUE,TRUE,TRUE,TRUE,TRUE,""
"VD_B_N","VD","B",0,69,20560069,TRUE,TRUE,TRUE,TRUE,TRUE,TRUE,TRUE,TRUE,""
"VD_B_N","VD","B",0,70,20560070,TRUE,TRUE,TRUE,TRUE,TRUE,TRUE,TRUE,TRUE,""
"VD_B_N","VD","B",0,71,20560071,TRUE,TRUE,TRUE,TRUE,TRUE,TRUE,TRUE,TRUE,""
"VD_B_N","VD","B",0,72,20560072,TRUE,TRUE,TRUE,TRUE,TRUE,TRUE,TRUE,TRUE,""
"VD_B_N","VD","B",0,73,20560073,TRUE,TRUE,TRUE,TRUE,TRUE,TRUE,TRUE,TRUE,""
"VD_B_N","VD","B",0,74,20560074,TRUE,TRUE,TRUE,TRUE,TRUE,TRUE,TRUE,TRUE,""
"VD_B_N","VD","B",0,75,20560075,TRUE,TRUE,TRUE,TRUE,TRUE,TRUE,TRUE,TRUE,""
"VD_B_N","VD","B",0,76,20560076,TRUE,TRUE,TRUE,TRUE,TRUE,TRUE,TRUE,TRUE,""
"VD_B_N","VD","B",0,77,20560077,TRUE,TRUE,TRUE,TRUE,TRUE,TRUE,TRUE,TRUE,""
"VD_B_N","VD","B",0,78,20560078,TRUE,TRUE,TRUE,TRUE,TRUE,TRUE,TRUE,TRUE,""
"VD_B_N","VD","B",0,79,20560079,TRUE,TRUE,TRUE,TRUE,TRUE,TRUE,TRUE,TRUE,""
"VD_B_N","VD","B",0,80,20560080,TRUE,TRUE,TRUE,TRUE,TRUE,TRUE,TRUE,TRUE,""
"VD_B_N","VD","B",0,81,20560081,TRUE,TRUE,TRUE,TRUE,TRUE,TRUE,TRUE,TRUE,""
"VD_B_N","VD","B",0,82,20560082,TRUE,TRUE,TRUE,TRUE,TRUE,TRUE,TRUE,TRUE,""
"VD_B_N","VD","B",0,83,20560083,TRUE,TRUE,TRUE,TRUE,TRUE,TRUE,TRUE,TRUE,""
"VD_B_N","VD","B",0,84,20560084,TRUE,TRUE,TRUE,TRUE,TRUE,TRUE,TRUE,TRUE,""
"VD_B_N","VD","B",0,85,20560085,TRUE,TRUE,TRUE,TRUE,TRUE,TRUE,TRUE,TRUE,""
"VD_B_N","VD","B",0,86,20560086,TRUE,TRUE,TRUE,TRUE,TRUE,TRUE,TRUE,TRUE,""
"VD_B_N","VD","B",0,87,20560087,TRUE,TRUE,TRUE,TRUE,TRUE,TRUE,TRUE,TRUE,""
"VD_B_N","VD","B",0,88,20560088,TRUE,TRUE,TRUE,TRUE,TRUE,TRUE,TRUE,TRUE,""
"VD_B_N","VD","B",0,89,20560089,TRUE,TRUE,TRUE,TRUE,TRUE,TRUE,TRUE,TRUE,""
"VD_B_N","VD","B",0,90,20560090,TRUE,TRUE,TRUE,TRUE,TRUE,TRUE,TRUE,TRUE,""
"VD_B_N","VD","B",0,91,20560091,TRUE,TRUE,TRUE,TRUE,TRUE,TRUE,TRUE,TRUE,""
"VD_B_N","VD","B",0,92,20560092,TRUE,TRUE,TRUE,TRUE,TRUE,TRUE,TRUE,TRUE,""
"VD_B_N","VD","B",0,93,20560093,TRUE,TRUE,TRUE,TRUE,TRUE,TRUE,TRUE,TRUE,""
"VD_B_N","VD","B",0,94,20560094,TRUE,TRUE,TRUE,TRUE,TRUE,TRUE,TRUE,TRUE,""
"VD_B_N","VD","B",0,95,20560095,TRUE,TRUE,TRUE,TRUE,TRUE,TRUE,TRUE,TRUE,""
"VD_B_N","VD","B",0,96,20560096,TRUE,TRUE,TRUE,TRUE,TRUE,TRUE,TRUE,TRUE,""
"VD_B_N","VD","B",0,97,20560097,TRUE,TRUE,TRUE,TRUE,TRUE,TRUE,TRUE,TRUE,""
"VD_B_N","VD","B",0,98,20560098,TRUE,TRUE,TRUE,TRUE,TRUE,TRUE,TRUE,TRUE,""
"VD_B_N","VD","B",0,99,20560099,TRUE,TRUE,TRUE,TRUE,TRUE,TRUE,TRUE,TRUE,""
"VD_B_N","VD","B",0,100,20560100,TRUE,TRUE,TRUE,TRUE,TRUE,TRUE,TRUE,TRUE,""
"VD_B_N","VD","B",0,101,20560101,TRUE,TRUE,TRUE,TRUE,TRUE,TRUE,TRUE,TRUE,""
"VD_B_N","VD","B",0,102,20560102,TRUE,TRUE,TRUE,TRUE,TRUE,TRUE,TRUE,TRUE,""
"VD_B_N","VD","B",0,103,20560103,TRUE,TRUE,TRUE,TRUE,TRUE,TRUE,TRUE,TRUE,""
"VD_B_N","VD","B",0,104,20560104,TRUE,TRUE,TRUE,TRUE,TRUE,TRUE,TRUE,TRUE,""
"VD_B_N","VD","B",0,105,20560105,TRUE,TRUE,TRUE,TRUE,TRUE,TRUE,TRUE,TRUE,""
"VD_B_N","VD","B",0,106,20560106,TRUE,TRUE,TRUE,TRUE,TRUE,TRUE,TRUE,TRUE,""
"VD_B_N","VD","B",0,107,20560107,TRUE,TRUE,TRUE,TRUE,TRUE,TRUE,TRUE,TRUE,""
"VD_B_N","VD","B",0,108,20560108,TRUE,TRUE,TRUE,TRUE,TRUE,TRUE,TRUE,TRUE,""
"VD_B_N","VD","B",0,109,20560109,TRUE,TRUE,TRUE,TRUE,TRUE,TRUE,TRUE,TRUE,""
"VD_B_N","VD","B",0,110,20560110,TRUE,TRUE,TRUE,TRUE,TRUE,TRUE,TRUE,TRUE,""
"VD_B_N","VD","B",0,111,20560111,TRUE,TRUE,TRUE,TRUE,TRUE,TRUE,TRUE,TRUE,""
"VD_B_N","VD","B",0,112,20560112,TRUE,TRUE,TRUE,TRUE,TRUE,TRUE,TRUE,TRUE,""
"VD_B_N","VD","B",0,113,20560113,TRUE,TRUE,TRUE,TRUE,TRUE,TRUE,TRUE,TRUE,""
"VD_B_N","VD","B",0,114,20560114,TRUE,TRUE,TRUE,TRUE,TRUE,TRUE,TRUE,TRUE,""
"VD_B_N","VD","B",0,115,20560115,TRUE,TRUE,TRUE,TRUE,TRUE,TRUE,TRUE,TRUE,""
"VD_B_N","VD","B",0,116,20560116,TRUE,TRUE,TRUE,TRUE,TRUE,TRUE,TRUE,TRUE,""
"VD_B_N","VD","B",0,117,20560117,TRUE,TRUE,TRUE,TRUE,TRUE,TRUE,TRUE,TRUE,""
"VD_B_N","VD","B",0,118,20560118,TRUE,TRUE,TRUE,TRUE,TRUE,TRUE,TRUE,TRUE,""
"VD_B_N","VD","B",0,119,20560119,TRUE,TRUE,TRUE,TRUE,TRUE,TRUE,TRUE,TRUE,""
"VD_B_N","VD","B",0,120,20560120,TRUE,TRUE,TRUE,TRUE,TRUE,TRUE,TRUE,TRUE,""
"VD_B_N","VD","B",0,121,20560121,TRUE,TRUE,TRUE,TRUE,TRUE,TRUE,TRUE,TRUE,""
"VD_B_N","VD","B",0,122,20560122,TRUE,TRUE,TRUE,TRUE,TRUE,TRUE,TRUE,TRUE,""
"VD_B_N","VD","B",0,123,20560123,TRUE,TRUE,TRUE,TRUE,TRUE,TRUE,TRUE,TRUE,""
"VD_B_N","VD","B",0,124,20560124,TRUE,TRUE,TRUE,TRUE,TRUE,TRUE,TRUE,TRUE,""
"VD_B_N","VD","B",0,125,20560125,TRUE,TRUE,TRUE,TRUE,TRUE,TRUE,TRUE,TRUE,""
"VD_B_N","VD","B",0,126,20560126,TRUE,TRUE,TRUE,TRUE,TRUE,TRUE,TRUE,TRUE,""
"VD_B_N","VD","B",0,127,20560127,TRUE,TRUE,TRUE,TRUE,TRUE,TRUE,TRUE,TRUE,""
"VD_B_N","VD","B",0,128,20560128,TRUE,TRUE,TRUE,TRUE,TRUE,TRUE,TRUE,TRUE,""
"VD_B_N","VD","B",0,129,20560129,TRUE,TRUE,TRUE,TRUE,TRUE,TRUE,TRUE,TRUE,""
"VD_B_N","VD","B",0,130,20560130,TRUE,TRUE,TRUE,TRUE,TRUE,TRUE,TRUE,TRUE,""
"VD_B_N","VD","B",0,131,20560131,TRUE,TRUE,TRUE,TRUE,TRUE,TRUE,TRUE,TRUE,""
"VD_B_N","VD","B",0,132,20560132,TRUE,TRUE,TRUE,TRUE,TRUE,TRUE,TRUE,TRUE,""
"VD_B_N","VD","B",0,133,20560133,TRUE,TRUE,TRUE,TRUE,TRUE,TRUE,TRUE,TRUE,""
"VD_B_N","VD","B",0,134,20560134,TRUE,TRUE,TRUE,TRUE,TRUE,TRUE,TRUE,TRUE,""
"VD_B_N","VD","B",0,135,20560135,TRUE,TRUE,TRUE,TRUE,TRUE,TRUE,TRUE,TRUE,""
"VD_B_N","VD","B",0,136,20560136,TRUE,TRUE,TRUE,TRUE,TRUE,TRUE,TRUE,TRUE,""
"VD_B_N","VD","B",0,137,20560137,TRUE,TRUE,TRUE,TRUE,TRUE,TRUE,TRUE,TRUE,""
"VD_B_N","VD","B",0,138,20560138,TRUE,TRUE,TRUE,TRUE,TRUE,TRUE,TRUE,TRUE,""
"VD_B_N","VD","B",0,139,20560139,TRUE,TRUE,TRUE,TRUE,TRUE,TRUE,TRUE,TRUE,""
"VD_B_N","VD","B",0,140,20560140,TRUE,TRUE,TRUE,TRUE,TRUE,TRUE,TRUE,TRUE,""
"VD_B_N","VD","B",0,141,20560141,TRUE,TRUE,TRUE,TRUE,TRUE,TRUE,TRUE,TRUE,""
"VD_B_N","VD","B",0,142,20560142,TRUE,TRUE,TRUE,TRUE,TRUE,TRUE,TRUE,TRUE,""
"VD_B_N","VD","B",0,143,20560143,TRUE,TRUE,TRUE,TRUE,TRUE,TRUE,TRUE,TRUE,""
"VD_B_N","VD","B",0,144,20560144,TRUE,TRUE,TRUE,TRUE,TRUE,TRUE,TRUE,TRUE,""
"VD_B_N","VD","B",0,145,20560145,TRUE,TRUE,TRUE,TRUE,TRUE,TRUE,TRUE,TRUE,""
"VD_B_N","VD","B",0,146,20560146,TRUE,TRUE,TRUE,TRUE,TRUE,TRUE,TRUE,TRUE,""
"VD_B_N","VD","B",0,147,20560147,TRUE,TRUE,TRUE,TRUE,TRUE,TRUE,TRUE,TRUE,""
"VD_B_N","VD","B",0,148,20560148,TRUE,TRUE,TRUE,TRUE,TRUE,TRUE,TRUE,TRUE,""
"VD_B_N","VD","B",0,149,20560149,TRUE,TRUE,TRUE,TRUE,TRUE,TRUE,TRUE,TRUE,""
"VD_B_N","VD","B",0,150,20560150,TRUE,TRUE,TRUE,TRUE,TRUE,TRUE,TRUE,TRUE,""
"VD_B_N","VD","B",0,151,20560151,TRUE,TRUE,TRUE,TRUE,TRUE,TRUE,TRUE,TRUE,""
"VD_B_N","VD","B",0,152,20560152,TRUE,TRUE,TRUE,TRUE,TRUE,TRUE,TRUE,TRUE,""
"VD_B_N","VD","B",0,153,20560153,TRUE,TRUE,TRUE,TRUE,TRUE,TRUE,TRUE,TRUE,""
"VD_B_N","VD","B",0,154,20560154,TRUE,TRUE,TRUE,TRUE,TRUE,TRUE,TRUE,TRUE,""
"VD_B_N","VD","B",0,155,20560155,TRUE,TRUE,TRUE,TRUE,TRUE,TRUE,TRUE,TRUE,""
"VD_B_N","VD","B",0,156,20560156,TRUE,TRUE,TRUE,TRUE,TRUE,TRUE,TRUE,TRUE,""
"VD_B_N","VD","B",0,157,20560157,TRUE,TRUE,TRUE,TRUE,TRUE,TRUE,TRUE,TRUE,""
"VD_B_N","VD","B",0,158,20560158,TRUE,TRUE,TRUE,TRUE,TRUE,TRUE,TRUE,TRUE,""
"VD_B_N","VD","B",0,159,20560159,TRUE,TRUE,TRUE,TRUE,TRUE,TRUE,TRUE,TRUE,""
"VD_B_N","VD","B",0,160,20560160,TRUE,TRUE,TRUE,TRUE,TRUE,TRUE,TRUE,TRUE,""
"VD_B_N","VD","B",0,161,20560161,TRUE,TRUE,TRUE,TRUE,TRUE,TRUE,TRUE,TRUE,""
"VD_B_N","VD","B",0,162,20560162,TRUE,TRUE,TRUE,TRUE,TRUE,TRUE,TRUE,TRUE,""
"VD_B_N","VD","B",0,163,20560163,TRUE,TRUE,TRUE,TRUE,TRUE,TRUE,TRUE,TRUE,""
"VD_B_N","VD","B",0,164,20560164,TRUE,TRUE,TRUE,TRUE,TRUE,TRUE,TRUE,TRUE,""
"VD_B_N","VD","B",0,165,20560165,TRUE,TRUE,TRUE,TRUE,TRUE,TRUE,TRUE,TRUE,""
"VD_B_N","VD","B",0,166,20560166,TRUE,TRUE,TRUE,TRUE,TRUE,TRUE,TRUE,TRUE,""
"VD_B_N","VD","B",0,167,20560167,TRUE,TRUE,TRUE,TRUE,TRUE,TRUE,TRUE,TRUE,""
"VD_B_N","VD","B",0,168,20560168,TRUE,TRUE,TRUE,TRUE,TRUE,TRUE,TRUE,TRUE,""
"VD_B_N","VD","B",0,169,20560169,TRUE,TRUE,TRUE,TRUE,TRUE,TRUE,TRUE,TRUE,""
"VD_B_N","VD","B",0,170,20560170,TRUE,TRUE,TRUE,TRUE,TRUE,TRUE,TRUE,TRUE,""
"VD_B_N","VD","B",0,171,20560171,TRUE,TRUE,TRUE,TRUE,TRUE,TRUE,TRUE,TRUE,""
"VD_B_N","VD","B",0,172,20560172,TRUE,TRUE,TRUE,TRUE,TRUE,TRUE,TRUE,TRUE,""
"VD_B_N","VD","B",0,173,20560173,TRUE,TRUE,TRUE,TRUE,TRUE,TRUE,TRUE,TRUE,""
"VD_B_N","VD","B",0,174,20560174,TRUE,TRUE,TRUE,TRUE,TRUE,TRUE,TRUE,TRUE,""
"VD_B_N","VD","B",0,175,20560175,TRUE,TRUE,TRUE,TRUE,TRUE,TRUE,TRUE,TRUE,""
"VD_B_N","VD","B",0,176,20560176,TRUE,TRUE,TRUE,TRUE,TRUE,TRUE,TRUE,TRUE,""
"VD_B_N","VD","B",0,177,20560177,TRUE,TRUE,TRUE,TRUE,TRUE,TRUE,TRUE,TRUE,""
"VD_B_N","VD","B",0,178,20560178,TRUE,TRUE,TRUE,TRUE,TRUE,TRUE,TRUE,TRUE,""
"VD_B_N","VD","B",0,179,20560179,TRUE,TRUE,TRUE,TRUE,TRUE,TRUE,TRUE,TRUE,""
"VD_B_N","VD","B",0,180,20560180,TRUE,TRUE,TRUE,TRUE,TRUE,TRUE,TRUE,TRUE,""
"VD_B_N","VD","B",0,181,20560181,TRUE,TRUE,TRUE,TRUE,TRUE,TRUE,TRUE,TRUE,""
"VD_B_N","VD","B",0,182,20560182,TRUE,TRUE,TRUE,TRUE,TRUE,TRUE,TRUE,TRUE,""
"VD_B_N","VD","B",0,183,20560183,TRUE,TRUE,TRUE,TRUE,TRUE,TRUE,TRUE,TRUE,""
"VD_B_N","VD","B",0,184,20560184,TRUE,TRUE,TRUE,TRUE,TRUE,TRUE,TRUE,TRUE,""
"VD_B_N","VD","B",0,185,20560185,TRUE,TRUE,TRUE,TRUE,TRUE,TRUE,TRUE,TRUE,""
"VD_B_N","VD","B",0,186,20560186,TRUE,TRUE,TRUE,TRUE,TRUE,TRUE,TRUE,TRUE,""
"VD_B_N","VD","B",0,187,20560187,TRUE,TRUE,TRUE,TRUE,TRUE,TRUE,TRUE,TRUE,""
"VD_B_N","VD","B",0,188,20560188,TRUE,TRUE,TRUE,TRUE,TRUE,TRUE,TRUE,TRUE,""
"VD_B_N","VD","B",0,189,20560189,TRUE,TRUE,TRUE,TRUE,TRUE,TRUE,TRUE,TRUE,""
"VD_B_N","VD","B",0,190,20560190,TRUE,TRUE,TRUE,TRUE,TRUE,TRUE,TRUE,TRUE,""
"VD_B_N","VD","B",0,191,20560191,TRUE,TRUE,TRUE,TRUE,TRUE,TRUE,TRUE,TRUE,""
"VD_B_N","VD","B",0,192,20560192,TRUE,TRUE,TRUE,TRUE,TRUE,TRUE,TRUE,TRUE,""
"VD_B_N","VD","B",0,193,20560193,TRUE,TRUE,TRUE,TRUE,TRUE,TRUE,TRUE,TRUE,""
"VD_B_N","VD","B",0,194,20560194,TRUE,TRUE,TRUE,TRUE,TRUE,TRUE,TRUE,TRUE,""
"VD_B_N","VD","B",0,195,20560195,TRUE,TRUE,TRUE,TRUE,TRUE,TRUE,TRUE,TRUE,""
"VD_B_N","VD","B",0,196,20560196,TRUE,TRUE,TRUE,TRUE,TRUE,TRUE,TRUE,TRUE,""
"VD_B_N","VD","B",0,197,20560197,TRUE,TRUE,TRUE,TRUE,TRUE,TRUE,TRUE,TRUE,""
"VD_B_N","VD","B",0,198,20560198,TRUE,TRUE,TRUE,TRUE,TRUE,TRUE,TRUE,TRUE,""
"VD_B_N","VD","B",0,199,20560199,TRUE,TRUE,TRUE,TRUE,TRUE,TRUE,TRUE,TRUE,""
"VD_B_N","VD","B",0,200,20560200,TRUE,TRUE,TRUE,TRUE,TRUE,TRUE,TRUE,TRUE,""
"VD_B_N","VD","B",0,201,20560201,TRUE,TRUE,TRUE,TRUE,TRUE,TRUE,TRUE,TRUE,""
"VD_B_N","VD","B",0,202,20560202,TRUE,TRUE,TRUE,TRUE,TRUE,TRUE,TRUE,TRUE,""
"VD_B_N","VD","B",0,203,20560203,TRUE,TRUE,TRUE,TRUE,TRUE,TRUE,TRUE,TRUE,""
"VD_B_N","VD","B",0,204,20560204,TRUE,TRUE,TRUE,TRUE,TRUE,TRUE,TRUE,TRUE,""
"VD_B_N","VD","B",0,205,20560205,TRUE,TRUE,TRUE,TRUE,TRUE,TRUE,TRUE,TRUE,""
"VD_B_N","VD","B",0,206,20560206,TRUE,TRUE,TRUE,TRUE,TRUE,TRUE,TRUE,TRUE,""
"VD_B_N","VD","B",0,207,20560207,TRUE,TRUE,TRUE,TRUE,TRUE,TRUE,TRUE,TRUE,""
"VD_B_N","VD","B",0,208,20560208,TRUE,TRUE,TRUE,TRUE,TRUE,TRUE,TRUE,TRUE,""
"VD_B_N","VD","B",0,209,20560209,TRUE,TRUE,TRUE,TRUE,TRUE,TRUE,TRUE,TRUE,""
"VD_B_N","VD","B",0,210,20560210,TRUE,TRUE,TRUE,TRUE,TRUE,TRUE,TRUE,TRUE,""
"VD_B_N","VD","B",0,211,20560211,TRUE,TRUE,TRUE,TRUE,TRUE,TRUE,TRUE,TRUE,""
"VD_B_N","VD","B",0,212,20560212,TRUE,TRUE,TRUE,TRUE,TRUE,TRUE,TRUE,TRUE,""
"VD_B_N","VD","B",0,213,20560213,TRUE,TRUE,TRUE,TRUE,TRUE,TRUE,TRUE,TRUE,""
"VD_B_N","VD","B",0,214,20560214,TRUE,TRUE,TRUE,TRUE,TRUE,TRUE,TRUE,TRUE,""
"VD_B_N","VD","B",0,215,20560215,TRUE,TRUE,TRUE,TRUE,TRUE,TRUE,TRUE,TRUE,""
"VD_B_N","VD","B",0,216,20560216,TRUE,TRUE,TRUE,TRUE,TRUE,TRUE,TRUE,TRUE,""
"VD_B_N","VD","B",0,217,20560217,TRUE,TRUE,TRUE,TRUE,TRUE,TRUE,TRUE,TRUE,""
"VD_B_N","VD","B",0,218,20560218,TRUE,TRUE,TRUE,TRUE,TRUE,TRUE,TRUE,TRUE,""
"VD_B_N","VD","B",0,219,20560219,TRUE,TRUE,TRUE,TRUE,TRUE,TRUE,TRUE,TRUE,""
"VD_B_N","VD","B",0,220,20560220,TRUE,TRUE,TRUE,TRUE,TRUE,TRUE,TRUE,TRUE,""
"VD_B_N","VD","B",0,221,20560221,TRUE,TRUE,TRUE,TRUE,TRUE,TRUE,TRUE,TRUE,""
"VD_B_N","VD","B",0,222,20560222,TRUE,TRUE,TRUE,TRUE,TRUE,TRUE,TRUE,TRUE,""
"VD_B_N","VD","B",0,223,20560223,TRUE,TRUE,TRUE,TRUE,TRUE,TRUE,TRUE,TRUE,""
"VD_B_N","VD","B",0,224,20560224,TRUE,TRUE,TRUE,TRUE,TRUE,TRUE,TRUE,TRUE,""
"VD_B_N","VD","B",0,225,20560225,TRUE,TRUE,TRUE,TRUE,TRUE,TRUE,TRUE,TRUE,""
"VD_B_N","VD","B",0,226,20560226,TRUE,TRUE,TRUE,TRUE,TRUE,TRUE,TRUE,TRUE,""
"VD_B_N","VD","B",0,227,20560227,TRUE,TRUE,TRUE,TRUE,TRUE,TRUE,TRUE,TRUE,""
"VD_B_N","VD","B",0,228,20560228,TRUE,TRUE,TRUE,TRUE,TRUE,TRUE,TRUE,TRUE,""
"VD_B_N","VD","B",0,229,20560229,TRUE,TRUE,TRUE,TRUE,TRUE,TRUE,TRUE,TRUE,""
"VD_B_N","VD","B",0,230,20560230,TRUE,TRUE,TRUE,TRUE,TRUE,TRUE,TRUE,TRUE,""
"VD_B_N","VD","B",0,231,20560231,TRUE,TRUE,TRUE,TRUE,TRUE,TRUE,TRUE,TRUE,""
"VD_B_N","VD","B",0,232,20560232,TRUE,TRUE,TRUE,TRUE,TRUE,TRUE,TRUE,TRUE,""
"VD_B_N","VD","B",0,233,20560233,TRUE,TRUE,TRUE,TRUE,TRUE,TRUE,TRUE,TRUE,""
"VD_B_N","VD","B",0,234,20560234,TRUE,TRUE,TRUE,TRUE,TRUE,TRUE,TRUE,TRUE,""
"VD_B_N","VD","B",0,235,20560235,TRUE,TRUE,TRUE,TRUE,TRUE,TRUE,TRUE,TRUE,""
"VD_B_N","VD","B",0,236,20560236,TRUE,TRUE,TRUE,TRUE,TRUE,TRUE,TRUE,TRUE,""
"VD_B_N","VD","B",0,237,20560237,TRUE,TRUE,TRUE,TRUE,TRUE,TRUE,TRUE,TRUE,""
"VD_B_N","VD","B",0,238,20560238,TRUE,TRUE,TRUE,TRUE,TRUE,TRUE,TRUE,TRUE,""
"VD_B_N","VD","B",0,239,20560239,TRUE,TRUE,TRUE,TRUE,TRUE,TRUE,TRUE,TRUE,""
"VD_B_N","VD","B",0,240,20560240,TRUE,TRUE,TRUE,TRUE,TRUE,TRUE,TRUE,TRUE,""
"VD_B_N","VD","B",0,241,20560241,TRUE,TRUE,TRUE,TRUE,TRUE,TRUE,TRUE,TRUE,""
"VD_B_N","VD","B",0,242,20560242,TRUE,TRUE,TRUE,TRUE,TRUE,TRUE,TRUE,TRUE,""
"VD_B_N","VD","B",0,243,20560243,TRUE,TRUE,TRUE,TRUE,TRUE,TRUE,TRUE,TRUE,""
"VD_B_N","VD","B",0,244,20560244,TRUE,TRUE,TRUE,TRUE,TRUE,TRUE,TRUE,TRUE,""
"VD_B_N","VD","B",0,245,20560245,TRUE,TRUE,TRUE,TRUE,TRUE,TRUE,TRUE,TRUE,""
"VD_B_N","VD","B",0,246,20560246,TRUE,TRUE,TRUE,TRUE,TRUE,TRUE,TRUE,TRUE,""
"VD_B_N","VD","B",0,247,20560247,TRUE,TRUE,TRUE,TRUE,TRUE,TRUE,TRUE,TRUE,""
"VD_B_N","VD","B",0,248,20560248,TRUE,TRUE,TRUE,TRUE,TRUE,TRUE,TRUE,TRUE,""
"VD_B_N","VD","B",0,249,20560249,TRUE,TRUE,TRUE,TRUE,TRUE,TRUE,TRUE,TRUE,""
"VD_B_N","VD","B",0,250,20560250,TRUE,TRUE,TRUE,TRUE,TRUE,TRUE,TRUE,TRUE,""
"VD_B_N","VD","B",0,251,20560251,TRUE,TRUE,TRUE,TRUE,TRUE,TRUE,TRUE,TRUE,""
"VD_B_N","VD","B",0,252,20560252,TRUE,TRUE,TRUE,TRUE,TRUE,TRUE,TRUE,TRUE,""
"VD_B_N","VD","B",0,253,20560253,TRUE,TRUE,TRUE,TRUE,TRUE,TRUE,TRUE,TRUE,""
"VD_B_N","VD","B",0,254,20560254,TRUE,TRUE,TRUE,TRUE,TRUE,TRUE,TRUE,TRUE,""
"VD_B_N","VD","B",0,255,20560255,TRUE,TRUE,TRUE,TRUE,TRUE,TRUE,TRUE,TRUE,""
"VD_B_N","VD","B",0,256,20560256,TRUE,TRUE,TRUE,TRUE,TRUE,TRUE,TRUE,TRUE,""
"VD_B_N","VD","B",0,257,20560257,TRUE,TRUE,TRUE,TRUE,TRUE,TRUE,TRUE,TRUE,""
"VD_B_N","VD","B",0,258,20560258,TRUE,TRUE,TRUE,TRUE,TRUE,TRUE,TRUE,TRUE,""
"VD_B_N","VD","B",0,259,20560259,TRUE,TRUE,TRUE,TRUE,TRUE,TRUE,TRUE,TRUE,""
"VD_B_N","VD","B",0,260,20560260,TRUE,TRUE,TRUE,TRUE,TRUE,TRUE,TRUE,TRUE,""
"VD_B_N","VD","B",0,261,20560261,TRUE,TRUE,TRUE,TRUE,TRUE,TRUE,TRUE,TRUE,""
"VD_B_N","VD","B",0,262,20560262,TRUE,TRUE,TRUE,TRUE,TRUE,TRUE,TRUE,TRUE,""
"VD_B_N","VD","B",0,263,20560263,TRUE,TRUE,TRUE,TRUE,TRUE,TRUE,TRUE,TRUE,""
"VD_B_N","VD","B",0,264,20560264,TRUE,TRUE,TRUE,TRUE,TRUE,TRUE,TRUE,TRUE,""
"VD_B_N","VD","B",0,265,20560265,TRUE,TRUE,TRUE,TRUE,TRUE,TRUE,TRUE,TRUE,""
"VD_B_N","VD","B",0,266,20560266,TRUE,TRUE,TRUE,TRUE,TRUE,TRUE,TRUE,TRUE,""
"VD_B_N","VD","B",0,267,20560267,TRUE,TRUE,TRUE,TRUE,TRUE,TRUE,TRUE,TRUE,""
"VD_B_N","VD","B",0,268,20560268,TRUE,TRUE,TRUE,TRUE,TRUE,TRUE,TRUE,TRUE,""
"VD_B_N","VD","B",0,269,20560269,TRUE,TRUE,TRUE,TRUE,TRUE,TRUE,TRUE,TRUE,""
"VD_B_N","VD","B",0,270,20560270,TRUE,TRUE,TRUE,TRUE,TRUE,TRUE,TRUE,TRUE,""
"VD_B_N","VD","B",0,271,20560271,TRUE,TRUE,TRUE,TRUE,TRUE,TRUE,TRUE,TRUE,""
"VD_B_N","VD","B",0,272,20560272,TRUE,TRUE,TRUE,TRUE,TRUE,TRUE,TRUE,TRUE,""
"VD_B_N","VD","B",0,273,20560273,TRUE,TRUE,TRUE,TRUE,TRUE,TRUE,TRUE,TRUE,""
"VD_B_N","VD","B",0,274,20560274,TRUE,TRUE,TRUE,TRUE,TRUE,TRUE,TRUE,TRUE,""
"VD_B_N","VD","B",0,275,20560275,TRUE,TRUE,TRUE,TRUE,TRUE,TRUE,TRUE,TRUE,""
"VD_B_N","VD","B",0,276,20560276,TRUE,TRUE,TRUE,TRUE,TRUE,TRUE,TRUE,TRUE,""
"VD_B_N","VD","B",0,277,20560277,TRUE,TRUE,TRUE,TRUE,TRUE,TRUE,TRUE,TRUE,""
"VD_B_N","VD","B",0,278,20560278,TRUE,TRUE,TRUE,TRUE,TRUE,TRUE,TRUE,TRUE,""
"VD_B_N","VD","B",0,279,20560279,TRUE,TRUE,TRUE,TRUE,TRUE,TRUE,TRUE,TRUE,""
"VD_B_N","VD","B",0,280,20560280,TRUE,TRUE,TRUE,TRUE,TRUE,TRUE,TRUE,TRUE,""
"VD_B_N","VD","B",0,281,20560281,TRUE,TRUE,TRUE,TRUE,TRUE,TRUE,TRUE,TRUE,""
"VD_B_N","VD","B",0,282,20560282,TRUE,TRUE,TRUE,TRUE,TRUE,TRUE,TRUE,TRUE,""
"VD_B_N","VD","B",0,283,20560283,TRUE,TRUE,TRUE,TRUE,TRUE,TRUE,TRUE,TRUE,""
"VD_B_N","VD","B",0,284,20560284,TRUE,TRUE,TRUE,TRUE,TRUE,TRUE,TRUE,TRUE,""
"VD_B_N","VD","B",0,285,20560285,TRUE,TRUE,TRUE,TRUE,TRUE,TRUE,TRUE,TRUE,""
"VD_B_N","VD","B",0,286,20560286,TRUE,TRUE,TRUE,TRUE,TRUE,TRUE,TRUE,TRUE,""
"VD_B_N","VD","B",0,287,20560287,TRUE,TRUE,TRUE,TRUE,TRUE,TRUE,TRUE,TRUE,""
"VD_B_N","VD","B",0,288,20560288,TRUE,TRUE,TRUE,TRUE,TRUE,TRUE,TRUE,TRUE,""
"VD_B_N","VD","B",0,289,20560289,TRUE,TRUE,TRUE,TRUE,TRUE,TRUE,TRUE,TRUE,""
"VD_B_N","VD","B",0,290,20560290,TRUE,TRUE,TRUE,TRUE,TRUE,TRUE,TRUE,TRUE,""
"VD_B_N","VD","B",0,291,20560291,TRUE,TRUE,TRUE,TRUE,TRUE,TRUE,TRUE,TRUE,""
"VD_B_N","VD","B",0,292,20560292,TRUE,TRUE,TRUE,TRUE,TRUE,TRUE,TRUE,TRUE,""
"VD_B_N","VD","B",0,293,20560293,TRUE,TRUE,TRUE,TRUE,TRUE,TRUE,TRUE,TRUE,""
"VD_B_N","VD","B",0,294,20560294,TRUE,TRUE,TRUE,TRUE,TRUE,TRUE,TRUE,TRUE,""
"VD_B_N","VD","B",0,295,20560295,TRUE,TRUE,TRUE,TRUE,TRUE,TRUE,TRUE,TRUE,""
"VD_B_N","VD","B",0,296,20560296,TRUE,TRUE,TRUE,TRUE,TRUE,TRUE,TRUE,TRUE,""
"VD_B_N","VD","B",0,297,20560297,TRUE,TRUE,TRUE,TRUE,TRUE,TRUE,TRUE,TRUE,""
"VD_B_N","VD","B",0,298,20560298,TRUE,TRUE,TRUE,TRUE,TRUE,TRUE,TRUE,TRUE,""
"VD_B_N","VD","B",0,299,20560299,TRUE,TRUE,TRUE,TRUE,TRUE,TRUE,TRUE,TRUE,""
"VD_B_N","VD","B",0,300,20560300,TRUE,TRUE,TRUE,TRUE,TRUE,TRUE,TRUE,TRUE,""
"VD_B_N","VD","B",0,301,20560301,TRUE,TRUE,TRUE,TRUE,TRUE,TRUE,TRUE,TRUE,""
"VD_B_N","VD","B",0,302,20560302,TRUE,TRUE,TRUE,TRUE,TRUE,TRUE,TRUE,TRUE,""
"VD_B_N","VD","B",0,303,20560303,TRUE,TRUE,TRUE,TRUE,TRUE,TRUE,TRUE,TRUE,""
"VD_B_N","VD","B",0,304,20560304,TRUE,TRUE,TRUE,TRUE,TRUE,TRUE,TRUE,TRUE,""
"VD_B_N","VD","B",0,305,20560305,TRUE,TRUE,TRUE,TRUE,TRUE,TRUE,TRUE,TRUE,""
"VD_B_N","VD","B",0,306,20560306,TRUE,TRUE,TRUE,TRUE,TRUE,TRUE,TRUE,TRUE,""
"VD_B_N","VD","B",0,307,20560307,TRUE,TRUE,TRUE,TRUE,TRUE,TRUE,TRUE,TRUE,""
"VD_B_N","VD","B",0,308,20560308,TRUE,TRUE,TRUE,TRUE,TRUE,TRUE,TRUE,TRUE,""
"VD_B_N","VD","B",0,309,20560309,TRUE,TRUE,TRUE,TRUE,TRUE,TRUE,TRUE,TRUE,""
"VD_B_N","VD","B",0,310,20560310,TRUE,TRUE,TRUE,TRUE,TRUE,TRUE,TRUE,TRUE,""
"VD_B_N","VD","B",0,311,20560311,TRUE,TRUE,TRUE,TRUE,TRUE,TRUE,TRUE,TRUE,""
"VD_B_N","VD","B",0,312,20560312,TRUE,TRUE,TRUE,TRUE,TRUE,TRUE,TRUE,TRUE,""
"VD_B_N","VD","B",0,313,20560313,TRUE,TRUE,TRUE,TRUE,TRUE,TRUE,TRUE,TRUE,""
"VD_B_N","VD","B",0,314,20560314,TRUE,TRUE,TRUE,TRUE,TRUE,TRUE,TRUE,TRUE,""
"VD_B_N","VD","B",0,315,20560315,TRUE,TRUE,TRUE,TRUE,TRUE,TRUE,TRUE,TRUE,""
"VD_B_N","VD","B",0,316,20560316,TRUE,TRUE,TRUE,TRUE,TRUE,TRUE,TRUE,TRUE,""
"VD_B_N","VD","B",0,317,20560317,TRUE,TRUE,TRUE,TRUE,TRUE,TRUE,TRUE,TRUE,""
"VD_B_N","VD","B",0,318,20560318,TRUE,TRUE,TRUE,TRUE,TRUE,TRUE,TRUE,TRUE,""
"VD_B_N","VD","B",0,319,20560319,TRUE,TRUE,TRUE,TRUE,TRUE,TRUE,TRUE,TRUE,""
"VD_B_N","VD","B",0,320,20560320,TRUE,TRUE,TRUE,TRUE,TRUE,TRUE,TRUE,TRUE,""
"VD_B_N","VD","B",0,321,20560321,TRUE,TRUE,TRUE,TRUE,TRUE,TRUE,TRUE,TRUE,""
"VD_B_N","VD","B",0,322,20560322,TRUE,TRUE,TRUE,TRUE,TRUE,TRUE,TRUE,TRUE,""
"VD_B_N","VD","B",0,323,20560323,TRUE,TRUE,TRUE,TRUE,TRUE,TRUE,TRUE,TRUE,""
"VD_B_N","VD","B",0,324,20560324,TRUE,TRUE,TRUE,TRUE,TRUE,TRUE,TRUE,TRUE,""
"VD_B_N","VD","B",0,325,20560325,TRUE,TRUE,TRUE,TRUE,TRUE,TRUE,TRUE,TRUE,""
"VD_B_N","VD","B",0,326,20560326,TRUE,TRUE,TRUE,TRUE,TRUE,TRUE,TRUE,TRUE,""
"VD_B_N","VD","B",0,327,20560327,TRUE,TRUE,TRUE,TRUE,TRUE,TRUE,TRUE,TRUE,""
"VD_B_N","VD","B",0,328,20560328,TRUE,TRUE,TRUE,TRUE,TRUE,TRUE,TRUE,TRUE,""
"VD_B_N","VD","B",0,329,20560329,TRUE,TRUE,TRUE,TRUE,TRUE,TRUE,TRUE,TRUE,""
"VD_B_N","VD","B",0,330,20560330,TRUE,TRUE,TRUE,TRUE,TRUE,TRUE,TRUE,TRUE,""
"VD_B_N","VD","B",0,331,20560331,TRUE,TRUE,TRUE,TRUE,TRUE,TRUE,TRUE,TRUE,""
"VD_B_N","VD","B",0,332,20560332,TRUE,TRUE,TRUE,TRUE,TRUE,TRUE,TRUE,TRUE,""
"VD_B_N","VD","B",0,333,20560333,TRUE,TRUE,TRUE,TRUE,TRUE,TRUE,TRUE,TRUE,""
"VD_B_N","VD","B",0,334,20560334,TRUE,TRUE,TRUE,TRUE,TRUE,TRUE,TRUE,TRUE,""
"VD_B_N","VD","B",0,335,20560335,TRUE,TRUE,TRUE,TRUE,TRUE,TRUE,TRUE,TRUE,""
"VD_B_N","VD","B",0,336,20560336,TRUE,TRUE,TRUE,TRUE,TRUE,TRUE,TRUE,TRUE,""
"VD_B_N","VD","B",0,337,20560337,TRUE,TRUE,TRUE,TRUE,TRUE,TRUE,TRUE,TRUE,""
"VD_B_N","VD","B",0,338,20560338,TRUE,TRUE,TRUE,TRUE,TRUE,TRUE,TRUE,TRUE,""
"VD_B_N","VD","B",0,339,20560339,TRUE,TRUE,TRUE,TRUE,TRUE,TRUE,TRUE,TRUE,""
"VD_B_N","VD","B",0,340,20560340,TRUE,TRUE,TRUE,TRUE,TRUE,TRUE,TRUE,TRUE,""
"VD_B_N","VD","B",0,341,20560341,TRUE,TRUE,TRUE,TRUE,TRUE,TRUE,TRUE,TRUE,""
"VD_B_N","VD","B",0,342,20560342,TRUE,TRUE,TRUE,TRUE,TRUE,TRUE,TRUE,TRUE,""
"VD_B_N","VD","B",0,343,20560343,TRUE,TRUE,TRUE,TRUE,TRUE,TRUE,TRUE,TRUE,""
"VD_B_N","VD","B",0,344,20560344,TRUE,TRUE,TRUE,TRUE,TRUE,TRUE,TRUE,TRUE,""
"VD_B_N","VD","B",0,345,20560345,TRUE,TRUE,TRUE,TRUE,TRUE,TRUE,TRUE,TRUE,""
"VD_B_N","VD","B",0,346,20560346,TRUE,TRUE,TRUE,TRUE,TRUE,TRUE,TRUE,TRUE,""
"VD_B_N","VD","B",0,347,20560347,TRUE,TRUE,TRUE,TRUE,TRUE,TRUE,TRUE,TRUE,""
"VD_B_N","VD","B",0,348,20560348,TRUE,TRUE,TRUE,TRUE,TRUE,TRUE,TRUE,TRUE,""
"VD_B_N","VD","B",0,349,20560349,TRUE,TRUE,TRUE,TRUE,TRUE,TRUE,TRUE,TRUE,""
"VD_B_N","VD","B",0,350,20560350,TRUE,TRUE,TRUE,TRUE,TRUE,TRUE,TRUE,TRUE,""
"VD_B_N","VD","B",0,351,20560351,TRUE,TRUE,TRUE,TRUE,TRUE,TRUE,TRUE,TRUE,""
"VD_B_N","VD","B",0,352,20560352,TRUE,TRUE,TRUE,TRUE,TRUE,TRUE,TRUE,TRUE,""
"VD_B_N","VD","B",0,353,20560353,TRUE,TRUE,TRUE,TRUE,TRUE,TRUE,TRUE,TRUE,""
"VD_B_N","VD","B",0,354,20560354,TRUE,TRUE,TRUE,TRUE,TRUE,TRUE,TRUE,TRUE,""
"VD_B_N","VD","B",0,355,20560355,TRUE,TRUE,TRUE,TRUE,TRUE,TRUE,TRUE,TRUE,""
"VD_B_N","VD","B",0,356,20560356,TRUE,TRUE,TRUE,TRUE,TRUE,TRUE,TRUE,TRUE,""
"VD_B_N","VD","B",0,357,20560357,TRUE,TRUE,TRUE,TRUE,TRUE,TRUE,TRUE,TRUE,""
"VD_B_N","VD","B",0,358,20560358,TRUE,TRUE,TRUE,TRUE,TRUE,TRUE,TRUE,TRUE,""
"VD_B_N","VD","B",0,359,20560359,TRUE,TRUE,TRUE,TRUE,TRUE,TRUE,TRUE,TRUE,""
"VD_B_N","VD","B",0,360,20560360,TRUE,TRUE,TRUE,TRUE,TRUE,TRUE,TRUE,TRUE,""
"VD_B_N","VD","B",0,361,20560361,TRUE,TRUE,TRUE,TRUE,TRUE,TRUE,TRUE,TRUE,""
"VD_B_N","VD","B",0,362,20560362,TRUE,TRUE,TRUE,TRUE,TRUE,TRUE,TRUE,TRUE,""
"VD_B_N","VD","B",0,363,20560363,TRUE,TRUE,TRUE,TRUE,TRUE,TRUE,TRUE,TRUE,""
"VD_B_N","VD","B",0,364,20560364,TRUE,TRUE,TRUE,TRUE,TRUE,TRUE,TRUE,TRUE,""
"VD_B_N","VD","B",0,365,20560365,TRUE,TRUE,TRUE,TRUE,TRUE,TRUE,TRUE,TRUE,""
"VD_B_N","VD","B",0,366,20560366,TRUE,TRUE,TRUE,TRUE,TRUE,TRUE,TRUE,TRUE,""
"VD_B_N","VD","B",0,367,20560367,TRUE,TRUE,TRUE,TRUE,TRUE,TRUE,TRUE,TRUE,""
"VD_B_N","VD","B",0,368,20560368,TRUE,TRUE,TRUE,TRUE,TRUE,TRUE,TRUE,TRUE,""
"VD_B_N","VD","B",0,369,20560369,TRUE,TRUE,TRUE,TRUE,TRUE,TRUE,TRUE,TRUE,""
"VD_B_N","VD","B",0,370,20560370,TRUE,TRUE,TRUE,TRUE,TRUE,TRUE,TRUE,TRUE,""
"VD_B_N","VD","B",0,371,20560371,TRUE,TRUE,TRUE,TRUE,TRUE,TRUE,TRUE,TRUE,""
"VD_B_N","VD","B",0,372,20560372,TRUE,TRUE,TRUE,TRUE,TRUE,TRUE,TRUE,TRUE,""
"VD_B_N","VD","B",0,373,20560373,TRUE,TRUE,TRUE,TRUE,TRUE,TRUE,TRUE,TRUE,""
"VD_B_N","VD","B",0,374,20560374,TRUE,TRUE,TRUE,TRUE,TRUE,TRUE,TRUE,TRUE,""
"VD_B_N","VD","B",0,375,20560375,TRUE,TRUE,TRUE,TRUE,TRUE,TRUE,TRUE,TRUE,""
"VD_B_N","VD","B",0,376,20560376,TRUE,TRUE,TRUE,TRUE,TRUE,TRUE,TRUE,TRUE,""
"VD_B_N","VD","B",0,377,20560377,TRUE,TRUE,TRUE,TRUE,TRUE,TRUE,TRUE,TRUE,""
"VD_B_N","VD","B",0,378,20560378,TRUE,TRUE,TRUE,TRUE,TRUE,TRUE,TRUE,TRUE,""
"VD_B_N","VD","B",0,379,20560379,TRUE,TRUE,TRUE,TRUE,TRUE,TRUE,TRUE,TRUE,""
"VD_B_N","VD","B",0,380,20560380,TRUE,TRUE,TRUE,TRUE,TRUE,TRUE,TRUE,TRUE,""
"VD_B_N","VD","B",0,381,20560381,TRUE,TRUE,TRUE,TRUE,TRUE,TRUE,TRUE,TRUE,""
"VD_B_N","VD","B",0,382,20560382,TRUE,TRUE,TRUE,TRUE,TRUE,TRUE,TRUE,TRUE,""
"VD_B_N","VD","B",0,383,20560383,TRUE,TRUE,TRUE,TRUE,TRUE,TRUE,TRUE,TRUE,""
"VD_B_N","VD","B",0,384,20560384,TRUE,TRUE,TRUE,TRUE,TRUE,TRUE,TRUE,TRUE,""
"VD_B_N","VD","B",0,385,20560385,TRUE,TRUE,TRUE,TRUE,TRUE,TRUE,TRUE,TRUE,""
"VD_B_N","VD","B",0,386,20560386,TRUE,TRUE,TRUE,TRUE,TRUE,TRUE,TRUE,TRUE,""
"VD_B_N","VD","B",0,387,20560387,TRUE,TRUE,TRUE,TRUE,TRUE,TRUE,TRUE,TRUE,""
"VD_B_N","VD","B",0,388,20560388,TRUE,TRUE,TRUE,TRUE,TRUE,TRUE,TRUE,TRUE,""
"VD_B_N","VD","B",0,389,20560389,TRUE,TRUE,TRUE,TRUE,TRUE,TRUE,TRUE,TRUE,""
"VD_B_N","VD","B",0,390,20560390,TRUE,TRUE,TRUE,TRUE,TRUE,TRUE,TRUE,TRUE,""
"VD_B_N","VD","B",0,391,20560391,TRUE,TRUE,TRUE,TRUE,TRUE,TRUE,TRUE,TRUE,""
"VD_B_N","VD","B",0,392,20560392,TRUE,TRUE,TRUE,TRUE,TRUE,TRUE,TRUE,TRUE,""
"VD_B_N","VD","B",0,393,20560393,TRUE,TRUE,TRUE,TRUE,TRUE,TRUE,TRUE,TRUE,""
"VD_B_N","VD","B",0,394,20560394,TRUE,TRUE,TRUE,TRUE,TRUE,TRUE,TRUE,TRUE,""
"VD_B_N","VD","B",0,395,20560395,TRUE,TRUE,TRUE,TRUE,TRUE,TRUE,TRUE,TRUE,""
"VD_B_N","VD","B",0,396,20560396,TRUE,TRUE,TRUE,TRUE,TRUE,TRUE,TRUE,TRUE,""
"VD_B_N","VD","B",0,397,20560397,TRUE,TRUE,TRUE,TRUE,TRUE,TRUE,TRUE,TRUE,""
"VD_B_N","VD","B",0,398,20560398,TRUE,TRUE,TRUE,TRUE,TRUE,TRUE,TRUE,TRUE,""
"VD_B_N","VD","B",0,399,20560399,TRUE,TRUE,TRUE,TRUE,TRUE,TRUE,TRUE,TRUE,""
"VD_B_N","VD","B",0,400,20560400,TRUE,TRUE,TRUE,TRUE,TRUE,TRUE,TRUE,TRUE,""
"VD_B_N","VD","B",0,401,20560401,TRUE,TRUE,TRUE,TRUE,TRUE,TRUE,TRUE,TRUE,""
"VD_B_N","VD","B",0,402,20560402,TRUE,TRUE,TRUE,TRUE,TRUE,TRUE,TRUE,TRUE,""
"VD_B_N","VD","B",0,403,20560403,TRUE,TRUE,TRUE,TRUE,TRUE,TRUE,TRUE,TRUE,""
"VD_B_N","VD","B",0,404,20560404,TRUE,TRUE,TRUE,TRUE,TRUE,TRUE,TRUE,TRUE,""
"VD_B_N","VD","B",0,405,20560405,TRUE,TRUE,TRUE,TRUE,TRUE,TRUE,TRUE,TRUE,""
"VD_B_N","VD","B",0,406,20560406,TRUE,TRUE,TRUE,TRUE,TRUE,TRUE,TRUE,TRUE,""
"VD_B_N","VD","B",0,407,20560407,TRUE,TRUE,TRUE,TRUE,TRUE,TRUE,TRUE,TRUE,""
"VD_B_N","VD","B",0,408,20560408,TRUE,TRUE,TRUE,TRUE,TRUE,TRUE,TRUE,TRUE,""
"VD_B_N","VD","B",0,409,20560409,TRUE,TRUE,TRUE,TRUE,TRUE,TRUE,TRUE,TRUE,""
"VD_B_N","VD","B",0,410,20560410,TRUE,TRUE,TRUE,TRUE,TRUE,TRUE,TRUE,TRUE,""
"VD_B_N","VD","B",0,411,20560411,TRUE,TRUE,TRUE,TRUE,TRUE,TRUE,TRUE,TRUE,""
"VD_B_N","VD","B",0,412,20560412,TRUE,TRUE,TRUE,TRUE,TRUE,TRUE,TRUE,TRUE,""
"VD_B_N","VD","B",0,413,20560413,TRUE,TRUE,TRUE,TRUE,TRUE,TRUE,TRUE,TRUE,""
"VD_B_N","VD","B",0,414,20560414,TRUE,TRUE,TRUE,TRUE,TRUE,TRUE,TRUE,TRUE,""
"VD_B_N","VD","B",0,415,20560415,TRUE,TRUE,TRUE,TRUE,TRUE,TRUE,TRUE,TRUE,""
"VD_B_N","VD","B",0,416,20560416,TRUE,TRUE,TRUE,TRUE,TRUE,TRUE,TRUE,TRUE,""
"VD_B_N","VD","B",0,417,20560417,TRUE,TRUE,TRUE,TRUE,TRUE,TRUE,TRUE,TRUE,""
"VD_B_N","VD","B",0,418,20560418,TRUE,TRUE,TRUE,TRUE,TRUE,TRUE,TRUE,TRUE,""
"VD_B_N","VD","B",0,419,20560419,TRUE,TRUE,TRUE,TRUE,TRUE,TRUE,TRUE,TRUE,""
"VD_B_N","VD","B",0,420,20560420,TRUE,TRUE,TRUE,TRUE,TRUE,TRUE,TRUE,TRUE,""
"VD_B_N","VD","B",0,421,20560421,TRUE,TRUE,TRUE,TRUE,TRUE,TRUE,TRUE,TRUE,""
"VD_B_N","VD","B",0,422,20560422,TRUE,TRUE,TRUE,TRUE,TRUE,TRUE,TRUE,TRUE,""
"VD_B_N","VD","B",0,423,20560423,TRUE,TRUE,TRUE,TRUE,TRUE,TRUE,TRUE,TRUE,""
"VD_B_N","VD","B",0,424,20560424,TRUE,TRUE,TRUE,TRUE,TRUE,TRUE,TRUE,TRUE,""
"VD_B_N","VD","B",0,425,20560425,TRUE,TRUE,TRUE,TRUE,TRUE,TRUE,TRUE,TRUE,""
"VD_B_N","VD","B",0,426,20560426,TRUE,TRUE,TRUE,TRUE,TRUE,TRUE,TRUE,TRUE,""
"VD_B_N","VD","B",0,427,20560427,TRUE,TRUE,TRUE,TRUE,TRUE,TRUE,TRUE,TRUE,""
"VD_B_N","VD","B",0,428,20560428,TRUE,TRUE,TRUE,TRUE,TRUE,TRUE,TRUE,TRUE,""
"VD_B_N","VD","B",0,429,20560429,TRUE,TRUE,TRUE,TRUE,TRUE,TRUE,TRUE,TRUE,""
"VD_B_N","VD","B",0,430,20560430,TRUE,TRUE,TRUE,TRUE,TRUE,TRUE,TRUE,TRUE,""
"VD_B_N","VD","B",0,431,20560431,TRUE,TRUE,TRUE,TRUE,TRUE,TRUE,TRUE,TRUE,""
"VD_B_N","VD","B",0,432,20560432,TRUE,TRUE,TRUE,TRUE,TRUE,TRUE,TRUE,TRUE,""
"VD_B_N","VD","B",0,433,20560433,TRUE,TRUE,TRUE,TRUE,TRUE,TRUE,TRUE,TRUE,""
"VD_B_N","VD","B",0,434,20560434,TRUE,TRUE,TRUE,TRUE,TRUE,TRUE,TRUE,TRUE,""
"VD_B_N","VD","B",0,435,20560435,TRUE,TRUE,TRUE,TRUE,TRUE,TRUE,TRUE,TRUE,""
"VD_B_N","VD","B",0,436,20560436,TRUE,TRUE,TRUE,TRUE,TRUE,TRUE,TRUE,TRUE,""
"VD_B_N","VD","B",0,437,20560437,TRUE,TRUE,TRUE,TRUE,TRUE,TRUE,TRUE,TRUE,""
"VD_B_N","VD","B",0,438,20560438,TRUE,TRUE,TRUE,TRUE,TRUE,TRUE,TRUE,TRUE,""
"VD_B_N","VD","B",0,439,20560439,TRUE,TRUE,TRUE,TRUE,TRUE,TRUE,TRUE,TRUE,""
"VD_B_N","VD","B",0,440,20560440,TRUE,TRUE,TRUE,TRUE,TRUE,TRUE,TRUE,TRUE,""
"VD_B_N","VD","B",0,441,20560441,TRUE,TRUE,TRUE,TRUE,TRUE,TRUE,TRUE,TRUE,""
"VD_B_N","VD","B",0,442,20560442,TRUE,TRUE,TRUE,TRUE,TRUE,TRUE,TRUE,TRUE,""
"VD_B_N","VD","B",0,443,20560443,TRUE,TRUE,TRUE,TRUE,TRUE,TRUE,TRUE,TRUE,""
"VD_B_N","VD","B",0,444,20560444,TRUE,TRUE,TRUE,TRUE,TRUE,TRUE,TRUE,TRUE,""
"VD_B_N","VD","B",0,445,20560445,TRUE,TRUE,TRUE,TRUE,TRUE,TRUE,TRUE,TRUE,""
"VD_B_N","VD","B",0,446,20560446,TRUE,TRUE,TRUE,TRUE,TRUE,TRUE,TRUE,TRUE,""
"VD_B_N","VD","B",0,447,20560447,TRUE,TRUE,TRUE,TRUE,TRUE,TRUE,TRUE,TRUE,""
"VD_B_N","VD","B",0,448,20560448,TRUE,TRUE,TRUE,TRUE,TRUE,TRUE,TRUE,TRUE,""
"VD_B_N","VD","B",0,449,20560449,TRUE,TRUE,TRUE,TRUE,TRUE,TRUE,TRUE,TRUE,""
"VD_B_N","VD","B",0,450,20560450,TRUE,TRUE,TRUE,TRUE,TRUE,TRUE,TRUE,TRUE,""
"VD_B_N","VD","B",0,451,20560451,TRUE,TRUE,TRUE,TRUE,TRUE,TRUE,TRUE,TRUE,""
"VD_B_N","VD","B",0,452,20560452,TRUE,TRUE,TRUE,TRUE,TRUE,TRUE,TRUE,TRUE,""
"VD_B_N","VD","B",0,453,20560453,TRUE,TRUE,TRUE,TRUE,TRUE,TRUE,TRUE,TRUE,""
"VD_B_N","VD","B",0,454,20560454,TRUE,TRUE,TRUE,TRUE,TRUE,TRUE,TRUE,TRUE,""
"VD_B_N","VD","B",0,455,20560455,TRUE,TRUE,TRUE,TRUE,TRUE,TRUE,TRUE,TRUE,""
"VD_B_N","VD","B",0,456,20560456,TRUE,TRUE,TRUE,TRUE,TRUE,TRUE,TRUE,TRUE,""
"VD_B_N","VD","B",0,457,20560457,TRUE,TRUE,TRUE,TRUE,TRUE,TRUE,TRUE,TRUE,""
"VD_B_N","VD","B",0,458,20560458,TRUE,TRUE,TRUE,TRUE,TRUE,TRUE,TRUE,TRUE,""
"VD_B_N","VD","B",0,459,20560459,TRUE,TRUE,TRUE,TRUE,TRUE,TRUE,TRUE,TRUE,""
"VD_B_N","VD","B",0,460,20560460,TRUE,TRUE,TRUE,TRUE,TRUE,TRUE,TRUE,TRUE,""
"VD_B_N","VD","B",0,461,20560461,TRUE,TRUE,TRUE,TRUE,TRUE,TRUE,TRUE,TRUE,""
"VD_B_N","VD","B",0,462,20560462,TRUE,TRUE,TRUE,TRUE,TRUE,TRUE,TRUE,TRUE,""
"VD_B_N","VD","B",0,463,20560463,TRUE,TRUE,TRUE,TRUE,TRUE,TRUE,TRUE,TRUE,""
"VD_B_N","VD","B",0,464,20560464,TRUE,TRUE,TRUE,TRUE,TRUE,TRUE,TRUE,TRUE,""
"VD_B_N","VD","B",0,465,20560465,TRUE,TRUE,TRUE,TRUE,TRUE,TRUE,TRUE,TRUE,""
"VD_B_N","VD","B",0,466,20560466,TRUE,TRUE,TRUE,TRUE,TRUE,TRUE,TRUE,TRUE,""
"VD_B_N","VD","B",0,467,20560467,TRUE,TRUE,TRUE,TRUE,TRUE,TRUE,TRUE,TRUE,""
"VD_B_N","VD","B",0,468,20560468,TRUE,TRUE,TRUE,TRUE,TRUE,TRUE,TRUE,TRUE,""
"VD_B_N","VD","B",0,469,20560469,TRUE,TRUE,TRUE,TRUE,TRUE,TRUE,TRUE,TRUE,""
"VD_B_N","VD","B",0,470,20560470,TRUE,TRUE,TRUE,TRUE,TRUE,TRUE,TRUE,TRUE,""
"VD_B_N","VD","B",0,471,20560471,TRUE,TRUE,TRUE,TRUE,TRUE,TRUE,TRUE,TRUE,""
"VD_B_N","VD","B",0,472,20560472,TRUE,TRUE,TRUE,TRUE,TRUE,TRUE,TRUE,TRUE,""
"VD_B_N","VD","B",0,473,20560473,TRUE,TRUE,TRUE,TRUE,TRUE,TRUE,TRUE,TRUE,""
"VD_B_N","VD","B",0,474,20560474,TRUE,TRUE,TRUE,TRUE,TRUE,TRUE,TRUE,TRUE,""
"VD_B_N","VD","B",0,475,20560475,TRUE,TRUE,TRUE,TRUE,TRUE,TRUE,TRUE,TRUE,""
"VD_B_N","VD","B",0,476,20560476,TRUE,TRUE,TRUE,TRUE,TRUE,TRUE,TRUE,TRUE,""
"VD_B_N","VD","B",0,477,20560477,TRUE,TRUE,TRUE,TRUE,TRUE,TRUE,TRUE,TRUE,""
"VD_B_N","VD","B",0,478,20560478,TRUE,TRUE,TRUE,TRUE,TRUE,TRUE,TRUE,TRUE,""
"VD_B_N","VD","B",0,479,20560479,TRUE,TRUE,TRUE,TRUE,TRUE,TRUE,TRUE,TRUE,""
"VD_B_N","VD","B",0,480,20560480,TRUE,TRUE,TRUE,TRUE,TRUE,TRUE,TRUE,TRUE,""
"VD_B_N","VD","B",0,481,20560481,TRUE,TRUE,TRUE,TRUE,TRUE,TRUE,TRUE,TRUE,""
"VD_B_N","VD","B",0,482,20560482,TRUE,TRUE,TRUE,TRUE,TRUE,TRUE,TRUE,TRUE,""
"VD_B_N","VD","B",0,483,20560483,TRUE,TRUE,TRUE,TRUE,TRUE,TRUE,TRUE,TRUE,""
"VD_B_N","VD","B",0,484,20560484,TRUE,TRUE,TRUE,TRUE,TRUE,TRUE,TRUE,TRUE,""
"VD_B_N","VD","B",0,485,20560485,TRUE,TRUE,TRUE,TRUE,TRUE,TRUE,TRUE,TRUE,""
"VD_B_N","VD","B",0,486,20560486,TRUE,TRUE,TRUE,TRUE,TRUE,TRUE,TRUE,TRUE,""
"VD_B_N","VD","B",0,487,20560487,TRUE,TRUE,TRUE,TRUE,TRUE,TRUE,TRUE,TRUE,""
"VD_B_N","VD","B",0,488,20560488,TRUE,TRUE,TRUE,TRUE,TRUE,TRUE,TRUE,TRUE,""
"VD_B_N","VD","B",0,489,20560489,TRUE,TRUE,TRUE,TRUE,TRUE,TRUE,TRUE,TRUE,""
"VD_B_N","VD","B",0,490,20560490,TRUE,TRUE,TRUE,TRUE,TRUE,TRUE,TRUE,TRUE,""
"VD_B_N","VD","B",0,491,20560491,TRUE,TRUE,TRUE,TRUE,TRUE,TRUE,TRUE,TRUE,""
"VD_B_N","VD","B",0,492,20560492,TRUE,TRUE,TRUE,TRUE,TRUE,TRUE,TRUE,TRUE,""
"VD_B_N","VD","B",0,493,20560493,TRUE,TRUE,TRUE,TRUE,TRUE,TRUE,TRUE,TRUE,""
"VD_B_N","VD","B",0,494,20560494,TRUE,TRUE,TRUE,TRUE,TRUE,TRUE,TRUE,TRUE,""
"VD_B_N","VD","B",0,495,20560495,TRUE,TRUE,TRUE,TRUE,TRUE,TRUE,TRUE,TRUE,""
"VD_B_N","VD","B",0,496,20560496,TRUE,TRUE,TRUE,TRUE,TRUE,TRUE,TRUE,TRUE,""
"VD_B_N","VD","B",0,497,20560497,TRUE,TRUE,TRUE,TRUE,TRUE,TRUE,TRUE,TRUE,""
"VD_B_N","VD","B",0,498,20560498,TRUE,TRUE,TRUE,TRUE,TRUE,TRUE,TRUE,TRUE,""
"VD_B_N","VD","B",0,499,20560499,TRUE,TRUE,TRUE,TRUE,TRUE,TRUE,TRUE,TRUE,""
"VD_B_N","VD","B",0,500,20560500,TRUE,TRUE,TRUE,TRUE,TRUE,TRUE,TRUE,TRUE,""
"VD_B_N","VD","B",0,501,20560501,TRUE,TRUE,TRUE,TRUE,TRUE,TRUE,TRUE,TRUE,""
"VD_B_N","VD","B",0,502,20560502,TRUE,TRUE,TRUE,TRUE,TRUE,TRUE,TRUE,TRUE,""
"VD_B_N","VD","B",0,503,20560503,TRUE,TRUE,TRUE,TRUE,TRUE,TRUE,TRUE,TRUE,""
"VD_B_N","VD","B",0,504,20560504,TRUE,TRUE,TRUE,TRUE,TRUE,TRUE,TRUE,TRUE,""
"VD_B_N","VD","B",0,505,20560505,TRUE,TRUE,TRUE,TRUE,TRUE,TRUE,TRUE,TRUE,""
"VD_B_N","VD","B",0,506,20560506,TRUE,TRUE,TRUE,TRUE,TRUE,TRUE,TRUE,TRUE,""
"VD_B_N","VD","B",0,507,20560507,TRUE,TRUE,TRUE,TRUE,TRUE,TRUE,TRUE,TRUE,""
"VD_B_N","VD","B",0,508,20560508,TRUE,TRUE,TRUE,TRUE,TRUE,TRUE,TRUE,TRUE,""
"VD_B_N","VD","B",0,509,20560509,TRUE,TRUE,TRUE,TRUE,TRUE,TRUE,TRUE,TRUE,""
"VD_B_N","VD","B",0,510,20560510,TRUE,TRUE,TRUE,TRUE,TRUE,TRUE,TRUE,TRUE,""
"VD_B_N","VD","B",0,511,20560511,TRUE,TRUE,TRUE,TRUE,TRUE,TRUE,TRUE,TRUE,""
"VD_B_N","VD","B",0,512,20560512,TRUE,TRUE,TRUE,TRUE,TRUE,TRUE,TRUE,TRUE,""
"VD_B_N","VD","B",0,513,20560513,TRUE,TRUE,TRUE,TRUE,TRUE,TRUE,TRUE,TRUE,""
"VD_B_N","VD","B",0,514,20560514,TRUE,TRUE,TRUE,TRUE,TRUE,TRUE,TRUE,TRUE,""
"VD_B_N","VD","B",0,515,20560515,TRUE,TRUE,TRUE,TRUE,TRUE,TRUE,TRUE,TRUE,""
"VD_B_N","VD","B",0,516,20560516,TRUE,TRUE,TRUE,TRUE,TRUE,TRUE,TRUE,TRUE,""
"VD_B_N","VD","B",0,517,20560517,TRUE,TRUE,TRUE,TRUE,TRUE,TRUE,TRUE,TRUE,""
"VD_B_N","VD","B",0,518,20560518,TRUE,TRUE,TRUE,TRUE,TRUE,TRUE,TRUE,TRUE,""
"VD_B_N","VD","B",0,519,20560519,TRUE,TRUE,TRUE,TRUE,TRUE,TRUE,TRUE,TRUE,""
"VD_B_N","VD","B",0,520,20560520,TRUE,TRUE,TRUE,TRUE,TRUE,TRUE,TRUE,TRUE,""
"VD_B_N","VD","B",0,521,20560521,TRUE,TRUE,TRUE,TRUE,TRUE,TRUE,TRUE,TRUE,""
"VD_B_N","VD","B",0,522,20560522,TRUE,TRUE,TRUE,TRUE,TRUE,TRUE,TRUE,TRUE,""
"VD_B_N","VD","B",0,523,20560523,TRUE,TRUE,TRUE,TRUE,TRUE,TRUE,TRUE,TRUE,""
"VD_B_N","VD","B",0,524,20560524,TRUE,TRUE,TRUE,TRUE,TRUE,TRUE,TRUE,TRUE,""
"VD_B_N","VD","B",0,525,20560525,TRUE,TRUE,TRUE,TRUE,TRUE,TRUE,TRUE,TRUE,""
"VD_B_N","VD","B",0,526,20560526,TRUE,TRUE,TRUE,TRUE,TRUE,TRUE,TRUE,TRUE,""
"VD_B_N","VD","B",0,527,20560527,TRUE,TRUE,TRUE,TRUE,TRUE,TRUE,TRUE,TRUE,""
"VD_B_N","VD","B",0,528,20560528,TRUE,TRUE,TRUE,TRUE,TRUE,TRUE,TRUE,TRUE,""
"VD_B_N","VD","B",0,529,20560529,TRUE,TRUE,TRUE,TRUE,TRUE,TRUE,TRUE,TRUE,""
"VD_B_N","VD","B",0,530,20560530,TRUE,TRUE,TRUE,TRUE,TRUE,TRUE,TRUE,TRUE,""
"VD_B_N","VD","B",0,531,20560531,TRUE,TRUE,TRUE,TRUE,TRUE,TRUE,TRUE,TRUE,""
"VD_B_N","VD","B",0,532,20560532,TRUE,TRUE,TRUE,TRUE,TRUE,TRUE,TRUE,TRUE,""
"VD_B_N","VD","B",0,533,20560533,TRUE,TRUE,TRUE,TRUE,TRUE,TRUE,TRUE,TRUE,""
"VD_B_N","VD","B",0,534,20560534,TRUE,TRUE,TRUE,TRUE,TRUE,TRUE,TRUE,TRUE,""
"VD_B_N","VD","B",0,535,20560535,TRUE,TRUE,TRUE,TRUE,TRUE,TRUE,TRUE,TRUE,""
"VD_B_N","VD","B",0,536,20560536,TRUE,TRUE,TRUE,TRUE,TRUE,TRUE,TRUE,TRUE,""
"VD_B_N","VD","B",0,537,20560537,TRUE,TRUE,TRUE,TRUE,TRUE,TRUE,TRUE,TRUE,""
"VD_B_N","VD","B",0,538,20560538,TRUE,TRUE,TRUE,TRUE,TRUE,TRUE,TRUE,TRUE,""
"VD_B_N","VD","B",0,539,20560539,TRUE,TRUE,TRUE,TRUE,TRUE,TRUE,TRUE,TRUE,""
"VD_B_N","VD","B",0,540,20560540,TRUE,TRUE,TRUE,TRUE,TRUE,TRUE,TRUE,TRUE,""
"VD_B_N","VD","B",0,541,20560541,TRUE,TRUE,TRUE,TRUE,TRUE,TRUE,TRUE,TRUE,""
"VD_B_N","VD","B",0,542,20560542,TRUE,TRUE,TRUE,TRUE,TRUE,TRUE,TRUE,TRUE,""
"VD_B_N","VD","B",0,543,20560543,TRUE,TRUE,TRUE,TRUE,TRUE,TRUE,TRUE,TRUE,""
"VD_B_N","VD","B",0,544,20560544,TRUE,TRUE,TRUE,TRUE,TRUE,TRUE,TRUE,TRUE,""
"VD_B_N","VD","B",0,545,20560545,TRUE,TRUE,TRUE,TRUE,TRUE,TRUE,TRUE,TRUE,""
"VD_B_N","VD","B",0,546,20560546,TRUE,TRUE,TRUE,TRUE,TRUE,TRUE,TRUE,TRUE,""
"VD_B_N","VD","B",0,547,20560547,TRUE,TRUE,TRUE,TRUE,TRUE,TRUE,TRUE,TRUE,""
"VD_B_N","VD","B",0,548,20560548,TRUE,TRUE,TRUE,TRUE,TRUE,TRUE,TRUE,TRUE,""
"VD_B_N","VD","B",0,549,20560549,TRUE,TRUE,TRUE,TRUE,TRUE,TRUE,TRUE,TRUE,""
"VD_B_N","VD","B",0,550,20560550,TRUE,TRUE,TRUE,TRUE,TRUE,TRUE,TRUE,TRUE,""
"VD_B_N","VD","B",0,551,20560551,TRUE,TRUE,TRUE,TRUE,TRUE,TRUE,TRUE,TRUE,""
"VD_B_N","VD","B",0,552,20560552,TRUE,TRUE,TRUE,TRUE,TRUE,TRUE,TRUE,TRUE,""
"VD_B_N","VD","B",0,553,20560553,TRUE,TRUE,TRUE,TRUE,TRUE,TRUE,TRUE,TRUE,""
"VD_B_N","VD","B",0,554,20560554,TRUE,TRUE,TRUE,TRUE,TRUE,TRUE,TRUE,TRUE,""
"VD_B_N","VD","B",0,555,20560555,TRUE,TRUE,TRUE,TRUE,TRUE,TRUE,TRUE,TRUE,""
"VD_B_N","VD","B",0,556,20560556,TRUE,TRUE,TRUE,TRUE,TRUE,TRUE,TRUE,TRUE,""
"VD_B_N","VD","B",0,557,20560557,TRUE,TRUE,TRUE,TRUE,TRUE,TRUE,TRUE,TRUE,""
"VD_B_N","VD","B",0,558,20560558,TRUE,TRUE,TRUE,TRUE,TRUE,TRUE,TRUE,TRUE,""
"VD_B_N","VD","B",0,559,20560559,TRUE,TRUE,TRUE,TRUE,TRUE,TRUE,TRUE,TRUE,""
"VD_B_N","VD","B",0,560,20560560,TRUE,TRUE,TRUE,TRUE,TRUE,TRUE,TRUE,TRUE,""
"VD_B_N","VD","B",0,561,20560561,TRUE,TRUE,TRUE,TRUE,TRUE,TRUE,TRUE,TRUE,""
"VD_B_N","VD","B",0,562,20560562,TRUE,TRUE,TRUE,TRUE,TRUE,TRUE,TRUE,TRUE,""
"VD_B_N","VD","B",0,563,20560563,TRUE,TRUE,TRUE,TRUE,TRUE,TRUE,TRUE,TRUE,""
"VD_B_N","VD","B",0,564,20560564,TRUE,TRUE,TRUE,TRUE,TRUE,TRUE,TRUE,TRUE,""
"VD_B_N","VD","B",0,565,20560565,TRUE,TRUE,TRUE,TRUE,TRUE,TRUE,TRUE,TRUE,""
"VD_B_N","VD","B",0,566,20560566,TRUE,TRUE,TRUE,TRUE,TRUE,TRUE,TRUE,TRUE,""
"VD_B_N","VD","B",0,567,20560567,TRUE,TRUE,TRUE,TRUE,TRUE,TRUE,TRUE,TRUE,""
"VD_B_N","VD","B",0,568,20560568,TRUE,TRUE,TRUE,TRUE,TRUE,TRUE,TRUE,TRUE,""
"VD_B_N","VD","B",0,569,20560569,TRUE,TRUE,TRUE,TRUE,TRUE,TRUE,TRUE,TRUE,""
"VD_B_N","VD","B",0,570,20560570,TRUE,TRUE,TRUE,TRUE,TRUE,TRUE,TRUE,TRUE,""
"VD_B_N","VD","B",0,571,20560571,TRUE,TRUE,TRUE,TRUE,TRUE,TRUE,TRUE,TRUE,""
"VD_B_N","VD","B",0,572,20560572,TRUE,TRUE,TRUE,TRUE,TRUE,TRUE,TRUE,TRUE,""
"VD_B_N","VD","B",0,573,20560573,TRUE,TRUE,TRUE,TRUE,TRUE,TRUE,TRUE,TRUE,""
"VD_B_N","VD","B",0,574,20560574,TRUE,TRUE,TRUE,TRUE,TRUE,TRUE,TRUE,TRUE,""
"VD_B_N","VD","B",0,575,20560575,TRUE,TRUE,TRUE,TRUE,TRUE,TRUE,TRUE,TRUE,""
"VD_B_N","VD","B",0,576,20560576,TRUE,TRUE,TRUE,TRUE,TRUE,TRUE,TRUE,TRUE,""
"VD_B_N","VD","B",0,577,20560577,TRUE,TRUE,TRUE,TRUE,TRUE,TRUE,TRUE,TRUE,""
"VD_B_N","VD","B",0,578,20560578,TRUE,TRUE,TRUE,TRUE,TRUE,TRUE,TRUE,TRUE,""
"VD_B_N","VD","B",0,579,20560579,TRUE,TRUE,TRUE,TRUE,TRUE,TRUE,TRUE,TRUE,""
"VD_B_N","VD","B",0,580,20560580,TRUE,TRUE,TRUE,TRUE,TRUE,TRUE,TRUE,TRUE,""
"VD_B_N","VD","B",0,581,20560581,TRUE,TRUE,TRUE,TRUE,TRUE,TRUE,TRUE,TRUE,""
"VD_B_N","VD","B",0,582,20560582,TRUE,TRUE,TRUE,TRUE,TRUE,TRUE,TRUE,TRUE,""
"VD_B_N","VD","B",0,583,20560583,TRUE,TRUE,TRUE,TRUE,TRUE,TRUE,TRUE,TRUE,""
"VD_B_N","VD","B",0,584,20560584,TRUE,TRUE,TRUE,TRUE,TRUE,TRUE,TRUE,TRUE,""
"VD_B_N","VD","B",0,585,20560585,TRUE,TRUE,TRUE,TRUE,TRUE,TRUE,TRUE,TRUE,""
"VD_B_N","VD","B",0,586,20560586,TRUE,TRUE,TRUE,TRUE,TRUE,TRUE,TRUE,TRUE,""
"VD_B_N","VD","B",0,587,20560587,TRUE,TRUE,TRUE,TRUE,TRUE,TRUE,TRUE,TRUE,""
"VD_B_N","VD","B",0,588,20560588,TRUE,TRUE,TRUE,TRUE,TRUE,TRUE,TRUE,TRUE,""
"VD_B_N","VD","B",0,589,20560589,TRUE,TRUE,TRUE,TRUE,TRUE,TRUE,TRUE,TRUE,""
"VD_B_N","VD","B",0,590,20560590,TRUE,TRUE,TRUE,TRUE,TRUE,TRUE,TRUE,TRUE,""
"VD_B_N","VD","B",0,591,20560591,TRUE,TRUE,TRUE,TRUE,TRUE,TRUE,TRUE,TRUE,""
"VD_B_N","VD","B",0,592,20560592,TRUE,TRUE,TRUE,TRUE,TRUE,TRUE,TRUE,TRUE,""
"VD_B_N","VD","B",0,593,20560593,TRUE,TRUE,TRUE,TRUE,TRUE,TRUE,TRUE,TRUE,""
"VD_B_N","VD","B",0,594,20560594,TRUE,TRUE,TRUE,TRUE,TRUE,TRUE,TRUE,TRUE,""
"VD_B_N","VD","B",0,595,20560595,TRUE,TRUE,TRUE,TRUE,TRUE,TRUE,TRUE,TRUE,""
"VD_B_N","VD","B",0,596,20560596,TRUE,TRUE,TRUE,TRUE,TRUE,TRUE,TRUE,TRUE,""
"VD_B_N","VD","B",0,597,20560597,TRUE,TRUE,TRUE,TRUE,TRUE,TRUE,TRUE,TRUE,""
"VD_B_N","VD","B",0,598,20560598,TRUE,TRUE,TRUE,TRUE,TRUE,TRUE,TRUE,TRUE,""
"VD_B_N","VD","B",0,599,20560599,TRUE,TRUE,TRUE,TRUE,TRUE,TRUE,TRUE,TRUE,""
"VD_B_N","VD","B",0,600,20560600,TRUE,TRUE,TRUE,TRUE,TRUE,TRUE,TRUE,TRUE,""
"VD_B_N","VD","B",0,601,20560601,TRUE,TRUE,TRUE,TRUE,TRUE,TRUE,TRUE,TRUE,""
"VD_B_N","VD","B",0,602,20560602,TRUE,TRUE,TRUE,TRUE,TRUE,TRUE,TRUE,TRUE,""
"VD_B_N","VD","B",0,603,20560603,TRUE,TRUE,TRUE,TRUE,TRUE,TRUE,TRUE,TRUE,""
"VD_B_N","VD","B",0,604,20560604,TRUE,TRUE,TRUE,TRUE,TRUE,TRUE,TRUE,TRUE,""
"VD_B_N","VD","B",0,605,20560605,TRUE,TRUE,TRUE,TRUE,TRUE,TRUE,TRUE,TRUE,""
"VD_B_N","VD","B",0,606,20560606,TRUE,TRUE,TRUE,TRUE,TRUE,TRUE,TRUE,TRUE,""
"VD_B_N","VD","B",0,607,20560607,TRUE,TRUE,TRUE,TRUE,TRUE,TRUE,TRUE,TRUE,""
"VD_B_N","VD","B",0,608,20560608,TRUE,TRUE,TRUE,TRUE,TRUE,TRUE,TRUE,TRUE,""
"VD_B_N","VD","B",0,609,20560609,TRUE,TRUE,TRUE,TRUE,TRUE,TRUE,TRUE,TRUE,""
"VD_B_N","VD","B",0,610,20560610,TRUE,TRUE,TRUE,TRUE,TRUE,TRUE,TRUE,TRUE,""
"VD_B_N","VD","B",0,611,20560611,TRUE,TRUE,TRUE,TRUE,TRUE,TRUE,TRUE,TRUE,""
"VD_B_N","VD","B",0,612,20560612,TRUE,TRUE,TRUE,TRUE,TRUE,TRUE,TRUE,TRUE,""
"VD_B_N","VD","B",0,613,20560613,TRUE,TRUE,TRUE,TRUE,TRUE,TRUE,TRUE,TRUE,""
"VD_B_N","VD","B",0,614,20560614,TRUE,TRUE,TRUE,TRUE,TRUE,TRUE,TRUE,TRUE,""
"VD_B_N","VD","B",0,615,20560615,TRUE,TRUE,TRUE,TRUE,TRUE,TRUE,TRUE,TRUE,""
"VD_B_N","VD","B",0,616,20560616,TRUE,TRUE,TRUE,TRUE,TRUE,TRUE,TRUE,TRUE,""
"VD_B_N","VD","B",0,617,20560617,TRUE,TRUE,TRUE,TRUE,TRUE,TRUE,TRUE,TRUE,""
"VD_B_N","VD","B",0,618,20560618,TRUE,TRUE,TRUE,TRUE,TRUE,TRUE,TRUE,TRUE,""
"VD_B_N","VD","B",0,619,20560619,TRUE,TRUE,TRUE,TRUE,TRUE,TRUE,TRUE,TRUE,""
"VD_B_N","VD","B",0,620,20560620,TRUE,TRUE,TRUE,TRUE,TRUE,TRUE,TRUE,TRUE,""
"VD_B_N","VD","B",0,621,20560621,TRUE,TRUE,TRUE,TRUE,TRUE,TRUE,TRUE,TRUE,""
"VD_B_N","VD","B",0,622,20560622,TRUE,TRUE,TRUE,TRUE,TRUE,TRUE,TRUE,TRUE,""
"VD_B_N","VD","B",0,623,20560623,TRUE,TRUE,TRUE,TRUE,TRUE,TRUE,TRUE,TRUE,""
"VD_B_N","VD","B",0,624,20560624,TRUE,TRUE,TRUE,TRUE,TRUE,TRUE,TRUE,TRUE,""
"VD_B_N","VD","B",0,625,20560625,TRUE,TRUE,TRUE,TRUE,TRUE,TRUE,TRUE,TRUE,""
"VD_B_N","VD","B",0,626,20560626,TRUE,TRUE,TRUE,TRUE,TRUE,TRUE,TRUE,TRUE,""
"VD_B_N","VD","B",0,627,20560627,TRUE,TRUE,TRUE,TRUE,TRUE,TRUE,TRUE,TRUE,""
"VD_B_N","VD","B",0,628,20560628,TRUE,TRUE,TRUE,TRUE,TRUE,TRUE,TRUE,TRUE,""
"VD_B_N","VD","B",0,629,20560629,TRUE,TRUE,TRUE,TRUE,TRUE,TRUE,TRUE,TRUE,""
"VD_B_N","VD","B",0,630,20560630,TRUE,TRUE,TRUE,TRUE,TRUE,TRUE,TRUE,TRUE,""
"VD_B_N","VD","B",0,631,20560631,TRUE,TRUE,TRUE,TRUE,TRUE,TRUE,TRUE,TRUE,""
"VD_B_N","VD","B",0,632,20560632,TRUE,TRUE,TRUE,TRUE,TRUE,TRUE,TRUE,TRUE,""
"VD_B_N","VD","B",0,633,20560633,TRUE,TRUE,TRUE,TRUE,TRUE,TRUE,TRUE,TRUE,""
"VD_B_N","VD","B",0,634,20560634,TRUE,TRUE,TRUE,TRUE,TRUE,TRUE,TRUE,TRUE,""
"VD_B_N","VD","B",0,635,20560635,TRUE,TRUE,TRUE,TRUE,TRUE,TRUE,TRUE,TRUE,""
"VD_B_N","VD","B",0,636,20560636,TRUE,TRUE,TRUE,TRUE,TRUE,TRUE,TRUE,TRUE,""
"VD_B_N","VD","B",0,637,20560637,TRUE,TRUE,TRUE,TRUE,TRUE,TRUE,TRUE,TRUE,""
"VD_B_N","VD","B",0,638,20560638,TRUE,TRUE,TRUE,TRUE,TRUE,TRUE,TRUE,TRUE,""
"VD_B_N","VD","B",0,639,20560639,TRUE,TRUE,TRUE,TRUE,TRUE,TRUE,TRUE,TRUE,""
"VD_B_N","VD","B",0,640,20560640,TRUE,TRUE,TRUE,TRUE,TRUE,TRUE,TRUE,TRUE,""
"VD_B_N","VD","B",0,641,20560641,TRUE,TRUE,TRUE,TRUE,TRUE,TRUE,TRUE,TRUE,""
"VD_B_N","VD","B",0,642,20560642,TRUE,TRUE,TRUE,TRUE,TRUE,TRUE,TRUE,TRUE,""
"VD_B_N","VD","B",0,643,20560643,TRUE,TRUE,TRUE,TRUE,TRUE,TRUE,TRUE,TRUE,""
"VD_B_N","VD","B",0,644,20560644,TRUE,TRUE,TRUE,TRUE,TRUE,TRUE,TRUE,TRUE,""
"VD_B_N","VD","B",0,645,20560645,TRUE,TRUE,TRUE,TRUE,TRUE,TRUE,TRUE,TRUE,""
"VD_B_N","VD","B",0,646,20560646,TRUE,TRUE,TRUE,TRUE,TRUE,TRUE,TRUE,TRUE,""
"VD_B_N","VD","B",0,647,20560647,TRUE,TRUE,TRUE,TRUE,TRUE,TRUE,TRUE,TRUE,""
"VD_B_N","VD","B",0,648,20560648,TRUE,TRUE,TRUE,TRUE,TRUE,TRUE,TRUE,TRUE,""
"VD_B_N","VD","B",0,649,20560649,TRUE,TRUE,TRUE,TRUE,TRUE,TRUE,TRUE,TRUE,""
"VD_B_N","VD","B",0,650,20560650,TRUE,TRUE,TRUE,TRUE,TRUE,TRUE,TRUE,TRUE,""
"VD_B_N","VD","B",0,651,20560651,TRUE,TRUE,TRUE,TRUE,TRUE,TRUE,TRUE,TRUE,""
"VD_B_N","VD","B",0,652,20560652,TRUE,TRUE,TRUE,TRUE,TRUE,TRUE,TRUE,TRUE,""
"VD_B_N","VD","B",0,653,20560653,TRUE,TRUE,TRUE,TRUE,TRUE,TRUE,TRUE,TRUE,""
"VD_B_N","VD","B",0,654,20560654,TRUE,TRUE,TRUE,TRUE,TRUE,TRUE,TRUE,TRUE,""
"VD_B_N","VD","B",0,655,20560655,TRUE,TRUE,TRUE,TRUE,TRUE,TRUE,TRUE,TRUE,""
"VD_B_N","VD","B",0,656,20560656,TRUE,TRUE,TRUE,TRUE,TRUE,TRUE,TRUE,TRUE,""
"VD_B_N","VD","B",0,657,20560657,TRUE,TRUE,TRUE,TRUE,TRUE,TRUE,TRUE,TRUE,""
"VD_B_N","VD","B",0,658,20560658,TRUE,TRUE,TRUE,TRUE,TRUE,TRUE,TRUE,TRUE,""
"VD_B_N","VD","B",0,659,20560659,TRUE,TRUE,TRUE,TRUE,TRUE,TRUE,TRUE,TRUE,""
"VD_B_N","VD","B",0,660,20560660,TRUE,TRUE,TRUE,TRUE,TRUE,TRUE,TRUE,TRUE,""
"VD_B_N","VD","B",0,661,20560661,TRUE,TRUE,TRUE,TRUE,TRUE,TRUE,TRUE,TRUE,""
"VD_B_N","VD","B",0,662,20560662,TRUE,TRUE,TRUE,TRUE,TRUE,TRUE,TRUE,TRUE,""
"VD_B_N","VD","B",0,663,20560663,TRUE,TRUE,TRUE,TRUE,TRUE,TRUE,TRUE,TRUE,""
"VD_B_N","VD","B",0,664,20560664,TRUE,TRUE,TRUE,TRUE,TRUE,TRUE,TRUE,TRUE,""
"VD_B_N","VD","B",0,665,20560665,TRUE,TRUE,TRUE,TRUE,TRUE,TRUE,TRUE,TRUE,""
"VD_B_N","VD","B",0,666,20560666,TRUE,TRUE,TRUE,TRUE,TRUE,TRUE,TRUE,TRUE,""
"VD_B_N","VD","B",0,667,20560667,TRUE,TRUE,TRUE,TRUE,TRUE,TRUE,TRUE,TRUE,""
"VD_B_N","VD","B",0,668,20560668,TRUE,TRUE,TRUE,TRUE,TRUE,TRUE,TRUE,TRUE,""
"VD_B_N","VD","B",0,669,20560669,TRUE,TRUE,TRUE,TRUE,TRUE,TRUE,TRUE,TRUE,""
"VD_B_N","VD","B",0,670,20560670,TRUE,TRUE,TRUE,TRUE,TRUE,TRUE,TRUE,TRUE,""
"VD_B_N","VD","B",0,671,20560671,TRUE,TRUE,TRUE,TRUE,TRUE,TRUE,TRUE,TRUE,""
"VD_B_N","VD","B",0,672,20560672,TRUE,TRUE,TRUE,TRUE,TRUE,TRUE,TRUE,TRUE,""
"VD_B_N","VD","B",0,673,20560673,TRUE,TRUE,TRUE,TRUE,TRUE,TRUE,TRUE,TRUE,""
"VD_B_N","VD","B",0,674,20560674,TRUE,TRUE,TRUE,TRUE,TRUE,TRUE,TRUE,TRUE,""
"VD_B_N","VD","B",0,675,20560675,TRUE,TRUE,TRUE,TRUE,TRUE,TRUE,TRUE,TRUE,""
"VD_B_N","VD","B",0,676,20560676,TRUE,TRUE,TRUE,TRUE,TRUE,TRUE,TRUE,TRUE,""
"VD_B_N","VD","B",0,677,20560677,TRUE,TRUE,TRUE,TRUE,TRUE,TRUE,TRUE,TRUE,""
"VD_B_N","VD","B",0,678,20560678,TRUE,TRUE,TRUE,TRUE,TRUE,TRUE,TRUE,TRUE,""
"VD_B_N","VD","B",0,679,20560679,TRUE,TRUE,TRUE,TRUE,TRUE,TRUE,TRUE,TRUE,""
"VD_B_N","VD","B",0,680,20560680,TRUE,TRUE,TRUE,TRUE,TRUE,TRUE,TRUE,TRUE,""
"VD_B_N","VD","B",0,681,20560681,TRUE,TRUE,TRUE,TRUE,TRUE,TRUE,TRUE,TRUE,""
"VD_B_N","VD","B",0,682,20560682,TRUE,TRUE,TRUE,TRUE,TRUE,TRUE,TRUE,TRUE,""
"VD_B_N","VD","B",0,683,20560683,TRUE,TRUE,TRUE,TRUE,TRUE,TRUE,TRUE,TRUE,""
"VD_B_N","VD","B",0,684,20560684,TRUE,TRUE,TRUE,TRUE,TRUE,TRUE,TRUE,TRUE,""
"VD_B_N","VD","B",0,685,20560685,TRUE,TRUE,TRUE,TRUE,TRUE,TRUE,TRUE,TRUE,""
"VD_B_N","VD","B",0,686,20560686,TRUE,TRUE,TRUE,TRUE,TRUE,TRUE,TRUE,TRUE,""
"VD_B_N","VD","B",0,687,20560687,TRUE,TRUE,TRUE,TRUE,TRUE,TRUE,TRUE,TRUE,""
"VD_B_N","VD","B",0,688,20560688,TRUE,TRUE,TRUE,TRUE,TRUE,TRUE,TRUE,TRUE,""
"VD_B_N","VD","B",0,689,20560689,TRUE,TRUE,TRUE,TRUE,TRUE,TRUE,TRUE,TRUE,""
"VD_B_N","VD","B",0,690,20560690,TRUE,TRUE,TRUE,TRUE,TRUE,TRUE,TRUE,TRUE,""
"VD_B_N","VD","B",0,691,20560691,TRUE,TRUE,TRUE,TRUE,TRUE,TRUE,TRUE,TRUE,""
"VD_B_N","VD","B",0,692,20560692,TRUE,TRUE,TRUE,TRUE,TRUE,TRUE,TRUE,TRUE,""
"VD_B_N","VD","B",0,693,20560693,TRUE,TRUE,TRUE,TRUE,TRUE,TRUE,TRUE,TRUE,""
"VD_B_N","VD","B",0,694,20560694,TRUE,TRUE,TRUE,TRUE,TRUE,TRUE,TRUE,TRUE,""
"VD_B_N","VD","B",0,695,20560695,TRUE,TRUE,TRUE,TRUE,TRUE,TRUE,TRUE,TRUE,""
"VD_B_N","VD","B",0,696,20560696,TRUE,TRUE,TRUE,TRUE,TRUE,TRUE,TRUE,TRUE,""
"VD_B_N","VD","B",0,697,20560697,TRUE,TRUE,TRUE,TRUE,TRUE,TRUE,TRUE,TRUE,""
"VD_B_N","VD","B",0,698,20560698,TRUE,TRUE,TRUE,TRUE,TRUE,TRUE,TRUE,TRUE,""
"VD_B_N","VD","B",0,699,20560699,TRUE,TRUE,TRUE,TRUE,TRUE,TRUE,TRUE,TRUE,""
"VD_B_N","VD","B",0,700,20560700,TRUE,TRUE,TRUE,TRUE,TRUE,TRUE,TRUE,TRUE,""
"VD_B_N","VD","B",0,701,20560701,TRUE,TRUE,TRUE,TRUE,TRUE,TRUE,TRUE,TRUE,""
"VD_B_N","VD","B",0,702,20560702,TRUE,TRUE,TRUE,TRUE,TRUE,TRUE,TRUE,TRUE,""
"VD_B_N","VD","B",0,703,20560703,TRUE,TRUE,TRUE,TRUE,TRUE,TRUE,TRUE,TRUE,""
"VD_B_N","VD","B",0,704,20560704,TRUE,TRUE,TRUE,TRUE,TRUE,TRUE,TRUE,TRUE,""
"VD_B_N","VD","B",0,705,20560705,TRUE,TRUE,TRUE,TRUE,TRUE,TRUE,TRUE,TRUE,""
"VD_B_N","VD","B",0,706,20560706,TRUE,TRUE,TRUE,TRUE,TRUE,TRUE,TRUE,TRUE,""
"VD_B_N","VD","B",0,707,20560707,TRUE,TRUE,TRUE,TRUE,TRUE,TRUE,TRUE,TRUE,""
"VD_B_N","VD","B",0,708,20560708,TRUE,TRUE,TRUE,TRUE,TRUE,TRUE,TRUE,TRUE,""
"VD_B_N","VD","B",0,709,20560709,TRUE,TRUE,TRUE,TRUE,TRUE,TRUE,TRUE,TRUE,""
"VD_B_N","VD","B",0,710,20560710,TRUE,TRUE,TRUE,TRUE,TRUE,TRUE,TRUE,TRUE,""
"VD_B_N","VD","B",0,711,20560711,TRUE,TRUE,TRUE,TRUE,TRUE,TRUE,TRUE,TRUE,""
"VD_B_N","VD","B",0,712,20560712,TRUE,TRUE,TRUE,TRUE,TRUE,TRUE,TRUE,TRUE,""
"VD_B_N","VD","B",0,713,20560713,TRUE,TRUE,TRUE,TRUE,TRUE,TRUE,TRUE,TRUE,""
"VD_B_N","VD","B",0,714,20560714,TRUE,TRUE,TRUE,TRUE,TRUE,TRUE,TRUE,TRUE,""
"VD_B_N","VD","B",0,715,20560715,TRUE,TRUE,TRUE,TRUE,TRUE,TRUE,TRUE,TRUE,""
"VD_B_N","VD","B",0,716,20560716,TRUE,TRUE,TRUE,TRUE,TRUE,TRUE,TRUE,TRUE,""
"VD_B_N","VD","B",0,717,20560717,TRUE,TRUE,TRUE,TRUE,TRUE,TRUE,TRUE,TRUE,""
"VD_B_N","VD","B",0,718,20560718,TRUE,TRUE,TRUE,TRUE,TRUE,TRUE,TRUE,TRUE,""
"VD_B_N","VD","B",0,719,20560719,TRUE,TRUE,TRUE,TRUE,TRUE,TRUE,TRUE,TRUE,""
"VD_B_N","VD","B",0,720,20560720,TRUE,TRUE,TRUE,TRUE,TRUE,TRUE,TRUE,TRUE,""
"VD_B_N","VD","B",0,721,20560721,TRUE,TRUE,TRUE,TRUE,TRUE,TRUE,TRUE,TRUE,""
"VD_B_N","VD","B",0,722,20560722,TRUE,TRUE,TRUE,TRUE,TRUE,TRUE,TRUE,TRUE,""
"VD_B_N","VD","B",0,723,20560723,TRUE,TRUE,TRUE,TRUE,TRUE,TRUE,TRUE,TRUE,""
"VD_B_N","VD","B",0,724,20560724,TRUE,TRUE,TRUE,TRUE,TRUE,TRUE,TRUE,TRUE,""
"VD_B_N","VD","B",0,725,20560725,TRUE,TRUE,TRUE,TRUE,TRUE,TRUE,TRUE,TRUE,""
"VD_B_N","VD","B",0,726,20560726,TRUE,TRUE,TRUE,TRUE,TRUE,TRUE,TRUE,TRUE,""
"VD_B_N","VD","B",0,727,20560727,TRUE,TRUE,TRUE,TRUE,TRUE,TRUE,TRUE,TRUE,""
"VD_B_N","VD","B",0,728,20560728,TRUE,TRUE,TRUE,TRUE,TRUE,TRUE,TRUE,TRUE,""
"VD_B_N","VD","B",0,729,20560729,TRUE,TRUE,TRUE,TRUE,TRUE,TRUE,TRUE,TRUE,""
"VD_B_N","VD","B",0,730,20560730,TRUE,TRUE,TRUE,TRUE,TRUE,TRUE,TRUE,TRUE,""
"VD_B_N","VD","B",0,731,20560731,TRUE,TRUE,TRUE,TRUE,TRUE,TRUE,TRUE,TRUE,""
"VD_B_N","VD","B",0,732,20560732,TRUE,TRUE,TRUE,TRUE,TRUE,TRUE,TRUE,TRUE,""
"VD_B_N","VD","B",0,733,20560733,TRUE,TRUE,TRUE,TRUE,TRUE,TRUE,TRUE,TRUE,""
"VD_B_N","VD","B",0,734,20560734,TRUE,TRUE,TRUE,TRUE,TRUE,TRUE,TRUE,TRUE,""
"VD_B_N","VD","B",0,735,20560735,TRUE,TRUE,TRUE,TRUE,TRUE,TRUE,TRUE,TRUE,""
"VD_B_N","VD","B",0,736,20560736,TRUE,TRUE,TRUE,TRUE,TRUE,TRUE,TRUE,TRUE,""
"VD_B_N","VD","B",0,737,20560737,TRUE,TRUE,TRUE,TRUE,TRUE,TRUE,TRUE,TRUE,""
"VD_B_N","VD","B",0,738,20560738,TRUE,TRUE,TRUE,TRUE,TRUE,TRUE,TRUE,TRUE,""
"VD_B_N","VD","B",0,739,20560739,TRUE,TRUE,TRUE,TRUE,TRUE,TRUE,TRUE,TRUE,""
"VD_B_N","VD","B",0,740,20560740,TRUE,TRUE,TRUE,TRUE,TRUE,TRUE,TRUE,TRUE,""
"VD_B_N","VD","B",0,741,20560741,TRUE,TRUE,TRUE,TRUE,TRUE,TRUE,TRUE,TRUE,""
"VD_B_N","VD","B",0,742,20560742,TRUE,TRUE,TRUE,TRUE,TRUE,TRUE,TRUE,TRUE,""
"VD_B_N","VD","B",0,743,20560743,TRUE,TRUE,TRUE,TRUE,TRUE,TRUE,TRUE,TRUE,""
"VD_B_N","VD","B",0,744,20560744,TRUE,TRUE,TRUE,TRUE,TRUE,TRUE,TRUE,TRUE,""
"VD_B_N","VD","B",0,745,20560745,TRUE,TRUE,TRUE,TRUE,TRUE,TRUE,TRUE,TRUE,""
"VD_B_N","VD","B",0,746,20560746,TRUE,TRUE,TRUE,TRUE,TRUE,TRUE,TRUE,TRUE,""
"VD_B_N","VD","B",0,747,20560747,TRUE,TRUE,TRUE,TRUE,TRUE,TRUE,TRUE,TRUE,""
"VD_B_N","VD","B",0,748,20560748,TRUE,TRUE,TRUE,TRUE,TRUE,TRUE,TRUE,TRUE,""
"VD_B_N","VD","B",0,749,20560749,TRUE,TRUE,TRUE,TRUE,TRUE,TRUE,TRUE,TRUE,""
"VD_B_N","VD","B",0,750,20560750,TRUE,TRUE,TRUE,TRUE,TRUE,TRUE,TRUE,TRUE,""
"VD_B_N","VD","B",0,751,20560751,TRUE,TRUE,TRUE,TRUE,TRUE,TRUE,TRUE,TRUE,""
"VD_B_N","VD","B",0,752,20560752,TRUE,TRUE,TRUE,TRUE,TRUE,TRUE,TRUE,TRUE,""
"VD_B_N","VD","B",0,753,20560753,TRUE,TRUE,TRUE,TRUE,TRUE,TRUE,TRUE,TRUE,""
"VD_B_N","VD","B",0,754,20560754,TRUE,TRUE,TRUE,TRUE,TRUE,TRUE,TRUE,TRUE,""
"VD_B_N","VD","B",0,755,20560755,TRUE,TRUE,TRUE,TRUE,TRUE,TRUE,TRUE,TRUE,""
"VD_B_N","VD","B",0,756,20560756,TRUE,TRUE,TRUE,TRUE,TRUE,TRUE,TRUE,TRUE,""
"VD_B_N","VD","B",0,757,20560757,TRUE,TRUE,TRUE,TRUE,TRUE,TRUE,TRUE,TRUE,""
"VD_B_N","VD","B",0,758,20560758,TRUE,TRUE,TRUE,TRUE,TRUE,TRUE,TRUE,TRUE,""
"VD_B_N","VD","B",0,759,20560759,TRUE,TRUE,TRUE,TRUE,TRUE,TRUE,TRUE,TRUE,""
"VD_B_N","VD","B",0,760,20560760,TRUE,TRUE,TRUE,TRUE,TRUE,TRUE,TRUE,TRUE,""
"VD_B_N","VD","B",0,761,20560761,TRUE,TRUE,TRUE,TRUE,TRUE,TRUE,TRUE,TRUE,""
"VD_B_N","VD","B",0,762,20560762,TRUE,TRUE,TRUE,TRUE,TRUE,TRUE,TRUE,TRUE,""
"VD_B_N","VD","B",0,763,20560763,TRUE,TRUE,TRUE,TRUE,TRUE,TRUE,TRUE,TRUE,""
"VD_B_N","VD","B",0,764,20560764,TRUE,TRUE,TRUE,TRUE,TRUE,TRUE,TRUE,TRUE,""
"VD_B_N","VD","B",0,765,20560765,TRUE,TRUE,TRUE,TRUE,TRUE,TRUE,TRUE,TRUE,""
"VD_B_N","VD","B",0,766,20560766,TRUE,TRUE,TRUE,TRUE,TRUE,TRUE,TRUE,TRUE,""
"VD_B_N","VD","B",0,767,20560767,TRUE,TRUE,TRUE,TRUE,TRUE,TRUE,TRUE,TRUE,""
"VD_B_N","VD","B",0,768,20560768,TRUE,TRUE,TRUE,TRUE,TRUE,TRUE,TRUE,TRUE,""
"VD_B_N","VD","B",0,769,20560769,TRUE,TRUE,TRUE,TRUE,TRUE,TRUE,TRUE,TRUE,""
"VD_B_N","VD","B",0,770,20560770,TRUE,TRUE,TRUE,TRUE,TRUE,TRUE,TRUE,TRUE,""
"VD_B_N","VD","B",0,771,20560771,TRUE,TRUE,TRUE,TRUE,TRUE,TRUE,TRUE,TRUE,""
"VD_B_N","VD","B",0,772,20560772,TRUE,TRUE,TRUE,TRUE,TRUE,TRUE,TRUE,TRUE,""
"VD_B_N","VD","B",0,773,20560773,TRUE,TRUE,TRUE,TRUE,TRUE,TRUE,TRUE,TRUE,""
"VD_B_N","VD","B",0,774,20560774,TRUE,TRUE,TRUE,TRUE,TRUE,TRUE,TRUE,TRUE,""
"VD_B_N","VD","B",0,775,20560775,TRUE,TRUE,TRUE,TRUE,TRUE,TRUE,TRUE,TRUE,""
"VD_B_N","VD","B",0,776,20560776,TRUE,TRUE,TRUE,TRUE,TRUE,TRUE,TRUE,TRUE,""
"VD_B_N","VD","B",0,777,20560777,TRUE,TRUE,TRUE,TRUE,TRUE,TRUE,TRUE,TRUE,""
"VD_B_N","VD","B",0,778,20560778,TRUE,TRUE,TRUE,TRUE,TRUE,TRUE,TRUE,TRUE,""
"VD_B_N","VD","B",0,779,20560779,TRUE,TRUE,TRUE,TRUE,TRUE,TRUE,TRUE,TRUE,""
"VD_B_N","VD","B",0,780,20560780,TRUE,TRUE,TRUE,TRUE,TRUE,TRUE,TRUE,TRUE,""
"VD_B_N","VD","B",0,781,20560781,TRUE,TRUE,TRUE,TRUE,TRUE,TRUE,TRUE,TRUE,""
"VD_B_N","VD","B",0,782,20560782,TRUE,TRUE,TRUE,TRUE,TRUE,TRUE,TRUE,TRUE,""
"VD_B_N","VD","B",0,783,20560783,TRUE,TRUE,TRUE,TRUE,TRUE,TRUE,TRUE,TRUE,""
"VD_B_N","VD","B",0,784,20560784,TRUE,TRUE,TRUE,TRUE,TRUE,TRUE,TRUE,TRUE,""
"VD_B_N","VD","B",0,785,20560785,TRUE,TRUE,TRUE,TRUE,TRUE,TRUE,TRUE,TRUE,""
"VD_B_N","VD","B",0,786,20560786,TRUE,TRUE,TRUE,TRUE,TRUE,TRUE,TRUE,TRUE,""
"VD_B_N","VD","B",0,787,20560787,TRUE,TRUE,TRUE,TRUE,TRUE,TRUE,TRUE,TRUE,""
"VD_B_N","VD","B",0,788,20560788,TRUE,TRUE,TRUE,TRUE,TRUE,TRUE,TRUE,TRUE,""
"VD_B_N","VD","B",0,789,20560789,TRUE,TRUE,TRUE,TRUE,TRUE,TRUE,TRUE,TRUE,""
"VD_B_N","VD","B",0,790,20560790,TRUE,TRUE,TRUE,TRUE,TRUE,TRUE,TRUE,TRUE,""
"VD_B_N","VD","B",0,791,20560791,TRUE,TRUE,TRUE,TRUE,TRUE,TRUE,TRUE,TRUE,""
"VD_B_N","VD","B",0,792,20560792,TRUE,TRUE,TRUE,TRUE,TRUE,TRUE,TRUE,TRUE,""
"VD_B_N","VD","B",0,793,20560793,TRUE,TRUE,TRUE,TRUE,TRUE,TRUE,TRUE,TRUE,""
"VD_B_N","VD","B",0,794,20560794,TRUE,TRUE,TRUE,TRUE,TRUE,TRUE,TRUE,TRUE,""
"VD_B_N","VD","B",0,795,20560795,TRUE,TRUE,TRUE,TRUE,TRUE,TRUE,TRUE,TRUE,""
"VD_B_N","VD","B",0,796,20560796,TRUE,TRUE,TRUE,TRUE,TRUE,TRUE,TRUE,TRUE,""
"VD_B_N","VD","B",0,797,20560797,TRUE,TRUE,TRUE,TRUE,TRUE,TRUE,TRUE,TRUE,""
"VD_B_N","VD","B",0,798,20560798,TRUE,TRUE,TRUE,TRUE,TRUE,TRUE,TRUE,TRUE,""
"VD_B_N","VD","B",0,799,20560799,TRUE,TRUE,TRUE,TRUE,TRUE,TRUE,TRUE,TRUE,""
"VD_B_N","VD","B",0,800,20560800,TRUE,TRUE,TRUE,TRUE,TRUE,TRUE,TRUE,TRUE,""
"VD_B_N","VD","B",0,801,20560801,TRUE,TRUE,TRUE,TRUE,TRUE,TRUE,TRUE,TRUE,""
"VD_B_N","VD","B",0,802,20560802,TRUE,TRUE,TRUE,TRUE,TRUE,TRUE,TRUE,TRUE,""
"VD_B_N","VD","B",0,803,20560803,TRUE,TRUE,TRUE,TRUE,TRUE,TRUE,TRUE,TRUE,""
"VD_B_N","VD","B",0,804,20560804,TRUE,TRUE,TRUE,TRUE,TRUE,TRUE,TRUE,TRUE,""
"VD_B_N","VD","B",0,805,20560805,TRUE,TRUE,TRUE,TRUE,TRUE,TRUE,TRUE,TRUE,""
"VD_B_N","VD","B",0,806,20560806,TRUE,TRUE,TRUE,TRUE,TRUE,TRUE,TRUE,TRUE,""
"VD_B_N","VD","B",0,807,20560807,TRUE,TRUE,TRUE,TRUE,TRUE,TRUE,TRUE,TRUE,""
"VD_B_N","VD","B",0,808,20560808,TRUE,TRUE,TRUE,TRUE,TRUE,TRUE,TRUE,TRUE,""
"VD_B_N","VD","B",0,809,20560809,TRUE,TRUE,TRUE,TRUE,TRUE,TRUE,TRUE,TRUE,""
"VD_B_N","VD","B",0,810,20560810,TRUE,TRUE,TRUE,TRUE,TRUE,TRUE,TRUE,TRUE,""
"VD_B_N","VD","B",0,811,20560811,TRUE,TRUE,TRUE,TRUE,TRUE,TRUE,TRUE,TRUE,""
"VD_B_N","VD","B",0,812,20560812,TRUE,TRUE,TRUE,TRUE,TRUE,TRUE,TRUE,TRUE,""
"VD_B_N","VD","B",0,813,20560813,TRUE,TRUE,TRUE,TRUE,TRUE,TRUE,TRUE,TRUE,""
"VD_B_N","VD","B",0,814,20560814,TRUE,TRUE,TRUE,TRUE,TRUE,TRUE,TRUE,TRUE,""
"VD_B_N","VD","B",0,815,20560815,TRUE,TRUE,TRUE,TRUE,TRUE,TRUE,TRUE,TRUE,""
"VD_B_N","VD","B",0,816,20560816,TRUE,TRUE,TRUE,TRUE,TRUE,TRUE,TRUE,TRUE,""
"VD_B_N","VD","B",0,817,20560817,TRUE,TRUE,TRUE,TRUE,TRUE,TRUE,TRUE,TRUE,""
"VD_B_N","VD","B",0,818,20560818,TRUE,TRUE,TRUE,TRUE,TRUE,TRUE,TRUE,TRUE,""
"VD_B_N","VD","B",0,819,20560819,TRUE,TRUE,TRUE,TRUE,TRUE,TRUE,TRUE,TRUE,""
"VD_B_N","VD","B",0,820,20560820,TRUE,TRUE,TRUE,TRUE,TRUE,TRUE,TRUE,TRUE,""
"VD_B_N","VD","B",0,821,20560821,TRUE,TRUE,TRUE,TRUE,TRUE,TRUE,TRUE,TRUE,""
"VD_B_N","VD","B",0,822,20560822,TRUE,TRUE,TRUE,TRUE,TRUE,TRUE,TRUE,TRUE,""
"VD_B_N","VD","B",0,823,20560823,TRUE,TRUE,TRUE,TRUE,TRUE,TRUE,TRUE,TRUE,""
"VD_B_N","VD","B",0,824,20560824,TRUE,TRUE,TRUE,TRUE,TRUE,TRUE,TRUE,TRUE,""
"VD_B_N","VD","B",0,825,20560825,TRUE,TRUE,TRUE,TRUE,TRUE,TRUE,TRUE,TRUE,""
"VD_B_N","VD","B",0,826,20560826,TRUE,TRUE,TRUE,TRUE,TRUE,TRUE,TRUE,TRUE,""
"VD_B_N","VD","B",0,827,20560827,TRUE,TRUE,TRUE,TRUE,TRUE,TRUE,TRUE,TRUE,""
"VD_B_N","VD","B",0,828,20560828,TRUE,TRUE,TRUE,TRUE,TRUE,TRUE,TRUE,TRUE,""
"VD_B_N","VD","B",0,829,20560829,TRUE,TRUE,TRUE,TRUE,TRUE,TRUE,TRUE,TRUE,""
"VD_B_N","VD","B",0,830,20560830,TRUE,TRUE,TRUE,TRUE,TRUE,TRUE,TRUE,TRUE,""
"VD_B_N","VD","B",0,831,20560831,TRUE,TRUE,TRUE,TRUE,TRUE,TRUE,TRUE,TRUE,""
"VD_B_N","VD","B",0,832,20560832,TRUE,TRUE,TRUE,TRUE,TRUE,TRUE,TRUE,TRUE,""
"VD_B_N","VD","B",0,833,20560833,TRUE,TRUE,TRUE,TRUE,TRUE,TRUE,TRUE,TRUE,""
"VD_B_N","VD","B",0,834,20560834,TRUE,TRUE,TRUE,TRUE,TRUE,TRUE,TRUE,TRUE,""
"VD_B_N","VD","B",0,835,20560835,TRUE,TRUE,TRUE,TRUE,TRUE,TRUE,TRUE,TRUE,""
"VD_B_N","VD","B",0,836,20560836,TRUE,TRUE,TRUE,TRUE,TRUE,TRUE,TRUE,TRUE,""
"VD_B_N","VD","B",0,837,20560837,TRUE,TRUE,TRUE,TRUE,TRUE,TRUE,TRUE,TRUE,""
"VD_B_N","VD","B",0,838,20560838,TRUE,TRUE,TRUE,TRUE,TRUE,TRUE,TRUE,TRUE,""
"VD_B_N","VD","B",0,839,20560839,TRUE,TRUE,TRUE,TRUE,TRUE,TRUE,TRUE,TRUE,""
"VD_B_N","VD","B",0,840,20560840,TRUE,TRUE,TRUE,TRUE,TRUE,TRUE,TRUE,TRUE,""
"VD_B_N","VD","B",0,841,20560841,TRUE,TRUE,TRUE,TRUE,TRUE,TRUE,TRUE,TRUE,""
"VD_B_N","VD","B",0,842,20560842,TRUE,TRUE,TRUE,TRUE,TRUE,TRUE,TRUE,TRUE,""
"VD_B_N","VD","B",0,843,20560843,TRUE,TRUE,TRUE,TRUE,TRUE,TRUE,TRUE,TRUE,""
"VD_B_N","VD","B",0,844,20560844,TRUE,TRUE,TRUE,TRUE,TRUE,TRUE,TRUE,TRUE,""
"VD_B_N","VD","B",0,845,20560845,TRUE,TRUE,TRUE,TRUE,TRUE,TRUE,TRUE,TRUE,""
"VD_B_N","VD","B",0,846,20560846,TRUE,TRUE,TRUE,TRUE,TRUE,TRUE,TRUE,TRUE,""
"VD_B_N","VD","B",0,847,20560847,TRUE,TRUE,TRUE,TRUE,TRUE,TRUE,TRUE,TRUE,""
"VD_B_N","VD","B",0,848,20560848,TRUE,TRUE,TRUE,TRUE,TRUE,TRUE,TRUE,TRUE,""
"VD_B_N","VD","B",0,849,20560849,TRUE,TRUE,TRUE,TRUE,TRUE,TRUE,TRUE,TRUE,""
"VD_B_N","VD","B",0,850,20560850,TRUE,TRUE,TRUE,TRUE,TRUE,TRUE,TRUE,TRUE,""
"VD_B_N","VD","B",0,851,20560851,TRUE,TRUE,TRUE,TRUE,TRUE,TRUE,TRUE,TRUE,""
"VD_B_N","VD","B",0,852,20560852,TRUE,TRUE,TRUE,TRUE,TRUE,TRUE,TRUE,TRUE,""
"VD_B_N","VD","B",0,853,20560853,TRUE,TRUE,TRUE,TRUE,TRUE,TRUE,TRUE,TRUE,""
"VD_B_N","VD","B",0,854,20560854,TRUE,TRUE,TRUE,TRUE,TRUE,TRUE,TRUE,TRUE,""
"VD_B_N","VD","B",0,855,20560855,TRUE,TRUE,TRUE,TRUE,TRUE,TRUE,TRUE,TRUE,""
"VD_B_N","VD","B",0,856,20560856,TRUE,TRUE,TRUE,TRUE,TRUE,TRUE,TRUE,TRUE,""
"VD_B_N","VD","B",0,857,20560857,TRUE,TRUE,TRUE,TRUE,TRUE,TRUE,TRUE,TRUE,""
"VD_B_N","VD","B",0,858,20560858,TRUE,TRUE,TRUE,TRUE,TRUE,TRUE,TRUE,TRUE,""
"VD_B_N","VD","B",0,859,20560859,TRUE,TRUE,TRUE,TRUE,TRUE,TRUE,TRUE,TRUE,""
"VD_B_N","VD","B",0,860,20560860,TRUE,TRUE,TRUE,TRUE,TRUE,TRUE,TRUE,TRUE,""
"VD_B_N","VD","B",0,861,20560861,TRUE,TRUE,TRUE,TRUE,TRUE,TRUE,TRUE,TRUE,""
"VD_B_N","VD","B",0,862,20560862,TRUE,TRUE,TRUE,TRUE,TRUE,TRUE,TRUE,TRUE,""
"VD_B_N","VD","B",0,863,20560863,TRUE,TRUE,TRUE,TRUE,TRUE,TRUE,TRUE,TRUE,""
"VD_B_N","VD","B",0,864,20560864,TRUE,TRUE,TRUE,TRUE,TRUE,TRUE,TRUE,TRUE,""
"VD_B_N","VD","B",0,865,20560865,TRUE,TRUE,TRUE,TRUE,TRUE,TRUE,TRUE,TRUE,""
"VD_B_N","VD","B",0,866,20560866,TRUE,TRUE,TRUE,TRUE,TRUE,TRUE,TRUE,TRUE,""
"VD_B_N","VD","B",0,867,20560867,TRUE,TRUE,TRUE,TRUE,TRUE,TRUE,TRUE,TRUE,""
"VD_B_N","VD","B",0,868,20560868,TRUE,TRUE,TRUE,TRUE,TRUE,TRUE,TRUE,TRUE,""
"VD_B_N","VD","B",0,869,20560869,TRUE,TRUE,TRUE,TRUE,TRUE,TRUE,TRUE,TRUE,""
"VD_B_N","VD","B",0,870,20560870,TRUE,TRUE,TRUE,TRUE,TRUE,TRUE,TRUE,TRUE,""
"VD_B_N","VD","B",0,871,20560871,TRUE,TRUE,TRUE,TRUE,TRUE,TRUE,TRUE,TRUE,""
"VD_B_N","VD","B",0,872,20560872,TRUE,TRUE,TRUE,TRUE,TRUE,TRUE,TRUE,TRUE,""
"VD_B_N","VD","B",0,873,20560873,TRUE,TRUE,TRUE,TRUE,TRUE,TRUE,TRUE,TRUE,""
"VD_B_N","VD","B",0,874,20560874,TRUE,TRUE,TRUE,TRUE,TRUE,TRUE,TRUE,TRUE,""
"VD_B_N","VD","B",0,875,20560875,TRUE,TRUE,TRUE,TRUE,TRUE,TRUE,TRUE,TRUE,""
"VD_B_N","VD","B",0,876,20560876,TRUE,TRUE,TRUE,TRUE,TRUE,TRUE,TRUE,TRUE,""
"VD_B_N","VD","B",0,877,20560877,TRUE,TRUE,TRUE,TRUE,TRUE,TRUE,TRUE,TRUE,""
"VD_B_N","VD","B",0,878,20560878,TRUE,TRUE,TRUE,TRUE,TRUE,TRUE,TRUE,TRUE,""
"VD_B_N","VD","B",0,879,20560879,TRUE,TRUE,TRUE,TRUE,TRUE,TRUE,TRUE,TRUE,""
"VD_B_N","VD","B",0,880,20560880,TRUE,TRUE,TRUE,TRUE,TRUE,TRUE,TRUE,TRUE,""
"VD_B_N","VD","B",0,881,20560881,TRUE,TRUE,TRUE,TRUE,TRUE,TRUE,TRUE,TRUE,""
"VD_B_N","VD","B",0,882,20560882,TRUE,TRUE,TRUE,TRUE,TRUE,TRUE,TRUE,TRUE,""
"VD_B_N","VD","B",0,883,20560883,TRUE,TRUE,TRUE,TRUE,TRUE,TRUE,TRUE,TRUE,""
"VD_B_N","VD","B",0,884,20560884,TRUE,TRUE,TRUE,TRUE,TRUE,TRUE,TRUE,TRUE,""
"VD_B_N","VD","B",0,885,20560885,TRUE,TRUE,TRUE,TRUE,TRUE,TRUE,TRUE,TRUE,""
"VD_B_N","VD","B",0,886,20560886,TRUE,TRUE,TRUE,TRUE,TRUE,TRUE,TRUE,TRUE,""
"VD_B_N","VD","B",0,887,20560887,TRUE,TRUE,TRUE,TRUE,TRUE,TRUE,TRUE,TRUE,""
"VD_B_N","VD","B",0,888,20560888,TRUE,TRUE,TRUE,TRUE,TRUE,TRUE,TRUE,TRUE,""
"VD_B_N","VD","B",0,889,20560889,TRUE,TRUE,TRUE,TRUE,TRUE,TRUE,TRUE,TRUE,""
"VD_B_N","VD","B",0,890,20560890,TRUE,TRUE,TRUE,TRUE,TRUE,TRUE,TRUE,TRUE,""
"VD_B_N","VD","B",0,891,20560891,TRUE,TRUE,TRUE,TRUE,TRUE,TRUE,TRUE,TRUE,""
"VD_B_N","VD","B",0,892,20560892,TRUE,TRUE,TRUE,TRUE,TRUE,TRUE,TRUE,TRUE,""
"VD_B_N","VD","B",0,893,20560893,TRUE,TRUE,TRUE,TRUE,TRUE,TRUE,TRUE,TRUE,""
"VD_B_N","VD","B",0,894,20560894,TRUE,TRUE,TRUE,TRUE,TRUE,TRUE,TRUE,TRUE,""
"VD_B_N","VD","B",0,895,20560895,TRUE,TRUE,TRUE,TRUE,TRUE,TRUE,TRUE,TRUE,""
"VD_B_N","VD","B",0,896,20560896,TRUE,TRUE,TRUE,TRUE,TRUE,TRUE,TRUE,TRUE,""
"VD_B_N","VD","B",0,897,20560897,TRUE,TRUE,TRUE,TRUE,TRUE,TRUE,TRUE,TRUE,""
"VD_B_N","VD","B",0,898,20560898,TRUE,TRUE,TRUE,TRUE,TRUE,TRUE,TRUE,TRUE,""
"VD_B_N","VD","B",0,899,20560899,TRUE,TRUE,TRUE,TRUE,TRUE,TRUE,TRUE,TRUE,""
"VD_B_N","VD","B",0,900,20560900,TRUE,TRUE,TRUE,TRUE,TRUE,TRUE,TRUE,TRUE,""
"VD_B_N","VD","B",0,901,20560901,TRUE,TRUE,TRUE,TRUE,TRUE,TRUE,TRUE,TRUE,""
"VD_B_N","VD","B",0,902,20560902,TRUE,TRUE,TRUE,TRUE,TRUE,TRUE,TRUE,TRUE,""
"VD_B_N","VD","B",0,903,20560903,TRUE,TRUE,TRUE,TRUE,TRUE,TRUE,TRUE,TRUE,""
"VD_B_N","VD","B",0,904,20560904,TRUE,TRUE,TRUE,TRUE,TRUE,TRUE,TRUE,TRUE,""
"VD_B_N","VD","B",0,905,20560905,TRUE,TRUE,TRUE,TRUE,TRUE,TRUE,TRUE,TRUE,""
"VD_B_N","VD","B",0,906,20560906,TRUE,TRUE,TRUE,TRUE,TRUE,TRUE,TRUE,TRUE,""
"VD_B_N","VD","B",0,907,20560907,TRUE,TRUE,TRUE,TRUE,TRUE,TRUE,TRUE,TRUE,""
"VD_B_N","VD","B",0,908,20560908,TRUE,TRUE,TRUE,TRUE,TRUE,TRUE,TRUE,TRUE,""
"VD_B_N","VD","B",0,909,20560909,TRUE,TRUE,TRUE,TRUE,TRUE,TRUE,TRUE,TRUE,""
"VD_B_N","VD","B",0,910,20560910,TRUE,TRUE,TRUE,TRUE,TRUE,TRUE,TRUE,TRUE,""
"VD_B_N","VD","B",0,911,20560911,TRUE,TRUE,TRUE,TRUE,TRUE,TRUE,TRUE,TRUE,""
"VD_B_N","VD","B",0,912,20560912,TRUE,TRUE,TRUE,TRUE,TRUE,TRUE,TRUE,TRUE,""
"VD_B_N","VD","B",0,913,20560913,TRUE,TRUE,TRUE,TRUE,TRUE,TRUE,TRUE,TRUE,""
"VD_B_N","VD","B",0,914,20560914,TRUE,TRUE,TRUE,TRUE,TRUE,TRUE,TRUE,TRUE,""
"VD_B_N","VD","B",0,915,20560915,TRUE,TRUE,TRUE,TRUE,TRUE,TRUE,TRUE,TRUE,""
"VD_B_N","VD","B",0,916,20560916,TRUE,TRUE,TRUE,TRUE,TRUE,TRUE,TRUE,TRUE,""
"VD_B_N","VD","B",0,917,20560917,TRUE,TRUE,TRUE,TRUE,TRUE,TRUE,TRUE,TRUE,""
"VD_B_N","VD","B",0,918,20560918,TRUE,TRUE,TRUE,TRUE,TRUE,TRUE,TRUE,TRUE,""
"VD_B_N","VD","B",0,919,20560919,TRUE,TRUE,TRUE,TRUE,TRUE,TRUE,TRUE,TRUE,""
"VD_B_N","VD","B",0,920,20560920,TRUE,TRUE,TRUE,TRUE,TRUE,TRUE,TRUE,TRUE,""
"VD_B_N","VD","B",0,921,20560921,TRUE,TRUE,TRUE,TRUE,TRUE,TRUE,TRUE,TRUE,""
"VD_B_N","VD","B",0,922,20560922,TRUE,TRUE,TRUE,TRUE,TRUE,TRUE,TRUE,TRUE,""
"VD_B_N","VD","B",0,923,20560923,TRUE,TRUE,TRUE,TRUE,TRUE,TRUE,TRUE,TRUE,""
"VD_B_N","VD","B",0,924,20560924,TRUE,TRUE,TRUE,TRUE,TRUE,TRUE,TRUE,TRUE,""
"VD_B_N","VD","B",0,925,20560925,TRUE,TRUE,TRUE,TRUE,TRUE,TRUE,TRUE,TRUE,""
"VD_B_N","VD","B",0,926,20560926,TRUE,TRUE,TRUE,TRUE,TRUE,TRUE,TRUE,TRUE,""
"VD_B_N","VD","B",0,927,20560927,TRUE,TRUE,TRUE,TRUE,TRUE,TRUE,TRUE,TRUE,""
"VD_B_N","VD","B",0,928,20560928,TRUE,TRUE,TRUE,TRUE,TRUE,TRUE,TRUE,TRUE,""
"VD_B_N","VD","B",0,929,20560929,TRUE,TRUE,TRUE,TRUE,TRUE,TRUE,TRUE,TRUE,""
"VD_B_N","VD","B",0,930,20560930,TRUE,TRUE,TRUE,TRUE,TRUE,TRUE,TRUE,TRUE,""
"VD_B_N","VD","B",0,931,20560931,TRUE,TRUE,TRUE,TRUE,TRUE,TRUE,TRUE,TRUE,""
"VD_B_N","VD","B",0,932,20560932,TRUE,TRUE,TRUE,TRUE,TRUE,TRUE,TRUE,TRUE,""
"VD_B_N","VD","B",0,933,20560933,TRUE,TRUE,TRUE,TRUE,TRUE,TRUE,TRUE,TRUE,""
"VD_B_N","VD","B",0,934,20560934,TRUE,TRUE,TRUE,TRUE,TRUE,TRUE,TRUE,TRUE,""
"VD_B_N","VD","B",0,935,20560935,TRUE,TRUE,TRUE,TRUE,TRUE,TRUE,TRUE,TRUE,""
"VD_B_N","VD","B",0,936,20560936,TRUE,TRUE,TRUE,TRUE,TRUE,TRUE,TRUE,TRUE,""
"VD_B_N","VD","B",0,937,20560937,TRUE,TRUE,TRUE,TRUE,TRUE,TRUE,TRUE,TRUE,""
"VD_B_N","VD","B",0,938,20560938,TRUE,TRUE,TRUE,TRUE,TRUE,TRUE,TRUE,TRUE,""
"VD_B_N","VD","B",0,939,20560939,TRUE,TRUE,TRUE,TRUE,TRUE,TRUE,TRUE,TRUE,""
"VD_B_N","VD","B",0,940,20560940,TRUE,TRUE,TRUE,TRUE,TRUE,TRUE,TRUE,TRUE,""
"VD_B_N","VD","B",0,941,20560941,TRUE,TRUE,TRUE,TRUE,TRUE,TRUE,TRUE,TRUE,""
"VD_B_N","VD","B",0,942,20560942,TRUE,TRUE,TRUE,TRUE,TRUE,TRUE,TRUE,TRUE,""
"VD_B_N","VD","B",0,943,20560943,TRUE,TRUE,TRUE,TRUE,TRUE,TRUE,TRUE,TRUE,""
"VD_B_N","VD","B",0,944,20560944,TRUE,TRUE,TRUE,TRUE,TRUE,TRUE,TRUE,TRUE,""
"VD_B_N","VD","B",0,945,20560945,TRUE,TRUE,TRUE,TRUE,TRUE,TRUE,TRUE,TRUE,""
"VD_B_N","VD","B",0,946,20560946,TRUE,TRUE,TRUE,TRUE,TRUE,TRUE,TRUE,TRUE,""
"VD_B_N","VD","B",0,947,20560947,TRUE,TRUE,TRUE,TRUE,TRUE,TRUE,TRUE,TRUE,""
"VD_B_N","VD","B",0,948,20560948,TRUE,TRUE,TRUE,TRUE,TRUE,TRUE,TRUE,TRUE,""
"VD_B_N","VD","B",0,949,20560949,TRUE,TRUE,TRUE,TRUE,TRUE,TRUE,TRUE,TRUE,""
"VD_B_N","VD","B",0,950,20560950,TRUE,TRUE,TRUE,TRUE,TRUE,TRUE,TRUE,TRUE,""
"VD_B_N","VD","B",0,951,20560951,TRUE,TRUE,TRUE,TRUE,TRUE,TRUE,TRUE,TRUE,""
"VD_B_N","VD","B",0,952,20560952,TRUE,TRUE,TRUE,TRUE,TRUE,TRUE,TRUE,TRUE,""
"VD_B_N","VD","B",0,953,20560953,TRUE,TRUE,TRUE,TRUE,TRUE,TRUE,TRUE,TRUE,""
"VD_B_N","VD","B",0,954,20560954,TRUE,TRUE,TRUE,TRUE,TRUE,TRUE,TRUE,TRUE,""
"VD_B_N","VD","B",0,955,20560955,TRUE,TRUE,TRUE,TRUE,TRUE,TRUE,TRUE,TRUE,""
"VD_B_N","VD","B",0,956,20560956,TRUE,TRUE,TRUE,TRUE,TRUE,TRUE,TRUE,TRUE,""
"VD_B_N","VD","B",0,957,20560957,TRUE,TRUE,TRUE,TRUE,TRUE,TRUE,TRUE,TRUE,""
"VD_B_N","VD","B",0,958,20560958,TRUE,TRUE,TRUE,TRUE,TRUE,TRUE,TRUE,TRUE,""
"VD_B_N","VD","B",0,959,20560959,TRUE,TRUE,TRUE,TRUE,TRUE,TRUE,TRUE,TRUE,""
"VD_B_N","VD","B",0,960,20560960,TRUE,TRUE,TRUE,TRUE,TRUE,TRUE,TRUE,TRUE,""
"VD_B_N","VD","B",0,961,20560961,TRUE,TRUE,TRUE,TRUE,TRUE,TRUE,TRUE,TRUE,""
"VD_B_N","VD","B",0,962,20560962,TRUE,TRUE,TRUE,TRUE,TRUE,TRUE,TRUE,TRUE,""
"VD_B_N","VD","B",0,963,20560963,TRUE,TRUE,TRUE,TRUE,TRUE,TRUE,TRUE,TRUE,""
"VD_B_N","VD","B",0,964,20560964,TRUE,TRUE,TRUE,TRUE,TRUE,TRUE,TRUE,TRUE,""
"VD_B_N","VD","B",0,965,20560965,TRUE,TRUE,TRUE,TRUE,TRUE,TRUE,TRUE,TRUE,""
"VD_B_N","VD","B",0,966,20560966,TRUE,TRUE,TRUE,TRUE,TRUE,TRUE,TRUE,TRUE,""
"VD_B_N","VD","B",0,967,20560967,TRUE,TRUE,TRUE,TRUE,TRUE,TRUE,TRUE,TRUE,""
"VD_B_N","VD","B",0,968,20560968,TRUE,TRUE,TRUE,TRUE,TRUE,TRUE,TRUE,TRUE,""
"VD_B_N","VD","B",0,969,20560969,TRUE,TRUE,TRUE,TRUE,TRUE,TRUE,TRUE,TRUE,""
"VD_B_N","VD","B",0,970,20560970,TRUE,TRUE,TRUE,TRUE,TRUE,TRUE,TRUE,TRUE,""
"VD_B_N","VD","B",0,971,20560971,TRUE,TRUE,TRUE,TRUE,TRUE,TRUE,TRUE,TRUE,""
"VD_B_N","VD","B",0,972,20560972,TRUE,TRUE,TRUE,TRUE,TRUE,TRUE,TRUE,TRUE,""
"VD_B_N","VD","B",0,973,20560973,TRUE,TRUE,TRUE,TRUE,TRUE,TRUE,TRUE,TRUE,""
"VD_B_N","VD","B",0,974,20560974,TRUE,TRUE,TRUE,TRUE,TRUE,TRUE,TRUE,TRUE,""
"VD_B_N","VD","B",0,975,20560975,TRUE,TRUE,TRUE,TRUE,TRUE,TRUE,TRUE,TRUE,""
"VD_B_N","VD","B",0,976,20560976,TRUE,TRUE,TRUE,TRUE,TRUE,TRUE,TRUE,TRUE,""
"VD_B_N","VD","B",0,977,20560977,TRUE,TRUE,TRUE,TRUE,TRUE,TRUE,TRUE,TRUE,""
"VD_B_N","VD","B",0,978,20560978,TRUE,TRUE,TRUE,TRUE,TRUE,TRUE,TRUE,TRUE,""
"VD_B_N","VD","B",0,979,20560979,TRUE,TRUE,TRUE,TRUE,TRUE,TRUE,TRUE,TRUE,""
"VD_B_N","VD","B",0,980,20560980,TRUE,TRUE,TRUE,TRUE,TRUE,TRUE,TRUE,TRUE,""
"VD_B_N","VD","B",0,981,20560981,TRUE,TRUE,TRUE,TRUE,TRUE,TRUE,TRUE,TRUE,""
"VD_B_N","VD","B",0,982,20560982,TRUE,TRUE,TRUE,TRUE,TRUE,TRUE,TRUE,TRUE,""
"VD_B_N","VD","B",0,983,20560983,TRUE,TRUE,TRUE,TRUE,TRUE,TRUE,TRUE,TRUE,""
"VD_B_N","VD","B",0,984,20560984,TRUE,TRUE,TRUE,TRUE,TRUE,TRUE,TRUE,TRUE,""
"VD_B_N","VD","B",0,985,20560985,TRUE,TRUE,TRUE,TRUE,TRUE,TRUE,TRUE,TRUE,""
"VD_B_N","VD","B",0,986,20560986,TRUE,TRUE,TRUE,TRUE,TRUE,TRUE,TRUE,TRUE,""
"VD_B_N","VD","B",0,987,20560987,TRUE,TRUE,TRUE,TRUE,TRUE,TRUE,TRUE,TRUE,""
"VD_B_N","VD","B",0,988,20560988,TRUE,TRUE,TRUE,TRUE,TRUE,TRUE,TRUE,TRUE,""
"VD_B_N","VD","B",0,989,20560989,TRUE,TRUE,TRUE,TRUE,TRUE,TRUE,TRUE,TRUE,""
"VD_B_N","VD","B",0,990,20560990,TRUE,TRUE,TRUE,TRUE,TRUE,TRUE,TRUE,TRUE,""
"VD_B_N","VD","B",0,991,20560991,TRUE,TRUE,TRUE,TRUE,TRUE,TRUE,TRUE,TRUE,""
"VD_B_N","VD","B",0,992,20560992,TRUE,TRUE,TRUE,TRUE,TRUE,TRUE,TRUE,TRUE,""
"VD_B_N","VD","B",0,993,20560993,TRUE,TRUE,TRUE,TRUE,TRUE,TRUE,TRUE,TRUE,""
"VD_B_N","VD","B",0,994,20560994,TRUE,TRUE,TRUE,TRUE,TRUE,TRUE,TRUE,TRUE,""
"VD_B_N","VD","B",0,995,20560995,TRUE,TRUE,TRUE,TRUE,TRUE,TRUE,TRUE,TRUE,""
"VD_B_N","VD","B",0,996,20560996,TRUE,TRUE,TRUE,TRUE,TRUE,TRUE,TRUE,TRUE,""
"VD_B_N","VD","B",0,997,20560997,TRUE,TRUE,TRUE,TRUE,TRUE,TRUE,TRUE,TRUE,""
"VD_B_N","VD","B",0,998,20560998,TRUE,TRUE,TRUE,TRUE,TRUE,TRUE,TRUE,TRUE,""
"VD_B_N","VD","B",0,999,20560999,TRUE,TRUE,TRUE,TRUE,TRUE,TRUE,TRUE,TRUE,""
"VD_B_N","VD","B",0,1000,20561000,TRUE,TRUE,TRUE,TRUE,TRUE,TRUE,TRUE,TRUE,""
"VD_B_A","VD","B",0.2,1,20660001,TRUE,TRUE,TRUE,TRUE,TRUE,TRUE,TRUE,TRUE,""
"VD_B_A","VD","B",0.2,2,20660002,TRUE,TRUE,TRUE,TRUE,TRUE,TRUE,TRUE,TRUE,""
"VD_B_A","VD","B",0.2,3,20660003,TRUE,TRUE,TRUE,TRUE,TRUE,TRUE,TRUE,TRUE,""
"VD_B_A","VD","B",0.2,4,20660004,TRUE,TRUE,TRUE,TRUE,TRUE,TRUE,TRUE,TRUE,""
"VD_B_A","VD","B",0.2,5,20660005,TRUE,TRUE,TRUE,TRUE,TRUE,TRUE,TRUE,TRUE,""
"VD_B_A","VD","B",0.2,6,20660006,TRUE,TRUE,TRUE,TRUE,TRUE,TRUE,TRUE,TRUE,""
"VD_B_A","VD","B",0.2,7,20660007,TRUE,TRUE,TRUE,TRUE,TRUE,TRUE,TRUE,TRUE,""
"VD_B_A","VD","B",0.2,8,20660008,TRUE,TRUE,TRUE,TRUE,TRUE,TRUE,TRUE,TRUE,""
"VD_B_A","VD","B",0.2,9,20660009,TRUE,TRUE,TRUE,TRUE,TRUE,TRUE,TRUE,TRUE,""
"VD_B_A","VD","B",0.2,10,20660010,TRUE,TRUE,TRUE,TRUE,TRUE,TRUE,TRUE,TRUE,""
"VD_B_A","VD","B",0.2,11,20660011,TRUE,TRUE,TRUE,TRUE,TRUE,TRUE,TRUE,TRUE,""
"VD_B_A","VD","B",0.2,12,20660012,TRUE,TRUE,TRUE,TRUE,TRUE,TRUE,TRUE,TRUE,""
"VD_B_A","VD","B",0.2,13,20660013,TRUE,TRUE,TRUE,TRUE,TRUE,TRUE,TRUE,TRUE,""
"VD_B_A","VD","B",0.2,14,20660014,TRUE,TRUE,TRUE,TRUE,TRUE,TRUE,TRUE,TRUE,""
"VD_B_A","VD","B",0.2,15,20660015,TRUE,TRUE,TRUE,TRUE,TRUE,TRUE,TRUE,TRUE,""
"VD_B_A","VD","B",0.2,16,20660016,TRUE,TRUE,TRUE,TRUE,TRUE,TRUE,TRUE,TRUE,""
"VD_B_A","VD","B",0.2,17,20660017,TRUE,TRUE,TRUE,TRUE,TRUE,TRUE,TRUE,TRUE,""
"VD_B_A","VD","B",0.2,18,20660018,TRUE,TRUE,TRUE,TRUE,TRUE,TRUE,TRUE,TRUE,""
"VD_B_A","VD","B",0.2,19,20660019,TRUE,TRUE,TRUE,TRUE,TRUE,TRUE,TRUE,TRUE,""
"VD_B_A","VD","B",0.2,20,20660020,TRUE,TRUE,TRUE,TRUE,TRUE,TRUE,TRUE,TRUE,""
"VD_B_A","VD","B",0.2,21,20660021,TRUE,TRUE,TRUE,TRUE,TRUE,TRUE,TRUE,TRUE,""
"VD_B_A","VD","B",0.2,22,20660022,TRUE,TRUE,TRUE,TRUE,TRUE,TRUE,TRUE,TRUE,""
"VD_B_A","VD","B",0.2,23,20660023,TRUE,TRUE,TRUE,TRUE,TRUE,TRUE,TRUE,TRUE,""
"VD_B_A","VD","B",0.2,24,20660024,TRUE,TRUE,TRUE,TRUE,TRUE,TRUE,TRUE,TRUE,""
"VD_B_A","VD","B",0.2,25,20660025,TRUE,TRUE,TRUE,TRUE,TRUE,TRUE,TRUE,TRUE,""
"VD_B_A","VD","B",0.2,26,20660026,TRUE,TRUE,TRUE,TRUE,TRUE,TRUE,TRUE,TRUE,""
"VD_B_A","VD","B",0.2,27,20660027,TRUE,TRUE,TRUE,TRUE,TRUE,TRUE,TRUE,TRUE,""
"VD_B_A","VD","B",0.2,28,20660028,TRUE,TRUE,TRUE,TRUE,TRUE,TRUE,TRUE,TRUE,""
"VD_B_A","VD","B",0.2,29,20660029,TRUE,TRUE,TRUE,TRUE,TRUE,TRUE,TRUE,TRUE,""
"VD_B_A","VD","B",0.2,30,20660030,TRUE,TRUE,TRUE,TRUE,TRUE,TRUE,TRUE,TRUE,""
"VD_B_A","VD","B",0.2,31,20660031,TRUE,TRUE,TRUE,TRUE,TRUE,TRUE,TRUE,TRUE,""
"VD_B_A","VD","B",0.2,32,20660032,TRUE,TRUE,TRUE,TRUE,TRUE,TRUE,TRUE,TRUE,""
"VD_B_A","VD","B",0.2,33,20660033,TRUE,TRUE,TRUE,TRUE,TRUE,TRUE,TRUE,TRUE,""
"VD_B_A","VD","B",0.2,34,20660034,TRUE,TRUE,TRUE,TRUE,TRUE,TRUE,TRUE,TRUE,""
"VD_B_A","VD","B",0.2,35,20660035,TRUE,TRUE,TRUE,TRUE,TRUE,TRUE,TRUE,TRUE,""
"VD_B_A","VD","B",0.2,36,20660036,TRUE,TRUE,TRUE,TRUE,TRUE,TRUE,TRUE,TRUE,""
"VD_B_A","VD","B",0.2,37,20660037,TRUE,TRUE,TRUE,TRUE,TRUE,TRUE,TRUE,TRUE,""
"VD_B_A","VD","B",0.2,38,20660038,TRUE,TRUE,TRUE,TRUE,TRUE,TRUE,TRUE,TRUE,""
"VD_B_A","VD","B",0.2,39,20660039,TRUE,TRUE,TRUE,TRUE,TRUE,TRUE,TRUE,TRUE,""
"VD_B_A","VD","B",0.2,40,20660040,TRUE,TRUE,TRUE,TRUE,TRUE,TRUE,TRUE,TRUE,""
"VD_B_A","VD","B",0.2,41,20660041,TRUE,TRUE,TRUE,TRUE,TRUE,TRUE,TRUE,TRUE,""
"VD_B_A","VD","B",0.2,42,20660042,TRUE,TRUE,TRUE,TRUE,TRUE,TRUE,TRUE,TRUE,""
"VD_B_A","VD","B",0.2,43,20660043,TRUE,TRUE,TRUE,TRUE,TRUE,TRUE,TRUE,TRUE,""
"VD_B_A","VD","B",0.2,44,20660044,TRUE,TRUE,TRUE,TRUE,TRUE,TRUE,TRUE,TRUE,""
"VD_B_A","VD","B",0.2,45,20660045,TRUE,TRUE,TRUE,TRUE,TRUE,TRUE,TRUE,TRUE,""
"VD_B_A","VD","B",0.2,46,20660046,TRUE,TRUE,TRUE,TRUE,TRUE,TRUE,TRUE,TRUE,""
"VD_B_A","VD","B",0.2,47,20660047,TRUE,TRUE,TRUE,TRUE,TRUE,TRUE,TRUE,TRUE,""
"VD_B_A","VD","B",0.2,48,20660048,TRUE,TRUE,TRUE,TRUE,TRUE,TRUE,TRUE,TRUE,""
"VD_B_A","VD","B",0.2,49,20660049,TRUE,TRUE,TRUE,TRUE,TRUE,TRUE,TRUE,TRUE,""
"VD_B_A","VD","B",0.2,50,20660050,TRUE,TRUE,TRUE,TRUE,TRUE,TRUE,TRUE,TRUE,""
"VD_B_A","VD","B",0.2,51,20660051,TRUE,TRUE,TRUE,TRUE,TRUE,TRUE,TRUE,TRUE,""
"VD_B_A","VD","B",0.2,52,20660052,TRUE,TRUE,TRUE,TRUE,TRUE,TRUE,TRUE,TRUE,""
"VD_B_A","VD","B",0.2,53,20660053,TRUE,TRUE,TRUE,TRUE,TRUE,TRUE,TRUE,TRUE,""
"VD_B_A","VD","B",0.2,54,20660054,TRUE,TRUE,TRUE,TRUE,TRUE,TRUE,TRUE,TRUE,""
"VD_B_A","VD","B",0.2,55,20660055,TRUE,TRUE,TRUE,TRUE,TRUE,TRUE,TRUE,TRUE,""
"VD_B_A","VD","B",0.2,56,20660056,TRUE,TRUE,TRUE,TRUE,TRUE,TRUE,TRUE,TRUE,""
"VD_B_A","VD","B",0.2,57,20660057,TRUE,TRUE,TRUE,TRUE,TRUE,TRUE,TRUE,TRUE,""
"VD_B_A","VD","B",0.2,58,20660058,TRUE,TRUE,TRUE,TRUE,TRUE,TRUE,TRUE,TRUE,""
"VD_B_A","VD","B",0.2,59,20660059,TRUE,TRUE,TRUE,TRUE,TRUE,TRUE,TRUE,TRUE,""
"VD_B_A","VD","B",0.2,60,20660060,TRUE,TRUE,TRUE,TRUE,TRUE,TRUE,TRUE,TRUE,""
"VD_B_A","VD","B",0.2,61,20660061,TRUE,TRUE,TRUE,TRUE,TRUE,TRUE,TRUE,TRUE,""
"VD_B_A","VD","B",0.2,62,20660062,TRUE,TRUE,TRUE,TRUE,TRUE,TRUE,TRUE,TRUE,""
"VD_B_A","VD","B",0.2,63,20660063,TRUE,TRUE,TRUE,TRUE,TRUE,TRUE,TRUE,TRUE,""
"VD_B_A","VD","B",0.2,64,20660064,TRUE,TRUE,TRUE,TRUE,TRUE,TRUE,TRUE,TRUE,""
"VD_B_A","VD","B",0.2,65,20660065,TRUE,TRUE,TRUE,TRUE,TRUE,TRUE,TRUE,TRUE,""
"VD_B_A","VD","B",0.2,66,20660066,TRUE,TRUE,TRUE,TRUE,TRUE,TRUE,TRUE,TRUE,""
"VD_B_A","VD","B",0.2,67,20660067,TRUE,TRUE,TRUE,TRUE,TRUE,TRUE,TRUE,TRUE,""
"VD_B_A","VD","B",0.2,68,20660068,TRUE,TRUE,TRUE,TRUE,TRUE,TRUE,TRUE,TRUE,""
"VD_B_A","VD","B",0.2,69,20660069,TRUE,TRUE,TRUE,TRUE,TRUE,TRUE,TRUE,TRUE,""
"VD_B_A","VD","B",0.2,70,20660070,TRUE,TRUE,TRUE,TRUE,TRUE,TRUE,TRUE,TRUE,""
"VD_B_A","VD","B",0.2,71,20660071,TRUE,TRUE,TRUE,TRUE,TRUE,TRUE,TRUE,TRUE,""
"VD_B_A","VD","B",0.2,72,20660072,TRUE,TRUE,TRUE,TRUE,TRUE,TRUE,TRUE,TRUE,""
"VD_B_A","VD","B",0.2,73,20660073,TRUE,TRUE,TRUE,TRUE,TRUE,TRUE,TRUE,TRUE,""
"VD_B_A","VD","B",0.2,74,20660074,TRUE,TRUE,TRUE,TRUE,TRUE,TRUE,TRUE,TRUE,""
"VD_B_A","VD","B",0.2,75,20660075,TRUE,TRUE,TRUE,TRUE,TRUE,TRUE,TRUE,TRUE,""
"VD_B_A","VD","B",0.2,76,20660076,TRUE,TRUE,TRUE,TRUE,TRUE,TRUE,TRUE,TRUE,""
"VD_B_A","VD","B",0.2,77,20660077,TRUE,TRUE,TRUE,TRUE,TRUE,TRUE,TRUE,TRUE,""
"VD_B_A","VD","B",0.2,78,20660078,TRUE,TRUE,TRUE,TRUE,TRUE,TRUE,TRUE,TRUE,""
"VD_B_A","VD","B",0.2,79,20660079,TRUE,TRUE,TRUE,TRUE,TRUE,TRUE,TRUE,TRUE,""
"VD_B_A","VD","B",0.2,80,20660080,TRUE,TRUE,TRUE,TRUE,TRUE,TRUE,TRUE,TRUE,""
"VD_B_A","VD","B",0.2,81,20660081,TRUE,TRUE,TRUE,TRUE,TRUE,TRUE,TRUE,TRUE,""
"VD_B_A","VD","B",0.2,82,20660082,TRUE,TRUE,TRUE,TRUE,TRUE,TRUE,TRUE,TRUE,""
"VD_B_A","VD","B",0.2,83,20660083,TRUE,TRUE,TRUE,TRUE,TRUE,TRUE,TRUE,TRUE,""
"VD_B_A","VD","B",0.2,84,20660084,TRUE,TRUE,TRUE,TRUE,TRUE,TRUE,TRUE,TRUE,""
"VD_B_A","VD","B",0.2,85,20660085,TRUE,TRUE,TRUE,TRUE,TRUE,TRUE,TRUE,TRUE,""
"VD_B_A","VD","B",0.2,86,20660086,TRUE,TRUE,TRUE,TRUE,TRUE,TRUE,TRUE,TRUE,""
"VD_B_A","VD","B",0.2,87,20660087,TRUE,TRUE,TRUE,TRUE,TRUE,TRUE,TRUE,TRUE,""
"VD_B_A","VD","B",0.2,88,20660088,TRUE,TRUE,TRUE,TRUE,TRUE,TRUE,TRUE,TRUE,""
"VD_B_A","VD","B",0.2,89,20660089,TRUE,TRUE,TRUE,TRUE,TRUE,TRUE,TRUE,TRUE,""
"VD_B_A","VD","B",0.2,90,20660090,TRUE,TRUE,TRUE,TRUE,TRUE,TRUE,TRUE,TRUE,""
"VD_B_A","VD","B",0.2,91,20660091,TRUE,TRUE,TRUE,TRUE,TRUE,TRUE,TRUE,TRUE,""
"VD_B_A","VD","B",0.2,92,20660092,TRUE,TRUE,TRUE,TRUE,TRUE,TRUE,TRUE,TRUE,""
"VD_B_A","VD","B",0.2,93,20660093,TRUE,TRUE,TRUE,TRUE,TRUE,TRUE,TRUE,TRUE,""
"VD_B_A","VD","B",0.2,94,20660094,TRUE,TRUE,TRUE,TRUE,TRUE,TRUE,TRUE,TRUE,""
"VD_B_A","VD","B",0.2,95,20660095,TRUE,TRUE,TRUE,TRUE,TRUE,TRUE,TRUE,TRUE,""
"VD_B_A","VD","B",0.2,96,20660096,TRUE,TRUE,TRUE,TRUE,TRUE,TRUE,TRUE,TRUE,""
"VD_B_A","VD","B",0.2,97,20660097,TRUE,TRUE,TRUE,TRUE,TRUE,TRUE,TRUE,TRUE,""
"VD_B_A","VD","B",0.2,98,20660098,TRUE,TRUE,TRUE,TRUE,TRUE,TRUE,TRUE,TRUE,""
"VD_B_A","VD","B",0.2,99,20660099,TRUE,TRUE,TRUE,TRUE,TRUE,TRUE,TRUE,TRUE,""
"VD_B_A","VD","B",0.2,100,20660100,TRUE,TRUE,TRUE,TRUE,TRUE,TRUE,TRUE,TRUE,""
"VD_B_A","VD","B",0.2,101,20660101,TRUE,TRUE,TRUE,TRUE,TRUE,TRUE,TRUE,TRUE,""
"VD_B_A","VD","B",0.2,102,20660102,TRUE,TRUE,TRUE,TRUE,TRUE,TRUE,TRUE,TRUE,""
"VD_B_A","VD","B",0.2,103,20660103,TRUE,TRUE,TRUE,TRUE,TRUE,TRUE,TRUE,TRUE,""
"VD_B_A","VD","B",0.2,104,20660104,TRUE,TRUE,TRUE,TRUE,TRUE,TRUE,TRUE,TRUE,""
"VD_B_A","VD","B",0.2,105,20660105,TRUE,TRUE,TRUE,TRUE,TRUE,TRUE,TRUE,TRUE,""
"VD_B_A","VD","B",0.2,106,20660106,TRUE,TRUE,TRUE,TRUE,TRUE,TRUE,TRUE,TRUE,""
"VD_B_A","VD","B",0.2,107,20660107,TRUE,TRUE,TRUE,TRUE,TRUE,TRUE,TRUE,TRUE,""
"VD_B_A","VD","B",0.2,108,20660108,TRUE,TRUE,TRUE,TRUE,TRUE,TRUE,TRUE,TRUE,""
"VD_B_A","VD","B",0.2,109,20660109,TRUE,TRUE,TRUE,TRUE,TRUE,TRUE,TRUE,TRUE,""
"VD_B_A","VD","B",0.2,110,20660110,TRUE,TRUE,TRUE,TRUE,TRUE,TRUE,TRUE,TRUE,""
"VD_B_A","VD","B",0.2,111,20660111,TRUE,TRUE,TRUE,TRUE,TRUE,TRUE,TRUE,TRUE,""
"VD_B_A","VD","B",0.2,112,20660112,TRUE,TRUE,TRUE,TRUE,TRUE,TRUE,TRUE,TRUE,""
"VD_B_A","VD","B",0.2,113,20660113,TRUE,TRUE,TRUE,TRUE,TRUE,TRUE,TRUE,TRUE,""
"VD_B_A","VD","B",0.2,114,20660114,TRUE,TRUE,TRUE,TRUE,TRUE,TRUE,TRUE,TRUE,""
"VD_B_A","VD","B",0.2,115,20660115,TRUE,TRUE,TRUE,TRUE,TRUE,TRUE,TRUE,TRUE,""
"VD_B_A","VD","B",0.2,116,20660116,TRUE,TRUE,TRUE,TRUE,TRUE,TRUE,TRUE,TRUE,""
"VD_B_A","VD","B",0.2,117,20660117,TRUE,TRUE,TRUE,TRUE,TRUE,TRUE,TRUE,TRUE,""
"VD_B_A","VD","B",0.2,118,20660118,TRUE,TRUE,TRUE,TRUE,TRUE,TRUE,TRUE,TRUE,""
"VD_B_A","VD","B",0.2,119,20660119,TRUE,TRUE,TRUE,TRUE,TRUE,TRUE,TRUE,TRUE,""
"VD_B_A","VD","B",0.2,120,20660120,TRUE,TRUE,TRUE,TRUE,TRUE,TRUE,TRUE,TRUE,""
"VD_B_A","VD","B",0.2,121,20660121,TRUE,TRUE,TRUE,TRUE,TRUE,TRUE,TRUE,TRUE,""
"VD_B_A","VD","B",0.2,122,20660122,TRUE,TRUE,TRUE,TRUE,TRUE,TRUE,TRUE,TRUE,""
"VD_B_A","VD","B",0.2,123,20660123,TRUE,TRUE,TRUE,TRUE,TRUE,TRUE,TRUE,TRUE,""
"VD_B_A","VD","B",0.2,124,20660124,TRUE,TRUE,TRUE,TRUE,TRUE,TRUE,TRUE,TRUE,""
"VD_B_A","VD","B",0.2,125,20660125,TRUE,TRUE,TRUE,TRUE,TRUE,TRUE,TRUE,TRUE,""
"VD_B_A","VD","B",0.2,126,20660126,TRUE,TRUE,TRUE,TRUE,TRUE,TRUE,TRUE,TRUE,""
"VD_B_A","VD","B",0.2,127,20660127,TRUE,TRUE,TRUE,TRUE,TRUE,TRUE,TRUE,TRUE,""
"VD_B_A","VD","B",0.2,128,20660128,TRUE,TRUE,TRUE,TRUE,TRUE,TRUE,TRUE,TRUE,""
"VD_B_A","VD","B",0.2,129,20660129,TRUE,TRUE,TRUE,TRUE,TRUE,TRUE,TRUE,TRUE,""
"VD_B_A","VD","B",0.2,130,20660130,TRUE,TRUE,TRUE,TRUE,TRUE,TRUE,TRUE,TRUE,""
"VD_B_A","VD","B",0.2,131,20660131,TRUE,TRUE,TRUE,TRUE,TRUE,TRUE,TRUE,TRUE,""
"VD_B_A","VD","B",0.2,132,20660132,TRUE,TRUE,TRUE,TRUE,TRUE,TRUE,TRUE,TRUE,""
"VD_B_A","VD","B",0.2,133,20660133,TRUE,TRUE,TRUE,TRUE,TRUE,TRUE,TRUE,TRUE,""
"VD_B_A","VD","B",0.2,134,20660134,TRUE,TRUE,TRUE,TRUE,TRUE,TRUE,TRUE,TRUE,""
"VD_B_A","VD","B",0.2,135,20660135,TRUE,TRUE,TRUE,TRUE,TRUE,TRUE,TRUE,TRUE,""
"VD_B_A","VD","B",0.2,136,20660136,TRUE,TRUE,TRUE,TRUE,TRUE,TRUE,TRUE,TRUE,""
"VD_B_A","VD","B",0.2,137,20660137,TRUE,TRUE,TRUE,TRUE,TRUE,TRUE,TRUE,TRUE,""
"VD_B_A","VD","B",0.2,138,20660138,TRUE,TRUE,TRUE,TRUE,TRUE,TRUE,TRUE,TRUE,""
"VD_B_A","VD","B",0.2,139,20660139,TRUE,TRUE,TRUE,TRUE,TRUE,TRUE,TRUE,TRUE,""
"VD_B_A","VD","B",0.2,140,20660140,TRUE,TRUE,TRUE,TRUE,TRUE,TRUE,TRUE,TRUE,""
"VD_B_A","VD","B",0.2,141,20660141,TRUE,TRUE,TRUE,TRUE,TRUE,TRUE,TRUE,TRUE,""
"VD_B_A","VD","B",0.2,142,20660142,TRUE,TRUE,TRUE,TRUE,TRUE,TRUE,TRUE,TRUE,""
"VD_B_A","VD","B",0.2,143,20660143,TRUE,TRUE,TRUE,TRUE,TRUE,TRUE,TRUE,TRUE,""
"VD_B_A","VD","B",0.2,144,20660144,TRUE,TRUE,TRUE,TRUE,TRUE,TRUE,TRUE,TRUE,""
"VD_B_A","VD","B",0.2,145,20660145,TRUE,TRUE,TRUE,TRUE,TRUE,TRUE,TRUE,TRUE,""
"VD_B_A","VD","B",0.2,146,20660146,TRUE,TRUE,TRUE,TRUE,TRUE,TRUE,TRUE,TRUE,""
"VD_B_A","VD","B",0.2,147,20660147,TRUE,TRUE,TRUE,TRUE,TRUE,TRUE,TRUE,TRUE,""
"VD_B_A","VD","B",0.2,148,20660148,TRUE,TRUE,TRUE,TRUE,TRUE,TRUE,TRUE,TRUE,""
"VD_B_A","VD","B",0.2,149,20660149,TRUE,TRUE,TRUE,TRUE,TRUE,TRUE,TRUE,TRUE,""
"VD_B_A","VD","B",0.2,150,20660150,TRUE,TRUE,TRUE,TRUE,TRUE,TRUE,TRUE,TRUE,""
"VD_B_A","VD","B",0.2,151,20660151,TRUE,TRUE,TRUE,TRUE,TRUE,TRUE,TRUE,TRUE,""
"VD_B_A","VD","B",0.2,152,20660152,TRUE,TRUE,TRUE,TRUE,TRUE,TRUE,TRUE,TRUE,""
"VD_B_A","VD","B",0.2,153,20660153,TRUE,TRUE,TRUE,TRUE,TRUE,TRUE,TRUE,TRUE,""
"VD_B_A","VD","B",0.2,154,20660154,TRUE,TRUE,TRUE,TRUE,TRUE,TRUE,TRUE,TRUE,""
"VD_B_A","VD","B",0.2,155,20660155,TRUE,TRUE,TRUE,TRUE,TRUE,TRUE,TRUE,TRUE,""
"VD_B_A","VD","B",0.2,156,20660156,TRUE,TRUE,TRUE,TRUE,TRUE,TRUE,TRUE,TRUE,""
"VD_B_A","VD","B",0.2,157,20660157,TRUE,TRUE,TRUE,TRUE,TRUE,TRUE,TRUE,TRUE,""
"VD_B_A","VD","B",0.2,158,20660158,TRUE,TRUE,TRUE,TRUE,TRUE,TRUE,TRUE,TRUE,""
"VD_B_A","VD","B",0.2,159,20660159,TRUE,TRUE,TRUE,TRUE,TRUE,TRUE,TRUE,TRUE,""
"VD_B_A","VD","B",0.2,160,20660160,TRUE,TRUE,TRUE,TRUE,TRUE,TRUE,TRUE,TRUE,""
"VD_B_A","VD","B",0.2,161,20660161,TRUE,TRUE,TRUE,TRUE,TRUE,TRUE,TRUE,TRUE,""
"VD_B_A","VD","B",0.2,162,20660162,TRUE,TRUE,TRUE,TRUE,TRUE,TRUE,TRUE,TRUE,""
"VD_B_A","VD","B",0.2,163,20660163,TRUE,TRUE,TRUE,TRUE,TRUE,TRUE,TRUE,TRUE,""
"VD_B_A","VD","B",0.2,164,20660164,TRUE,TRUE,TRUE,TRUE,TRUE,TRUE,TRUE,TRUE,""
"VD_B_A","VD","B",0.2,165,20660165,TRUE,TRUE,TRUE,TRUE,TRUE,TRUE,TRUE,TRUE,""
"VD_B_A","VD","B",0.2,166,20660166,TRUE,TRUE,TRUE,TRUE,TRUE,TRUE,TRUE,TRUE,""
"VD_B_A","VD","B",0.2,167,20660167,TRUE,TRUE,TRUE,TRUE,TRUE,TRUE,TRUE,TRUE,""
"VD_B_A","VD","B",0.2,168,20660168,TRUE,TRUE,TRUE,TRUE,TRUE,TRUE,TRUE,TRUE,""
"VD_B_A","VD","B",0.2,169,20660169,TRUE,TRUE,TRUE,TRUE,TRUE,TRUE,TRUE,TRUE,""
"VD_B_A","VD","B",0.2,170,20660170,TRUE,TRUE,TRUE,TRUE,TRUE,TRUE,TRUE,TRUE,""
"VD_B_A","VD","B",0.2,171,20660171,TRUE,TRUE,TRUE,TRUE,TRUE,TRUE,TRUE,TRUE,""
"VD_B_A","VD","B",0.2,172,20660172,TRUE,TRUE,TRUE,TRUE,TRUE,TRUE,TRUE,TRUE,""
"VD_B_A","VD","B",0.2,173,20660173,TRUE,TRUE,TRUE,TRUE,TRUE,TRUE,TRUE,TRUE,""
"VD_B_A","VD","B",0.2,174,20660174,TRUE,TRUE,TRUE,TRUE,TRUE,TRUE,TRUE,TRUE,""
"VD_B_A","VD","B",0.2,175,20660175,TRUE,TRUE,TRUE,TRUE,TRUE,TRUE,TRUE,TRUE,""
"VD_B_A","VD","B",0.2,176,20660176,TRUE,TRUE,TRUE,TRUE,TRUE,TRUE,TRUE,TRUE,""
"VD_B_A","VD","B",0.2,177,20660177,TRUE,TRUE,TRUE,TRUE,TRUE,TRUE,TRUE,TRUE,""
"VD_B_A","VD","B",0.2,178,20660178,TRUE,TRUE,TRUE,TRUE,TRUE,TRUE,TRUE,TRUE,""
"VD_B_A","VD","B",0.2,179,20660179,TRUE,TRUE,TRUE,TRUE,TRUE,TRUE,TRUE,TRUE,""
"VD_B_A","VD","B",0.2,180,20660180,TRUE,TRUE,TRUE,TRUE,TRUE,TRUE,TRUE,TRUE,""
"VD_B_A","VD","B",0.2,181,20660181,TRUE,TRUE,TRUE,TRUE,TRUE,TRUE,TRUE,TRUE,""
"VD_B_A","VD","B",0.2,182,20660182,TRUE,TRUE,TRUE,TRUE,TRUE,TRUE,TRUE,TRUE,""
"VD_B_A","VD","B",0.2,183,20660183,TRUE,TRUE,TRUE,TRUE,TRUE,TRUE,TRUE,TRUE,""
"VD_B_A","VD","B",0.2,184,20660184,TRUE,TRUE,TRUE,TRUE,TRUE,TRUE,TRUE,TRUE,""
"VD_B_A","VD","B",0.2,185,20660185,TRUE,TRUE,TRUE,TRUE,TRUE,TRUE,TRUE,TRUE,""
"VD_B_A","VD","B",0.2,186,20660186,TRUE,TRUE,TRUE,TRUE,TRUE,TRUE,TRUE,TRUE,""
"VD_B_A","VD","B",0.2,187,20660187,TRUE,TRUE,TRUE,TRUE,TRUE,TRUE,TRUE,TRUE,""
"VD_B_A","VD","B",0.2,188,20660188,TRUE,TRUE,TRUE,TRUE,TRUE,TRUE,TRUE,TRUE,""
"VD_B_A","VD","B",0.2,189,20660189,TRUE,TRUE,TRUE,TRUE,TRUE,TRUE,TRUE,TRUE,""
"VD_B_A","VD","B",0.2,190,20660190,TRUE,TRUE,TRUE,TRUE,TRUE,TRUE,TRUE,TRUE,""
"VD_B_A","VD","B",0.2,191,20660191,TRUE,TRUE,TRUE,TRUE,TRUE,TRUE,TRUE,TRUE,""
"VD_B_A","VD","B",0.2,192,20660192,TRUE,TRUE,TRUE,TRUE,TRUE,TRUE,TRUE,TRUE,""
"VD_B_A","VD","B",0.2,193,20660193,TRUE,TRUE,TRUE,TRUE,TRUE,TRUE,TRUE,TRUE,""
"VD_B_A","VD","B",0.2,194,20660194,TRUE,TRUE,TRUE,TRUE,TRUE,TRUE,TRUE,TRUE,""
"VD_B_A","VD","B",0.2,195,20660195,TRUE,TRUE,TRUE,TRUE,TRUE,TRUE,TRUE,TRUE,""
"VD_B_A","VD","B",0.2,196,20660196,TRUE,TRUE,TRUE,TRUE,TRUE,TRUE,TRUE,TRUE,""
"VD_B_A","VD","B",0.2,197,20660197,TRUE,TRUE,TRUE,TRUE,TRUE,TRUE,TRUE,TRUE,""
"VD_B_A","VD","B",0.2,198,20660198,TRUE,TRUE,TRUE,TRUE,TRUE,TRUE,TRUE,TRUE,""
"VD_B_A","VD","B",0.2,199,20660199,TRUE,TRUE,TRUE,TRUE,TRUE,TRUE,TRUE,TRUE,""
"VD_B_A","VD","B",0.2,200,20660200,TRUE,TRUE,TRUE,TRUE,TRUE,TRUE,TRUE,TRUE,""
"VD_B_A","VD","B",0.2,201,20660201,TRUE,TRUE,TRUE,TRUE,TRUE,TRUE,TRUE,TRUE,""
"VD_B_A","VD","B",0.2,202,20660202,TRUE,TRUE,TRUE,TRUE,TRUE,TRUE,TRUE,TRUE,""
"VD_B_A","VD","B",0.2,203,20660203,TRUE,TRUE,TRUE,TRUE,TRUE,TRUE,TRUE,TRUE,""
"VD_B_A","VD","B",0.2,204,20660204,TRUE,TRUE,TRUE,TRUE,TRUE,TRUE,TRUE,TRUE,""
"VD_B_A","VD","B",0.2,205,20660205,TRUE,TRUE,TRUE,TRUE,TRUE,TRUE,TRUE,TRUE,""
"VD_B_A","VD","B",0.2,206,20660206,TRUE,TRUE,TRUE,TRUE,TRUE,TRUE,TRUE,TRUE,""
"VD_B_A","VD","B",0.2,207,20660207,TRUE,TRUE,TRUE,TRUE,TRUE,TRUE,TRUE,TRUE,""
"VD_B_A","VD","B",0.2,208,20660208,TRUE,TRUE,TRUE,TRUE,TRUE,TRUE,TRUE,TRUE,""
"VD_B_A","VD","B",0.2,209,20660209,TRUE,TRUE,TRUE,TRUE,TRUE,TRUE,TRUE,TRUE,""
"VD_B_A","VD","B",0.2,210,20660210,TRUE,TRUE,TRUE,TRUE,TRUE,TRUE,TRUE,TRUE,""
"VD_B_A","VD","B",0.2,211,20660211,TRUE,TRUE,TRUE,TRUE,TRUE,TRUE,TRUE,TRUE,""
"VD_B_A","VD","B",0.2,212,20660212,TRUE,TRUE,TRUE,TRUE,TRUE,TRUE,TRUE,TRUE,""
"VD_B_A","VD","B",0.2,213,20660213,TRUE,TRUE,TRUE,TRUE,TRUE,TRUE,TRUE,TRUE,""
"VD_B_A","VD","B",0.2,214,20660214,TRUE,TRUE,TRUE,TRUE,TRUE,TRUE,TRUE,TRUE,""
"VD_B_A","VD","B",0.2,215,20660215,TRUE,TRUE,TRUE,TRUE,TRUE,TRUE,TRUE,TRUE,""
"VD_B_A","VD","B",0.2,216,20660216,TRUE,TRUE,TRUE,TRUE,TRUE,TRUE,TRUE,TRUE,""
"VD_B_A","VD","B",0.2,217,20660217,TRUE,TRUE,TRUE,TRUE,TRUE,TRUE,TRUE,TRUE,""
"VD_B_A","VD","B",0.2,218,20660218,TRUE,TRUE,TRUE,TRUE,TRUE,TRUE,TRUE,TRUE,""
"VD_B_A","VD","B",0.2,219,20660219,TRUE,TRUE,TRUE,TRUE,TRUE,TRUE,TRUE,TRUE,""
"VD_B_A","VD","B",0.2,220,20660220,TRUE,TRUE,TRUE,TRUE,TRUE,TRUE,TRUE,TRUE,""
"VD_B_A","VD","B",0.2,221,20660221,TRUE,TRUE,TRUE,TRUE,TRUE,TRUE,TRUE,TRUE,""
"VD_B_A","VD","B",0.2,222,20660222,TRUE,TRUE,TRUE,TRUE,TRUE,TRUE,TRUE,TRUE,""
"VD_B_A","VD","B",0.2,223,20660223,TRUE,TRUE,TRUE,TRUE,TRUE,TRUE,TRUE,TRUE,""
"VD_B_A","VD","B",0.2,224,20660224,TRUE,TRUE,TRUE,TRUE,TRUE,TRUE,TRUE,TRUE,""
"VD_B_A","VD","B",0.2,225,20660225,TRUE,TRUE,TRUE,TRUE,TRUE,TRUE,TRUE,TRUE,""
"VD_B_A","VD","B",0.2,226,20660226,TRUE,TRUE,TRUE,TRUE,TRUE,TRUE,TRUE,TRUE,""
"VD_B_A","VD","B",0.2,227,20660227,TRUE,TRUE,TRUE,TRUE,TRUE,TRUE,TRUE,TRUE,""
"VD_B_A","VD","B",0.2,228,20660228,TRUE,TRUE,TRUE,TRUE,TRUE,TRUE,TRUE,TRUE,""
"VD_B_A","VD","B",0.2,229,20660229,TRUE,TRUE,TRUE,TRUE,TRUE,TRUE,TRUE,TRUE,""
"VD_B_A","VD","B",0.2,230,20660230,TRUE,TRUE,TRUE,TRUE,TRUE,TRUE,TRUE,TRUE,""
"VD_B_A","VD","B",0.2,231,20660231,TRUE,TRUE,TRUE,TRUE,TRUE,TRUE,TRUE,TRUE,""
"VD_B_A","VD","B",0.2,232,20660232,TRUE,TRUE,TRUE,TRUE,TRUE,TRUE,TRUE,TRUE,""
"VD_B_A","VD","B",0.2,233,20660233,TRUE,TRUE,TRUE,TRUE,TRUE,TRUE,TRUE,TRUE,""
"VD_B_A","VD","B",0.2,234,20660234,TRUE,TRUE,TRUE,TRUE,TRUE,TRUE,TRUE,TRUE,""
"VD_B_A","VD","B",0.2,235,20660235,TRUE,TRUE,TRUE,TRUE,TRUE,TRUE,TRUE,TRUE,""
"VD_B_A","VD","B",0.2,236,20660236,TRUE,TRUE,TRUE,TRUE,TRUE,TRUE,TRUE,TRUE,""
"VD_B_A","VD","B",0.2,237,20660237,TRUE,TRUE,TRUE,TRUE,TRUE,TRUE,TRUE,TRUE,""
"VD_B_A","VD","B",0.2,238,20660238,TRUE,TRUE,TRUE,TRUE,TRUE,TRUE,TRUE,TRUE,""
"VD_B_A","VD","B",0.2,239,20660239,TRUE,TRUE,TRUE,TRUE,TRUE,TRUE,TRUE,TRUE,""
"VD_B_A","VD","B",0.2,240,20660240,TRUE,TRUE,TRUE,TRUE,TRUE,TRUE,TRUE,TRUE,""
"VD_B_A","VD","B",0.2,241,20660241,TRUE,TRUE,TRUE,TRUE,TRUE,TRUE,TRUE,TRUE,""
"VD_B_A","VD","B",0.2,242,20660242,TRUE,TRUE,TRUE,TRUE,TRUE,TRUE,TRUE,TRUE,""
"VD_B_A","VD","B",0.2,243,20660243,TRUE,TRUE,TRUE,TRUE,TRUE,TRUE,TRUE,TRUE,""
"VD_B_A","VD","B",0.2,244,20660244,TRUE,TRUE,TRUE,TRUE,TRUE,TRUE,TRUE,TRUE,""
"VD_B_A","VD","B",0.2,245,20660245,TRUE,TRUE,TRUE,TRUE,TRUE,TRUE,TRUE,TRUE,""
"VD_B_A","VD","B",0.2,246,20660246,TRUE,TRUE,TRUE,TRUE,TRUE,TRUE,TRUE,TRUE,""
"VD_B_A","VD","B",0.2,247,20660247,TRUE,TRUE,TRUE,TRUE,TRUE,TRUE,TRUE,TRUE,""
"VD_B_A","VD","B",0.2,248,20660248,TRUE,TRUE,TRUE,TRUE,TRUE,TRUE,TRUE,TRUE,""
"VD_B_A","VD","B",0.2,249,20660249,TRUE,TRUE,TRUE,TRUE,TRUE,TRUE,TRUE,TRUE,""
"VD_B_A","VD","B",0.2,250,20660250,TRUE,TRUE,TRUE,TRUE,TRUE,TRUE,TRUE,TRUE,""
"VD_B_A","VD","B",0.2,251,20660251,TRUE,TRUE,TRUE,TRUE,TRUE,TRUE,TRUE,TRUE,""
"VD_B_A","VD","B",0.2,252,20660252,TRUE,TRUE,TRUE,TRUE,TRUE,TRUE,TRUE,TRUE,""
"VD_B_A","VD","B",0.2,253,20660253,TRUE,TRUE,TRUE,TRUE,TRUE,TRUE,TRUE,TRUE,""
"VD_B_A","VD","B",0.2,254,20660254,TRUE,TRUE,TRUE,TRUE,TRUE,TRUE,TRUE,TRUE,""
"VD_B_A","VD","B",0.2,255,20660255,TRUE,TRUE,TRUE,TRUE,TRUE,TRUE,TRUE,TRUE,""
"VD_B_A","VD","B",0.2,256,20660256,TRUE,TRUE,TRUE,TRUE,TRUE,TRUE,TRUE,TRUE,""
"VD_B_A","VD","B",0.2,257,20660257,TRUE,TRUE,TRUE,TRUE,TRUE,TRUE,TRUE,TRUE,""
"VD_B_A","VD","B",0.2,258,20660258,TRUE,TRUE,TRUE,TRUE,TRUE,TRUE,TRUE,TRUE,""
"VD_B_A","VD","B",0.2,259,20660259,TRUE,TRUE,TRUE,TRUE,TRUE,TRUE,TRUE,TRUE,""
"VD_B_A","VD","B",0.2,260,20660260,TRUE,TRUE,TRUE,TRUE,TRUE,TRUE,TRUE,TRUE,""
"VD_B_A","VD","B",0.2,261,20660261,TRUE,TRUE,TRUE,TRUE,TRUE,TRUE,TRUE,TRUE,""
"VD_B_A","VD","B",0.2,262,20660262,TRUE,TRUE,TRUE,TRUE,TRUE,TRUE,TRUE,TRUE,""
"VD_B_A","VD","B",0.2,263,20660263,TRUE,TRUE,TRUE,TRUE,TRUE,TRUE,TRUE,TRUE,""
"VD_B_A","VD","B",0.2,264,20660264,TRUE,TRUE,TRUE,TRUE,TRUE,TRUE,TRUE,TRUE,""
"VD_B_A","VD","B",0.2,265,20660265,TRUE,TRUE,TRUE,TRUE,TRUE,TRUE,TRUE,TRUE,""
"VD_B_A","VD","B",0.2,266,20660266,TRUE,TRUE,TRUE,TRUE,TRUE,TRUE,TRUE,TRUE,""
"VD_B_A","VD","B",0.2,267,20660267,TRUE,TRUE,TRUE,TRUE,TRUE,TRUE,TRUE,TRUE,""
"VD_B_A","VD","B",0.2,268,20660268,TRUE,TRUE,TRUE,TRUE,TRUE,TRUE,TRUE,TRUE,""
"VD_B_A","VD","B",0.2,269,20660269,TRUE,TRUE,TRUE,TRUE,TRUE,TRUE,TRUE,TRUE,""
"VD_B_A","VD","B",0.2,270,20660270,TRUE,TRUE,TRUE,TRUE,TRUE,TRUE,TRUE,TRUE,""
"VD_B_A","VD","B",0.2,271,20660271,TRUE,TRUE,TRUE,TRUE,TRUE,TRUE,TRUE,TRUE,""
"VD_B_A","VD","B",0.2,272,20660272,TRUE,TRUE,TRUE,TRUE,TRUE,TRUE,TRUE,TRUE,""
"VD_B_A","VD","B",0.2,273,20660273,TRUE,TRUE,TRUE,TRUE,TRUE,TRUE,TRUE,TRUE,""
"VD_B_A","VD","B",0.2,274,20660274,TRUE,TRUE,TRUE,TRUE,TRUE,TRUE,TRUE,TRUE,""
"VD_B_A","VD","B",0.2,275,20660275,TRUE,TRUE,TRUE,TRUE,TRUE,TRUE,TRUE,TRUE,""
"VD_B_A","VD","B",0.2,276,20660276,TRUE,TRUE,TRUE,TRUE,TRUE,TRUE,TRUE,TRUE,""
"VD_B_A","VD","B",0.2,277,20660277,TRUE,TRUE,TRUE,TRUE,TRUE,TRUE,TRUE,TRUE,""
"VD_B_A","VD","B",0.2,278,20660278,TRUE,TRUE,TRUE,TRUE,TRUE,TRUE,TRUE,TRUE,""
"VD_B_A","VD","B",0.2,279,20660279,TRUE,TRUE,TRUE,TRUE,TRUE,TRUE,TRUE,TRUE,""
"VD_B_A","VD","B",0.2,280,20660280,TRUE,TRUE,TRUE,TRUE,TRUE,TRUE,TRUE,TRUE,""
"VD_B_A","VD","B",0.2,281,20660281,TRUE,TRUE,TRUE,TRUE,TRUE,TRUE,TRUE,TRUE,""
"VD_B_A","VD","B",0.2,282,20660282,TRUE,TRUE,TRUE,TRUE,TRUE,TRUE,TRUE,TRUE,""
"VD_B_A","VD","B",0.2,283,20660283,TRUE,TRUE,TRUE,TRUE,TRUE,TRUE,TRUE,TRUE,""
"VD_B_A","VD","B",0.2,284,20660284,TRUE,TRUE,TRUE,TRUE,TRUE,TRUE,TRUE,TRUE,""
"VD_B_A","VD","B",0.2,285,20660285,TRUE,TRUE,TRUE,TRUE,TRUE,TRUE,TRUE,TRUE,""
"VD_B_A","VD","B",0.2,286,20660286,TRUE,TRUE,TRUE,TRUE,TRUE,TRUE,TRUE,TRUE,""
"VD_B_A","VD","B",0.2,287,20660287,TRUE,TRUE,TRUE,TRUE,TRUE,TRUE,TRUE,TRUE,""
"VD_B_A","VD","B",0.2,288,20660288,TRUE,TRUE,TRUE,TRUE,TRUE,TRUE,TRUE,TRUE,""
"VD_B_A","VD","B",0.2,289,20660289,TRUE,TRUE,TRUE,TRUE,TRUE,TRUE,TRUE,TRUE,""
"VD_B_A","VD","B",0.2,290,20660290,TRUE,TRUE,TRUE,TRUE,TRUE,TRUE,TRUE,TRUE,""
"VD_B_A","VD","B",0.2,291,20660291,TRUE,TRUE,TRUE,TRUE,TRUE,TRUE,TRUE,TRUE,""
"VD_B_A","VD","B",0.2,292,20660292,TRUE,TRUE,TRUE,TRUE,TRUE,TRUE,TRUE,TRUE,""
"VD_B_A","VD","B",0.2,293,20660293,TRUE,TRUE,TRUE,TRUE,TRUE,TRUE,TRUE,TRUE,""
"VD_B_A","VD","B",0.2,294,20660294,TRUE,TRUE,TRUE,TRUE,TRUE,TRUE,TRUE,TRUE,""
"VD_B_A","VD","B",0.2,295,20660295,TRUE,TRUE,TRUE,TRUE,TRUE,TRUE,TRUE,TRUE,""
"VD_B_A","VD","B",0.2,296,20660296,TRUE,TRUE,TRUE,TRUE,TRUE,TRUE,TRUE,TRUE,""
"VD_B_A","VD","B",0.2,297,20660297,TRUE,TRUE,TRUE,TRUE,TRUE,TRUE,TRUE,TRUE,""
"VD_B_A","VD","B",0.2,298,20660298,TRUE,TRUE,TRUE,TRUE,TRUE,TRUE,TRUE,TRUE,""
"VD_B_A","VD","B",0.2,299,20660299,TRUE,TRUE,TRUE,TRUE,TRUE,TRUE,TRUE,TRUE,""
"VD_B_A","VD","B",0.2,300,20660300,TRUE,TRUE,TRUE,TRUE,TRUE,TRUE,TRUE,TRUE,""
"VD_B_A","VD","B",0.2,301,20660301,TRUE,TRUE,TRUE,TRUE,TRUE,TRUE,TRUE,TRUE,""
"VD_B_A","VD","B",0.2,302,20660302,TRUE,TRUE,TRUE,TRUE,TRUE,TRUE,TRUE,TRUE,""
"VD_B_A","VD","B",0.2,303,20660303,TRUE,TRUE,TRUE,TRUE,TRUE,TRUE,TRUE,TRUE,""
"VD_B_A","VD","B",0.2,304,20660304,TRUE,TRUE,TRUE,TRUE,TRUE,TRUE,TRUE,TRUE,""
"VD_B_A","VD","B",0.2,305,20660305,TRUE,TRUE,TRUE,TRUE,TRUE,TRUE,TRUE,TRUE,""
"VD_B_A","VD","B",0.2,306,20660306,TRUE,TRUE,TRUE,TRUE,TRUE,TRUE,TRUE,TRUE,""
"VD_B_A","VD","B",0.2,307,20660307,TRUE,TRUE,TRUE,TRUE,TRUE,TRUE,TRUE,TRUE,""
"VD_B_A","VD","B",0.2,308,20660308,TRUE,TRUE,TRUE,TRUE,TRUE,TRUE,TRUE,TRUE,""
"VD_B_A","VD","B",0.2,309,20660309,TRUE,TRUE,TRUE,TRUE,TRUE,TRUE,TRUE,TRUE,""
"VD_B_A","VD","B",0.2,310,20660310,TRUE,TRUE,TRUE,TRUE,TRUE,TRUE,TRUE,TRUE,""
"VD_B_A","VD","B",0.2,311,20660311,TRUE,TRUE,TRUE,TRUE,TRUE,TRUE,TRUE,TRUE,""
"VD_B_A","VD","B",0.2,312,20660312,TRUE,TRUE,TRUE,TRUE,TRUE,TRUE,TRUE,TRUE,""
"VD_B_A","VD","B",0.2,313,20660313,TRUE,TRUE,TRUE,TRUE,TRUE,TRUE,TRUE,TRUE,""
"VD_B_A","VD","B",0.2,314,20660314,TRUE,TRUE,TRUE,TRUE,TRUE,TRUE,TRUE,TRUE,""
"VD_B_A","VD","B",0.2,315,20660315,TRUE,TRUE,TRUE,TRUE,TRUE,TRUE,TRUE,TRUE,""
"VD_B_A","VD","B",0.2,316,20660316,TRUE,TRUE,TRUE,TRUE,TRUE,TRUE,TRUE,TRUE,""
"VD_B_A","VD","B",0.2,317,20660317,TRUE,TRUE,TRUE,TRUE,TRUE,TRUE,TRUE,TRUE,""
"VD_B_A","VD","B",0.2,318,20660318,TRUE,TRUE,TRUE,TRUE,TRUE,TRUE,TRUE,TRUE,""
"VD_B_A","VD","B",0.2,319,20660319,TRUE,TRUE,TRUE,TRUE,TRUE,TRUE,TRUE,TRUE,""
"VD_B_A","VD","B",0.2,320,20660320,TRUE,TRUE,TRUE,TRUE,TRUE,TRUE,TRUE,TRUE,""
"VD_B_A","VD","B",0.2,321,20660321,TRUE,TRUE,TRUE,TRUE,TRUE,TRUE,TRUE,TRUE,""
"VD_B_A","VD","B",0.2,322,20660322,TRUE,TRUE,TRUE,TRUE,TRUE,TRUE,TRUE,TRUE,""
"VD_B_A","VD","B",0.2,323,20660323,TRUE,TRUE,TRUE,TRUE,TRUE,TRUE,TRUE,TRUE,""
"VD_B_A","VD","B",0.2,324,20660324,TRUE,TRUE,TRUE,TRUE,TRUE,TRUE,TRUE,TRUE,""
"VD_B_A","VD","B",0.2,325,20660325,TRUE,TRUE,TRUE,TRUE,TRUE,TRUE,TRUE,TRUE,""
"VD_B_A","VD","B",0.2,326,20660326,TRUE,TRUE,TRUE,TRUE,TRUE,TRUE,TRUE,TRUE,""
"VD_B_A","VD","B",0.2,327,20660327,TRUE,TRUE,TRUE,TRUE,TRUE,TRUE,TRUE,TRUE,""
"VD_B_A","VD","B",0.2,328,20660328,TRUE,TRUE,TRUE,TRUE,TRUE,TRUE,TRUE,TRUE,""
"VD_B_A","VD","B",0.2,329,20660329,TRUE,TRUE,TRUE,TRUE,TRUE,TRUE,TRUE,TRUE,""
"VD_B_A","VD","B",0.2,330,20660330,TRUE,TRUE,TRUE,TRUE,TRUE,TRUE,TRUE,TRUE,""
"VD_B_A","VD","B",0.2,331,20660331,TRUE,TRUE,TRUE,TRUE,TRUE,TRUE,TRUE,TRUE,""
"VD_B_A","VD","B",0.2,332,20660332,TRUE,TRUE,TRUE,TRUE,TRUE,TRUE,TRUE,TRUE,""
"VD_B_A","VD","B",0.2,333,20660333,TRUE,TRUE,TRUE,TRUE,TRUE,TRUE,TRUE,TRUE,""
"VD_B_A","VD","B",0.2,334,20660334,TRUE,TRUE,TRUE,TRUE,TRUE,TRUE,TRUE,TRUE,""
"VD_B_A","VD","B",0.2,335,20660335,TRUE,TRUE,TRUE,TRUE,TRUE,TRUE,TRUE,TRUE,""
"VD_B_A","VD","B",0.2,336,20660336,TRUE,TRUE,TRUE,TRUE,TRUE,TRUE,TRUE,TRUE,""
"VD_B_A","VD","B",0.2,337,20660337,TRUE,TRUE,TRUE,TRUE,TRUE,TRUE,TRUE,TRUE,""
"VD_B_A","VD","B",0.2,338,20660338,TRUE,TRUE,TRUE,TRUE,TRUE,TRUE,TRUE,TRUE,""
"VD_B_A","VD","B",0.2,339,20660339,TRUE,TRUE,TRUE,TRUE,TRUE,TRUE,TRUE,TRUE,""
"VD_B_A","VD","B",0.2,340,20660340,TRUE,TRUE,TRUE,TRUE,TRUE,TRUE,TRUE,TRUE,""
"VD_B_A","VD","B",0.2,341,20660341,TRUE,TRUE,TRUE,TRUE,TRUE,TRUE,TRUE,TRUE,""
"VD_B_A","VD","B",0.2,342,20660342,TRUE,TRUE,TRUE,TRUE,TRUE,TRUE,TRUE,TRUE,""
"VD_B_A","VD","B",0.2,343,20660343,TRUE,TRUE,TRUE,TRUE,TRUE,TRUE,TRUE,TRUE,""
"VD_B_A","VD","B",0.2,344,20660344,TRUE,TRUE,TRUE,TRUE,TRUE,TRUE,TRUE,TRUE,""
"VD_B_A","VD","B",0.2,345,20660345,TRUE,TRUE,TRUE,TRUE,TRUE,TRUE,TRUE,TRUE,""
"VD_B_A","VD","B",0.2,346,20660346,TRUE,TRUE,TRUE,TRUE,TRUE,TRUE,TRUE,TRUE,""
"VD_B_A","VD","B",0.2,347,20660347,TRUE,TRUE,TRUE,TRUE,TRUE,TRUE,TRUE,TRUE,""
"VD_B_A","VD","B",0.2,348,20660348,TRUE,TRUE,TRUE,TRUE,TRUE,TRUE,TRUE,TRUE,""
"VD_B_A","VD","B",0.2,349,20660349,TRUE,TRUE,TRUE,TRUE,TRUE,TRUE,TRUE,TRUE,""
"VD_B_A","VD","B",0.2,350,20660350,TRUE,TRUE,TRUE,TRUE,TRUE,TRUE,TRUE,TRUE,""
"VD_B_A","VD","B",0.2,351,20660351,TRUE,TRUE,TRUE,TRUE,TRUE,TRUE,TRUE,TRUE,""
"VD_B_A","VD","B",0.2,352,20660352,TRUE,TRUE,TRUE,TRUE,TRUE,TRUE,TRUE,TRUE,""
"VD_B_A","VD","B",0.2,353,20660353,TRUE,TRUE,TRUE,TRUE,TRUE,TRUE,TRUE,TRUE,""
"VD_B_A","VD","B",0.2,354,20660354,TRUE,TRUE,TRUE,TRUE,TRUE,TRUE,TRUE,TRUE,""
"VD_B_A","VD","B",0.2,355,20660355,TRUE,TRUE,TRUE,TRUE,TRUE,TRUE,TRUE,TRUE,""
"VD_B_A","VD","B",0.2,356,20660356,TRUE,TRUE,TRUE,TRUE,TRUE,TRUE,TRUE,TRUE,""
"VD_B_A","VD","B",0.2,357,20660357,TRUE,TRUE,TRUE,TRUE,TRUE,TRUE,TRUE,TRUE,""
"VD_B_A","VD","B",0.2,358,20660358,TRUE,TRUE,TRUE,TRUE,TRUE,TRUE,TRUE,TRUE,""
"VD_B_A","VD","B",0.2,359,20660359,TRUE,TRUE,TRUE,TRUE,TRUE,TRUE,TRUE,TRUE,""
"VD_B_A","VD","B",0.2,360,20660360,TRUE,TRUE,TRUE,TRUE,TRUE,TRUE,TRUE,TRUE,""
"VD_B_A","VD","B",0.2,361,20660361,TRUE,TRUE,TRUE,TRUE,TRUE,TRUE,TRUE,TRUE,""
"VD_B_A","VD","B",0.2,362,20660362,TRUE,TRUE,TRUE,TRUE,TRUE,TRUE,TRUE,TRUE,""
"VD_B_A","VD","B",0.2,363,20660363,TRUE,TRUE,TRUE,TRUE,TRUE,TRUE,TRUE,TRUE,""
"VD_B_A","VD","B",0.2,364,20660364,TRUE,TRUE,TRUE,TRUE,TRUE,TRUE,TRUE,TRUE,""
"VD_B_A","VD","B",0.2,365,20660365,TRUE,TRUE,TRUE,TRUE,TRUE,TRUE,TRUE,TRUE,""
"VD_B_A","VD","B",0.2,366,20660366,TRUE,TRUE,TRUE,TRUE,TRUE,TRUE,TRUE,TRUE,""
"VD_B_A","VD","B",0.2,367,20660367,TRUE,TRUE,TRUE,TRUE,TRUE,TRUE,TRUE,TRUE,""
"VD_B_A","VD","B",0.2,368,20660368,TRUE,TRUE,TRUE,TRUE,TRUE,TRUE,TRUE,TRUE,""
"VD_B_A","VD","B",0.2,369,20660369,TRUE,TRUE,TRUE,TRUE,TRUE,TRUE,TRUE,TRUE,""
"VD_B_A","VD","B",0.2,370,20660370,TRUE,TRUE,TRUE,TRUE,TRUE,TRUE,TRUE,TRUE,""
"VD_B_A","VD","B",0.2,371,20660371,TRUE,TRUE,TRUE,TRUE,TRUE,TRUE,TRUE,TRUE,""
"VD_B_A","VD","B",0.2,372,20660372,TRUE,TRUE,TRUE,TRUE,TRUE,TRUE,TRUE,TRUE,""
"VD_B_A","VD","B",0.2,373,20660373,TRUE,TRUE,TRUE,TRUE,TRUE,TRUE,TRUE,TRUE,""
"VD_B_A","VD","B",0.2,374,20660374,TRUE,TRUE,TRUE,TRUE,TRUE,TRUE,TRUE,TRUE,""
"VD_B_A","VD","B",0.2,375,20660375,TRUE,TRUE,TRUE,TRUE,TRUE,TRUE,TRUE,TRUE,""
"VD_B_A","VD","B",0.2,376,20660376,TRUE,TRUE,TRUE,TRUE,TRUE,TRUE,TRUE,TRUE,""
"VD_B_A","VD","B",0.2,377,20660377,TRUE,TRUE,TRUE,TRUE,TRUE,TRUE,TRUE,TRUE,""
"VD_B_A","VD","B",0.2,378,20660378,TRUE,TRUE,TRUE,TRUE,TRUE,TRUE,TRUE,TRUE,""
"VD_B_A","VD","B",0.2,379,20660379,TRUE,TRUE,TRUE,TRUE,TRUE,TRUE,TRUE,TRUE,""
"VD_B_A","VD","B",0.2,380,20660380,TRUE,TRUE,TRUE,TRUE,TRUE,TRUE,TRUE,TRUE,""
"VD_B_A","VD","B",0.2,381,20660381,TRUE,TRUE,TRUE,TRUE,TRUE,TRUE,TRUE,TRUE,""
"VD_B_A","VD","B",0.2,382,20660382,TRUE,TRUE,TRUE,TRUE,TRUE,TRUE,TRUE,TRUE,""
"VD_B_A","VD","B",0.2,383,20660383,TRUE,TRUE,TRUE,TRUE,TRUE,TRUE,TRUE,TRUE,""
"VD_B_A","VD","B",0.2,384,20660384,TRUE,TRUE,TRUE,TRUE,TRUE,TRUE,TRUE,TRUE,""
"VD_B_A","VD","B",0.2,385,20660385,TRUE,TRUE,TRUE,TRUE,TRUE,TRUE,TRUE,TRUE,""
"VD_B_A","VD","B",0.2,386,20660386,TRUE,TRUE,TRUE,TRUE,TRUE,TRUE,TRUE,TRUE,""
"VD_B_A","VD","B",0.2,387,20660387,TRUE,TRUE,TRUE,TRUE,TRUE,TRUE,TRUE,TRUE,""
"VD_B_A","VD","B",0.2,388,20660388,TRUE,TRUE,TRUE,TRUE,TRUE,TRUE,TRUE,TRUE,""
"VD_B_A","VD","B",0.2,389,20660389,TRUE,TRUE,TRUE,TRUE,TRUE,TRUE,TRUE,TRUE,""
"VD_B_A","VD","B",0.2,390,20660390,TRUE,TRUE,TRUE,TRUE,TRUE,TRUE,TRUE,TRUE,""
"VD_B_A","VD","B",0.2,391,20660391,TRUE,TRUE,TRUE,TRUE,TRUE,TRUE,TRUE,TRUE,""
"VD_B_A","VD","B",0.2,392,20660392,TRUE,TRUE,TRUE,TRUE,TRUE,TRUE,TRUE,TRUE,""
"VD_B_A","VD","B",0.2,393,20660393,TRUE,TRUE,TRUE,TRUE,TRUE,TRUE,TRUE,TRUE,""
"VD_B_A","VD","B",0.2,394,20660394,TRUE,TRUE,TRUE,TRUE,TRUE,TRUE,TRUE,TRUE,""
"VD_B_A","VD","B",0.2,395,20660395,TRUE,TRUE,TRUE,TRUE,TRUE,TRUE,TRUE,TRUE,""
"VD_B_A","VD","B",0.2,396,20660396,TRUE,TRUE,TRUE,TRUE,TRUE,TRUE,TRUE,TRUE,""
"VD_B_A","VD","B",0.2,397,20660397,TRUE,TRUE,TRUE,TRUE,TRUE,TRUE,TRUE,TRUE,""
"VD_B_A","VD","B",0.2,398,20660398,TRUE,TRUE,TRUE,TRUE,TRUE,TRUE,TRUE,TRUE,""
"VD_B_A","VD","B",0.2,399,20660399,TRUE,TRUE,TRUE,TRUE,TRUE,TRUE,TRUE,TRUE,""
"VD_B_A","VD","B",0.2,400,20660400,TRUE,TRUE,TRUE,TRUE,TRUE,TRUE,TRUE,TRUE,""
"VD_B_A","VD","B",0.2,401,20660401,TRUE,TRUE,TRUE,TRUE,TRUE,TRUE,TRUE,TRUE,""
"VD_B_A","VD","B",0.2,402,20660402,TRUE,TRUE,TRUE,TRUE,TRUE,TRUE,TRUE,TRUE,""
"VD_B_A","VD","B",0.2,403,20660403,TRUE,TRUE,TRUE,TRUE,TRUE,TRUE,TRUE,TRUE,""
"VD_B_A","VD","B",0.2,404,20660404,TRUE,TRUE,TRUE,TRUE,TRUE,TRUE,TRUE,TRUE,""
"VD_B_A","VD","B",0.2,405,20660405,TRUE,TRUE,TRUE,TRUE,TRUE,TRUE,TRUE,TRUE,""
"VD_B_A","VD","B",0.2,406,20660406,TRUE,TRUE,TRUE,TRUE,TRUE,TRUE,TRUE,TRUE,""
"VD_B_A","VD","B",0.2,407,20660407,TRUE,TRUE,TRUE,TRUE,TRUE,TRUE,TRUE,TRUE,""
"VD_B_A","VD","B",0.2,408,20660408,TRUE,TRUE,TRUE,TRUE,TRUE,TRUE,TRUE,TRUE,""
"VD_B_A","VD","B",0.2,409,20660409,TRUE,TRUE,TRUE,TRUE,TRUE,TRUE,TRUE,TRUE,""
"VD_B_A","VD","B",0.2,410,20660410,TRUE,TRUE,TRUE,TRUE,TRUE,TRUE,TRUE,TRUE,""
"VD_B_A","VD","B",0.2,411,20660411,TRUE,TRUE,TRUE,TRUE,TRUE,TRUE,TRUE,TRUE,""
"VD_B_A","VD","B",0.2,412,20660412,TRUE,TRUE,TRUE,TRUE,TRUE,TRUE,TRUE,TRUE,""
"VD_B_A","VD","B",0.2,413,20660413,TRUE,TRUE,TRUE,TRUE,TRUE,TRUE,TRUE,TRUE,""
"VD_B_A","VD","B",0.2,414,20660414,TRUE,TRUE,TRUE,TRUE,TRUE,TRUE,TRUE,TRUE,""
"VD_B_A","VD","B",0.2,415,20660415,TRUE,TRUE,TRUE,TRUE,TRUE,TRUE,TRUE,TRUE,""
"VD_B_A","VD","B",0.2,416,20660416,TRUE,TRUE,TRUE,TRUE,TRUE,TRUE,TRUE,TRUE,""
"VD_B_A","VD","B",0.2,417,20660417,TRUE,TRUE,TRUE,TRUE,TRUE,TRUE,TRUE,TRUE,""
"VD_B_A","VD","B",0.2,418,20660418,TRUE,TRUE,TRUE,TRUE,TRUE,TRUE,TRUE,TRUE,""
"VD_B_A","VD","B",0.2,419,20660419,TRUE,TRUE,TRUE,TRUE,TRUE,TRUE,TRUE,TRUE,""
"VD_B_A","VD","B",0.2,420,20660420,TRUE,TRUE,TRUE,TRUE,TRUE,TRUE,TRUE,TRUE,""
"VD_B_A","VD","B",0.2,421,20660421,TRUE,TRUE,TRUE,TRUE,TRUE,TRUE,TRUE,TRUE,""
"VD_B_A","VD","B",0.2,422,20660422,TRUE,TRUE,TRUE,TRUE,TRUE,TRUE,TRUE,TRUE,""
"VD_B_A","VD","B",0.2,423,20660423,TRUE,TRUE,TRUE,TRUE,TRUE,TRUE,TRUE,TRUE,""
"VD_B_A","VD","B",0.2,424,20660424,TRUE,TRUE,TRUE,TRUE,TRUE,TRUE,TRUE,TRUE,""
"VD_B_A","VD","B",0.2,425,20660425,TRUE,TRUE,TRUE,TRUE,TRUE,TRUE,TRUE,TRUE,""
"VD_B_A","VD","B",0.2,426,20660426,TRUE,TRUE,TRUE,TRUE,TRUE,TRUE,TRUE,TRUE,""
"VD_B_A","VD","B",0.2,427,20660427,TRUE,TRUE,TRUE,TRUE,TRUE,TRUE,TRUE,TRUE,""
"VD_B_A","VD","B",0.2,428,20660428,TRUE,TRUE,TRUE,TRUE,TRUE,TRUE,TRUE,TRUE,""
"VD_B_A","VD","B",0.2,429,20660429,TRUE,TRUE,TRUE,TRUE,TRUE,TRUE,TRUE,TRUE,""
"VD_B_A","VD","B",0.2,430,20660430,TRUE,TRUE,TRUE,TRUE,TRUE,TRUE,TRUE,TRUE,""
"VD_B_A","VD","B",0.2,431,20660431,TRUE,TRUE,TRUE,TRUE,TRUE,TRUE,TRUE,TRUE,""
"VD_B_A","VD","B",0.2,432,20660432,TRUE,TRUE,TRUE,TRUE,TRUE,TRUE,TRUE,TRUE,""
"VD_B_A","VD","B",0.2,433,20660433,TRUE,TRUE,TRUE,TRUE,TRUE,TRUE,TRUE,TRUE,""
"VD_B_A","VD","B",0.2,434,20660434,TRUE,TRUE,TRUE,TRUE,TRUE,TRUE,TRUE,TRUE,""
"VD_B_A","VD","B",0.2,435,20660435,TRUE,TRUE,TRUE,TRUE,TRUE,TRUE,TRUE,TRUE,""
"VD_B_A","VD","B",0.2,436,20660436,TRUE,TRUE,TRUE,TRUE,TRUE,TRUE,TRUE,TRUE,""
"VD_B_A","VD","B",0.2,437,20660437,TRUE,TRUE,TRUE,TRUE,TRUE,TRUE,TRUE,TRUE,""
"VD_B_A","VD","B",0.2,438,20660438,TRUE,TRUE,TRUE,TRUE,TRUE,TRUE,TRUE,TRUE,""
"VD_B_A","VD","B",0.2,439,20660439,TRUE,TRUE,TRUE,TRUE,TRUE,TRUE,TRUE,TRUE,""
"VD_B_A","VD","B",0.2,440,20660440,TRUE,TRUE,TRUE,TRUE,TRUE,TRUE,TRUE,TRUE,""
"VD_B_A","VD","B",0.2,441,20660441,TRUE,TRUE,TRUE,TRUE,TRUE,TRUE,TRUE,TRUE,""
"VD_B_A","VD","B",0.2,442,20660442,TRUE,TRUE,TRUE,TRUE,TRUE,TRUE,TRUE,TRUE,""
"VD_B_A","VD","B",0.2,443,20660443,TRUE,TRUE,TRUE,TRUE,TRUE,TRUE,TRUE,TRUE,""
"VD_B_A","VD","B",0.2,444,20660444,TRUE,TRUE,TRUE,TRUE,TRUE,TRUE,TRUE,TRUE,""
"VD_B_A","VD","B",0.2,445,20660445,TRUE,TRUE,TRUE,TRUE,TRUE,TRUE,TRUE,TRUE,""
"VD_B_A","VD","B",0.2,446,20660446,TRUE,TRUE,TRUE,TRUE,TRUE,TRUE,TRUE,TRUE,""
"VD_B_A","VD","B",0.2,447,20660447,TRUE,TRUE,TRUE,TRUE,TRUE,TRUE,TRUE,TRUE,""
"VD_B_A","VD","B",0.2,448,20660448,TRUE,TRUE,TRUE,TRUE,TRUE,TRUE,TRUE,TRUE,""
"VD_B_A","VD","B",0.2,449,20660449,TRUE,TRUE,TRUE,TRUE,TRUE,TRUE,TRUE,TRUE,""
"VD_B_A","VD","B",0.2,450,20660450,TRUE,TRUE,TRUE,TRUE,TRUE,TRUE,TRUE,TRUE,""
"VD_B_A","VD","B",0.2,451,20660451,TRUE,TRUE,TRUE,TRUE,TRUE,TRUE,TRUE,TRUE,""
"VD_B_A","VD","B",0.2,452,20660452,TRUE,TRUE,TRUE,TRUE,TRUE,TRUE,TRUE,TRUE,""
"VD_B_A","VD","B",0.2,453,20660453,TRUE,TRUE,TRUE,TRUE,TRUE,TRUE,TRUE,TRUE,""
"VD_B_A","VD","B",0.2,454,20660454,TRUE,TRUE,TRUE,TRUE,TRUE,TRUE,TRUE,TRUE,""
"VD_B_A","VD","B",0.2,455,20660455,TRUE,TRUE,TRUE,TRUE,TRUE,TRUE,TRUE,TRUE,""
"VD_B_A","VD","B",0.2,456,20660456,TRUE,TRUE,TRUE,TRUE,TRUE,TRUE,TRUE,TRUE,""
"VD_B_A","VD","B",0.2,457,20660457,TRUE,TRUE,TRUE,TRUE,TRUE,TRUE,TRUE,TRUE,""
"VD_B_A","VD","B",0.2,458,20660458,TRUE,TRUE,TRUE,TRUE,TRUE,TRUE,TRUE,TRUE,""
"VD_B_A","VD","B",0.2,459,20660459,TRUE,TRUE,TRUE,TRUE,TRUE,TRUE,TRUE,TRUE,""
"VD_B_A","VD","B",0.2,460,20660460,TRUE,TRUE,TRUE,TRUE,TRUE,TRUE,TRUE,TRUE,""
"VD_B_A","VD","B",0.2,461,20660461,TRUE,TRUE,TRUE,TRUE,TRUE,TRUE,TRUE,TRUE,""
"VD_B_A","VD","B",0.2,462,20660462,TRUE,TRUE,TRUE,TRUE,TRUE,TRUE,TRUE,TRUE,""
"VD_B_A","VD","B",0.2,463,20660463,TRUE,TRUE,TRUE,TRUE,TRUE,TRUE,TRUE,TRUE,""
"VD_B_A","VD","B",0.2,464,20660464,TRUE,TRUE,TRUE,TRUE,TRUE,TRUE,TRUE,TRUE,""
"VD_B_A","VD","B",0.2,465,20660465,TRUE,TRUE,TRUE,TRUE,TRUE,TRUE,TRUE,TRUE,""
"VD_B_A","VD","B",0.2,466,20660466,TRUE,TRUE,TRUE,TRUE,TRUE,TRUE,TRUE,TRUE,""
"VD_B_A","VD","B",0.2,467,20660467,TRUE,TRUE,TRUE,TRUE,TRUE,TRUE,TRUE,TRUE,""
"VD_B_A","VD","B",0.2,468,20660468,TRUE,TRUE,TRUE,TRUE,TRUE,TRUE,TRUE,TRUE,""
"VD_B_A","VD","B",0.2,469,20660469,TRUE,TRUE,TRUE,TRUE,TRUE,TRUE,TRUE,TRUE,""
"VD_B_A","VD","B",0.2,470,20660470,TRUE,TRUE,TRUE,TRUE,TRUE,TRUE,TRUE,TRUE,""
"VD_B_A","VD","B",0.2,471,20660471,TRUE,TRUE,TRUE,TRUE,TRUE,TRUE,TRUE,TRUE,""
"VD_B_A","VD","B",0.2,472,20660472,TRUE,TRUE,TRUE,TRUE,TRUE,TRUE,TRUE,TRUE,""
"VD_B_A","VD","B",0.2,473,20660473,TRUE,TRUE,TRUE,TRUE,TRUE,TRUE,TRUE,TRUE,""
"VD_B_A","VD","B",0.2,474,20660474,TRUE,TRUE,TRUE,TRUE,TRUE,TRUE,TRUE,TRUE,""
"VD_B_A","VD","B",0.2,475,20660475,TRUE,TRUE,TRUE,TRUE,TRUE,TRUE,TRUE,TRUE,""
"VD_B_A","VD","B",0.2,476,20660476,TRUE,TRUE,TRUE,TRUE,TRUE,TRUE,TRUE,TRUE,""
"VD_B_A","VD","B",0.2,477,20660477,TRUE,TRUE,TRUE,TRUE,TRUE,TRUE,TRUE,TRUE,""
"VD_B_A","VD","B",0.2,478,20660478,TRUE,TRUE,TRUE,TRUE,TRUE,TRUE,TRUE,TRUE,""
"VD_B_A","VD","B",0.2,479,20660479,TRUE,TRUE,TRUE,TRUE,TRUE,TRUE,TRUE,TRUE,""
"VD_B_A","VD","B",0.2,480,20660480,TRUE,TRUE,TRUE,TRUE,TRUE,TRUE,TRUE,TRUE,""
"VD_B_A","VD","B",0.2,481,20660481,TRUE,TRUE,TRUE,TRUE,TRUE,TRUE,TRUE,TRUE,""
"VD_B_A","VD","B",0.2,482,20660482,TRUE,TRUE,TRUE,TRUE,TRUE,TRUE,TRUE,TRUE,""
"VD_B_A","VD","B",0.2,483,20660483,TRUE,TRUE,TRUE,TRUE,TRUE,TRUE,TRUE,TRUE,""
"VD_B_A","VD","B",0.2,484,20660484,TRUE,TRUE,TRUE,TRUE,TRUE,TRUE,TRUE,TRUE,""
"VD_B_A","VD","B",0.2,485,20660485,TRUE,TRUE,TRUE,TRUE,TRUE,TRUE,TRUE,TRUE,""
"VD_B_A","VD","B",0.2,486,20660486,TRUE,TRUE,TRUE,TRUE,TRUE,TRUE,TRUE,TRUE,""
"VD_B_A","VD","B",0.2,487,20660487,TRUE,TRUE,TRUE,TRUE,TRUE,TRUE,TRUE,TRUE,""
"VD_B_A","VD","B",0.2,488,20660488,TRUE,TRUE,TRUE,TRUE,TRUE,TRUE,TRUE,TRUE,""
"VD_B_A","VD","B",0.2,489,20660489,TRUE,TRUE,TRUE,TRUE,TRUE,TRUE,TRUE,TRUE,""
"VD_B_A","VD","B",0.2,490,20660490,TRUE,TRUE,TRUE,TRUE,TRUE,TRUE,TRUE,TRUE,""
"VD_B_A","VD","B",0.2,491,20660491,TRUE,TRUE,TRUE,TRUE,TRUE,TRUE,TRUE,TRUE,""
"VD_B_A","VD","B",0.2,492,20660492,TRUE,TRUE,TRUE,TRUE,TRUE,TRUE,TRUE,TRUE,""
"VD_B_A","VD","B",0.2,493,20660493,TRUE,TRUE,TRUE,TRUE,TRUE,TRUE,TRUE,TRUE,""
"VD_B_A","VD","B",0.2,494,20660494,TRUE,TRUE,TRUE,TRUE,TRUE,TRUE,TRUE,TRUE,""
"VD_B_A","VD","B",0.2,495,20660495,TRUE,TRUE,TRUE,TRUE,TRUE,TRUE,TRUE,TRUE,""
"VD_B_A","VD","B",0.2,496,20660496,TRUE,TRUE,TRUE,TRUE,TRUE,TRUE,TRUE,TRUE,""
"VD_B_A","VD","B",0.2,497,20660497,TRUE,TRUE,TRUE,TRUE,TRUE,TRUE,TRUE,TRUE,""
"VD_B_A","VD","B",0.2,498,20660498,TRUE,TRUE,TRUE,TRUE,TRUE,TRUE,TRUE,TRUE,""
"VD_B_A","VD","B",0.2,499,20660499,TRUE,TRUE,TRUE,TRUE,TRUE,TRUE,TRUE,TRUE,""
"VD_B_A","VD","B",0.2,500,20660500,TRUE,TRUE,TRUE,TRUE,TRUE,TRUE,TRUE,TRUE,""
"VD_B_A","VD","B",0.2,501,20660501,TRUE,TRUE,TRUE,TRUE,TRUE,TRUE,TRUE,TRUE,""
"VD_B_A","VD","B",0.2,502,20660502,TRUE,TRUE,TRUE,TRUE,TRUE,TRUE,TRUE,TRUE,""
"VD_B_A","VD","B",0.2,503,20660503,TRUE,TRUE,TRUE,TRUE,TRUE,TRUE,TRUE,TRUE,""
"VD_B_A","VD","B",0.2,504,20660504,TRUE,TRUE,TRUE,TRUE,TRUE,TRUE,TRUE,TRUE,""
"VD_B_A","VD","B",0.2,505,20660505,TRUE,TRUE,TRUE,TRUE,TRUE,TRUE,TRUE,TRUE,""
"VD_B_A","VD","B",0.2,506,20660506,TRUE,TRUE,TRUE,TRUE,TRUE,TRUE,TRUE,TRUE,""
"VD_B_A","VD","B",0.2,507,20660507,TRUE,TRUE,TRUE,TRUE,TRUE,TRUE,TRUE,TRUE,""
"VD_B_A","VD","B",0.2,508,20660508,TRUE,TRUE,TRUE,TRUE,TRUE,TRUE,TRUE,TRUE,""
"VD_B_A","VD","B",0.2,509,20660509,TRUE,TRUE,TRUE,TRUE,TRUE,TRUE,TRUE,TRUE,""
"VD_B_A","VD","B",0.2,510,20660510,TRUE,TRUE,TRUE,TRUE,TRUE,TRUE,TRUE,TRUE,""
"VD_B_A","VD","B",0.2,511,20660511,TRUE,TRUE,TRUE,TRUE,TRUE,TRUE,TRUE,TRUE,""
"VD_B_A","VD","B",0.2,512,20660512,TRUE,TRUE,TRUE,TRUE,TRUE,TRUE,TRUE,TRUE,""
"VD_B_A","VD","B",0.2,513,20660513,TRUE,TRUE,TRUE,TRUE,TRUE,TRUE,TRUE,TRUE,""
"VD_B_A","VD","B",0.2,514,20660514,TRUE,TRUE,TRUE,TRUE,TRUE,TRUE,TRUE,TRUE,""
"VD_B_A","VD","B",0.2,515,20660515,TRUE,TRUE,TRUE,TRUE,TRUE,TRUE,TRUE,TRUE,""
"VD_B_A","VD","B",0.2,516,20660516,TRUE,TRUE,TRUE,TRUE,TRUE,TRUE,TRUE,TRUE,""
"VD_B_A","VD","B",0.2,517,20660517,TRUE,TRUE,TRUE,TRUE,TRUE,TRUE,TRUE,TRUE,""
"VD_B_A","VD","B",0.2,518,20660518,TRUE,TRUE,TRUE,TRUE,TRUE,TRUE,TRUE,TRUE,""
"VD_B_A","VD","B",0.2,519,20660519,TRUE,TRUE,TRUE,TRUE,TRUE,TRUE,TRUE,TRUE,""
"VD_B_A","VD","B",0.2,520,20660520,TRUE,TRUE,TRUE,TRUE,TRUE,TRUE,TRUE,TRUE,""
"VD_B_A","VD","B",0.2,521,20660521,TRUE,TRUE,TRUE,TRUE,TRUE,TRUE,TRUE,TRUE,""
"VD_B_A","VD","B",0.2,522,20660522,TRUE,TRUE,TRUE,TRUE,TRUE,TRUE,TRUE,TRUE,""
"VD_B_A","VD","B",0.2,523,20660523,TRUE,TRUE,TRUE,TRUE,TRUE,TRUE,TRUE,TRUE,""
"VD_B_A","VD","B",0.2,524,20660524,TRUE,TRUE,TRUE,TRUE,TRUE,TRUE,TRUE,TRUE,""
"VD_B_A","VD","B",0.2,525,20660525,TRUE,TRUE,TRUE,TRUE,TRUE,TRUE,TRUE,TRUE,""
"VD_B_A","VD","B",0.2,526,20660526,TRUE,TRUE,TRUE,TRUE,TRUE,TRUE,TRUE,TRUE,""
"VD_B_A","VD","B",0.2,527,20660527,TRUE,TRUE,TRUE,TRUE,TRUE,TRUE,TRUE,TRUE,""
"VD_B_A","VD","B",0.2,528,20660528,TRUE,TRUE,TRUE,TRUE,TRUE,TRUE,TRUE,TRUE,""
"VD_B_A","VD","B",0.2,529,20660529,TRUE,TRUE,TRUE,TRUE,TRUE,TRUE,TRUE,TRUE,""
"VD_B_A","VD","B",0.2,530,20660530,TRUE,TRUE,TRUE,TRUE,TRUE,TRUE,TRUE,TRUE,""
"VD_B_A","VD","B",0.2,531,20660531,TRUE,TRUE,TRUE,TRUE,TRUE,TRUE,TRUE,TRUE,""
"VD_B_A","VD","B",0.2,532,20660532,TRUE,TRUE,TRUE,TRUE,TRUE,TRUE,TRUE,TRUE,""
"VD_B_A","VD","B",0.2,533,20660533,TRUE,TRUE,TRUE,TRUE,TRUE,TRUE,TRUE,TRUE,""
"VD_B_A","VD","B",0.2,534,20660534,TRUE,TRUE,TRUE,TRUE,TRUE,TRUE,TRUE,TRUE,""
"VD_B_A","VD","B",0.2,535,20660535,TRUE,TRUE,TRUE,TRUE,TRUE,TRUE,TRUE,TRUE,""
"VD_B_A","VD","B",0.2,536,20660536,TRUE,TRUE,TRUE,TRUE,TRUE,TRUE,TRUE,TRUE,""
"VD_B_A","VD","B",0.2,537,20660537,TRUE,TRUE,TRUE,TRUE,TRUE,TRUE,TRUE,TRUE,""
"VD_B_A","VD","B",0.2,538,20660538,TRUE,TRUE,TRUE,TRUE,TRUE,TRUE,TRUE,TRUE,""
"VD_B_A","VD","B",0.2,539,20660539,TRUE,TRUE,TRUE,TRUE,TRUE,TRUE,TRUE,TRUE,""
"VD_B_A","VD","B",0.2,540,20660540,TRUE,TRUE,TRUE,TRUE,TRUE,TRUE,TRUE,TRUE,""
"VD_B_A","VD","B",0.2,541,20660541,TRUE,TRUE,TRUE,TRUE,TRUE,TRUE,TRUE,TRUE,""
"VD_B_A","VD","B",0.2,542,20660542,TRUE,TRUE,TRUE,TRUE,TRUE,TRUE,TRUE,TRUE,""
"VD_B_A","VD","B",0.2,543,20660543,TRUE,TRUE,TRUE,TRUE,TRUE,TRUE,TRUE,TRUE,""
"VD_B_A","VD","B",0.2,544,20660544,TRUE,TRUE,TRUE,TRUE,TRUE,TRUE,TRUE,TRUE,""
"VD_B_A","VD","B",0.2,545,20660545,TRUE,TRUE,TRUE,TRUE,TRUE,TRUE,TRUE,TRUE,""
"VD_B_A","VD","B",0.2,546,20660546,TRUE,TRUE,TRUE,TRUE,TRUE,TRUE,TRUE,TRUE,""
"VD_B_A","VD","B",0.2,547,20660547,TRUE,TRUE,TRUE,TRUE,TRUE,TRUE,TRUE,TRUE,""
"VD_B_A","VD","B",0.2,548,20660548,TRUE,TRUE,TRUE,TRUE,TRUE,TRUE,TRUE,TRUE,""
"VD_B_A","VD","B",0.2,549,20660549,TRUE,TRUE,TRUE,TRUE,TRUE,TRUE,TRUE,TRUE,""
"VD_B_A","VD","B",0.2,550,20660550,TRUE,TRUE,TRUE,TRUE,TRUE,TRUE,TRUE,TRUE,""
"VD_B_A","VD","B",0.2,551,20660551,TRUE,TRUE,TRUE,TRUE,TRUE,TRUE,TRUE,TRUE,""
"VD_B_A","VD","B",0.2,552,20660552,TRUE,TRUE,TRUE,TRUE,TRUE,TRUE,TRUE,TRUE,""
"VD_B_A","VD","B",0.2,553,20660553,TRUE,TRUE,TRUE,TRUE,TRUE,TRUE,TRUE,TRUE,""
"VD_B_A","VD","B",0.2,554,20660554,TRUE,TRUE,TRUE,TRUE,TRUE,TRUE,TRUE,TRUE,""
"VD_B_A","VD","B",0.2,555,20660555,TRUE,TRUE,TRUE,TRUE,TRUE,TRUE,TRUE,TRUE,""
"VD_B_A","VD","B",0.2,556,20660556,TRUE,TRUE,TRUE,TRUE,TRUE,TRUE,TRUE,TRUE,""
"VD_B_A","VD","B",0.2,557,20660557,TRUE,TRUE,TRUE,TRUE,TRUE,TRUE,TRUE,TRUE,""
"VD_B_A","VD","B",0.2,558,20660558,TRUE,TRUE,TRUE,TRUE,TRUE,TRUE,TRUE,TRUE,""
"VD_B_A","VD","B",0.2,559,20660559,TRUE,TRUE,TRUE,TRUE,TRUE,TRUE,TRUE,TRUE,""
"VD_B_A","VD","B",0.2,560,20660560,TRUE,TRUE,TRUE,TRUE,TRUE,TRUE,TRUE,TRUE,""
"VD_B_A","VD","B",0.2,561,20660561,TRUE,TRUE,TRUE,TRUE,TRUE,TRUE,TRUE,TRUE,""
"VD_B_A","VD","B",0.2,562,20660562,TRUE,TRUE,TRUE,TRUE,TRUE,TRUE,TRUE,TRUE,""
"VD_B_A","VD","B",0.2,563,20660563,TRUE,TRUE,TRUE,TRUE,TRUE,TRUE,TRUE,TRUE,""
"VD_B_A","VD","B",0.2,564,20660564,TRUE,TRUE,TRUE,TRUE,TRUE,TRUE,TRUE,TRUE,""
"VD_B_A","VD","B",0.2,565,20660565,TRUE,TRUE,TRUE,TRUE,TRUE,TRUE,TRUE,TRUE,""
"VD_B_A","VD","B",0.2,566,20660566,TRUE,TRUE,TRUE,TRUE,TRUE,TRUE,TRUE,TRUE,""
"VD_B_A","VD","B",0.2,567,20660567,TRUE,TRUE,TRUE,TRUE,TRUE,TRUE,TRUE,TRUE,""
"VD_B_A","VD","B",0.2,568,20660568,TRUE,TRUE,TRUE,TRUE,TRUE,TRUE,TRUE,TRUE,""
"VD_B_A","VD","B",0.2,569,20660569,TRUE,TRUE,TRUE,TRUE,TRUE,TRUE,TRUE,TRUE,""
"VD_B_A","VD","B",0.2,570,20660570,TRUE,TRUE,TRUE,TRUE,TRUE,TRUE,TRUE,TRUE,""
"VD_B_A","VD","B",0.2,571,20660571,TRUE,TRUE,TRUE,TRUE,TRUE,TRUE,TRUE,TRUE,""
"VD_B_A","VD","B",0.2,572,20660572,TRUE,TRUE,TRUE,TRUE,TRUE,TRUE,TRUE,TRUE,""
"VD_B_A","VD","B",0.2,573,20660573,TRUE,TRUE,TRUE,TRUE,TRUE,TRUE,TRUE,TRUE,""
"VD_B_A","VD","B",0.2,574,20660574,TRUE,TRUE,TRUE,TRUE,TRUE,TRUE,TRUE,TRUE,""
"VD_B_A","VD","B",0.2,575,20660575,TRUE,TRUE,TRUE,TRUE,TRUE,TRUE,TRUE,TRUE,""
"VD_B_A","VD","B",0.2,576,20660576,TRUE,TRUE,TRUE,TRUE,TRUE,TRUE,TRUE,TRUE,""
"VD_B_A","VD","B",0.2,577,20660577,TRUE,TRUE,TRUE,TRUE,TRUE,TRUE,TRUE,TRUE,""
"VD_B_A","VD","B",0.2,578,20660578,TRUE,TRUE,TRUE,TRUE,TRUE,TRUE,TRUE,TRUE,""
"VD_B_A","VD","B",0.2,579,20660579,TRUE,TRUE,TRUE,TRUE,TRUE,TRUE,TRUE,TRUE,""
"VD_B_A","VD","B",0.2,580,20660580,TRUE,TRUE,TRUE,TRUE,TRUE,TRUE,TRUE,TRUE,""
"VD_B_A","VD","B",0.2,581,20660581,TRUE,TRUE,TRUE,TRUE,TRUE,TRUE,TRUE,TRUE,""
"VD_B_A","VD","B",0.2,582,20660582,TRUE,TRUE,TRUE,TRUE,TRUE,TRUE,TRUE,TRUE,""
"VD_B_A","VD","B",0.2,583,20660583,TRUE,TRUE,TRUE,TRUE,TRUE,TRUE,TRUE,TRUE,""
"VD_B_A","VD","B",0.2,584,20660584,TRUE,TRUE,TRUE,TRUE,TRUE,TRUE,TRUE,TRUE,""
"VD_B_A","VD","B",0.2,585,20660585,TRUE,TRUE,TRUE,TRUE,TRUE,TRUE,TRUE,TRUE,""
"VD_B_A","VD","B",0.2,586,20660586,TRUE,TRUE,TRUE,TRUE,TRUE,TRUE,TRUE,TRUE,""
"VD_B_A","VD","B",0.2,587,20660587,TRUE,TRUE,TRUE,TRUE,TRUE,TRUE,TRUE,TRUE,""
"VD_B_A","VD","B",0.2,588,20660588,TRUE,TRUE,TRUE,TRUE,TRUE,TRUE,TRUE,TRUE,""
"VD_B_A","VD","B",0.2,589,20660589,TRUE,TRUE,TRUE,TRUE,TRUE,TRUE,TRUE,TRUE,""
"VD_B_A","VD","B",0.2,590,20660590,TRUE,TRUE,TRUE,TRUE,TRUE,TRUE,TRUE,TRUE,""
"VD_B_A","VD","B",0.2,591,20660591,TRUE,TRUE,TRUE,TRUE,TRUE,TRUE,TRUE,TRUE,""
"VD_B_A","VD","B",0.2,592,20660592,TRUE,TRUE,TRUE,TRUE,TRUE,TRUE,TRUE,TRUE,""
"VD_B_A","VD","B",0.2,593,20660593,TRUE,TRUE,TRUE,TRUE,TRUE,TRUE,TRUE,TRUE,""
"VD_B_A","VD","B",0.2,594,20660594,TRUE,TRUE,TRUE,TRUE,TRUE,TRUE,TRUE,TRUE,""
"VD_B_A","VD","B",0.2,595,20660595,TRUE,TRUE,TRUE,TRUE,TRUE,TRUE,TRUE,TRUE,""
"VD_B_A","VD","B",0.2,596,20660596,TRUE,TRUE,TRUE,TRUE,TRUE,TRUE,TRUE,TRUE,""
"VD_B_A","VD","B",0.2,597,20660597,TRUE,TRUE,TRUE,TRUE,TRUE,TRUE,TRUE,TRUE,""
"VD_B_A","VD","B",0.2,598,20660598,TRUE,TRUE,TRUE,TRUE,TRUE,TRUE,TRUE,TRUE,""
"VD_B_A","VD","B",0.2,599,20660599,TRUE,TRUE,TRUE,TRUE,TRUE,TRUE,TRUE,TRUE,""
"VD_B_A","VD","B",0.2,600,20660600,TRUE,TRUE,TRUE,TRUE,TRUE,TRUE,TRUE,TRUE,""
"VD_B_A","VD","B",0.2,601,20660601,TRUE,TRUE,TRUE,TRUE,TRUE,TRUE,TRUE,TRUE,""
"VD_B_A","VD","B",0.2,602,20660602,TRUE,TRUE,TRUE,TRUE,TRUE,TRUE,TRUE,TRUE,""
"VD_B_A","VD","B",0.2,603,20660603,TRUE,TRUE,TRUE,TRUE,TRUE,TRUE,TRUE,TRUE,""
"VD_B_A","VD","B",0.2,604,20660604,TRUE,TRUE,TRUE,TRUE,TRUE,TRUE,TRUE,TRUE,""
"VD_B_A","VD","B",0.2,605,20660605,TRUE,TRUE,TRUE,TRUE,TRUE,TRUE,TRUE,TRUE,""
"VD_B_A","VD","B",0.2,606,20660606,TRUE,TRUE,TRUE,TRUE,TRUE,TRUE,TRUE,TRUE,""
"VD_B_A","VD","B",0.2,607,20660607,TRUE,TRUE,TRUE,TRUE,TRUE,TRUE,TRUE,TRUE,""
"VD_B_A","VD","B",0.2,608,20660608,TRUE,TRUE,TRUE,TRUE,TRUE,TRUE,TRUE,TRUE,""
"VD_B_A","VD","B",0.2,609,20660609,TRUE,TRUE,TRUE,TRUE,TRUE,TRUE,TRUE,TRUE,""
"VD_B_A","VD","B",0.2,610,20660610,TRUE,TRUE,TRUE,TRUE,TRUE,TRUE,TRUE,TRUE,""
"VD_B_A","VD","B",0.2,611,20660611,TRUE,TRUE,TRUE,TRUE,TRUE,TRUE,TRUE,TRUE,""
"VD_B_A","VD","B",0.2,612,20660612,TRUE,TRUE,TRUE,TRUE,TRUE,TRUE,TRUE,TRUE,""
"VD_B_A","VD","B",0.2,613,20660613,TRUE,TRUE,TRUE,TRUE,TRUE,TRUE,TRUE,TRUE,""
"VD_B_A","VD","B",0.2,614,20660614,TRUE,TRUE,TRUE,TRUE,TRUE,TRUE,TRUE,TRUE,""
"VD_B_A","VD","B",0.2,615,20660615,TRUE,TRUE,TRUE,TRUE,TRUE,TRUE,TRUE,TRUE,""
"VD_B_A","VD","B",0.2,616,20660616,TRUE,TRUE,TRUE,TRUE,TRUE,TRUE,TRUE,TRUE,""
"VD_B_A","VD","B",0.2,617,20660617,TRUE,TRUE,TRUE,TRUE,TRUE,TRUE,TRUE,TRUE,""
"VD_B_A","VD","B",0.2,618,20660618,TRUE,TRUE,TRUE,TRUE,TRUE,TRUE,TRUE,TRUE,""
"VD_B_A","VD","B",0.2,619,20660619,TRUE,TRUE,TRUE,TRUE,TRUE,TRUE,TRUE,TRUE,""
"VD_B_A","VD","B",0.2,620,20660620,TRUE,TRUE,TRUE,TRUE,TRUE,TRUE,TRUE,TRUE,""
"VD_B_A","VD","B",0.2,621,20660621,TRUE,TRUE,TRUE,TRUE,TRUE,TRUE,TRUE,TRUE,""
"VD_B_A","VD","B",0.2,622,20660622,TRUE,TRUE,TRUE,TRUE,TRUE,TRUE,TRUE,TRUE,""
"VD_B_A","VD","B",0.2,623,20660623,TRUE,TRUE,TRUE,TRUE,TRUE,TRUE,TRUE,TRUE,""
"VD_B_A","VD","B",0.2,624,20660624,TRUE,TRUE,TRUE,TRUE,TRUE,TRUE,TRUE,TRUE,""
"VD_B_A","VD","B",0.2,625,20660625,TRUE,TRUE,TRUE,TRUE,TRUE,TRUE,TRUE,TRUE,""
"VD_B_A","VD","B",0.2,626,20660626,TRUE,TRUE,TRUE,TRUE,TRUE,TRUE,TRUE,TRUE,""
"VD_B_A","VD","B",0.2,627,20660627,TRUE,TRUE,TRUE,TRUE,TRUE,TRUE,TRUE,TRUE,""
"VD_B_A","VD","B",0.2,628,20660628,TRUE,TRUE,TRUE,TRUE,TRUE,TRUE,TRUE,TRUE,""
"VD_B_A","VD","B",0.2,629,20660629,TRUE,TRUE,TRUE,TRUE,TRUE,TRUE,TRUE,TRUE,""
"VD_B_A","VD","B",0.2,630,20660630,TRUE,TRUE,TRUE,TRUE,TRUE,TRUE,TRUE,TRUE,""
"VD_B_A","VD","B",0.2,631,20660631,TRUE,TRUE,TRUE,TRUE,TRUE,TRUE,TRUE,TRUE,""
"VD_B_A","VD","B",0.2,632,20660632,TRUE,TRUE,TRUE,TRUE,TRUE,TRUE,TRUE,TRUE,""
"VD_B_A","VD","B",0.2,633,20660633,TRUE,TRUE,TRUE,TRUE,TRUE,TRUE,TRUE,TRUE,""
"VD_B_A","VD","B",0.2,634,20660634,TRUE,TRUE,TRUE,TRUE,TRUE,TRUE,TRUE,TRUE,""
"VD_B_A","VD","B",0.2,635,20660635,TRUE,TRUE,TRUE,TRUE,TRUE,TRUE,TRUE,TRUE,""
"VD_B_A","VD","B",0.2,636,20660636,TRUE,TRUE,TRUE,TRUE,TRUE,TRUE,TRUE,TRUE,""
"VD_B_A","VD","B",0.2,637,20660637,TRUE,TRUE,TRUE,TRUE,TRUE,TRUE,TRUE,TRUE,""
"VD_B_A","VD","B",0.2,638,20660638,TRUE,TRUE,TRUE,TRUE,TRUE,TRUE,TRUE,TRUE,""
"VD_B_A","VD","B",0.2,639,20660639,TRUE,TRUE,TRUE,TRUE,TRUE,TRUE,TRUE,TRUE,""
"VD_B_A","VD","B",0.2,640,20660640,TRUE,TRUE,TRUE,TRUE,TRUE,TRUE,TRUE,TRUE,""
"VD_B_A","VD","B",0.2,641,20660641,TRUE,TRUE,TRUE,TRUE,TRUE,TRUE,TRUE,TRUE,""
"VD_B_A","VD","B",0.2,642,20660642,TRUE,TRUE,TRUE,TRUE,TRUE,TRUE,TRUE,TRUE,""
"VD_B_A","VD","B",0.2,643,20660643,TRUE,TRUE,TRUE,TRUE,TRUE,TRUE,TRUE,TRUE,""
"VD_B_A","VD","B",0.2,644,20660644,TRUE,TRUE,TRUE,TRUE,TRUE,TRUE,TRUE,TRUE,""
"VD_B_A","VD","B",0.2,645,20660645,TRUE,TRUE,TRUE,TRUE,TRUE,TRUE,TRUE,TRUE,""
"VD_B_A","VD","B",0.2,646,20660646,TRUE,TRUE,TRUE,TRUE,TRUE,TRUE,TRUE,TRUE,""
"VD_B_A","VD","B",0.2,647,20660647,TRUE,TRUE,TRUE,TRUE,TRUE,TRUE,TRUE,TRUE,""
"VD_B_A","VD","B",0.2,648,20660648,TRUE,TRUE,TRUE,TRUE,TRUE,TRUE,TRUE,TRUE,""
"VD_B_A","VD","B",0.2,649,20660649,TRUE,TRUE,TRUE,TRUE,TRUE,TRUE,TRUE,TRUE,""
"VD_B_A","VD","B",0.2,650,20660650,TRUE,TRUE,TRUE,TRUE,TRUE,TRUE,TRUE,TRUE,""
"VD_B_A","VD","B",0.2,651,20660651,TRUE,TRUE,TRUE,TRUE,TRUE,TRUE,TRUE,TRUE,""
"VD_B_A","VD","B",0.2,652,20660652,TRUE,TRUE,TRUE,TRUE,TRUE,TRUE,TRUE,TRUE,""
"VD_B_A","VD","B",0.2,653,20660653,TRUE,TRUE,TRUE,TRUE,TRUE,TRUE,TRUE,TRUE,""
"VD_B_A","VD","B",0.2,654,20660654,TRUE,TRUE,TRUE,TRUE,TRUE,TRUE,TRUE,TRUE,""
"VD_B_A","VD","B",0.2,655,20660655,TRUE,TRUE,TRUE,TRUE,TRUE,TRUE,TRUE,TRUE,""
"VD_B_A","VD","B",0.2,656,20660656,TRUE,TRUE,TRUE,TRUE,TRUE,TRUE,TRUE,TRUE,""
"VD_B_A","VD","B",0.2,657,20660657,TRUE,TRUE,TRUE,TRUE,TRUE,TRUE,TRUE,TRUE,""
"VD_B_A","VD","B",0.2,658,20660658,TRUE,TRUE,TRUE,TRUE,TRUE,TRUE,TRUE,TRUE,""
"VD_B_A","VD","B",0.2,659,20660659,TRUE,TRUE,TRUE,TRUE,TRUE,TRUE,TRUE,TRUE,""
"VD_B_A","VD","B",0.2,660,20660660,TRUE,TRUE,TRUE,TRUE,TRUE,TRUE,TRUE,TRUE,""
"VD_B_A","VD","B",0.2,661,20660661,TRUE,TRUE,TRUE,TRUE,TRUE,TRUE,TRUE,TRUE,""
"VD_B_A","VD","B",0.2,662,20660662,TRUE,TRUE,TRUE,TRUE,TRUE,TRUE,TRUE,TRUE,""
"VD_B_A","VD","B",0.2,663,20660663,TRUE,TRUE,TRUE,TRUE,TRUE,TRUE,TRUE,TRUE,""
"VD_B_A","VD","B",0.2,664,20660664,TRUE,TRUE,TRUE,TRUE,TRUE,TRUE,TRUE,TRUE,""
"VD_B_A","VD","B",0.2,665,20660665,TRUE,TRUE,TRUE,TRUE,TRUE,TRUE,TRUE,TRUE,""
"VD_B_A","VD","B",0.2,666,20660666,TRUE,TRUE,TRUE,TRUE,TRUE,TRUE,TRUE,TRUE,""
"VD_B_A","VD","B",0.2,667,20660667,TRUE,TRUE,TRUE,TRUE,TRUE,TRUE,TRUE,TRUE,""
"VD_B_A","VD","B",0.2,668,20660668,TRUE,TRUE,TRUE,TRUE,TRUE,TRUE,TRUE,TRUE,""
"VD_B_A","VD","B",0.2,669,20660669,TRUE,TRUE,TRUE,TRUE,TRUE,TRUE,TRUE,TRUE,""
"VD_B_A","VD","B",0.2,670,20660670,TRUE,TRUE,TRUE,TRUE,TRUE,TRUE,TRUE,TRUE,""
"VD_B_A","VD","B",0.2,671,20660671,TRUE,TRUE,TRUE,TRUE,TRUE,TRUE,TRUE,TRUE,""
"VD_B_A","VD","B",0.2,672,20660672,TRUE,TRUE,TRUE,TRUE,TRUE,TRUE,TRUE,TRUE,""
"VD_B_A","VD","B",0.2,673,20660673,TRUE,TRUE,TRUE,TRUE,TRUE,TRUE,TRUE,TRUE,""
"VD_B_A","VD","B",0.2,674,20660674,TRUE,TRUE,TRUE,TRUE,TRUE,TRUE,TRUE,TRUE,""
"VD_B_A","VD","B",0.2,675,20660675,TRUE,TRUE,TRUE,TRUE,TRUE,TRUE,TRUE,TRUE,""
"VD_B_A","VD","B",0.2,676,20660676,TRUE,TRUE,TRUE,TRUE,TRUE,TRUE,TRUE,TRUE,""
"VD_B_A","VD","B",0.2,677,20660677,TRUE,TRUE,TRUE,TRUE,TRUE,TRUE,TRUE,TRUE,""
"VD_B_A","VD","B",0.2,678,20660678,TRUE,TRUE,TRUE,TRUE,TRUE,TRUE,TRUE,TRUE,""
"VD_B_A","VD","B",0.2,679,20660679,TRUE,TRUE,TRUE,TRUE,TRUE,TRUE,TRUE,TRUE,""
"VD_B_A","VD","B",0.2,680,20660680,TRUE,TRUE,TRUE,TRUE,TRUE,TRUE,TRUE,TRUE,""
"VD_B_A","VD","B",0.2,681,20660681,TRUE,TRUE,TRUE,TRUE,TRUE,TRUE,TRUE,TRUE,""
"VD_B_A","VD","B",0.2,682,20660682,TRUE,TRUE,TRUE,TRUE,TRUE,TRUE,TRUE,TRUE,""
"VD_B_A","VD","B",0.2,683,20660683,TRUE,TRUE,TRUE,TRUE,TRUE,TRUE,TRUE,TRUE,""
"VD_B_A","VD","B",0.2,684,20660684,TRUE,TRUE,TRUE,TRUE,TRUE,TRUE,TRUE,TRUE,""
"VD_B_A","VD","B",0.2,685,20660685,TRUE,TRUE,TRUE,TRUE,TRUE,TRUE,TRUE,TRUE,""
"VD_B_A","VD","B",0.2,686,20660686,TRUE,TRUE,TRUE,TRUE,TRUE,TRUE,TRUE,TRUE,""
"VD_B_A","VD","B",0.2,687,20660687,TRUE,TRUE,TRUE,TRUE,TRUE,TRUE,TRUE,TRUE,""
"VD_B_A","VD","B",0.2,688,20660688,TRUE,TRUE,TRUE,TRUE,TRUE,TRUE,TRUE,TRUE,""
"VD_B_A","VD","B",0.2,689,20660689,TRUE,TRUE,TRUE,TRUE,TRUE,TRUE,TRUE,TRUE,""
"VD_B_A","VD","B",0.2,690,20660690,TRUE,TRUE,TRUE,TRUE,TRUE,TRUE,TRUE,TRUE,""
"VD_B_A","VD","B",0.2,691,20660691,TRUE,TRUE,TRUE,TRUE,TRUE,TRUE,TRUE,TRUE,""
"VD_B_A","VD","B",0.2,692,20660692,TRUE,TRUE,TRUE,TRUE,TRUE,TRUE,TRUE,TRUE,""
"VD_B_A","VD","B",0.2,693,20660693,TRUE,TRUE,TRUE,TRUE,TRUE,TRUE,TRUE,TRUE,""
"VD_B_A","VD","B",0.2,694,20660694,TRUE,TRUE,TRUE,TRUE,TRUE,TRUE,TRUE,TRUE,""
"VD_B_A","VD","B",0.2,695,20660695,TRUE,TRUE,TRUE,TRUE,TRUE,TRUE,TRUE,TRUE,""
"VD_B_A","VD","B",0.2,696,20660696,TRUE,TRUE,TRUE,TRUE,TRUE,TRUE,TRUE,TRUE,""
"VD_B_A","VD","B",0.2,697,20660697,TRUE,TRUE,TRUE,TRUE,TRUE,TRUE,TRUE,TRUE,""
"VD_B_A","VD","B",0.2,698,20660698,TRUE,TRUE,TRUE,TRUE,TRUE,TRUE,TRUE,TRUE,""
"VD_B_A","VD","B",0.2,699,20660699,TRUE,TRUE,TRUE,TRUE,TRUE,TRUE,TRUE,TRUE,""
"VD_B_A","VD","B",0.2,700,20660700,TRUE,TRUE,TRUE,TRUE,TRUE,TRUE,TRUE,TRUE,""
"VD_B_A","VD","B",0.2,701,20660701,TRUE,TRUE,TRUE,TRUE,TRUE,TRUE,TRUE,TRUE,""
"VD_B_A","VD","B",0.2,702,20660702,TRUE,TRUE,TRUE,TRUE,TRUE,TRUE,TRUE,TRUE,""
"VD_B_A","VD","B",0.2,703,20660703,TRUE,TRUE,TRUE,TRUE,TRUE,TRUE,TRUE,TRUE,""
"VD_B_A","VD","B",0.2,704,20660704,TRUE,TRUE,TRUE,TRUE,TRUE,TRUE,TRUE,TRUE,""
"VD_B_A","VD","B",0.2,705,20660705,TRUE,TRUE,TRUE,TRUE,TRUE,TRUE,TRUE,TRUE,""
"VD_B_A","VD","B",0.2,706,20660706,TRUE,TRUE,TRUE,TRUE,TRUE,TRUE,TRUE,TRUE,""
"VD_B_A","VD","B",0.2,707,20660707,TRUE,TRUE,TRUE,TRUE,TRUE,TRUE,TRUE,TRUE,""
"VD_B_A","VD","B",0.2,708,20660708,TRUE,TRUE,TRUE,TRUE,TRUE,TRUE,TRUE,TRUE,""
"VD_B_A","VD","B",0.2,709,20660709,TRUE,TRUE,TRUE,TRUE,TRUE,TRUE,TRUE,TRUE,""
"VD_B_A","VD","B",0.2,710,20660710,TRUE,TRUE,TRUE,TRUE,TRUE,TRUE,TRUE,TRUE,""
"VD_B_A","VD","B",0.2,711,20660711,TRUE,TRUE,TRUE,TRUE,TRUE,TRUE,TRUE,TRUE,""
"VD_B_A","VD","B",0.2,712,20660712,TRUE,TRUE,TRUE,TRUE,TRUE,TRUE,TRUE,TRUE,""
"VD_B_A","VD","B",0.2,713,20660713,TRUE,TRUE,TRUE,TRUE,TRUE,TRUE,TRUE,TRUE,""
"VD_B_A","VD","B",0.2,714,20660714,TRUE,TRUE,TRUE,TRUE,TRUE,TRUE,TRUE,TRUE,""
"VD_B_A","VD","B",0.2,715,20660715,TRUE,TRUE,TRUE,TRUE,TRUE,TRUE,TRUE,TRUE,""
"VD_B_A","VD","B",0.2,716,20660716,TRUE,TRUE,TRUE,TRUE,TRUE,TRUE,TRUE,TRUE,""
"VD_B_A","VD","B",0.2,717,20660717,TRUE,TRUE,TRUE,TRUE,TRUE,TRUE,TRUE,TRUE,""
"VD_B_A","VD","B",0.2,718,20660718,TRUE,TRUE,TRUE,TRUE,TRUE,TRUE,TRUE,TRUE,""
"VD_B_A","VD","B",0.2,719,20660719,TRUE,TRUE,TRUE,TRUE,TRUE,TRUE,TRUE,TRUE,""
"VD_B_A","VD","B",0.2,720,20660720,TRUE,TRUE,TRUE,TRUE,TRUE,TRUE,TRUE,TRUE,""
"VD_B_A","VD","B",0.2,721,20660721,TRUE,TRUE,TRUE,TRUE,TRUE,TRUE,TRUE,TRUE,""
"VD_B_A","VD","B",0.2,722,20660722,TRUE,TRUE,TRUE,TRUE,TRUE,TRUE,TRUE,TRUE,""
"VD_B_A","VD","B",0.2,723,20660723,TRUE,TRUE,TRUE,TRUE,TRUE,TRUE,TRUE,TRUE,""
"VD_B_A","VD","B",0.2,724,20660724,TRUE,TRUE,TRUE,TRUE,TRUE,TRUE,TRUE,TRUE,""
"VD_B_A","VD","B",0.2,725,20660725,TRUE,TRUE,TRUE,TRUE,TRUE,TRUE,TRUE,TRUE,""
"VD_B_A","VD","B",0.2,726,20660726,TRUE,TRUE,TRUE,TRUE,TRUE,TRUE,TRUE,TRUE,""
"VD_B_A","VD","B",0.2,727,20660727,TRUE,TRUE,TRUE,TRUE,TRUE,TRUE,TRUE,TRUE,""
"VD_B_A","VD","B",0.2,728,20660728,TRUE,TRUE,TRUE,TRUE,TRUE,TRUE,TRUE,TRUE,""
"VD_B_A","VD","B",0.2,729,20660729,TRUE,TRUE,TRUE,TRUE,TRUE,TRUE,TRUE,TRUE,""
"VD_B_A","VD","B",0.2,730,20660730,TRUE,TRUE,TRUE,TRUE,TRUE,TRUE,TRUE,TRUE,""
"VD_B_A","VD","B",0.2,731,20660731,TRUE,TRUE,TRUE,TRUE,TRUE,TRUE,TRUE,TRUE,""
"VD_B_A","VD","B",0.2,732,20660732,TRUE,TRUE,TRUE,TRUE,TRUE,TRUE,TRUE,TRUE,""
"VD_B_A","VD","B",0.2,733,20660733,TRUE,TRUE,TRUE,TRUE,TRUE,TRUE,TRUE,TRUE,""
"VD_B_A","VD","B",0.2,734,20660734,TRUE,TRUE,TRUE,TRUE,TRUE,TRUE,TRUE,TRUE,""
"VD_B_A","VD","B",0.2,735,20660735,TRUE,TRUE,TRUE,TRUE,TRUE,TRUE,TRUE,TRUE,""
"VD_B_A","VD","B",0.2,736,20660736,TRUE,TRUE,TRUE,TRUE,TRUE,TRUE,TRUE,TRUE,""
"VD_B_A","VD","B",0.2,737,20660737,TRUE,TRUE,TRUE,TRUE,TRUE,TRUE,TRUE,TRUE,""
"VD_B_A","VD","B",0.2,738,20660738,TRUE,TRUE,TRUE,TRUE,TRUE,TRUE,TRUE,TRUE,""
"VD_B_A","VD","B",0.2,739,20660739,TRUE,TRUE,TRUE,TRUE,TRUE,TRUE,TRUE,TRUE,""
"VD_B_A","VD","B",0.2,740,20660740,TRUE,TRUE,TRUE,TRUE,TRUE,TRUE,TRUE,TRUE,""
"VD_B_A","VD","B",0.2,741,20660741,TRUE,TRUE,TRUE,TRUE,TRUE,TRUE,TRUE,TRUE,""
"VD_B_A","VD","B",0.2,742,20660742,TRUE,TRUE,TRUE,TRUE,TRUE,TRUE,TRUE,TRUE,""
"VD_B_A","VD","B",0.2,743,20660743,TRUE,TRUE,TRUE,TRUE,TRUE,TRUE,TRUE,TRUE,""
"VD_B_A","VD","B",0.2,744,20660744,TRUE,TRUE,TRUE,TRUE,TRUE,TRUE,TRUE,TRUE,""
"VD_B_A","VD","B",0.2,745,20660745,TRUE,TRUE,TRUE,TRUE,TRUE,TRUE,TRUE,TRUE,""
"VD_B_A","VD","B",0.2,746,20660746,TRUE,TRUE,TRUE,TRUE,TRUE,TRUE,TRUE,TRUE,""
"VD_B_A","VD","B",0.2,747,20660747,TRUE,TRUE,TRUE,TRUE,TRUE,TRUE,TRUE,TRUE,""
"VD_B_A","VD","B",0.2,748,20660748,TRUE,TRUE,TRUE,TRUE,TRUE,TRUE,TRUE,TRUE,""
"VD_B_A","VD","B",0.2,749,20660749,TRUE,TRUE,TRUE,TRUE,TRUE,TRUE,TRUE,TRUE,""
"VD_B_A","VD","B",0.2,750,20660750,TRUE,TRUE,TRUE,TRUE,TRUE,TRUE,TRUE,TRUE,""
"VD_B_A","VD","B",0.2,751,20660751,TRUE,TRUE,TRUE,TRUE,TRUE,TRUE,TRUE,TRUE,""
"VD_B_A","VD","B",0.2,752,20660752,TRUE,TRUE,TRUE,TRUE,TRUE,TRUE,TRUE,TRUE,""
"VD_B_A","VD","B",0.2,753,20660753,TRUE,TRUE,TRUE,TRUE,TRUE,TRUE,TRUE,TRUE,""
"VD_B_A","VD","B",0.2,754,20660754,TRUE,TRUE,TRUE,TRUE,TRUE,TRUE,TRUE,TRUE,""
"VD_B_A","VD","B",0.2,755,20660755,TRUE,TRUE,TRUE,TRUE,TRUE,TRUE,TRUE,TRUE,""
"VD_B_A","VD","B",0.2,756,20660756,TRUE,TRUE,TRUE,TRUE,TRUE,TRUE,TRUE,TRUE,""
"VD_B_A","VD","B",0.2,757,20660757,TRUE,TRUE,TRUE,TRUE,TRUE,TRUE,TRUE,TRUE,""
"VD_B_A","VD","B",0.2,758,20660758,TRUE,TRUE,TRUE,TRUE,TRUE,TRUE,TRUE,TRUE,""
"VD_B_A","VD","B",0.2,759,20660759,TRUE,TRUE,TRUE,TRUE,TRUE,TRUE,TRUE,TRUE,""
"VD_B_A","VD","B",0.2,760,20660760,TRUE,TRUE,TRUE,TRUE,TRUE,TRUE,TRUE,TRUE,""
"VD_B_A","VD","B",0.2,761,20660761,TRUE,TRUE,TRUE,TRUE,TRUE,TRUE,TRUE,TRUE,""
"VD_B_A","VD","B",0.2,762,20660762,TRUE,TRUE,TRUE,TRUE,TRUE,TRUE,TRUE,TRUE,""
"VD_B_A","VD","B",0.2,763,20660763,TRUE,TRUE,TRUE,TRUE,TRUE,TRUE,TRUE,TRUE,""
"VD_B_A","VD","B",0.2,764,20660764,TRUE,TRUE,TRUE,TRUE,TRUE,TRUE,TRUE,TRUE,""
"VD_B_A","VD","B",0.2,765,20660765,TRUE,TRUE,TRUE,TRUE,TRUE,TRUE,TRUE,TRUE,""
"VD_B_A","VD","B",0.2,766,20660766,TRUE,TRUE,TRUE,TRUE,TRUE,TRUE,TRUE,TRUE,""
"VD_B_A","VD","B",0.2,767,20660767,TRUE,TRUE,TRUE,TRUE,TRUE,TRUE,TRUE,TRUE,""
"VD_B_A","VD","B",0.2,768,20660768,TRUE,TRUE,TRUE,TRUE,TRUE,TRUE,TRUE,TRUE,""
"VD_B_A","VD","B",0.2,769,20660769,TRUE,TRUE,TRUE,TRUE,TRUE,TRUE,TRUE,TRUE,""
"VD_B_A","VD","B",0.2,770,20660770,TRUE,TRUE,TRUE,TRUE,TRUE,TRUE,TRUE,TRUE,""
"VD_B_A","VD","B",0.2,771,20660771,TRUE,TRUE,TRUE,TRUE,TRUE,TRUE,TRUE,TRUE,""
"VD_B_A","VD","B",0.2,772,20660772,TRUE,TRUE,TRUE,TRUE,TRUE,TRUE,TRUE,TRUE,""
"VD_B_A","VD","B",0.2,773,20660773,TRUE,TRUE,TRUE,TRUE,TRUE,TRUE,TRUE,TRUE,""
"VD_B_A","VD","B",0.2,774,20660774,TRUE,TRUE,TRUE,TRUE,TRUE,TRUE,TRUE,TRUE,""
"VD_B_A","VD","B",0.2,775,20660775,TRUE,TRUE,TRUE,TRUE,TRUE,TRUE,TRUE,TRUE,""
"VD_B_A","VD","B",0.2,776,20660776,TRUE,TRUE,TRUE,TRUE,TRUE,TRUE,TRUE,TRUE,""
"VD_B_A","VD","B",0.2,777,20660777,TRUE,TRUE,TRUE,TRUE,TRUE,TRUE,TRUE,TRUE,""
"VD_B_A","VD","B",0.2,778,20660778,TRUE,TRUE,TRUE,TRUE,TRUE,TRUE,TRUE,TRUE,""
"VD_B_A","VD","B",0.2,779,20660779,TRUE,TRUE,TRUE,TRUE,TRUE,TRUE,TRUE,TRUE,""
"VD_B_A","VD","B",0.2,780,20660780,TRUE,TRUE,TRUE,TRUE,TRUE,TRUE,TRUE,TRUE,""
"VD_B_A","VD","B",0.2,781,20660781,TRUE,TRUE,TRUE,TRUE,TRUE,TRUE,TRUE,TRUE,""
"VD_B_A","VD","B",0.2,782,20660782,TRUE,TRUE,TRUE,TRUE,TRUE,TRUE,TRUE,TRUE,""
"VD_B_A","VD","B",0.2,783,20660783,TRUE,TRUE,TRUE,TRUE,TRUE,TRUE,TRUE,TRUE,""
"VD_B_A","VD","B",0.2,784,20660784,TRUE,TRUE,TRUE,TRUE,TRUE,TRUE,TRUE,TRUE,""
"VD_B_A","VD","B",0.2,785,20660785,TRUE,TRUE,TRUE,TRUE,TRUE,TRUE,TRUE,TRUE,""
"VD_B_A","VD","B",0.2,786,20660786,TRUE,TRUE,TRUE,TRUE,TRUE,TRUE,TRUE,TRUE,""
"VD_B_A","VD","B",0.2,787,20660787,TRUE,TRUE,TRUE,TRUE,TRUE,TRUE,TRUE,TRUE,""
"VD_B_A","VD","B",0.2,788,20660788,TRUE,TRUE,TRUE,TRUE,TRUE,TRUE,TRUE,TRUE,""
"VD_B_A","VD","B",0.2,789,20660789,TRUE,TRUE,TRUE,TRUE,TRUE,TRUE,TRUE,TRUE,""
"VD_B_A","VD","B",0.2,790,20660790,TRUE,TRUE,TRUE,TRUE,TRUE,TRUE,TRUE,TRUE,""
"VD_B_A","VD","B",0.2,791,20660791,TRUE,TRUE,TRUE,TRUE,TRUE,TRUE,TRUE,TRUE,""
"VD_B_A","VD","B",0.2,792,20660792,TRUE,TRUE,TRUE,TRUE,TRUE,TRUE,TRUE,TRUE,""
"VD_B_A","VD","B",0.2,793,20660793,TRUE,TRUE,TRUE,TRUE,TRUE,TRUE,TRUE,TRUE,""
"VD_B_A","VD","B",0.2,794,20660794,TRUE,TRUE,TRUE,TRUE,TRUE,TRUE,TRUE,TRUE,""
"VD_B_A","VD","B",0.2,795,20660795,TRUE,TRUE,TRUE,TRUE,TRUE,TRUE,TRUE,TRUE,""
"VD_B_A","VD","B",0.2,796,20660796,TRUE,TRUE,TRUE,TRUE,TRUE,TRUE,TRUE,TRUE,""
"VD_B_A","VD","B",0.2,797,20660797,TRUE,TRUE,TRUE,TRUE,TRUE,TRUE,TRUE,TRUE,""
"VD_B_A","VD","B",0.2,798,20660798,TRUE,TRUE,TRUE,TRUE,TRUE,TRUE,TRUE,TRUE,""
"VD_B_A","VD","B",0.2,799,20660799,TRUE,TRUE,TRUE,TRUE,TRUE,TRUE,TRUE,TRUE,""
"VD_B_A","VD","B",0.2,800,20660800,TRUE,TRUE,TRUE,TRUE,TRUE,TRUE,TRUE,TRUE,""
"VD_B_A","VD","B",0.2,801,20660801,TRUE,TRUE,TRUE,TRUE,TRUE,TRUE,TRUE,TRUE,""
"VD_B_A","VD","B",0.2,802,20660802,TRUE,TRUE,TRUE,TRUE,TRUE,TRUE,TRUE,TRUE,""
"VD_B_A","VD","B",0.2,803,20660803,TRUE,TRUE,TRUE,TRUE,TRUE,TRUE,TRUE,TRUE,""
"VD_B_A","VD","B",0.2,804,20660804,TRUE,TRUE,TRUE,TRUE,TRUE,TRUE,TRUE,TRUE,""
"VD_B_A","VD","B",0.2,805,20660805,TRUE,TRUE,TRUE,TRUE,TRUE,TRUE,TRUE,TRUE,""
"VD_B_A","VD","B",0.2,806,20660806,TRUE,TRUE,TRUE,TRUE,TRUE,TRUE,TRUE,TRUE,""
"VD_B_A","VD","B",0.2,807,20660807,TRUE,TRUE,TRUE,TRUE,TRUE,TRUE,TRUE,TRUE,""
"VD_B_A","VD","B",0.2,808,20660808,TRUE,TRUE,TRUE,TRUE,TRUE,TRUE,TRUE,TRUE,""
"VD_B_A","VD","B",0.2,809,20660809,TRUE,TRUE,TRUE,TRUE,TRUE,TRUE,TRUE,TRUE,""
"VD_B_A","VD","B",0.2,810,20660810,TRUE,TRUE,TRUE,TRUE,TRUE,TRUE,TRUE,TRUE,""
"VD_B_A","VD","B",0.2,811,20660811,TRUE,TRUE,TRUE,TRUE,TRUE,TRUE,TRUE,TRUE,""
"VD_B_A","VD","B",0.2,812,20660812,TRUE,TRUE,TRUE,TRUE,TRUE,TRUE,TRUE,TRUE,""
"VD_B_A","VD","B",0.2,813,20660813,TRUE,TRUE,TRUE,TRUE,TRUE,TRUE,TRUE,TRUE,""
"VD_B_A","VD","B",0.2,814,20660814,TRUE,TRUE,TRUE,TRUE,TRUE,TRUE,TRUE,TRUE,""
"VD_B_A","VD","B",0.2,815,20660815,TRUE,TRUE,TRUE,TRUE,TRUE,TRUE,TRUE,TRUE,""
"VD_B_A","VD","B",0.2,816,20660816,TRUE,TRUE,TRUE,TRUE,TRUE,TRUE,TRUE,TRUE,""
"VD_B_A","VD","B",0.2,817,20660817,TRUE,TRUE,TRUE,TRUE,TRUE,TRUE,TRUE,TRUE,""
"VD_B_A","VD","B",0.2,818,20660818,TRUE,TRUE,TRUE,TRUE,TRUE,TRUE,TRUE,TRUE,""
"VD_B_A","VD","B",0.2,819,20660819,TRUE,TRUE,TRUE,TRUE,TRUE,TRUE,TRUE,TRUE,""
"VD_B_A","VD","B",0.2,820,20660820,TRUE,TRUE,TRUE,TRUE,TRUE,TRUE,TRUE,TRUE,""
"VD_B_A","VD","B",0.2,821,20660821,TRUE,TRUE,TRUE,TRUE,TRUE,TRUE,TRUE,TRUE,""
"VD_B_A","VD","B",0.2,822,20660822,TRUE,TRUE,TRUE,TRUE,TRUE,TRUE,TRUE,TRUE,""
"VD_B_A","VD","B",0.2,823,20660823,TRUE,TRUE,TRUE,TRUE,TRUE,TRUE,TRUE,TRUE,""
"VD_B_A","VD","B",0.2,824,20660824,TRUE,TRUE,TRUE,TRUE,TRUE,TRUE,TRUE,TRUE,""
"VD_B_A","VD","B",0.2,825,20660825,TRUE,TRUE,TRUE,TRUE,TRUE,TRUE,TRUE,TRUE,""
"VD_B_A","VD","B",0.2,826,20660826,TRUE,TRUE,TRUE,TRUE,TRUE,TRUE,TRUE,TRUE,""
"VD_B_A","VD","B",0.2,827,20660827,TRUE,TRUE,TRUE,TRUE,TRUE,TRUE,TRUE,TRUE,""
"VD_B_A","VD","B",0.2,828,20660828,TRUE,TRUE,TRUE,TRUE,TRUE,TRUE,TRUE,TRUE,""
"VD_B_A","VD","B",0.2,829,20660829,TRUE,TRUE,TRUE,TRUE,TRUE,TRUE,TRUE,TRUE,""
"VD_B_A","VD","B",0.2,830,20660830,TRUE,TRUE,TRUE,TRUE,TRUE,TRUE,TRUE,TRUE,""
"VD_B_A","VD","B",0.2,831,20660831,TRUE,TRUE,TRUE,TRUE,TRUE,TRUE,TRUE,TRUE,""
"VD_B_A","VD","B",0.2,832,20660832,TRUE,TRUE,TRUE,TRUE,TRUE,TRUE,TRUE,TRUE,""
"VD_B_A","VD","B",0.2,833,20660833,TRUE,TRUE,TRUE,TRUE,TRUE,TRUE,TRUE,TRUE,""
"VD_B_A","VD","B",0.2,834,20660834,TRUE,TRUE,TRUE,TRUE,TRUE,TRUE,TRUE,TRUE,""
"VD_B_A","VD","B",0.2,835,20660835,TRUE,TRUE,TRUE,TRUE,TRUE,TRUE,TRUE,TRUE,""
"VD_B_A","VD","B",0.2,836,20660836,TRUE,TRUE,TRUE,TRUE,TRUE,TRUE,TRUE,TRUE,""
"VD_B_A","VD","B",0.2,837,20660837,TRUE,TRUE,TRUE,TRUE,TRUE,TRUE,TRUE,TRUE,""
"VD_B_A","VD","B",0.2,838,20660838,TRUE,TRUE,TRUE,TRUE,TRUE,TRUE,TRUE,TRUE,""
"VD_B_A","VD","B",0.2,839,20660839,TRUE,TRUE,TRUE,TRUE,TRUE,TRUE,TRUE,TRUE,""
"VD_B_A","VD","B",0.2,840,20660840,TRUE,TRUE,TRUE,TRUE,TRUE,TRUE,TRUE,TRUE,""
"VD_B_A","VD","B",0.2,841,20660841,TRUE,TRUE,TRUE,TRUE,TRUE,TRUE,TRUE,TRUE,""
"VD_B_A","VD","B",0.2,842,20660842,TRUE,TRUE,TRUE,TRUE,TRUE,TRUE,TRUE,TRUE,""
"VD_B_A","VD","B",0.2,843,20660843,TRUE,TRUE,TRUE,TRUE,TRUE,TRUE,TRUE,TRUE,""
"VD_B_A","VD","B",0.2,844,20660844,TRUE,TRUE,TRUE,TRUE,TRUE,TRUE,TRUE,TRUE,""
"VD_B_A","VD","B",0.2,845,20660845,TRUE,TRUE,TRUE,TRUE,TRUE,TRUE,TRUE,TRUE,""
"VD_B_A","VD","B",0.2,846,20660846,TRUE,TRUE,TRUE,TRUE,TRUE,TRUE,TRUE,TRUE,""
"VD_B_A","VD","B",0.2,847,20660847,TRUE,TRUE,TRUE,TRUE,TRUE,TRUE,TRUE,TRUE,""
"VD_B_A","VD","B",0.2,848,20660848,TRUE,TRUE,TRUE,TRUE,TRUE,TRUE,TRUE,TRUE,""
"VD_B_A","VD","B",0.2,849,20660849,TRUE,TRUE,TRUE,TRUE,TRUE,TRUE,TRUE,TRUE,""
"VD_B_A","VD","B",0.2,850,20660850,TRUE,TRUE,TRUE,TRUE,TRUE,TRUE,TRUE,TRUE,""
"VD_B_A","VD","B",0.2,851,20660851,TRUE,TRUE,TRUE,TRUE,TRUE,TRUE,TRUE,TRUE,""
"VD_B_A","VD","B",0.2,852,20660852,TRUE,TRUE,TRUE,TRUE,TRUE,TRUE,TRUE,TRUE,""
"VD_B_A","VD","B",0.2,853,20660853,TRUE,TRUE,TRUE,TRUE,TRUE,TRUE,TRUE,TRUE,""
"VD_B_A","VD","B",0.2,854,20660854,TRUE,TRUE,TRUE,TRUE,TRUE,TRUE,TRUE,TRUE,""
"VD_B_A","VD","B",0.2,855,20660855,TRUE,TRUE,TRUE,TRUE,TRUE,TRUE,TRUE,TRUE,""
"VD_B_A","VD","B",0.2,856,20660856,TRUE,TRUE,TRUE,TRUE,TRUE,TRUE,TRUE,TRUE,""
"VD_B_A","VD","B",0.2,857,20660857,TRUE,TRUE,TRUE,TRUE,TRUE,TRUE,TRUE,TRUE,""
"VD_B_A","VD","B",0.2,858,20660858,TRUE,TRUE,TRUE,TRUE,TRUE,TRUE,TRUE,TRUE,""
"VD_B_A","VD","B",0.2,859,20660859,TRUE,TRUE,TRUE,TRUE,TRUE,TRUE,TRUE,TRUE,""
"VD_B_A","VD","B",0.2,860,20660860,TRUE,TRUE,TRUE,TRUE,TRUE,TRUE,TRUE,TRUE,""
"VD_B_A","VD","B",0.2,861,20660861,TRUE,TRUE,TRUE,TRUE,TRUE,TRUE,TRUE,TRUE,""
"VD_B_A","VD","B",0.2,862,20660862,TRUE,TRUE,TRUE,TRUE,TRUE,TRUE,TRUE,TRUE,""
"VD_B_A","VD","B",0.2,863,20660863,TRUE,TRUE,TRUE,TRUE,TRUE,TRUE,TRUE,TRUE,""
"VD_B_A","VD","B",0.2,864,20660864,TRUE,TRUE,TRUE,TRUE,TRUE,TRUE,TRUE,TRUE,""
"VD_B_A","VD","B",0.2,865,20660865,TRUE,TRUE,TRUE,TRUE,TRUE,TRUE,TRUE,TRUE,""
"VD_B_A","VD","B",0.2,866,20660866,TRUE,TRUE,TRUE,TRUE,TRUE,TRUE,TRUE,TRUE,""
"VD_B_A","VD","B",0.2,867,20660867,TRUE,TRUE,TRUE,TRUE,TRUE,TRUE,TRUE,TRUE,""
"VD_B_A","VD","B",0.2,868,20660868,TRUE,TRUE,TRUE,TRUE,TRUE,TRUE,TRUE,TRUE,""
"VD_B_A","VD","B",0.2,869,20660869,TRUE,TRUE,TRUE,TRUE,TRUE,TRUE,TRUE,TRUE,""
"VD_B_A","VD","B",0.2,870,20660870,TRUE,TRUE,TRUE,TRUE,TRUE,TRUE,TRUE,TRUE,""
"VD_B_A","VD","B",0.2,871,20660871,TRUE,TRUE,TRUE,TRUE,TRUE,TRUE,TRUE,TRUE,""
"VD_B_A","VD","B",0.2,872,20660872,TRUE,TRUE,TRUE,TRUE,TRUE,TRUE,TRUE,TRUE,""
"VD_B_A","VD","B",0.2,873,20660873,TRUE,TRUE,TRUE,TRUE,TRUE,TRUE,TRUE,TRUE,""
"VD_B_A","VD","B",0.2,874,20660874,TRUE,TRUE,TRUE,TRUE,TRUE,TRUE,TRUE,TRUE,""
"VD_B_A","VD","B",0.2,875,20660875,TRUE,TRUE,TRUE,TRUE,TRUE,TRUE,TRUE,TRUE,""
"VD_B_A","VD","B",0.2,876,20660876,TRUE,TRUE,TRUE,TRUE,TRUE,TRUE,TRUE,TRUE,""
"VD_B_A","VD","B",0.2,877,20660877,TRUE,TRUE,TRUE,TRUE,TRUE,TRUE,TRUE,TRUE,""
"VD_B_A","VD","B",0.2,878,20660878,TRUE,TRUE,TRUE,TRUE,TRUE,TRUE,TRUE,TRUE,""
"VD_B_A","VD","B",0.2,879,20660879,TRUE,TRUE,TRUE,TRUE,TRUE,TRUE,TRUE,TRUE,""
"VD_B_A","VD","B",0.2,880,20660880,TRUE,TRUE,TRUE,TRUE,TRUE,TRUE,TRUE,TRUE,""
"VD_B_A","VD","B",0.2,881,20660881,TRUE,TRUE,TRUE,TRUE,TRUE,TRUE,TRUE,TRUE,""
"VD_B_A","VD","B",0.2,882,20660882,TRUE,TRUE,TRUE,TRUE,TRUE,TRUE,TRUE,TRUE,""
"VD_B_A","VD","B",0.2,883,20660883,TRUE,TRUE,TRUE,TRUE,TRUE,TRUE,TRUE,TRUE,""
"VD_B_A","VD","B",0.2,884,20660884,TRUE,TRUE,TRUE,TRUE,TRUE,TRUE,TRUE,TRUE,""
"VD_B_A","VD","B",0.2,885,20660885,TRUE,TRUE,TRUE,TRUE,TRUE,TRUE,TRUE,TRUE,""
"VD_B_A","VD","B",0.2,886,20660886,TRUE,TRUE,TRUE,TRUE,TRUE,TRUE,TRUE,TRUE,""
"VD_B_A","VD","B",0.2,887,20660887,TRUE,TRUE,TRUE,TRUE,TRUE,TRUE,TRUE,TRUE,""
"VD_B_A","VD","B",0.2,888,20660888,TRUE,TRUE,TRUE,TRUE,TRUE,TRUE,TRUE,TRUE,""
"VD_B_A","VD","B",0.2,889,20660889,TRUE,TRUE,TRUE,TRUE,TRUE,TRUE,TRUE,TRUE,""
"VD_B_A","VD","B",0.2,890,20660890,TRUE,TRUE,TRUE,TRUE,TRUE,TRUE,TRUE,TRUE,""
"VD_B_A","VD","B",0.2,891,20660891,TRUE,TRUE,TRUE,TRUE,TRUE,TRUE,TRUE,TRUE,""
"VD_B_A","VD","B",0.2,892,20660892,TRUE,TRUE,TRUE,TRUE,TRUE,TRUE,TRUE,TRUE,""
"VD_B_A","VD","B",0.2,893,20660893,TRUE,TRUE,TRUE,TRUE,TRUE,TRUE,TRUE,TRUE,""
"VD_B_A","VD","B",0.2,894,20660894,TRUE,TRUE,TRUE,TRUE,TRUE,TRUE,TRUE,TRUE,""
"VD_B_A","VD","B",0.2,895,20660895,TRUE,TRUE,TRUE,TRUE,TRUE,TRUE,TRUE,TRUE,""
"VD_B_A","VD","B",0.2,896,20660896,TRUE,TRUE,TRUE,TRUE,TRUE,TRUE,TRUE,TRUE,""
"VD_B_A","VD","B",0.2,897,20660897,TRUE,TRUE,TRUE,TRUE,TRUE,TRUE,TRUE,TRUE,""
"VD_B_A","VD","B",0.2,898,20660898,TRUE,TRUE,TRUE,TRUE,TRUE,TRUE,TRUE,TRUE,""
"VD_B_A","VD","B",0.2,899,20660899,TRUE,TRUE,TRUE,TRUE,TRUE,TRUE,TRUE,TRUE,""
"VD_B_A","VD","B",0.2,900,20660900,TRUE,TRUE,TRUE,TRUE,TRUE,TRUE,TRUE,TRUE,""
"VD_B_A","VD","B",0.2,901,20660901,TRUE,TRUE,TRUE,TRUE,TRUE,TRUE,TRUE,TRUE,""
"VD_B_A","VD","B",0.2,902,20660902,TRUE,TRUE,TRUE,TRUE,TRUE,TRUE,TRUE,TRUE,""
"VD_B_A","VD","B",0.2,903,20660903,TRUE,TRUE,TRUE,TRUE,TRUE,TRUE,TRUE,TRUE,""
"VD_B_A","VD","B",0.2,904,20660904,TRUE,TRUE,TRUE,TRUE,TRUE,TRUE,TRUE,TRUE,""
"VD_B_A","VD","B",0.2,905,20660905,TRUE,TRUE,TRUE,TRUE,TRUE,TRUE,TRUE,TRUE,""
"VD_B_A","VD","B",0.2,906,20660906,TRUE,TRUE,TRUE,TRUE,TRUE,TRUE,TRUE,TRUE,""
"VD_B_A","VD","B",0.2,907,20660907,TRUE,TRUE,TRUE,TRUE,TRUE,TRUE,TRUE,TRUE,""
"VD_B_A","VD","B",0.2,908,20660908,TRUE,TRUE,TRUE,TRUE,TRUE,TRUE,TRUE,TRUE,""
"VD_B_A","VD","B",0.2,909,20660909,TRUE,TRUE,TRUE,TRUE,TRUE,TRUE,TRUE,TRUE,""
"VD_B_A","VD","B",0.2,910,20660910,TRUE,TRUE,TRUE,TRUE,TRUE,TRUE,TRUE,TRUE,""
"VD_B_A","VD","B",0.2,911,20660911,TRUE,TRUE,TRUE,TRUE,TRUE,TRUE,TRUE,TRUE,""
"VD_B_A","VD","B",0.2,912,20660912,TRUE,TRUE,TRUE,TRUE,TRUE,TRUE,TRUE,TRUE,""
"VD_B_A","VD","B",0.2,913,20660913,TRUE,TRUE,TRUE,TRUE,TRUE,TRUE,TRUE,TRUE,""
"VD_B_A","VD","B",0.2,914,20660914,TRUE,TRUE,TRUE,TRUE,TRUE,TRUE,TRUE,TRUE,""
"VD_B_A","VD","B",0.2,915,20660915,TRUE,TRUE,TRUE,TRUE,TRUE,TRUE,TRUE,TRUE,""
"VD_B_A","VD","B",0.2,916,20660916,TRUE,TRUE,TRUE,TRUE,TRUE,TRUE,TRUE,TRUE,""
"VD_B_A","VD","B",0.2,917,20660917,TRUE,TRUE,TRUE,TRUE,TRUE,TRUE,TRUE,TRUE,""
"VD_B_A","VD","B",0.2,918,20660918,TRUE,TRUE,TRUE,TRUE,TRUE,TRUE,TRUE,TRUE,""
"VD_B_A","VD","B",0.2,919,20660919,TRUE,TRUE,TRUE,TRUE,TRUE,TRUE,TRUE,TRUE,""
"VD_B_A","VD","B",0.2,920,20660920,TRUE,TRUE,TRUE,TRUE,TRUE,TRUE,TRUE,TRUE,""
"VD_B_A","VD","B",0.2,921,20660921,TRUE,TRUE,TRUE,TRUE,TRUE,TRUE,TRUE,TRUE,""
"VD_B_A","VD","B",0.2,922,20660922,TRUE,TRUE,TRUE,TRUE,TRUE,TRUE,TRUE,TRUE,""
"VD_B_A","VD","B",0.2,923,20660923,TRUE,TRUE,TRUE,TRUE,TRUE,TRUE,TRUE,TRUE,""
"VD_B_A","VD","B",0.2,924,20660924,TRUE,TRUE,TRUE,TRUE,TRUE,TRUE,TRUE,TRUE,""
"VD_B_A","VD","B",0.2,925,20660925,TRUE,TRUE,TRUE,TRUE,TRUE,TRUE,TRUE,TRUE,""
"VD_B_A","VD","B",0.2,926,20660926,TRUE,TRUE,TRUE,TRUE,TRUE,TRUE,TRUE,TRUE,""
"VD_B_A","VD","B",0.2,927,20660927,TRUE,TRUE,TRUE,TRUE,TRUE,TRUE,TRUE,TRUE,""
"VD_B_A","VD","B",0.2,928,20660928,TRUE,TRUE,TRUE,TRUE,TRUE,TRUE,TRUE,TRUE,""
"VD_B_A","VD","B",0.2,929,20660929,TRUE,TRUE,TRUE,TRUE,TRUE,TRUE,TRUE,TRUE,""
"VD_B_A","VD","B",0.2,930,20660930,TRUE,TRUE,TRUE,TRUE,TRUE,TRUE,TRUE,TRUE,""
"VD_B_A","VD","B",0.2,931,20660931,TRUE,TRUE,TRUE,TRUE,TRUE,TRUE,TRUE,TRUE,""
"VD_B_A","VD","B",0.2,932,20660932,TRUE,TRUE,TRUE,TRUE,TRUE,TRUE,TRUE,TRUE,""
"VD_B_A","VD","B",0.2,933,20660933,TRUE,TRUE,TRUE,TRUE,TRUE,TRUE,TRUE,TRUE,""
"VD_B_A","VD","B",0.2,934,20660934,TRUE,TRUE,TRUE,TRUE,TRUE,TRUE,TRUE,TRUE,""
"VD_B_A","VD","B",0.2,935,20660935,TRUE,TRUE,TRUE,TRUE,TRUE,TRUE,TRUE,TRUE,""
"VD_B_A","VD","B",0.2,936,20660936,TRUE,TRUE,TRUE,TRUE,TRUE,TRUE,TRUE,TRUE,""
"VD_B_A","VD","B",0.2,937,20660937,TRUE,TRUE,TRUE,TRUE,TRUE,TRUE,TRUE,TRUE,""
"VD_B_A","VD","B",0.2,938,20660938,TRUE,TRUE,TRUE,TRUE,TRUE,TRUE,TRUE,TRUE,""
"VD_B_A","VD","B",0.2,939,20660939,TRUE,TRUE,TRUE,TRUE,TRUE,TRUE,TRUE,TRUE,""
"VD_B_A","VD","B",0.2,940,20660940,TRUE,TRUE,TRUE,TRUE,TRUE,TRUE,TRUE,TRUE,""
"VD_B_A","VD","B",0.2,941,20660941,TRUE,TRUE,TRUE,TRUE,TRUE,TRUE,TRUE,TRUE,""
"VD_B_A","VD","B",0.2,942,20660942,TRUE,TRUE,TRUE,TRUE,TRUE,TRUE,TRUE,TRUE,""
"VD_B_A","VD","B",0.2,943,20660943,TRUE,TRUE,TRUE,TRUE,TRUE,TRUE,TRUE,TRUE,""
"VD_B_A","VD","B",0.2,944,20660944,TRUE,TRUE,TRUE,TRUE,TRUE,TRUE,TRUE,TRUE,""
"VD_B_A","VD","B",0.2,945,20660945,TRUE,TRUE,TRUE,TRUE,TRUE,TRUE,TRUE,TRUE,""
"VD_B_A","VD","B",0.2,946,20660946,TRUE,TRUE,TRUE,TRUE,TRUE,TRUE,TRUE,TRUE,""
"VD_B_A","VD","B",0.2,947,20660947,TRUE,TRUE,TRUE,TRUE,TRUE,TRUE,TRUE,TRUE,""
"VD_B_A","VD","B",0.2,948,20660948,TRUE,TRUE,TRUE,TRUE,TRUE,TRUE,TRUE,TRUE,""
"VD_B_A","VD","B",0.2,949,20660949,TRUE,TRUE,TRUE,TRUE,TRUE,TRUE,TRUE,TRUE,""
"VD_B_A","VD","B",0.2,950,20660950,TRUE,TRUE,TRUE,TRUE,TRUE,TRUE,TRUE,TRUE,""
"VD_B_A","VD","B",0.2,951,20660951,TRUE,TRUE,TRUE,TRUE,TRUE,TRUE,TRUE,TRUE,""
"VD_B_A","VD","B",0.2,952,20660952,TRUE,TRUE,TRUE,TRUE,TRUE,TRUE,TRUE,TRUE,""
"VD_B_A","VD","B",0.2,953,20660953,TRUE,TRUE,TRUE,TRUE,TRUE,TRUE,TRUE,TRUE,""
"VD_B_A","VD","B",0.2,954,20660954,TRUE,TRUE,TRUE,TRUE,TRUE,TRUE,TRUE,TRUE,""
"VD_B_A","VD","B",0.2,955,20660955,TRUE,TRUE,TRUE,TRUE,TRUE,TRUE,TRUE,TRUE,""
"VD_B_A","VD","B",0.2,956,20660956,TRUE,TRUE,TRUE,TRUE,TRUE,TRUE,TRUE,TRUE,""
"VD_B_A","VD","B",0.2,957,20660957,TRUE,TRUE,TRUE,TRUE,TRUE,TRUE,TRUE,TRUE,""
"VD_B_A","VD","B",0.2,958,20660958,TRUE,TRUE,TRUE,TRUE,TRUE,TRUE,TRUE,TRUE,""
"VD_B_A","VD","B",0.2,959,20660959,TRUE,TRUE,TRUE,TRUE,TRUE,TRUE,TRUE,TRUE,""
"VD_B_A","VD","B",0.2,960,20660960,TRUE,TRUE,TRUE,TRUE,TRUE,TRUE,TRUE,TRUE,""
"VD_B_A","VD","B",0.2,961,20660961,TRUE,TRUE,TRUE,TRUE,TRUE,TRUE,TRUE,TRUE,""
"VD_B_A","VD","B",0.2,962,20660962,TRUE,TRUE,TRUE,TRUE,TRUE,TRUE,TRUE,TRUE,""
"VD_B_A","VD","B",0.2,963,20660963,TRUE,TRUE,TRUE,TRUE,TRUE,TRUE,TRUE,TRUE,""
"VD_B_A","VD","B",0.2,964,20660964,TRUE,TRUE,TRUE,TRUE,TRUE,TRUE,TRUE,TRUE,""
"VD_B_A","VD","B",0.2,965,20660965,TRUE,TRUE,TRUE,TRUE,TRUE,TRUE,TRUE,TRUE,""
"VD_B_A","VD","B",0.2,966,20660966,TRUE,TRUE,TRUE,TRUE,TRUE,TRUE,TRUE,TRUE,""
"VD_B_A","VD","B",0.2,967,20660967,TRUE,TRUE,TRUE,TRUE,TRUE,TRUE,TRUE,TRUE,""
"VD_B_A","VD","B",0.2,968,20660968,TRUE,TRUE,TRUE,TRUE,TRUE,TRUE,TRUE,TRUE,""
"VD_B_A","VD","B",0.2,969,20660969,TRUE,TRUE,TRUE,TRUE,TRUE,TRUE,TRUE,TRUE,""
"VD_B_A","VD","B",0.2,970,20660970,TRUE,TRUE,TRUE,TRUE,TRUE,TRUE,TRUE,TRUE,""
"VD_B_A","VD","B",0.2,971,20660971,TRUE,TRUE,TRUE,TRUE,TRUE,TRUE,TRUE,TRUE,""
"VD_B_A","VD","B",0.2,972,20660972,TRUE,TRUE,TRUE,TRUE,TRUE,TRUE,TRUE,TRUE,""
"VD_B_A","VD","B",0.2,973,20660973,TRUE,TRUE,TRUE,TRUE,TRUE,TRUE,TRUE,TRUE,""
"VD_B_A","VD","B",0.2,974,20660974,TRUE,TRUE,TRUE,TRUE,TRUE,TRUE,TRUE,TRUE,""
"VD_B_A","VD","B",0.2,975,20660975,TRUE,TRUE,TRUE,TRUE,TRUE,TRUE,TRUE,TRUE,""
"VD_B_A","VD","B",0.2,976,20660976,TRUE,TRUE,TRUE,TRUE,TRUE,TRUE,TRUE,TRUE,""
"VD_B_A","VD","B",0.2,977,20660977,TRUE,TRUE,TRUE,TRUE,TRUE,TRUE,TRUE,TRUE,""
"VD_B_A","VD","B",0.2,978,20660978,TRUE,TRUE,TRUE,TRUE,TRUE,TRUE,TRUE,TRUE,""
"VD_B_A","VD","B",0.2,979,20660979,TRUE,TRUE,TRUE,TRUE,TRUE,TRUE,TRUE,TRUE,""
"VD_B_A","VD","B",0.2,980,20660980,TRUE,TRUE,TRUE,TRUE,TRUE,TRUE,TRUE,TRUE,""
"VD_B_A","VD","B",0.2,981,20660981,TRUE,TRUE,TRUE,TRUE,TRUE,TRUE,TRUE,TRUE,""
"VD_B_A","VD","B",0.2,982,20660982,TRUE,TRUE,TRUE,TRUE,TRUE,TRUE,TRUE,TRUE,""
"VD_B_A","VD","B",0.2,983,20660983,TRUE,TRUE,TRUE,TRUE,TRUE,TRUE,TRUE,TRUE,""
"VD_B_A","VD","B",0.2,984,20660984,TRUE,TRUE,TRUE,TRUE,TRUE,TRUE,TRUE,TRUE,""
"VD_B_A","VD","B",0.2,985,20660985,TRUE,TRUE,TRUE,TRUE,TRUE,TRUE,TRUE,TRUE,""
"VD_B_A","VD","B",0.2,986,20660986,TRUE,TRUE,TRUE,TRUE,TRUE,TRUE,TRUE,TRUE,""
"VD_B_A","VD","B",0.2,987,20660987,TRUE,TRUE,TRUE,TRUE,TRUE,TRUE,TRUE,TRUE,""
"VD_B_A","VD","B",0.2,988,20660988,TRUE,TRUE,TRUE,TRUE,TRUE,TRUE,TRUE,TRUE,""
"VD_B_A","VD","B",0.2,989,20660989,TRUE,TRUE,TRUE,TRUE,TRUE,TRUE,TRUE,TRUE,""
"VD_B_A","VD","B",0.2,990,20660990,TRUE,TRUE,TRUE,TRUE,TRUE,TRUE,TRUE,TRUE,""
"VD_B_A","VD","B",0.2,991,20660991,TRUE,TRUE,TRUE,TRUE,TRUE,TRUE,TRUE,TRUE,""
"VD_B_A","VD","B",0.2,992,20660992,TRUE,TRUE,TRUE,TRUE,TRUE,TRUE,TRUE,TRUE,""
"VD_B_A","VD","B",0.2,993,20660993,TRUE,TRUE,TRUE,TRUE,TRUE,TRUE,TRUE,TRUE,""
"VD_B_A","VD","B",0.2,994,20660994,TRUE,TRUE,TRUE,TRUE,TRUE,TRUE,TRUE,TRUE,""
"VD_B_A","VD","B",0.2,995,20660995,TRUE,TRUE,TRUE,TRUE,TRUE,TRUE,TRUE,TRUE,""
"VD_B_A","VD","B",0.2,996,20660996,TRUE,TRUE,TRUE,TRUE,TRUE,TRUE,TRUE,TRUE,""
"VD_B_A","VD","B",0.2,997,20660997,TRUE,TRUE,TRUE,TRUE,TRUE,TRUE,TRUE,TRUE,""
"VD_B_A","VD","B",0.2,998,20660998,TRUE,TRUE,TRUE,TRUE,TRUE,TRUE,TRUE,TRUE,""
"VD_B_A","VD","B",0.2,999,20660999,TRUE,TRUE,TRUE,TRUE,TRUE,TRUE,TRUE,TRUE,""
"VD_B_A","VD","B",0.2,1000,20661000,TRUE,TRUE,TRUE,TRUE,TRUE,TRUE,TRUE,TRUE,""
"VD_SH_N","VD","SH",0,1,20760001,TRUE,TRUE,TRUE,TRUE,TRUE,TRUE,TRUE,TRUE,""
"VD_SH_N","VD","SH",0,2,20760002,TRUE,TRUE,TRUE,TRUE,TRUE,TRUE,TRUE,TRUE,""
"VD_SH_N","VD","SH",0,3,20760003,TRUE,TRUE,TRUE,TRUE,TRUE,TRUE,TRUE,TRUE,""
"VD_SH_N","VD","SH",0,4,20760004,TRUE,TRUE,TRUE,TRUE,TRUE,TRUE,TRUE,TRUE,""
"VD_SH_N","VD","SH",0,5,20760005,TRUE,TRUE,TRUE,TRUE,TRUE,TRUE,TRUE,TRUE,""
"VD_SH_N","VD","SH",0,6,20760006,TRUE,TRUE,TRUE,TRUE,TRUE,TRUE,TRUE,TRUE,""
"VD_SH_N","VD","SH",0,7,20760007,TRUE,TRUE,TRUE,TRUE,TRUE,TRUE,TRUE,TRUE,""
"VD_SH_N","VD","SH",0,8,20760008,TRUE,TRUE,TRUE,TRUE,TRUE,TRUE,TRUE,TRUE,""
"VD_SH_N","VD","SH",0,9,20760009,TRUE,TRUE,TRUE,TRUE,TRUE,TRUE,TRUE,TRUE,""
"VD_SH_N","VD","SH",0,10,20760010,TRUE,TRUE,TRUE,TRUE,TRUE,TRUE,TRUE,TRUE,""
"VD_SH_N","VD","SH",0,11,20760011,TRUE,TRUE,TRUE,TRUE,TRUE,TRUE,TRUE,TRUE,""
"VD_SH_N","VD","SH",0,12,20760012,TRUE,TRUE,TRUE,TRUE,TRUE,TRUE,TRUE,TRUE,""
"VD_SH_N","VD","SH",0,13,20760013,TRUE,TRUE,TRUE,TRUE,TRUE,TRUE,TRUE,TRUE,""
"VD_SH_N","VD","SH",0,14,20760014,TRUE,TRUE,TRUE,TRUE,TRUE,TRUE,TRUE,TRUE,""
"VD_SH_N","VD","SH",0,15,20760015,TRUE,TRUE,TRUE,TRUE,TRUE,TRUE,TRUE,TRUE,""
"VD_SH_N","VD","SH",0,16,20760016,TRUE,TRUE,TRUE,TRUE,TRUE,TRUE,TRUE,TRUE,""
"VD_SH_N","VD","SH",0,17,20760017,TRUE,TRUE,TRUE,TRUE,TRUE,TRUE,TRUE,TRUE,""
"VD_SH_N","VD","SH",0,18,20760018,TRUE,TRUE,TRUE,TRUE,TRUE,TRUE,TRUE,TRUE,""
"VD_SH_N","VD","SH",0,19,20760019,TRUE,TRUE,TRUE,TRUE,TRUE,TRUE,TRUE,TRUE,""
"VD_SH_N","VD","SH",0,20,20760020,TRUE,TRUE,TRUE,TRUE,TRUE,TRUE,TRUE,TRUE,""
"VD_SH_N","VD","SH",0,21,20760021,TRUE,TRUE,TRUE,TRUE,TRUE,TRUE,TRUE,TRUE,""
"VD_SH_N","VD","SH",0,22,20760022,TRUE,TRUE,TRUE,TRUE,TRUE,TRUE,TRUE,TRUE,""
"VD_SH_N","VD","SH",0,23,20760023,TRUE,TRUE,TRUE,TRUE,TRUE,TRUE,TRUE,TRUE,""
"VD_SH_N","VD","SH",0,24,20760024,TRUE,TRUE,TRUE,TRUE,TRUE,TRUE,TRUE,TRUE,""
"VD_SH_N","VD","SH",0,25,20760025,TRUE,TRUE,TRUE,TRUE,TRUE,TRUE,TRUE,TRUE,""
"VD_SH_N","VD","SH",0,26,20760026,TRUE,TRUE,TRUE,TRUE,TRUE,TRUE,TRUE,TRUE,""
"VD_SH_N","VD","SH",0,27,20760027,TRUE,TRUE,TRUE,TRUE,TRUE,TRUE,TRUE,TRUE,""
"VD_SH_N","VD","SH",0,28,20760028,TRUE,TRUE,TRUE,TRUE,TRUE,TRUE,TRUE,TRUE,""
"VD_SH_N","VD","SH",0,29,20760029,TRUE,TRUE,TRUE,TRUE,TRUE,TRUE,TRUE,TRUE,""
"VD_SH_N","VD","SH",0,30,20760030,TRUE,TRUE,TRUE,TRUE,TRUE,TRUE,TRUE,TRUE,""
"VD_SH_N","VD","SH",0,31,20760031,TRUE,TRUE,TRUE,TRUE,TRUE,TRUE,TRUE,TRUE,""
"VD_SH_N","VD","SH",0,32,20760032,TRUE,TRUE,TRUE,TRUE,TRUE,TRUE,TRUE,TRUE,""
"VD_SH_N","VD","SH",0,33,20760033,TRUE,TRUE,TRUE,TRUE,TRUE,TRUE,TRUE,TRUE,""
"VD_SH_N","VD","SH",0,34,20760034,TRUE,TRUE,TRUE,TRUE,TRUE,TRUE,TRUE,TRUE,""
"VD_SH_N","VD","SH",0,35,20760035,TRUE,TRUE,TRUE,TRUE,TRUE,TRUE,TRUE,TRUE,""
"VD_SH_N","VD","SH",0,36,20760036,TRUE,TRUE,TRUE,TRUE,TRUE,TRUE,TRUE,TRUE,""
"VD_SH_N","VD","SH",0,37,20760037,TRUE,TRUE,TRUE,TRUE,TRUE,TRUE,TRUE,TRUE,""
"VD_SH_N","VD","SH",0,38,20760038,TRUE,TRUE,TRUE,TRUE,TRUE,TRUE,TRUE,TRUE,""
"VD_SH_N","VD","SH",0,39,20760039,TRUE,TRUE,TRUE,TRUE,TRUE,TRUE,TRUE,TRUE,""
"VD_SH_N","VD","SH",0,40,20760040,TRUE,TRUE,TRUE,TRUE,TRUE,TRUE,TRUE,TRUE,""
"VD_SH_N","VD","SH",0,41,20760041,TRUE,TRUE,TRUE,TRUE,TRUE,TRUE,TRUE,TRUE,""
"VD_SH_N","VD","SH",0,42,20760042,TRUE,TRUE,TRUE,TRUE,TRUE,TRUE,TRUE,TRUE,""
"VD_SH_N","VD","SH",0,43,20760043,TRUE,TRUE,TRUE,TRUE,TRUE,TRUE,TRUE,TRUE,""
"VD_SH_N","VD","SH",0,44,20760044,TRUE,TRUE,TRUE,TRUE,TRUE,TRUE,TRUE,TRUE,""
"VD_SH_N","VD","SH",0,45,20760045,TRUE,TRUE,TRUE,TRUE,TRUE,TRUE,TRUE,TRUE,""
"VD_SH_N","VD","SH",0,46,20760046,TRUE,TRUE,TRUE,TRUE,TRUE,TRUE,TRUE,TRUE,""
"VD_SH_N","VD","SH",0,47,20760047,TRUE,TRUE,TRUE,TRUE,TRUE,TRUE,TRUE,TRUE,""
"VD_SH_N","VD","SH",0,48,20760048,TRUE,TRUE,TRUE,TRUE,TRUE,TRUE,TRUE,TRUE,""
"VD_SH_N","VD","SH",0,49,20760049,TRUE,TRUE,TRUE,TRUE,TRUE,TRUE,TRUE,TRUE,""
"VD_SH_N","VD","SH",0,50,20760050,TRUE,TRUE,TRUE,TRUE,TRUE,TRUE,TRUE,TRUE,""
"VD_SH_N","VD","SH",0,51,20760051,TRUE,TRUE,TRUE,TRUE,TRUE,TRUE,TRUE,TRUE,""
"VD_SH_N","VD","SH",0,52,20760052,TRUE,TRUE,TRUE,TRUE,TRUE,TRUE,TRUE,TRUE,""
"VD_SH_N","VD","SH",0,53,20760053,TRUE,TRUE,TRUE,TRUE,TRUE,TRUE,TRUE,TRUE,""
"VD_SH_N","VD","SH",0,54,20760054,TRUE,TRUE,TRUE,TRUE,TRUE,TRUE,TRUE,TRUE,""
"VD_SH_N","VD","SH",0,55,20760055,TRUE,TRUE,TRUE,TRUE,TRUE,TRUE,TRUE,TRUE,""
"VD_SH_N","VD","SH",0,56,20760056,TRUE,TRUE,TRUE,TRUE,TRUE,TRUE,TRUE,TRUE,""
"VD_SH_N","VD","SH",0,57,20760057,TRUE,TRUE,TRUE,TRUE,TRUE,TRUE,TRUE,TRUE,""
"VD_SH_N","VD","SH",0,58,20760058,TRUE,TRUE,TRUE,TRUE,TRUE,TRUE,TRUE,TRUE,""
"VD_SH_N","VD","SH",0,59,20760059,TRUE,TRUE,TRUE,TRUE,TRUE,TRUE,TRUE,TRUE,""
"VD_SH_N","VD","SH",0,60,20760060,TRUE,TRUE,TRUE,TRUE,TRUE,TRUE,TRUE,TRUE,""
"VD_SH_N","VD","SH",0,61,20760061,TRUE,TRUE,TRUE,TRUE,TRUE,TRUE,TRUE,TRUE,""
"VD_SH_N","VD","SH",0,62,20760062,TRUE,TRUE,TRUE,TRUE,TRUE,TRUE,TRUE,TRUE,""
"VD_SH_N","VD","SH",0,63,20760063,TRUE,TRUE,TRUE,TRUE,TRUE,TRUE,TRUE,TRUE,""
"VD_SH_N","VD","SH",0,64,20760064,TRUE,TRUE,TRUE,TRUE,TRUE,TRUE,TRUE,TRUE,""
"VD_SH_N","VD","SH",0,65,20760065,TRUE,TRUE,TRUE,TRUE,TRUE,TRUE,TRUE,TRUE,""
"VD_SH_N","VD","SH",0,66,20760066,TRUE,TRUE,TRUE,TRUE,TRUE,TRUE,TRUE,TRUE,""
"VD_SH_N","VD","SH",0,67,20760067,TRUE,TRUE,TRUE,TRUE,TRUE,TRUE,TRUE,TRUE,""
"VD_SH_N","VD","SH",0,68,20760068,TRUE,TRUE,TRUE,TRUE,TRUE,TRUE,TRUE,TRUE,""
"VD_SH_N","VD","SH",0,69,20760069,TRUE,TRUE,TRUE,TRUE,TRUE,TRUE,TRUE,TRUE,""
"VD_SH_N","VD","SH",0,70,20760070,TRUE,TRUE,TRUE,TRUE,TRUE,TRUE,TRUE,TRUE,""
"VD_SH_N","VD","SH",0,71,20760071,TRUE,TRUE,TRUE,TRUE,TRUE,TRUE,TRUE,TRUE,""
"VD_SH_N","VD","SH",0,72,20760072,TRUE,TRUE,TRUE,TRUE,TRUE,TRUE,TRUE,TRUE,""
"VD_SH_N","VD","SH",0,73,20760073,TRUE,TRUE,TRUE,TRUE,TRUE,TRUE,TRUE,TRUE,""
"VD_SH_N","VD","SH",0,74,20760074,TRUE,TRUE,TRUE,TRUE,TRUE,TRUE,TRUE,TRUE,""
"VD_SH_N","VD","SH",0,75,20760075,TRUE,TRUE,TRUE,TRUE,TRUE,TRUE,TRUE,TRUE,""
"VD_SH_N","VD","SH",0,76,20760076,TRUE,TRUE,TRUE,TRUE,TRUE,TRUE,TRUE,TRUE,""
"VD_SH_N","VD","SH",0,77,20760077,TRUE,TRUE,TRUE,TRUE,TRUE,TRUE,TRUE,TRUE,""
"VD_SH_N","VD","SH",0,78,20760078,TRUE,TRUE,TRUE,TRUE,TRUE,TRUE,TRUE,TRUE,""
"VD_SH_N","VD","SH",0,79,20760079,TRUE,TRUE,TRUE,TRUE,TRUE,TRUE,TRUE,TRUE,""
"VD_SH_N","VD","SH",0,80,20760080,TRUE,TRUE,TRUE,TRUE,TRUE,TRUE,TRUE,TRUE,""
"VD_SH_N","VD","SH",0,81,20760081,TRUE,TRUE,TRUE,TRUE,TRUE,TRUE,TRUE,TRUE,""
"VD_SH_N","VD","SH",0,82,20760082,TRUE,TRUE,TRUE,TRUE,TRUE,TRUE,TRUE,TRUE,""
"VD_SH_N","VD","SH",0,83,20760083,TRUE,TRUE,TRUE,TRUE,TRUE,TRUE,TRUE,TRUE,""
"VD_SH_N","VD","SH",0,84,20760084,TRUE,TRUE,TRUE,TRUE,TRUE,TRUE,TRUE,TRUE,""
"VD_SH_N","VD","SH",0,85,20760085,TRUE,TRUE,TRUE,TRUE,TRUE,TRUE,TRUE,TRUE,""
"VD_SH_N","VD","SH",0,86,20760086,TRUE,TRUE,TRUE,TRUE,TRUE,TRUE,TRUE,TRUE,""
"VD_SH_N","VD","SH",0,87,20760087,TRUE,TRUE,TRUE,TRUE,TRUE,TRUE,TRUE,TRUE,""
"VD_SH_N","VD","SH",0,88,20760088,TRUE,TRUE,TRUE,TRUE,TRUE,TRUE,TRUE,TRUE,""
"VD_SH_N","VD","SH",0,89,20760089,TRUE,TRUE,TRUE,TRUE,TRUE,TRUE,TRUE,TRUE,""
"VD_SH_N","VD","SH",0,90,20760090,TRUE,TRUE,TRUE,TRUE,TRUE,TRUE,TRUE,TRUE,""
"VD_SH_N","VD","SH",0,91,20760091,TRUE,TRUE,TRUE,TRUE,TRUE,TRUE,TRUE,TRUE,""
"VD_SH_N","VD","SH",0,92,20760092,TRUE,TRUE,TRUE,TRUE,TRUE,TRUE,TRUE,TRUE,""
"VD_SH_N","VD","SH",0,93,20760093,TRUE,TRUE,TRUE,TRUE,TRUE,TRUE,TRUE,TRUE,""
"VD_SH_N","VD","SH",0,94,20760094,TRUE,TRUE,TRUE,TRUE,TRUE,TRUE,TRUE,TRUE,""
"VD_SH_N","VD","SH",0,95,20760095,TRUE,TRUE,TRUE,TRUE,TRUE,TRUE,TRUE,TRUE,""
"VD_SH_N","VD","SH",0,96,20760096,TRUE,TRUE,TRUE,TRUE,TRUE,TRUE,TRUE,TRUE,""
"VD_SH_N","VD","SH",0,97,20760097,TRUE,TRUE,TRUE,TRUE,TRUE,TRUE,TRUE,TRUE,""
"VD_SH_N","VD","SH",0,98,20760098,TRUE,TRUE,TRUE,TRUE,TRUE,TRUE,TRUE,TRUE,""
"VD_SH_N","VD","SH",0,99,20760099,TRUE,TRUE,TRUE,TRUE,TRUE,TRUE,TRUE,TRUE,""
"VD_SH_N","VD","SH",0,100,20760100,TRUE,TRUE,TRUE,TRUE,TRUE,TRUE,TRUE,TRUE,""
"VD_SH_N","VD","SH",0,101,20760101,TRUE,TRUE,TRUE,TRUE,TRUE,TRUE,TRUE,TRUE,""
"VD_SH_N","VD","SH",0,102,20760102,TRUE,TRUE,TRUE,TRUE,TRUE,TRUE,TRUE,TRUE,""
"VD_SH_N","VD","SH",0,103,20760103,TRUE,TRUE,TRUE,TRUE,TRUE,TRUE,TRUE,TRUE,""
"VD_SH_N","VD","SH",0,104,20760104,TRUE,TRUE,TRUE,TRUE,TRUE,TRUE,TRUE,TRUE,""
"VD_SH_N","VD","SH",0,105,20760105,TRUE,TRUE,TRUE,TRUE,TRUE,TRUE,TRUE,TRUE,""
"VD_SH_N","VD","SH",0,106,20760106,TRUE,TRUE,TRUE,TRUE,TRUE,TRUE,TRUE,TRUE,""
"VD_SH_N","VD","SH",0,107,20760107,TRUE,TRUE,TRUE,TRUE,TRUE,TRUE,TRUE,TRUE,""
"VD_SH_N","VD","SH",0,108,20760108,TRUE,TRUE,TRUE,TRUE,TRUE,TRUE,TRUE,TRUE,""
"VD_SH_N","VD","SH",0,109,20760109,TRUE,TRUE,TRUE,TRUE,TRUE,TRUE,TRUE,TRUE,""
"VD_SH_N","VD","SH",0,110,20760110,TRUE,TRUE,TRUE,TRUE,TRUE,TRUE,TRUE,TRUE,""
"VD_SH_N","VD","SH",0,111,20760111,TRUE,TRUE,TRUE,TRUE,TRUE,TRUE,TRUE,TRUE,""
"VD_SH_N","VD","SH",0,112,20760112,TRUE,TRUE,TRUE,TRUE,TRUE,TRUE,TRUE,TRUE,""
"VD_SH_N","VD","SH",0,113,20760113,TRUE,TRUE,TRUE,TRUE,TRUE,TRUE,TRUE,TRUE,""
"VD_SH_N","VD","SH",0,114,20760114,TRUE,TRUE,TRUE,TRUE,TRUE,TRUE,TRUE,TRUE,""
"VD_SH_N","VD","SH",0,115,20760115,TRUE,TRUE,TRUE,TRUE,TRUE,TRUE,TRUE,TRUE,""
"VD_SH_N","VD","SH",0,116,20760116,TRUE,TRUE,TRUE,TRUE,TRUE,TRUE,TRUE,TRUE,""
"VD_SH_N","VD","SH",0,117,20760117,TRUE,TRUE,TRUE,TRUE,TRUE,TRUE,TRUE,TRUE,""
"VD_SH_N","VD","SH",0,118,20760118,TRUE,TRUE,TRUE,TRUE,TRUE,TRUE,TRUE,TRUE,""
"VD_SH_N","VD","SH",0,119,20760119,TRUE,TRUE,TRUE,TRUE,TRUE,TRUE,TRUE,TRUE,""
"VD_SH_N","VD","SH",0,120,20760120,TRUE,TRUE,TRUE,TRUE,TRUE,TRUE,TRUE,TRUE,""
"VD_SH_N","VD","SH",0,121,20760121,TRUE,TRUE,TRUE,TRUE,TRUE,TRUE,TRUE,TRUE,""
"VD_SH_N","VD","SH",0,122,20760122,TRUE,TRUE,TRUE,TRUE,TRUE,TRUE,TRUE,TRUE,""
"VD_SH_N","VD","SH",0,123,20760123,TRUE,TRUE,TRUE,TRUE,TRUE,TRUE,TRUE,TRUE,""
"VD_SH_N","VD","SH",0,124,20760124,TRUE,TRUE,TRUE,TRUE,TRUE,TRUE,TRUE,TRUE,""
"VD_SH_N","VD","SH",0,125,20760125,TRUE,TRUE,TRUE,TRUE,TRUE,TRUE,TRUE,TRUE,""
"VD_SH_N","VD","SH",0,126,20760126,TRUE,TRUE,TRUE,TRUE,TRUE,TRUE,TRUE,TRUE,""
"VD_SH_N","VD","SH",0,127,20760127,TRUE,TRUE,TRUE,TRUE,TRUE,TRUE,TRUE,TRUE,""
"VD_SH_N","VD","SH",0,128,20760128,TRUE,TRUE,TRUE,TRUE,TRUE,TRUE,TRUE,TRUE,""
"VD_SH_N","VD","SH",0,129,20760129,TRUE,TRUE,TRUE,TRUE,TRUE,TRUE,TRUE,TRUE,""
"VD_SH_N","VD","SH",0,130,20760130,TRUE,TRUE,TRUE,TRUE,TRUE,TRUE,TRUE,TRUE,""
"VD_SH_N","VD","SH",0,131,20760131,TRUE,TRUE,TRUE,TRUE,TRUE,TRUE,TRUE,TRUE,""
"VD_SH_N","VD","SH",0,132,20760132,TRUE,TRUE,TRUE,TRUE,TRUE,TRUE,TRUE,TRUE,""
"VD_SH_N","VD","SH",0,133,20760133,TRUE,TRUE,TRUE,TRUE,TRUE,TRUE,TRUE,TRUE,""
"VD_SH_N","VD","SH",0,134,20760134,TRUE,TRUE,TRUE,TRUE,TRUE,TRUE,TRUE,TRUE,""
"VD_SH_N","VD","SH",0,135,20760135,TRUE,TRUE,TRUE,TRUE,TRUE,TRUE,TRUE,TRUE,""
"VD_SH_N","VD","SH",0,136,20760136,TRUE,TRUE,TRUE,TRUE,TRUE,TRUE,TRUE,TRUE,""
"VD_SH_N","VD","SH",0,137,20760137,TRUE,TRUE,TRUE,TRUE,TRUE,TRUE,TRUE,TRUE,""
"VD_SH_N","VD","SH",0,138,20760138,TRUE,TRUE,TRUE,TRUE,TRUE,TRUE,TRUE,TRUE,""
"VD_SH_N","VD","SH",0,139,20760139,TRUE,TRUE,TRUE,TRUE,TRUE,TRUE,TRUE,TRUE,""
"VD_SH_N","VD","SH",0,140,20760140,TRUE,TRUE,TRUE,TRUE,TRUE,TRUE,TRUE,TRUE,""
"VD_SH_N","VD","SH",0,141,20760141,TRUE,TRUE,TRUE,TRUE,TRUE,TRUE,TRUE,TRUE,""
"VD_SH_N","VD","SH",0,142,20760142,TRUE,TRUE,TRUE,TRUE,TRUE,TRUE,TRUE,TRUE,""
"VD_SH_N","VD","SH",0,143,20760143,TRUE,TRUE,TRUE,TRUE,TRUE,TRUE,TRUE,TRUE,""
"VD_SH_N","VD","SH",0,144,20760144,TRUE,TRUE,TRUE,TRUE,TRUE,TRUE,TRUE,TRUE,""
"VD_SH_N","VD","SH",0,145,20760145,TRUE,TRUE,TRUE,TRUE,TRUE,TRUE,TRUE,TRUE,""
"VD_SH_N","VD","SH",0,146,20760146,TRUE,TRUE,TRUE,TRUE,TRUE,TRUE,TRUE,TRUE,""
"VD_SH_N","VD","SH",0,147,20760147,TRUE,TRUE,TRUE,TRUE,TRUE,TRUE,TRUE,TRUE,""
"VD_SH_N","VD","SH",0,148,20760148,TRUE,TRUE,TRUE,TRUE,TRUE,TRUE,TRUE,TRUE,""
"VD_SH_N","VD","SH",0,149,20760149,TRUE,TRUE,TRUE,TRUE,TRUE,TRUE,TRUE,TRUE,""
"VD_SH_N","VD","SH",0,150,20760150,TRUE,TRUE,TRUE,TRUE,TRUE,TRUE,TRUE,TRUE,""
"VD_SH_N","VD","SH",0,151,20760151,TRUE,TRUE,TRUE,TRUE,TRUE,TRUE,TRUE,TRUE,""
"VD_SH_N","VD","SH",0,152,20760152,TRUE,TRUE,TRUE,TRUE,TRUE,TRUE,TRUE,TRUE,""
"VD_SH_N","VD","SH",0,153,20760153,TRUE,TRUE,TRUE,TRUE,TRUE,TRUE,TRUE,TRUE,""
"VD_SH_N","VD","SH",0,154,20760154,TRUE,TRUE,TRUE,TRUE,TRUE,TRUE,TRUE,TRUE,""
"VD_SH_N","VD","SH",0,155,20760155,TRUE,TRUE,TRUE,TRUE,TRUE,TRUE,TRUE,TRUE,""
"VD_SH_N","VD","SH",0,156,20760156,TRUE,TRUE,TRUE,TRUE,TRUE,TRUE,TRUE,TRUE,""
"VD_SH_N","VD","SH",0,157,20760157,TRUE,TRUE,TRUE,TRUE,TRUE,TRUE,TRUE,TRUE,""
"VD_SH_N","VD","SH",0,158,20760158,TRUE,TRUE,TRUE,TRUE,TRUE,TRUE,TRUE,TRUE,""
"VD_SH_N","VD","SH",0,159,20760159,TRUE,TRUE,TRUE,TRUE,TRUE,TRUE,TRUE,TRUE,""
"VD_SH_N","VD","SH",0,160,20760160,TRUE,TRUE,TRUE,TRUE,TRUE,TRUE,TRUE,TRUE,""
"VD_SH_N","VD","SH",0,161,20760161,TRUE,TRUE,TRUE,TRUE,TRUE,TRUE,TRUE,TRUE,""
"VD_SH_N","VD","SH",0,162,20760162,TRUE,TRUE,TRUE,TRUE,TRUE,TRUE,TRUE,TRUE,""
"VD_SH_N","VD","SH",0,163,20760163,TRUE,TRUE,TRUE,TRUE,TRUE,TRUE,TRUE,TRUE,""
"VD_SH_N","VD","SH",0,164,20760164,TRUE,TRUE,TRUE,TRUE,TRUE,TRUE,TRUE,TRUE,""
"VD_SH_N","VD","SH",0,165,20760165,TRUE,TRUE,TRUE,TRUE,TRUE,TRUE,TRUE,TRUE,""
"VD_SH_N","VD","SH",0,166,20760166,TRUE,TRUE,TRUE,TRUE,TRUE,TRUE,TRUE,TRUE,""
"VD_SH_N","VD","SH",0,167,20760167,TRUE,TRUE,TRUE,TRUE,TRUE,TRUE,TRUE,TRUE,""
"VD_SH_N","VD","SH",0,168,20760168,TRUE,TRUE,TRUE,TRUE,TRUE,TRUE,TRUE,TRUE,""
"VD_SH_N","VD","SH",0,169,20760169,TRUE,TRUE,TRUE,TRUE,TRUE,TRUE,TRUE,TRUE,""
"VD_SH_N","VD","SH",0,170,20760170,TRUE,TRUE,TRUE,TRUE,TRUE,TRUE,TRUE,TRUE,""
"VD_SH_N","VD","SH",0,171,20760171,TRUE,TRUE,TRUE,TRUE,TRUE,TRUE,TRUE,TRUE,""
"VD_SH_N","VD","SH",0,172,20760172,TRUE,TRUE,TRUE,TRUE,TRUE,TRUE,TRUE,TRUE,""
"VD_SH_N","VD","SH",0,173,20760173,TRUE,TRUE,TRUE,TRUE,TRUE,TRUE,TRUE,TRUE,""
"VD_SH_N","VD","SH",0,174,20760174,TRUE,TRUE,TRUE,TRUE,TRUE,TRUE,TRUE,TRUE,""
"VD_SH_N","VD","SH",0,175,20760175,TRUE,TRUE,TRUE,TRUE,TRUE,TRUE,TRUE,TRUE,""
"VD_SH_N","VD","SH",0,176,20760176,TRUE,TRUE,TRUE,TRUE,TRUE,TRUE,TRUE,TRUE,""
"VD_SH_N","VD","SH",0,177,20760177,TRUE,TRUE,TRUE,TRUE,TRUE,TRUE,TRUE,TRUE,""
"VD_SH_N","VD","SH",0,178,20760178,TRUE,TRUE,TRUE,TRUE,TRUE,TRUE,TRUE,TRUE,""
"VD_SH_N","VD","SH",0,179,20760179,TRUE,TRUE,TRUE,TRUE,TRUE,TRUE,TRUE,TRUE,""
"VD_SH_N","VD","SH",0,180,20760180,TRUE,TRUE,TRUE,TRUE,TRUE,TRUE,TRUE,TRUE,""
"VD_SH_N","VD","SH",0,181,20760181,TRUE,TRUE,TRUE,TRUE,TRUE,TRUE,TRUE,TRUE,""
"VD_SH_N","VD","SH",0,182,20760182,TRUE,TRUE,TRUE,TRUE,TRUE,TRUE,TRUE,TRUE,""
"VD_SH_N","VD","SH",0,183,20760183,TRUE,TRUE,TRUE,TRUE,TRUE,TRUE,TRUE,TRUE,""
"VD_SH_N","VD","SH",0,184,20760184,TRUE,TRUE,TRUE,TRUE,TRUE,TRUE,TRUE,TRUE,""
"VD_SH_N","VD","SH",0,185,20760185,TRUE,TRUE,TRUE,TRUE,TRUE,TRUE,TRUE,TRUE,""
"VD_SH_N","VD","SH",0,186,20760186,TRUE,TRUE,TRUE,TRUE,TRUE,TRUE,TRUE,TRUE,""
"VD_SH_N","VD","SH",0,187,20760187,TRUE,TRUE,TRUE,TRUE,TRUE,TRUE,TRUE,TRUE,""
"VD_SH_N","VD","SH",0,188,20760188,TRUE,TRUE,TRUE,TRUE,TRUE,TRUE,TRUE,TRUE,""
"VD_SH_N","VD","SH",0,189,20760189,TRUE,TRUE,TRUE,TRUE,TRUE,TRUE,TRUE,TRUE,""
"VD_SH_N","VD","SH",0,190,20760190,TRUE,TRUE,TRUE,TRUE,TRUE,TRUE,TRUE,TRUE,""
"VD_SH_N","VD","SH",0,191,20760191,TRUE,TRUE,TRUE,TRUE,TRUE,TRUE,TRUE,TRUE,""
"VD_SH_N","VD","SH",0,192,20760192,TRUE,TRUE,TRUE,TRUE,TRUE,TRUE,TRUE,TRUE,""
"VD_SH_N","VD","SH",0,193,20760193,TRUE,TRUE,TRUE,TRUE,TRUE,TRUE,TRUE,TRUE,""
"VD_SH_N","VD","SH",0,194,20760194,TRUE,TRUE,TRUE,TRUE,TRUE,TRUE,TRUE,TRUE,""
"VD_SH_N","VD","SH",0,195,20760195,TRUE,TRUE,TRUE,TRUE,TRUE,TRUE,TRUE,TRUE,""
"VD_SH_N","VD","SH",0,196,20760196,TRUE,TRUE,TRUE,TRUE,TRUE,TRUE,TRUE,TRUE,""
"VD_SH_N","VD","SH",0,197,20760197,TRUE,TRUE,TRUE,TRUE,TRUE,TRUE,TRUE,TRUE,""
"VD_SH_N","VD","SH",0,198,20760198,TRUE,TRUE,TRUE,TRUE,TRUE,TRUE,TRUE,TRUE,""
"VD_SH_N","VD","SH",0,199,20760199,TRUE,TRUE,TRUE,TRUE,TRUE,TRUE,TRUE,TRUE,""
"VD_SH_N","VD","SH",0,200,20760200,TRUE,TRUE,TRUE,TRUE,TRUE,TRUE,TRUE,TRUE,""
"VD_SH_N","VD","SH",0,201,20760201,TRUE,TRUE,TRUE,TRUE,TRUE,TRUE,TRUE,TRUE,""
"VD_SH_N","VD","SH",0,202,20760202,TRUE,TRUE,TRUE,TRUE,TRUE,TRUE,TRUE,TRUE,""
"VD_SH_N","VD","SH",0,203,20760203,TRUE,TRUE,TRUE,TRUE,TRUE,TRUE,TRUE,TRUE,""
"VD_SH_N","VD","SH",0,204,20760204,TRUE,TRUE,TRUE,TRUE,TRUE,TRUE,TRUE,TRUE,""
"VD_SH_N","VD","SH",0,205,20760205,TRUE,TRUE,TRUE,TRUE,TRUE,TRUE,TRUE,TRUE,""
"VD_SH_N","VD","SH",0,206,20760206,TRUE,TRUE,TRUE,TRUE,TRUE,TRUE,TRUE,TRUE,""
"VD_SH_N","VD","SH",0,207,20760207,TRUE,TRUE,TRUE,TRUE,TRUE,TRUE,TRUE,TRUE,""
"VD_SH_N","VD","SH",0,208,20760208,TRUE,TRUE,TRUE,TRUE,TRUE,TRUE,TRUE,TRUE,""
"VD_SH_N","VD","SH",0,209,20760209,TRUE,TRUE,TRUE,TRUE,TRUE,TRUE,TRUE,TRUE,""
"VD_SH_N","VD","SH",0,210,20760210,TRUE,TRUE,TRUE,TRUE,TRUE,TRUE,TRUE,TRUE,""
"VD_SH_N","VD","SH",0,211,20760211,TRUE,TRUE,TRUE,TRUE,TRUE,TRUE,TRUE,TRUE,""
"VD_SH_N","VD","SH",0,212,20760212,TRUE,TRUE,TRUE,TRUE,TRUE,TRUE,TRUE,TRUE,""
"VD_SH_N","VD","SH",0,213,20760213,TRUE,TRUE,TRUE,TRUE,TRUE,TRUE,TRUE,TRUE,""
"VD_SH_N","VD","SH",0,214,20760214,TRUE,TRUE,TRUE,TRUE,TRUE,TRUE,TRUE,TRUE,""
"VD_SH_N","VD","SH",0,215,20760215,TRUE,TRUE,TRUE,TRUE,TRUE,TRUE,TRUE,TRUE,""
"VD_SH_N","VD","SH",0,216,20760216,TRUE,TRUE,TRUE,TRUE,TRUE,TRUE,TRUE,TRUE,""
"VD_SH_N","VD","SH",0,217,20760217,TRUE,TRUE,TRUE,TRUE,TRUE,TRUE,TRUE,TRUE,""
"VD_SH_N","VD","SH",0,218,20760218,TRUE,TRUE,TRUE,TRUE,TRUE,TRUE,TRUE,TRUE,""
"VD_SH_N","VD","SH",0,219,20760219,TRUE,TRUE,TRUE,TRUE,TRUE,TRUE,TRUE,TRUE,""
"VD_SH_N","VD","SH",0,220,20760220,TRUE,TRUE,TRUE,TRUE,TRUE,TRUE,TRUE,TRUE,""
"VD_SH_N","VD","SH",0,221,20760221,TRUE,TRUE,TRUE,TRUE,TRUE,TRUE,TRUE,TRUE,""
"VD_SH_N","VD","SH",0,222,20760222,TRUE,TRUE,TRUE,TRUE,TRUE,TRUE,TRUE,TRUE,""
"VD_SH_N","VD","SH",0,223,20760223,TRUE,TRUE,TRUE,TRUE,TRUE,TRUE,TRUE,TRUE,""
"VD_SH_N","VD","SH",0,224,20760224,TRUE,TRUE,TRUE,TRUE,TRUE,TRUE,TRUE,TRUE,""
"VD_SH_N","VD","SH",0,225,20760225,TRUE,TRUE,TRUE,TRUE,TRUE,TRUE,TRUE,TRUE,""
"VD_SH_N","VD","SH",0,226,20760226,TRUE,TRUE,TRUE,TRUE,TRUE,TRUE,TRUE,TRUE,""
"VD_SH_N","VD","SH",0,227,20760227,TRUE,TRUE,TRUE,TRUE,TRUE,TRUE,TRUE,TRUE,""
"VD_SH_N","VD","SH",0,228,20760228,TRUE,TRUE,TRUE,TRUE,TRUE,TRUE,TRUE,TRUE,""
"VD_SH_N","VD","SH",0,229,20760229,TRUE,TRUE,TRUE,TRUE,TRUE,TRUE,TRUE,TRUE,""
"VD_SH_N","VD","SH",0,230,20760230,TRUE,TRUE,TRUE,TRUE,TRUE,TRUE,TRUE,TRUE,""
"VD_SH_N","VD","SH",0,231,20760231,TRUE,TRUE,TRUE,TRUE,TRUE,TRUE,TRUE,TRUE,""
"VD_SH_N","VD","SH",0,232,20760232,TRUE,TRUE,TRUE,TRUE,TRUE,TRUE,TRUE,TRUE,""
"VD_SH_N","VD","SH",0,233,20760233,TRUE,TRUE,TRUE,TRUE,TRUE,TRUE,TRUE,TRUE,""
"VD_SH_N","VD","SH",0,234,20760234,TRUE,TRUE,TRUE,TRUE,TRUE,TRUE,TRUE,TRUE,""
"VD_SH_N","VD","SH",0,235,20760235,TRUE,TRUE,TRUE,TRUE,TRUE,TRUE,TRUE,TRUE,""
"VD_SH_N","VD","SH",0,236,20760236,TRUE,TRUE,TRUE,TRUE,TRUE,TRUE,TRUE,TRUE,""
"VD_SH_N","VD","SH",0,237,20760237,TRUE,TRUE,TRUE,TRUE,TRUE,TRUE,TRUE,TRUE,""
"VD_SH_N","VD","SH",0,238,20760238,TRUE,TRUE,TRUE,TRUE,TRUE,TRUE,TRUE,TRUE,""
"VD_SH_N","VD","SH",0,239,20760239,TRUE,TRUE,TRUE,TRUE,TRUE,TRUE,TRUE,TRUE,""
"VD_SH_N","VD","SH",0,240,20760240,TRUE,TRUE,TRUE,TRUE,TRUE,TRUE,TRUE,TRUE,""
"VD_SH_N","VD","SH",0,241,20760241,TRUE,TRUE,TRUE,TRUE,TRUE,TRUE,TRUE,TRUE,""
"VD_SH_N","VD","SH",0,242,20760242,TRUE,TRUE,TRUE,TRUE,TRUE,TRUE,TRUE,TRUE,""
"VD_SH_N","VD","SH",0,243,20760243,TRUE,TRUE,TRUE,TRUE,TRUE,TRUE,TRUE,TRUE,""
"VD_SH_N","VD","SH",0,244,20760244,TRUE,TRUE,TRUE,TRUE,TRUE,TRUE,TRUE,TRUE,""
"VD_SH_N","VD","SH",0,245,20760245,TRUE,TRUE,TRUE,TRUE,TRUE,TRUE,TRUE,TRUE,""
"VD_SH_N","VD","SH",0,246,20760246,TRUE,TRUE,TRUE,TRUE,TRUE,TRUE,TRUE,TRUE,""
"VD_SH_N","VD","SH",0,247,20760247,TRUE,TRUE,TRUE,TRUE,TRUE,TRUE,TRUE,TRUE,""
"VD_SH_N","VD","SH",0,248,20760248,TRUE,TRUE,TRUE,TRUE,TRUE,TRUE,TRUE,TRUE,""
"VD_SH_N","VD","SH",0,249,20760249,TRUE,TRUE,TRUE,TRUE,TRUE,TRUE,TRUE,TRUE,""
"VD_SH_N","VD","SH",0,250,20760250,TRUE,TRUE,TRUE,TRUE,TRUE,TRUE,TRUE,TRUE,""
"VD_SH_N","VD","SH",0,251,20760251,TRUE,TRUE,TRUE,TRUE,TRUE,TRUE,TRUE,TRUE,""
"VD_SH_N","VD","SH",0,252,20760252,TRUE,TRUE,TRUE,TRUE,TRUE,TRUE,TRUE,TRUE,""
"VD_SH_N","VD","SH",0,253,20760253,TRUE,TRUE,TRUE,TRUE,TRUE,TRUE,TRUE,TRUE,""
"VD_SH_N","VD","SH",0,254,20760254,TRUE,TRUE,TRUE,TRUE,TRUE,TRUE,TRUE,TRUE,""
"VD_SH_N","VD","SH",0,255,20760255,TRUE,TRUE,TRUE,TRUE,TRUE,TRUE,TRUE,TRUE,""
"VD_SH_N","VD","SH",0,256,20760256,TRUE,TRUE,TRUE,TRUE,TRUE,TRUE,TRUE,TRUE,""
"VD_SH_N","VD","SH",0,257,20760257,TRUE,TRUE,TRUE,TRUE,TRUE,TRUE,TRUE,TRUE,""
"VD_SH_N","VD","SH",0,258,20760258,TRUE,TRUE,TRUE,TRUE,TRUE,TRUE,TRUE,TRUE,""
"VD_SH_N","VD","SH",0,259,20760259,TRUE,TRUE,TRUE,TRUE,TRUE,TRUE,TRUE,TRUE,""
"VD_SH_N","VD","SH",0,260,20760260,TRUE,TRUE,TRUE,TRUE,TRUE,TRUE,TRUE,TRUE,""
"VD_SH_N","VD","SH",0,261,20760261,TRUE,TRUE,TRUE,TRUE,TRUE,TRUE,TRUE,TRUE,""
"VD_SH_N","VD","SH",0,262,20760262,TRUE,TRUE,TRUE,TRUE,TRUE,TRUE,TRUE,TRUE,""
"VD_SH_N","VD","SH",0,263,20760263,TRUE,TRUE,TRUE,TRUE,TRUE,TRUE,TRUE,TRUE,""
"VD_SH_N","VD","SH",0,264,20760264,TRUE,TRUE,TRUE,TRUE,TRUE,TRUE,TRUE,TRUE,""
"VD_SH_N","VD","SH",0,265,20760265,TRUE,TRUE,TRUE,TRUE,TRUE,TRUE,TRUE,TRUE,""
"VD_SH_N","VD","SH",0,266,20760266,TRUE,TRUE,TRUE,TRUE,TRUE,TRUE,TRUE,TRUE,""
"VD_SH_N","VD","SH",0,267,20760267,TRUE,TRUE,TRUE,TRUE,TRUE,TRUE,TRUE,TRUE,""
"VD_SH_N","VD","SH",0,268,20760268,TRUE,TRUE,TRUE,TRUE,TRUE,TRUE,TRUE,TRUE,""
"VD_SH_N","VD","SH",0,269,20760269,TRUE,TRUE,TRUE,TRUE,TRUE,TRUE,TRUE,TRUE,""
"VD_SH_N","VD","SH",0,270,20760270,TRUE,TRUE,TRUE,TRUE,TRUE,TRUE,TRUE,TRUE,""
"VD_SH_N","VD","SH",0,271,20760271,TRUE,TRUE,TRUE,TRUE,TRUE,TRUE,TRUE,TRUE,""
"VD_SH_N","VD","SH",0,272,20760272,TRUE,TRUE,TRUE,TRUE,TRUE,TRUE,TRUE,TRUE,""
"VD_SH_N","VD","SH",0,273,20760273,TRUE,TRUE,TRUE,TRUE,TRUE,TRUE,TRUE,TRUE,""
"VD_SH_N","VD","SH",0,274,20760274,TRUE,TRUE,TRUE,TRUE,TRUE,TRUE,TRUE,TRUE,""
"VD_SH_N","VD","SH",0,275,20760275,TRUE,TRUE,TRUE,TRUE,TRUE,TRUE,TRUE,TRUE,""
"VD_SH_N","VD","SH",0,276,20760276,TRUE,TRUE,TRUE,TRUE,TRUE,TRUE,TRUE,TRUE,""
"VD_SH_N","VD","SH",0,277,20760277,TRUE,TRUE,TRUE,TRUE,TRUE,TRUE,TRUE,TRUE,""
"VD_SH_N","VD","SH",0,278,20760278,TRUE,TRUE,TRUE,TRUE,TRUE,TRUE,TRUE,TRUE,""
"VD_SH_N","VD","SH",0,279,20760279,TRUE,TRUE,TRUE,TRUE,TRUE,TRUE,TRUE,TRUE,""
"VD_SH_N","VD","SH",0,280,20760280,TRUE,TRUE,TRUE,TRUE,TRUE,TRUE,TRUE,TRUE,""
"VD_SH_N","VD","SH",0,281,20760281,TRUE,TRUE,TRUE,TRUE,TRUE,TRUE,TRUE,TRUE,""
"VD_SH_N","VD","SH",0,282,20760282,TRUE,TRUE,TRUE,TRUE,TRUE,TRUE,TRUE,TRUE,""
"VD_SH_N","VD","SH",0,283,20760283,TRUE,TRUE,TRUE,TRUE,TRUE,TRUE,TRUE,TRUE,""
"VD_SH_N","VD","SH",0,284,20760284,TRUE,TRUE,TRUE,TRUE,TRUE,TRUE,TRUE,TRUE,""
"VD_SH_N","VD","SH",0,285,20760285,TRUE,TRUE,TRUE,TRUE,TRUE,TRUE,TRUE,TRUE,""
"VD_SH_N","VD","SH",0,286,20760286,TRUE,TRUE,TRUE,TRUE,TRUE,TRUE,TRUE,TRUE,""
"VD_SH_N","VD","SH",0,287,20760287,TRUE,TRUE,TRUE,TRUE,TRUE,TRUE,TRUE,TRUE,""
"VD_SH_N","VD","SH",0,288,20760288,TRUE,TRUE,TRUE,TRUE,TRUE,TRUE,TRUE,TRUE,""
"VD_SH_N","VD","SH",0,289,20760289,TRUE,TRUE,TRUE,TRUE,TRUE,TRUE,TRUE,TRUE,""
"VD_SH_N","VD","SH",0,290,20760290,TRUE,TRUE,TRUE,TRUE,TRUE,TRUE,TRUE,TRUE,""
"VD_SH_N","VD","SH",0,291,20760291,TRUE,TRUE,TRUE,TRUE,TRUE,TRUE,TRUE,TRUE,""
"VD_SH_N","VD","SH",0,292,20760292,TRUE,TRUE,TRUE,TRUE,TRUE,TRUE,TRUE,TRUE,""
"VD_SH_N","VD","SH",0,293,20760293,TRUE,TRUE,TRUE,TRUE,TRUE,TRUE,TRUE,TRUE,""
"VD_SH_N","VD","SH",0,294,20760294,TRUE,TRUE,TRUE,TRUE,TRUE,TRUE,TRUE,TRUE,""
"VD_SH_N","VD","SH",0,295,20760295,TRUE,TRUE,TRUE,TRUE,TRUE,TRUE,TRUE,TRUE,""
"VD_SH_N","VD","SH",0,296,20760296,TRUE,TRUE,TRUE,TRUE,TRUE,TRUE,TRUE,TRUE,""
"VD_SH_N","VD","SH",0,297,20760297,TRUE,TRUE,TRUE,TRUE,TRUE,TRUE,TRUE,TRUE,""
"VD_SH_N","VD","SH",0,298,20760298,TRUE,TRUE,TRUE,TRUE,TRUE,TRUE,TRUE,TRUE,""
"VD_SH_N","VD","SH",0,299,20760299,TRUE,TRUE,TRUE,TRUE,TRUE,TRUE,TRUE,TRUE,""
"VD_SH_N","VD","SH",0,300,20760300,TRUE,TRUE,TRUE,TRUE,TRUE,TRUE,TRUE,TRUE,""
"VD_SH_N","VD","SH",0,301,20760301,TRUE,TRUE,TRUE,TRUE,TRUE,TRUE,TRUE,TRUE,""
"VD_SH_N","VD","SH",0,302,20760302,TRUE,TRUE,TRUE,TRUE,TRUE,TRUE,TRUE,TRUE,""
"VD_SH_N","VD","SH",0,303,20760303,TRUE,TRUE,TRUE,TRUE,TRUE,TRUE,TRUE,TRUE,""
"VD_SH_N","VD","SH",0,304,20760304,TRUE,TRUE,TRUE,TRUE,TRUE,TRUE,TRUE,TRUE,""
"VD_SH_N","VD","SH",0,305,20760305,TRUE,TRUE,TRUE,TRUE,TRUE,TRUE,TRUE,TRUE,""
"VD_SH_N","VD","SH",0,306,20760306,TRUE,TRUE,TRUE,TRUE,TRUE,TRUE,TRUE,TRUE,""
"VD_SH_N","VD","SH",0,307,20760307,TRUE,TRUE,TRUE,TRUE,TRUE,TRUE,TRUE,TRUE,""
"VD_SH_N","VD","SH",0,308,20760308,TRUE,TRUE,TRUE,TRUE,TRUE,TRUE,TRUE,TRUE,""
"VD_SH_N","VD","SH",0,309,20760309,TRUE,TRUE,TRUE,TRUE,TRUE,TRUE,TRUE,TRUE,""
"VD_SH_N","VD","SH",0,310,20760310,TRUE,TRUE,TRUE,TRUE,TRUE,TRUE,TRUE,TRUE,""
"VD_SH_N","VD","SH",0,311,20760311,TRUE,TRUE,TRUE,TRUE,TRUE,TRUE,TRUE,TRUE,""
"VD_SH_N","VD","SH",0,312,20760312,TRUE,TRUE,TRUE,TRUE,TRUE,TRUE,TRUE,TRUE,""
"VD_SH_N","VD","SH",0,313,20760313,TRUE,TRUE,TRUE,TRUE,TRUE,TRUE,TRUE,TRUE,""
"VD_SH_N","VD","SH",0,314,20760314,TRUE,TRUE,TRUE,TRUE,TRUE,TRUE,TRUE,TRUE,""
"VD_SH_N","VD","SH",0,315,20760315,TRUE,TRUE,TRUE,TRUE,TRUE,TRUE,TRUE,TRUE,""
"VD_SH_N","VD","SH",0,316,20760316,TRUE,TRUE,TRUE,TRUE,TRUE,TRUE,TRUE,TRUE,""
"VD_SH_N","VD","SH",0,317,20760317,TRUE,TRUE,TRUE,TRUE,TRUE,TRUE,TRUE,TRUE,""
"VD_SH_N","VD","SH",0,318,20760318,TRUE,TRUE,TRUE,TRUE,TRUE,TRUE,TRUE,TRUE,""
"VD_SH_N","VD","SH",0,319,20760319,TRUE,TRUE,TRUE,TRUE,TRUE,TRUE,TRUE,TRUE,""
"VD_SH_N","VD","SH",0,320,20760320,TRUE,TRUE,TRUE,TRUE,TRUE,TRUE,TRUE,TRUE,""
"VD_SH_N","VD","SH",0,321,20760321,TRUE,TRUE,TRUE,TRUE,TRUE,TRUE,TRUE,TRUE,""
"VD_SH_N","VD","SH",0,322,20760322,TRUE,TRUE,TRUE,TRUE,TRUE,TRUE,TRUE,TRUE,""
"VD_SH_N","VD","SH",0,323,20760323,TRUE,TRUE,TRUE,TRUE,TRUE,TRUE,TRUE,TRUE,""
"VD_SH_N","VD","SH",0,324,20760324,TRUE,TRUE,TRUE,TRUE,TRUE,TRUE,TRUE,TRUE,""
"VD_SH_N","VD","SH",0,325,20760325,TRUE,TRUE,TRUE,TRUE,TRUE,TRUE,TRUE,TRUE,""
"VD_SH_N","VD","SH",0,326,20760326,TRUE,TRUE,TRUE,TRUE,TRUE,TRUE,TRUE,TRUE,""
"VD_SH_N","VD","SH",0,327,20760327,TRUE,TRUE,TRUE,TRUE,TRUE,TRUE,TRUE,TRUE,""
"VD_SH_N","VD","SH",0,328,20760328,TRUE,TRUE,TRUE,TRUE,TRUE,TRUE,TRUE,TRUE,""
"VD_SH_N","VD","SH",0,329,20760329,TRUE,TRUE,TRUE,TRUE,TRUE,TRUE,TRUE,TRUE,""
"VD_SH_N","VD","SH",0,330,20760330,TRUE,TRUE,TRUE,TRUE,TRUE,TRUE,TRUE,TRUE,""
"VD_SH_N","VD","SH",0,331,20760331,TRUE,TRUE,TRUE,TRUE,TRUE,TRUE,TRUE,TRUE,""
"VD_SH_N","VD","SH",0,332,20760332,TRUE,TRUE,TRUE,TRUE,TRUE,TRUE,TRUE,TRUE,""
"VD_SH_N","VD","SH",0,333,20760333,TRUE,TRUE,TRUE,TRUE,TRUE,TRUE,TRUE,TRUE,""
"VD_SH_N","VD","SH",0,334,20760334,TRUE,TRUE,TRUE,TRUE,TRUE,TRUE,TRUE,TRUE,""
"VD_SH_N","VD","SH",0,335,20760335,TRUE,TRUE,TRUE,TRUE,TRUE,TRUE,TRUE,TRUE,""
"VD_SH_N","VD","SH",0,336,20760336,TRUE,TRUE,TRUE,TRUE,TRUE,TRUE,TRUE,TRUE,""
"VD_SH_N","VD","SH",0,337,20760337,TRUE,TRUE,TRUE,TRUE,TRUE,TRUE,TRUE,TRUE,""
"VD_SH_N","VD","SH",0,338,20760338,TRUE,TRUE,TRUE,TRUE,TRUE,TRUE,TRUE,TRUE,""
"VD_SH_N","VD","SH",0,339,20760339,TRUE,TRUE,TRUE,TRUE,TRUE,TRUE,TRUE,TRUE,""
"VD_SH_N","VD","SH",0,340,20760340,TRUE,TRUE,TRUE,TRUE,TRUE,TRUE,TRUE,TRUE,""
"VD_SH_N","VD","SH",0,341,20760341,TRUE,TRUE,TRUE,TRUE,TRUE,TRUE,TRUE,TRUE,""
"VD_SH_N","VD","SH",0,342,20760342,TRUE,TRUE,TRUE,TRUE,TRUE,TRUE,TRUE,TRUE,""
"VD_SH_N","VD","SH",0,343,20760343,TRUE,TRUE,TRUE,TRUE,TRUE,TRUE,TRUE,TRUE,""
"VD_SH_N","VD","SH",0,344,20760344,TRUE,TRUE,TRUE,TRUE,TRUE,TRUE,TRUE,TRUE,""
"VD_SH_N","VD","SH",0,345,20760345,TRUE,TRUE,TRUE,TRUE,TRUE,TRUE,TRUE,TRUE,""
"VD_SH_N","VD","SH",0,346,20760346,TRUE,TRUE,TRUE,TRUE,TRUE,TRUE,TRUE,TRUE,""
"VD_SH_N","VD","SH",0,347,20760347,TRUE,TRUE,TRUE,TRUE,TRUE,TRUE,TRUE,TRUE,""
"VD_SH_N","VD","SH",0,348,20760348,TRUE,TRUE,TRUE,TRUE,TRUE,TRUE,TRUE,TRUE,""
"VD_SH_N","VD","SH",0,349,20760349,TRUE,TRUE,TRUE,TRUE,TRUE,TRUE,TRUE,TRUE,""
"VD_SH_N","VD","SH",0,350,20760350,TRUE,TRUE,TRUE,TRUE,TRUE,TRUE,TRUE,TRUE,""
"VD_SH_N","VD","SH",0,351,20760351,TRUE,TRUE,TRUE,TRUE,TRUE,TRUE,TRUE,TRUE,""
"VD_SH_N","VD","SH",0,352,20760352,TRUE,TRUE,TRUE,TRUE,TRUE,TRUE,TRUE,TRUE,""
"VD_SH_N","VD","SH",0,353,20760353,TRUE,TRUE,TRUE,TRUE,TRUE,TRUE,TRUE,TRUE,""
"VD_SH_N","VD","SH",0,354,20760354,TRUE,TRUE,TRUE,TRUE,TRUE,TRUE,TRUE,TRUE,""
"VD_SH_N","VD","SH",0,355,20760355,TRUE,TRUE,TRUE,TRUE,TRUE,TRUE,TRUE,TRUE,""
"VD_SH_N","VD","SH",0,356,20760356,TRUE,TRUE,TRUE,TRUE,TRUE,TRUE,TRUE,TRUE,""
"VD_SH_N","VD","SH",0,357,20760357,TRUE,TRUE,TRUE,TRUE,TRUE,TRUE,TRUE,TRUE,""
"VD_SH_N","VD","SH",0,358,20760358,TRUE,TRUE,TRUE,TRUE,TRUE,TRUE,TRUE,TRUE,""
"VD_SH_N","VD","SH",0,359,20760359,TRUE,TRUE,TRUE,TRUE,TRUE,TRUE,TRUE,TRUE,""
"VD_SH_N","VD","SH",0,360,20760360,TRUE,TRUE,TRUE,TRUE,TRUE,TRUE,TRUE,TRUE,""
"VD_SH_N","VD","SH",0,361,20760361,TRUE,TRUE,TRUE,TRUE,TRUE,TRUE,TRUE,TRUE,""
"VD_SH_N","VD","SH",0,362,20760362,TRUE,TRUE,TRUE,TRUE,TRUE,TRUE,TRUE,TRUE,""
"VD_SH_N","VD","SH",0,363,20760363,TRUE,TRUE,TRUE,TRUE,TRUE,TRUE,TRUE,TRUE,""
"VD_SH_N","VD","SH",0,364,20760364,TRUE,TRUE,TRUE,TRUE,TRUE,TRUE,TRUE,TRUE,""
"VD_SH_N","VD","SH",0,365,20760365,TRUE,TRUE,TRUE,TRUE,TRUE,TRUE,TRUE,TRUE,""
"VD_SH_N","VD","SH",0,366,20760366,TRUE,TRUE,TRUE,TRUE,TRUE,TRUE,TRUE,TRUE,""
"VD_SH_N","VD","SH",0,367,20760367,TRUE,TRUE,TRUE,TRUE,TRUE,TRUE,TRUE,TRUE,""
"VD_SH_N","VD","SH",0,368,20760368,TRUE,TRUE,TRUE,TRUE,TRUE,TRUE,TRUE,TRUE,""
"VD_SH_N","VD","SH",0,369,20760369,TRUE,TRUE,TRUE,TRUE,TRUE,TRUE,TRUE,TRUE,""
"VD_SH_N","VD","SH",0,370,20760370,TRUE,TRUE,TRUE,TRUE,TRUE,TRUE,TRUE,TRUE,""
"VD_SH_N","VD","SH",0,371,20760371,TRUE,TRUE,TRUE,TRUE,TRUE,TRUE,TRUE,TRUE,""
"VD_SH_N","VD","SH",0,372,20760372,TRUE,TRUE,TRUE,TRUE,TRUE,TRUE,TRUE,TRUE,""
"VD_SH_N","VD","SH",0,373,20760373,TRUE,TRUE,TRUE,TRUE,TRUE,TRUE,TRUE,TRUE,""
"VD_SH_N","VD","SH",0,374,20760374,TRUE,TRUE,TRUE,TRUE,TRUE,TRUE,TRUE,TRUE,""
"VD_SH_N","VD","SH",0,375,20760375,TRUE,TRUE,TRUE,TRUE,TRUE,TRUE,TRUE,TRUE,""
"VD_SH_N","VD","SH",0,376,20760376,TRUE,TRUE,TRUE,TRUE,TRUE,TRUE,TRUE,TRUE,""
"VD_SH_N","VD","SH",0,377,20760377,TRUE,TRUE,TRUE,TRUE,TRUE,TRUE,TRUE,TRUE,""
"VD_SH_N","VD","SH",0,378,20760378,TRUE,TRUE,TRUE,TRUE,TRUE,TRUE,TRUE,TRUE,""
"VD_SH_N","VD","SH",0,379,20760379,TRUE,TRUE,TRUE,TRUE,TRUE,TRUE,TRUE,TRUE,""
"VD_SH_N","VD","SH",0,380,20760380,TRUE,TRUE,TRUE,TRUE,TRUE,TRUE,TRUE,TRUE,""
"VD_SH_N","VD","SH",0,381,20760381,TRUE,TRUE,TRUE,TRUE,TRUE,TRUE,TRUE,TRUE,""
"VD_SH_N","VD","SH",0,382,20760382,TRUE,TRUE,TRUE,TRUE,TRUE,TRUE,TRUE,TRUE,""
"VD_SH_N","VD","SH",0,383,20760383,TRUE,TRUE,TRUE,TRUE,TRUE,TRUE,TRUE,TRUE,""
"VD_SH_N","VD","SH",0,384,20760384,TRUE,TRUE,TRUE,TRUE,TRUE,TRUE,TRUE,TRUE,""
"VD_SH_N","VD","SH",0,385,20760385,TRUE,TRUE,TRUE,TRUE,TRUE,TRUE,TRUE,TRUE,""
"VD_SH_N","VD","SH",0,386,20760386,TRUE,TRUE,TRUE,TRUE,TRUE,TRUE,TRUE,TRUE,""
"VD_SH_N","VD","SH",0,387,20760387,TRUE,TRUE,TRUE,TRUE,TRUE,TRUE,TRUE,TRUE,""
"VD_SH_N","VD","SH",0,388,20760388,TRUE,TRUE,TRUE,TRUE,TRUE,TRUE,TRUE,TRUE,""
"VD_SH_N","VD","SH",0,389,20760389,TRUE,TRUE,TRUE,TRUE,TRUE,TRUE,TRUE,TRUE,""
"VD_SH_N","VD","SH",0,390,20760390,TRUE,TRUE,TRUE,TRUE,TRUE,TRUE,TRUE,TRUE,""
"VD_SH_N","VD","SH",0,391,20760391,TRUE,TRUE,TRUE,TRUE,TRUE,TRUE,TRUE,TRUE,""
"VD_SH_N","VD","SH",0,392,20760392,TRUE,TRUE,TRUE,TRUE,TRUE,TRUE,TRUE,TRUE,""
"VD_SH_N","VD","SH",0,393,20760393,TRUE,TRUE,TRUE,TRUE,TRUE,TRUE,TRUE,TRUE,""
"VD_SH_N","VD","SH",0,394,20760394,TRUE,TRUE,TRUE,TRUE,TRUE,TRUE,TRUE,TRUE,""
"VD_SH_N","VD","SH",0,395,20760395,TRUE,TRUE,TRUE,TRUE,TRUE,TRUE,TRUE,TRUE,""
"VD_SH_N","VD","SH",0,396,20760396,TRUE,TRUE,TRUE,TRUE,TRUE,TRUE,TRUE,TRUE,""
"VD_SH_N","VD","SH",0,397,20760397,TRUE,TRUE,TRUE,TRUE,TRUE,TRUE,TRUE,TRUE,""
"VD_SH_N","VD","SH",0,398,20760398,TRUE,TRUE,TRUE,TRUE,TRUE,TRUE,TRUE,TRUE,""
"VD_SH_N","VD","SH",0,399,20760399,TRUE,TRUE,TRUE,TRUE,TRUE,TRUE,TRUE,TRUE,""
"VD_SH_N","VD","SH",0,400,20760400,TRUE,TRUE,TRUE,TRUE,TRUE,TRUE,TRUE,TRUE,""
"VD_SH_N","VD","SH",0,401,20760401,TRUE,TRUE,TRUE,TRUE,TRUE,TRUE,TRUE,TRUE,""
"VD_SH_N","VD","SH",0,402,20760402,TRUE,TRUE,TRUE,TRUE,TRUE,TRUE,TRUE,TRUE,""
"VD_SH_N","VD","SH",0,403,20760403,TRUE,TRUE,TRUE,TRUE,TRUE,TRUE,TRUE,TRUE,""
"VD_SH_N","VD","SH",0,404,20760404,TRUE,TRUE,TRUE,TRUE,TRUE,TRUE,TRUE,TRUE,""
"VD_SH_N","VD","SH",0,405,20760405,TRUE,TRUE,TRUE,TRUE,TRUE,TRUE,TRUE,TRUE,""
"VD_SH_N","VD","SH",0,406,20760406,TRUE,TRUE,TRUE,TRUE,TRUE,TRUE,TRUE,TRUE,""
"VD_SH_N","VD","SH",0,407,20760407,TRUE,TRUE,TRUE,TRUE,TRUE,TRUE,TRUE,TRUE,""
"VD_SH_N","VD","SH",0,408,20760408,TRUE,TRUE,TRUE,TRUE,TRUE,TRUE,TRUE,TRUE,""
"VD_SH_N","VD","SH",0,409,20760409,TRUE,TRUE,TRUE,TRUE,TRUE,TRUE,TRUE,TRUE,""
"VD_SH_N","VD","SH",0,410,20760410,TRUE,TRUE,TRUE,TRUE,TRUE,TRUE,TRUE,TRUE,""
"VD_SH_N","VD","SH",0,411,20760411,TRUE,TRUE,TRUE,TRUE,TRUE,TRUE,TRUE,TRUE,""
"VD_SH_N","VD","SH",0,412,20760412,TRUE,TRUE,TRUE,TRUE,TRUE,TRUE,TRUE,TRUE,""
"VD_SH_N","VD","SH",0,413,20760413,TRUE,TRUE,TRUE,TRUE,TRUE,TRUE,TRUE,TRUE,""
"VD_SH_N","VD","SH",0,414,20760414,TRUE,TRUE,TRUE,TRUE,TRUE,TRUE,TRUE,TRUE,""
"VD_SH_N","VD","SH",0,415,20760415,TRUE,TRUE,TRUE,TRUE,TRUE,TRUE,TRUE,TRUE,""
"VD_SH_N","VD","SH",0,416,20760416,TRUE,TRUE,TRUE,TRUE,TRUE,TRUE,TRUE,TRUE,""
"VD_SH_N","VD","SH",0,417,20760417,TRUE,TRUE,TRUE,TRUE,TRUE,TRUE,TRUE,TRUE,""
"VD_SH_N","VD","SH",0,418,20760418,TRUE,TRUE,TRUE,TRUE,TRUE,TRUE,TRUE,TRUE,""
"VD_SH_N","VD","SH",0,419,20760419,TRUE,TRUE,TRUE,TRUE,TRUE,TRUE,TRUE,TRUE,""
"VD_SH_N","VD","SH",0,420,20760420,TRUE,TRUE,TRUE,TRUE,TRUE,TRUE,TRUE,TRUE,""
"VD_SH_N","VD","SH",0,421,20760421,TRUE,TRUE,TRUE,TRUE,TRUE,TRUE,TRUE,TRUE,""
"VD_SH_N","VD","SH",0,422,20760422,TRUE,TRUE,TRUE,TRUE,TRUE,TRUE,TRUE,TRUE,""
"VD_SH_N","VD","SH",0,423,20760423,TRUE,TRUE,TRUE,TRUE,TRUE,TRUE,TRUE,TRUE,""
"VD_SH_N","VD","SH",0,424,20760424,TRUE,TRUE,TRUE,TRUE,TRUE,TRUE,TRUE,TRUE,""
"VD_SH_N","VD","SH",0,425,20760425,TRUE,TRUE,TRUE,TRUE,TRUE,TRUE,TRUE,TRUE,""
"VD_SH_N","VD","SH",0,426,20760426,TRUE,TRUE,TRUE,TRUE,TRUE,TRUE,TRUE,TRUE,""
"VD_SH_N","VD","SH",0,427,20760427,TRUE,TRUE,TRUE,TRUE,TRUE,TRUE,TRUE,TRUE,""
"VD_SH_N","VD","SH",0,428,20760428,TRUE,TRUE,TRUE,TRUE,TRUE,TRUE,TRUE,TRUE,""
"VD_SH_N","VD","SH",0,429,20760429,TRUE,TRUE,TRUE,TRUE,TRUE,TRUE,TRUE,TRUE,""
"VD_SH_N","VD","SH",0,430,20760430,TRUE,TRUE,TRUE,TRUE,TRUE,TRUE,TRUE,TRUE,""
"VD_SH_N","VD","SH",0,431,20760431,TRUE,TRUE,TRUE,TRUE,TRUE,TRUE,TRUE,TRUE,""
"VD_SH_N","VD","SH",0,432,20760432,TRUE,TRUE,TRUE,TRUE,TRUE,TRUE,TRUE,TRUE,""
"VD_SH_N","VD","SH",0,433,20760433,TRUE,TRUE,TRUE,TRUE,TRUE,TRUE,TRUE,TRUE,""
"VD_SH_N","VD","SH",0,434,20760434,TRUE,TRUE,TRUE,TRUE,TRUE,TRUE,TRUE,TRUE,""
"VD_SH_N","VD","SH",0,435,20760435,TRUE,TRUE,TRUE,TRUE,TRUE,TRUE,TRUE,TRUE,""
"VD_SH_N","VD","SH",0,436,20760436,TRUE,TRUE,TRUE,TRUE,TRUE,TRUE,TRUE,TRUE,""
"VD_SH_N","VD","SH",0,437,20760437,TRUE,TRUE,TRUE,TRUE,TRUE,TRUE,TRUE,TRUE,""
"VD_SH_N","VD","SH",0,438,20760438,TRUE,TRUE,TRUE,TRUE,TRUE,TRUE,TRUE,TRUE,""
"VD_SH_N","VD","SH",0,439,20760439,TRUE,TRUE,TRUE,TRUE,TRUE,TRUE,TRUE,TRUE,""
"VD_SH_N","VD","SH",0,440,20760440,TRUE,TRUE,TRUE,TRUE,TRUE,TRUE,TRUE,TRUE,""
"VD_SH_N","VD","SH",0,441,20760441,TRUE,TRUE,TRUE,TRUE,TRUE,TRUE,TRUE,TRUE,""
"VD_SH_N","VD","SH",0,442,20760442,TRUE,TRUE,TRUE,TRUE,TRUE,TRUE,TRUE,TRUE,""
"VD_SH_N","VD","SH",0,443,20760443,TRUE,TRUE,TRUE,TRUE,TRUE,TRUE,TRUE,TRUE,""
"VD_SH_N","VD","SH",0,444,20760444,TRUE,TRUE,TRUE,TRUE,TRUE,TRUE,TRUE,TRUE,""
"VD_SH_N","VD","SH",0,445,20760445,TRUE,TRUE,TRUE,TRUE,TRUE,TRUE,TRUE,TRUE,""
"VD_SH_N","VD","SH",0,446,20760446,TRUE,TRUE,TRUE,TRUE,TRUE,TRUE,TRUE,TRUE,""
"VD_SH_N","VD","SH",0,447,20760447,TRUE,TRUE,TRUE,TRUE,TRUE,TRUE,TRUE,TRUE,""
"VD_SH_N","VD","SH",0,448,20760448,TRUE,TRUE,TRUE,TRUE,TRUE,TRUE,TRUE,TRUE,""
"VD_SH_N","VD","SH",0,449,20760449,TRUE,TRUE,TRUE,TRUE,TRUE,TRUE,TRUE,TRUE,""
"VD_SH_N","VD","SH",0,450,20760450,TRUE,TRUE,TRUE,TRUE,TRUE,TRUE,TRUE,TRUE,""
"VD_SH_N","VD","SH",0,451,20760451,TRUE,TRUE,TRUE,TRUE,TRUE,TRUE,TRUE,TRUE,""
"VD_SH_N","VD","SH",0,452,20760452,TRUE,TRUE,TRUE,TRUE,TRUE,TRUE,TRUE,TRUE,""
"VD_SH_N","VD","SH",0,453,20760453,TRUE,TRUE,TRUE,TRUE,TRUE,TRUE,TRUE,TRUE,""
"VD_SH_N","VD","SH",0,454,20760454,TRUE,TRUE,TRUE,TRUE,TRUE,TRUE,TRUE,TRUE,""
"VD_SH_N","VD","SH",0,455,20760455,TRUE,TRUE,TRUE,TRUE,TRUE,TRUE,TRUE,TRUE,""
"VD_SH_N","VD","SH",0,456,20760456,TRUE,TRUE,TRUE,TRUE,TRUE,TRUE,TRUE,TRUE,""
"VD_SH_N","VD","SH",0,457,20760457,TRUE,TRUE,TRUE,TRUE,TRUE,TRUE,TRUE,TRUE,""
"VD_SH_N","VD","SH",0,458,20760458,TRUE,TRUE,TRUE,TRUE,TRUE,TRUE,TRUE,TRUE,""
"VD_SH_N","VD","SH",0,459,20760459,TRUE,TRUE,TRUE,TRUE,TRUE,TRUE,TRUE,TRUE,""
"VD_SH_N","VD","SH",0,460,20760460,TRUE,TRUE,TRUE,TRUE,TRUE,TRUE,TRUE,TRUE,""
"VD_SH_N","VD","SH",0,461,20760461,TRUE,TRUE,TRUE,TRUE,TRUE,TRUE,TRUE,TRUE,""
"VD_SH_N","VD","SH",0,462,20760462,TRUE,TRUE,TRUE,TRUE,TRUE,TRUE,TRUE,TRUE,""
"VD_SH_N","VD","SH",0,463,20760463,TRUE,TRUE,TRUE,TRUE,TRUE,TRUE,TRUE,TRUE,""
"VD_SH_N","VD","SH",0,464,20760464,TRUE,TRUE,TRUE,TRUE,TRUE,TRUE,TRUE,TRUE,""
"VD_SH_N","VD","SH",0,465,20760465,TRUE,TRUE,TRUE,TRUE,TRUE,TRUE,TRUE,TRUE,""
"VD_SH_N","VD","SH",0,466,20760466,TRUE,TRUE,TRUE,TRUE,TRUE,TRUE,TRUE,TRUE,""
"VD_SH_N","VD","SH",0,467,20760467,TRUE,TRUE,TRUE,TRUE,TRUE,TRUE,TRUE,TRUE,""
"VD_SH_N","VD","SH",0,468,20760468,TRUE,TRUE,TRUE,TRUE,TRUE,TRUE,TRUE,TRUE,""
"VD_SH_N","VD","SH",0,469,20760469,TRUE,TRUE,TRUE,TRUE,TRUE,TRUE,TRUE,TRUE,""
"VD_SH_N","VD","SH",0,470,20760470,TRUE,TRUE,TRUE,TRUE,TRUE,TRUE,TRUE,TRUE,""
"VD_SH_N","VD","SH",0,471,20760471,TRUE,TRUE,TRUE,TRUE,TRUE,TRUE,TRUE,TRUE,""
"VD_SH_N","VD","SH",0,472,20760472,TRUE,TRUE,TRUE,TRUE,TRUE,TRUE,TRUE,TRUE,""
"VD_SH_N","VD","SH",0,473,20760473,TRUE,TRUE,TRUE,TRUE,TRUE,TRUE,TRUE,TRUE,""
"VD_SH_N","VD","SH",0,474,20760474,TRUE,TRUE,TRUE,TRUE,TRUE,TRUE,TRUE,TRUE,""
"VD_SH_N","VD","SH",0,475,20760475,TRUE,TRUE,TRUE,TRUE,TRUE,TRUE,TRUE,TRUE,""
"VD_SH_N","VD","SH",0,476,20760476,TRUE,TRUE,TRUE,TRUE,TRUE,TRUE,TRUE,TRUE,""
"VD_SH_N","VD","SH",0,477,20760477,TRUE,TRUE,TRUE,TRUE,TRUE,TRUE,TRUE,TRUE,""
"VD_SH_N","VD","SH",0,478,20760478,TRUE,TRUE,TRUE,TRUE,TRUE,TRUE,TRUE,TRUE,""
"VD_SH_N","VD","SH",0,479,20760479,TRUE,TRUE,TRUE,TRUE,TRUE,TRUE,TRUE,TRUE,""
"VD_SH_N","VD","SH",0,480,20760480,TRUE,TRUE,TRUE,TRUE,TRUE,TRUE,TRUE,TRUE,""
"VD_SH_N","VD","SH",0,481,20760481,TRUE,TRUE,TRUE,TRUE,TRUE,TRUE,TRUE,TRUE,""
"VD_SH_N","VD","SH",0,482,20760482,TRUE,TRUE,TRUE,TRUE,TRUE,TRUE,TRUE,TRUE,""
"VD_SH_N","VD","SH",0,483,20760483,TRUE,TRUE,TRUE,TRUE,TRUE,TRUE,TRUE,TRUE,""
"VD_SH_N","VD","SH",0,484,20760484,TRUE,TRUE,TRUE,TRUE,TRUE,TRUE,TRUE,TRUE,""
"VD_SH_N","VD","SH",0,485,20760485,TRUE,TRUE,TRUE,TRUE,TRUE,TRUE,TRUE,TRUE,""
"VD_SH_N","VD","SH",0,486,20760486,TRUE,TRUE,TRUE,TRUE,TRUE,TRUE,TRUE,TRUE,""
"VD_SH_N","VD","SH",0,487,20760487,TRUE,TRUE,TRUE,TRUE,TRUE,TRUE,TRUE,TRUE,""
"VD_SH_N","VD","SH",0,488,20760488,TRUE,TRUE,TRUE,TRUE,TRUE,TRUE,TRUE,TRUE,""
"VD_SH_N","VD","SH",0,489,20760489,TRUE,TRUE,TRUE,TRUE,TRUE,TRUE,TRUE,TRUE,""
"VD_SH_N","VD","SH",0,490,20760490,TRUE,TRUE,TRUE,TRUE,TRUE,TRUE,TRUE,TRUE,""
"VD_SH_N","VD","SH",0,491,20760491,TRUE,TRUE,TRUE,TRUE,TRUE,TRUE,TRUE,TRUE,""
"VD_SH_N","VD","SH",0,492,20760492,TRUE,TRUE,TRUE,TRUE,TRUE,TRUE,TRUE,TRUE,""
"VD_SH_N","VD","SH",0,493,20760493,TRUE,TRUE,TRUE,TRUE,TRUE,TRUE,TRUE,TRUE,""
"VD_SH_N","VD","SH",0,494,20760494,TRUE,TRUE,TRUE,TRUE,TRUE,TRUE,TRUE,TRUE,""
"VD_SH_N","VD","SH",0,495,20760495,TRUE,TRUE,TRUE,TRUE,TRUE,TRUE,TRUE,TRUE,""
"VD_SH_N","VD","SH",0,496,20760496,TRUE,TRUE,TRUE,TRUE,TRUE,TRUE,TRUE,TRUE,""
"VD_SH_N","VD","SH",0,497,20760497,TRUE,TRUE,TRUE,TRUE,TRUE,TRUE,TRUE,TRUE,""
"VD_SH_N","VD","SH",0,498,20760498,TRUE,TRUE,TRUE,TRUE,TRUE,TRUE,TRUE,TRUE,""
"VD_SH_N","VD","SH",0,499,20760499,TRUE,TRUE,TRUE,TRUE,TRUE,TRUE,TRUE,TRUE,""
"VD_SH_N","VD","SH",0,500,20760500,TRUE,TRUE,TRUE,TRUE,TRUE,TRUE,TRUE,TRUE,""
"VD_SH_N","VD","SH",0,501,20760501,TRUE,TRUE,TRUE,TRUE,TRUE,TRUE,TRUE,TRUE,""
"VD_SH_N","VD","SH",0,502,20760502,TRUE,TRUE,TRUE,TRUE,TRUE,TRUE,TRUE,TRUE,""
"VD_SH_N","VD","SH",0,503,20760503,TRUE,TRUE,TRUE,TRUE,TRUE,TRUE,TRUE,TRUE,""
"VD_SH_N","VD","SH",0,504,20760504,TRUE,TRUE,TRUE,TRUE,TRUE,TRUE,TRUE,TRUE,""
"VD_SH_N","VD","SH",0,505,20760505,TRUE,TRUE,TRUE,TRUE,TRUE,TRUE,TRUE,TRUE,""
"VD_SH_N","VD","SH",0,506,20760506,TRUE,TRUE,TRUE,TRUE,TRUE,TRUE,TRUE,TRUE,""
"VD_SH_N","VD","SH",0,507,20760507,TRUE,TRUE,TRUE,TRUE,TRUE,TRUE,TRUE,TRUE,""
"VD_SH_N","VD","SH",0,508,20760508,TRUE,TRUE,TRUE,TRUE,TRUE,TRUE,TRUE,TRUE,""
"VD_SH_N","VD","SH",0,509,20760509,TRUE,TRUE,TRUE,TRUE,TRUE,TRUE,TRUE,TRUE,""
"VD_SH_N","VD","SH",0,510,20760510,TRUE,TRUE,TRUE,TRUE,TRUE,TRUE,TRUE,TRUE,""
"VD_SH_N","VD","SH",0,511,20760511,TRUE,TRUE,TRUE,TRUE,TRUE,TRUE,TRUE,TRUE,""
"VD_SH_N","VD","SH",0,512,20760512,TRUE,TRUE,TRUE,TRUE,TRUE,TRUE,TRUE,TRUE,""
"VD_SH_N","VD","SH",0,513,20760513,TRUE,TRUE,TRUE,TRUE,TRUE,TRUE,TRUE,TRUE,""
"VD_SH_N","VD","SH",0,514,20760514,TRUE,TRUE,TRUE,TRUE,TRUE,TRUE,TRUE,TRUE,""
"VD_SH_N","VD","SH",0,515,20760515,TRUE,TRUE,TRUE,TRUE,TRUE,TRUE,TRUE,TRUE,""
"VD_SH_N","VD","SH",0,516,20760516,TRUE,TRUE,TRUE,TRUE,TRUE,TRUE,TRUE,TRUE,""
"VD_SH_N","VD","SH",0,517,20760517,TRUE,TRUE,TRUE,TRUE,TRUE,TRUE,TRUE,TRUE,""
"VD_SH_N","VD","SH",0,518,20760518,TRUE,TRUE,TRUE,TRUE,TRUE,TRUE,TRUE,TRUE,""
"VD_SH_N","VD","SH",0,519,20760519,TRUE,TRUE,TRUE,TRUE,TRUE,TRUE,TRUE,TRUE,""
"VD_SH_N","VD","SH",0,520,20760520,TRUE,TRUE,TRUE,TRUE,TRUE,TRUE,TRUE,TRUE,""
"VD_SH_N","VD","SH",0,521,20760521,TRUE,TRUE,TRUE,TRUE,TRUE,TRUE,TRUE,TRUE,""
"VD_SH_N","VD","SH",0,522,20760522,TRUE,TRUE,TRUE,TRUE,TRUE,TRUE,TRUE,TRUE,""
"VD_SH_N","VD","SH",0,523,20760523,TRUE,TRUE,TRUE,TRUE,TRUE,TRUE,TRUE,TRUE,""
"VD_SH_N","VD","SH",0,524,20760524,TRUE,TRUE,TRUE,TRUE,TRUE,TRUE,TRUE,TRUE,""
"VD_SH_N","VD","SH",0,525,20760525,TRUE,TRUE,TRUE,TRUE,TRUE,TRUE,TRUE,TRUE,""
"VD_SH_N","VD","SH",0,526,20760526,TRUE,TRUE,TRUE,TRUE,TRUE,TRUE,TRUE,TRUE,""
"VD_SH_N","VD","SH",0,527,20760527,TRUE,TRUE,TRUE,TRUE,TRUE,TRUE,TRUE,TRUE,""
"VD_SH_N","VD","SH",0,528,20760528,TRUE,TRUE,TRUE,TRUE,TRUE,TRUE,TRUE,TRUE,""
"VD_SH_N","VD","SH",0,529,20760529,TRUE,TRUE,TRUE,TRUE,TRUE,TRUE,TRUE,TRUE,""
"VD_SH_N","VD","SH",0,530,20760530,TRUE,TRUE,TRUE,TRUE,TRUE,TRUE,TRUE,TRUE,""
"VD_SH_N","VD","SH",0,531,20760531,TRUE,TRUE,TRUE,TRUE,TRUE,TRUE,TRUE,TRUE,""
"VD_SH_N","VD","SH",0,532,20760532,TRUE,TRUE,TRUE,TRUE,TRUE,TRUE,TRUE,TRUE,""
"VD_SH_N","VD","SH",0,533,20760533,TRUE,TRUE,TRUE,TRUE,TRUE,TRUE,TRUE,TRUE,""
"VD_SH_N","VD","SH",0,534,20760534,TRUE,TRUE,TRUE,TRUE,TRUE,TRUE,TRUE,TRUE,""
"VD_SH_N","VD","SH",0,535,20760535,TRUE,TRUE,TRUE,TRUE,TRUE,TRUE,TRUE,TRUE,""
"VD_SH_N","VD","SH",0,536,20760536,TRUE,TRUE,TRUE,TRUE,TRUE,TRUE,TRUE,TRUE,""
"VD_SH_N","VD","SH",0,537,20760537,TRUE,TRUE,TRUE,TRUE,TRUE,TRUE,TRUE,TRUE,""
"VD_SH_N","VD","SH",0,538,20760538,TRUE,TRUE,TRUE,TRUE,TRUE,TRUE,TRUE,TRUE,""
"VD_SH_N","VD","SH",0,539,20760539,TRUE,TRUE,TRUE,TRUE,TRUE,TRUE,TRUE,TRUE,""
"VD_SH_N","VD","SH",0,540,20760540,TRUE,TRUE,TRUE,TRUE,TRUE,TRUE,TRUE,TRUE,""
"VD_SH_N","VD","SH",0,541,20760541,TRUE,TRUE,TRUE,TRUE,TRUE,TRUE,TRUE,TRUE,""
"VD_SH_N","VD","SH",0,542,20760542,TRUE,TRUE,TRUE,TRUE,TRUE,TRUE,TRUE,TRUE,""
"VD_SH_N","VD","SH",0,543,20760543,TRUE,TRUE,TRUE,TRUE,TRUE,TRUE,TRUE,TRUE,""
"VD_SH_N","VD","SH",0,544,20760544,TRUE,TRUE,TRUE,TRUE,TRUE,TRUE,TRUE,TRUE,""
"VD_SH_N","VD","SH",0,545,20760545,TRUE,TRUE,TRUE,TRUE,TRUE,TRUE,TRUE,TRUE,""
"VD_SH_N","VD","SH",0,546,20760546,TRUE,TRUE,TRUE,TRUE,TRUE,TRUE,TRUE,TRUE,""
"VD_SH_N","VD","SH",0,547,20760547,TRUE,TRUE,TRUE,TRUE,TRUE,TRUE,TRUE,TRUE,""
"VD_SH_N","VD","SH",0,548,20760548,TRUE,TRUE,TRUE,TRUE,TRUE,TRUE,TRUE,TRUE,""
"VD_SH_N","VD","SH",0,549,20760549,TRUE,TRUE,TRUE,TRUE,TRUE,TRUE,TRUE,TRUE,""
"VD_SH_N","VD","SH",0,550,20760550,TRUE,TRUE,TRUE,TRUE,TRUE,TRUE,TRUE,TRUE,""
"VD_SH_N","VD","SH",0,551,20760551,TRUE,TRUE,TRUE,TRUE,TRUE,TRUE,TRUE,TRUE,""
"VD_SH_N","VD","SH",0,552,20760552,TRUE,TRUE,TRUE,TRUE,TRUE,TRUE,TRUE,TRUE,""
"VD_SH_N","VD","SH",0,553,20760553,TRUE,TRUE,TRUE,TRUE,TRUE,TRUE,TRUE,TRUE,""
"VD_SH_N","VD","SH",0,554,20760554,TRUE,TRUE,TRUE,TRUE,TRUE,TRUE,TRUE,TRUE,""
"VD_SH_N","VD","SH",0,555,20760555,TRUE,TRUE,TRUE,TRUE,TRUE,TRUE,TRUE,TRUE,""
"VD_SH_N","VD","SH",0,556,20760556,TRUE,TRUE,TRUE,TRUE,TRUE,TRUE,TRUE,TRUE,""
"VD_SH_N","VD","SH",0,557,20760557,TRUE,TRUE,TRUE,TRUE,TRUE,TRUE,TRUE,TRUE,""
"VD_SH_N","VD","SH",0,558,20760558,TRUE,TRUE,TRUE,TRUE,TRUE,TRUE,TRUE,TRUE,""
"VD_SH_N","VD","SH",0,559,20760559,TRUE,TRUE,TRUE,TRUE,TRUE,TRUE,TRUE,TRUE,""
"VD_SH_N","VD","SH",0,560,20760560,TRUE,TRUE,TRUE,TRUE,TRUE,TRUE,TRUE,TRUE,""
"VD_SH_N","VD","SH",0,561,20760561,TRUE,TRUE,TRUE,TRUE,TRUE,TRUE,TRUE,TRUE,""
"VD_SH_N","VD","SH",0,562,20760562,TRUE,TRUE,TRUE,TRUE,TRUE,TRUE,TRUE,TRUE,""
"VD_SH_N","VD","SH",0,563,20760563,TRUE,TRUE,TRUE,TRUE,TRUE,TRUE,TRUE,TRUE,""
"VD_SH_N","VD","SH",0,564,20760564,TRUE,TRUE,TRUE,TRUE,TRUE,TRUE,TRUE,TRUE,""
"VD_SH_N","VD","SH",0,565,20760565,TRUE,TRUE,TRUE,TRUE,TRUE,TRUE,TRUE,TRUE,""
"VD_SH_N","VD","SH",0,566,20760566,TRUE,TRUE,TRUE,TRUE,TRUE,TRUE,TRUE,TRUE,""
"VD_SH_N","VD","SH",0,567,20760567,TRUE,TRUE,TRUE,TRUE,TRUE,TRUE,TRUE,TRUE,""
"VD_SH_N","VD","SH",0,568,20760568,TRUE,TRUE,TRUE,TRUE,TRUE,TRUE,TRUE,TRUE,""
"VD_SH_N","VD","SH",0,569,20760569,TRUE,TRUE,TRUE,TRUE,TRUE,TRUE,TRUE,TRUE,""
"VD_SH_N","VD","SH",0,570,20760570,TRUE,TRUE,TRUE,TRUE,TRUE,TRUE,TRUE,TRUE,""
"VD_SH_N","VD","SH",0,571,20760571,TRUE,TRUE,TRUE,TRUE,TRUE,TRUE,TRUE,TRUE,""
"VD_SH_N","VD","SH",0,572,20760572,TRUE,TRUE,TRUE,TRUE,TRUE,TRUE,TRUE,TRUE,""
"VD_SH_N","VD","SH",0,573,20760573,TRUE,TRUE,TRUE,TRUE,TRUE,TRUE,TRUE,TRUE,""
"VD_SH_N","VD","SH",0,574,20760574,TRUE,TRUE,TRUE,TRUE,TRUE,TRUE,TRUE,TRUE,""
"VD_SH_N","VD","SH",0,575,20760575,TRUE,TRUE,TRUE,TRUE,TRUE,TRUE,TRUE,TRUE,""
"VD_SH_N","VD","SH",0,576,20760576,TRUE,TRUE,TRUE,TRUE,TRUE,TRUE,TRUE,TRUE,""
"VD_SH_N","VD","SH",0,577,20760577,TRUE,TRUE,TRUE,TRUE,TRUE,TRUE,TRUE,TRUE,""
"VD_SH_N","VD","SH",0,578,20760578,TRUE,TRUE,TRUE,TRUE,TRUE,TRUE,TRUE,TRUE,""
"VD_SH_N","VD","SH",0,579,20760579,TRUE,TRUE,TRUE,TRUE,TRUE,TRUE,TRUE,TRUE,""
"VD_SH_N","VD","SH",0,580,20760580,TRUE,TRUE,TRUE,TRUE,TRUE,TRUE,TRUE,TRUE,""
"VD_SH_N","VD","SH",0,581,20760581,TRUE,TRUE,TRUE,TRUE,TRUE,TRUE,TRUE,TRUE,""
"VD_SH_N","VD","SH",0,582,20760582,TRUE,TRUE,TRUE,TRUE,TRUE,TRUE,TRUE,TRUE,""
"VD_SH_N","VD","SH",0,583,20760583,TRUE,TRUE,TRUE,TRUE,TRUE,TRUE,TRUE,TRUE,""
"VD_SH_N","VD","SH",0,584,20760584,TRUE,TRUE,TRUE,TRUE,TRUE,TRUE,TRUE,TRUE,""
"VD_SH_N","VD","SH",0,585,20760585,TRUE,TRUE,TRUE,TRUE,TRUE,TRUE,TRUE,TRUE,""
"VD_SH_N","VD","SH",0,586,20760586,TRUE,TRUE,TRUE,TRUE,TRUE,TRUE,TRUE,TRUE,""
"VD_SH_N","VD","SH",0,587,20760587,TRUE,TRUE,TRUE,TRUE,TRUE,TRUE,TRUE,TRUE,""
"VD_SH_N","VD","SH",0,588,20760588,TRUE,TRUE,TRUE,TRUE,TRUE,TRUE,TRUE,TRUE,""
"VD_SH_N","VD","SH",0,589,20760589,TRUE,TRUE,TRUE,TRUE,TRUE,TRUE,TRUE,TRUE,""
"VD_SH_N","VD","SH",0,590,20760590,TRUE,TRUE,TRUE,TRUE,TRUE,TRUE,TRUE,TRUE,""
"VD_SH_N","VD","SH",0,591,20760591,TRUE,TRUE,TRUE,TRUE,TRUE,TRUE,TRUE,TRUE,""
"VD_SH_N","VD","SH",0,592,20760592,TRUE,TRUE,TRUE,TRUE,TRUE,TRUE,TRUE,TRUE,""
"VD_SH_N","VD","SH",0,593,20760593,TRUE,TRUE,TRUE,TRUE,TRUE,TRUE,TRUE,TRUE,""
"VD_SH_N","VD","SH",0,594,20760594,TRUE,TRUE,TRUE,TRUE,TRUE,TRUE,TRUE,TRUE,""
"VD_SH_N","VD","SH",0,595,20760595,TRUE,TRUE,TRUE,TRUE,TRUE,TRUE,TRUE,TRUE,""
"VD_SH_N","VD","SH",0,596,20760596,TRUE,TRUE,TRUE,TRUE,TRUE,TRUE,TRUE,TRUE,""
"VD_SH_N","VD","SH",0,597,20760597,TRUE,TRUE,TRUE,TRUE,TRUE,TRUE,TRUE,TRUE,""
"VD_SH_N","VD","SH",0,598,20760598,TRUE,TRUE,TRUE,TRUE,TRUE,TRUE,TRUE,TRUE,""
"VD_SH_N","VD","SH",0,599,20760599,TRUE,TRUE,TRUE,TRUE,TRUE,TRUE,TRUE,TRUE,""
"VD_SH_N","VD","SH",0,600,20760600,TRUE,TRUE,TRUE,TRUE,TRUE,TRUE,TRUE,TRUE,""
"VD_SH_N","VD","SH",0,601,20760601,TRUE,TRUE,TRUE,TRUE,TRUE,TRUE,TRUE,TRUE,""
"VD_SH_N","VD","SH",0,602,20760602,TRUE,TRUE,TRUE,TRUE,TRUE,TRUE,TRUE,TRUE,""
"VD_SH_N","VD","SH",0,603,20760603,TRUE,TRUE,TRUE,TRUE,TRUE,TRUE,TRUE,TRUE,""
"VD_SH_N","VD","SH",0,604,20760604,TRUE,TRUE,TRUE,TRUE,TRUE,TRUE,TRUE,TRUE,""
"VD_SH_N","VD","SH",0,605,20760605,TRUE,TRUE,TRUE,TRUE,TRUE,TRUE,TRUE,TRUE,""
"VD_SH_N","VD","SH",0,606,20760606,TRUE,TRUE,TRUE,TRUE,TRUE,TRUE,TRUE,TRUE,""
"VD_SH_N","VD","SH",0,607,20760607,TRUE,TRUE,TRUE,TRUE,TRUE,TRUE,TRUE,TRUE,""
"VD_SH_N","VD","SH",0,608,20760608,TRUE,TRUE,TRUE,TRUE,TRUE,TRUE,TRUE,TRUE,""
"VD_SH_N","VD","SH",0,609,20760609,TRUE,TRUE,TRUE,TRUE,TRUE,TRUE,TRUE,TRUE,""
"VD_SH_N","VD","SH",0,610,20760610,TRUE,TRUE,TRUE,TRUE,TRUE,TRUE,TRUE,TRUE,""
"VD_SH_N","VD","SH",0,611,20760611,TRUE,TRUE,TRUE,TRUE,TRUE,TRUE,TRUE,TRUE,""
"VD_SH_N","VD","SH",0,612,20760612,TRUE,TRUE,TRUE,TRUE,TRUE,TRUE,TRUE,TRUE,""
"VD_SH_N","VD","SH",0,613,20760613,TRUE,TRUE,TRUE,TRUE,TRUE,TRUE,TRUE,TRUE,""
"VD_SH_N","VD","SH",0,614,20760614,TRUE,TRUE,TRUE,TRUE,TRUE,TRUE,TRUE,TRUE,""
"VD_SH_N","VD","SH",0,615,20760615,TRUE,TRUE,TRUE,TRUE,TRUE,TRUE,TRUE,TRUE,""
"VD_SH_N","VD","SH",0,616,20760616,TRUE,TRUE,TRUE,TRUE,TRUE,TRUE,TRUE,TRUE,""
"VD_SH_N","VD","SH",0,617,20760617,TRUE,TRUE,TRUE,TRUE,TRUE,TRUE,TRUE,TRUE,""
"VD_SH_N","VD","SH",0,618,20760618,TRUE,TRUE,TRUE,TRUE,TRUE,TRUE,TRUE,TRUE,""
"VD_SH_N","VD","SH",0,619,20760619,TRUE,TRUE,TRUE,TRUE,TRUE,TRUE,TRUE,TRUE,""
"VD_SH_N","VD","SH",0,620,20760620,TRUE,TRUE,TRUE,TRUE,TRUE,TRUE,TRUE,TRUE,""
"VD_SH_N","VD","SH",0,621,20760621,TRUE,TRUE,TRUE,TRUE,TRUE,TRUE,TRUE,TRUE,""
"VD_SH_N","VD","SH",0,622,20760622,TRUE,TRUE,TRUE,TRUE,TRUE,TRUE,TRUE,TRUE,""
"VD_SH_N","VD","SH",0,623,20760623,TRUE,TRUE,TRUE,TRUE,TRUE,TRUE,TRUE,TRUE,""
"VD_SH_N","VD","SH",0,624,20760624,TRUE,TRUE,TRUE,TRUE,TRUE,TRUE,TRUE,TRUE,""
"VD_SH_N","VD","SH",0,625,20760625,TRUE,TRUE,TRUE,TRUE,TRUE,TRUE,TRUE,TRUE,""
"VD_SH_N","VD","SH",0,626,20760626,TRUE,TRUE,TRUE,TRUE,TRUE,TRUE,TRUE,TRUE,""
"VD_SH_N","VD","SH",0,627,20760627,TRUE,TRUE,TRUE,TRUE,TRUE,TRUE,TRUE,TRUE,""
"VD_SH_N","VD","SH",0,628,20760628,TRUE,TRUE,TRUE,TRUE,TRUE,TRUE,TRUE,TRUE,""
"VD_SH_N","VD","SH",0,629,20760629,TRUE,TRUE,TRUE,TRUE,TRUE,TRUE,TRUE,TRUE,""
"VD_SH_N","VD","SH",0,630,20760630,TRUE,TRUE,TRUE,TRUE,TRUE,TRUE,TRUE,TRUE,""
"VD_SH_N","VD","SH",0,631,20760631,TRUE,TRUE,TRUE,TRUE,TRUE,TRUE,TRUE,TRUE,""
"VD_SH_N","VD","SH",0,632,20760632,TRUE,TRUE,TRUE,TRUE,TRUE,TRUE,TRUE,TRUE,""
"VD_SH_N","VD","SH",0,633,20760633,TRUE,TRUE,TRUE,TRUE,TRUE,TRUE,TRUE,TRUE,""
"VD_SH_N","VD","SH",0,634,20760634,TRUE,TRUE,TRUE,TRUE,TRUE,TRUE,TRUE,TRUE,""
"VD_SH_N","VD","SH",0,635,20760635,TRUE,TRUE,TRUE,TRUE,TRUE,TRUE,TRUE,TRUE,""
"VD_SH_N","VD","SH",0,636,20760636,TRUE,TRUE,TRUE,TRUE,TRUE,TRUE,TRUE,TRUE,""
"VD_SH_N","VD","SH",0,637,20760637,TRUE,TRUE,TRUE,TRUE,TRUE,TRUE,TRUE,TRUE,""
"VD_SH_N","VD","SH",0,638,20760638,TRUE,TRUE,TRUE,TRUE,TRUE,TRUE,TRUE,TRUE,""
"VD_SH_N","VD","SH",0,639,20760639,TRUE,TRUE,TRUE,TRUE,TRUE,TRUE,TRUE,TRUE,""
"VD_SH_N","VD","SH",0,640,20760640,TRUE,TRUE,TRUE,TRUE,TRUE,TRUE,TRUE,TRUE,""
"VD_SH_N","VD","SH",0,641,20760641,TRUE,TRUE,TRUE,TRUE,TRUE,TRUE,TRUE,TRUE,""
"VD_SH_N","VD","SH",0,642,20760642,TRUE,TRUE,TRUE,TRUE,TRUE,TRUE,TRUE,TRUE,""
"VD_SH_N","VD","SH",0,643,20760643,TRUE,TRUE,TRUE,TRUE,TRUE,TRUE,TRUE,TRUE,""
"VD_SH_N","VD","SH",0,644,20760644,TRUE,TRUE,TRUE,TRUE,TRUE,TRUE,TRUE,TRUE,""
"VD_SH_N","VD","SH",0,645,20760645,TRUE,TRUE,TRUE,TRUE,TRUE,TRUE,TRUE,TRUE,""
"VD_SH_N","VD","SH",0,646,20760646,TRUE,TRUE,TRUE,TRUE,TRUE,TRUE,TRUE,TRUE,""
"VD_SH_N","VD","SH",0,647,20760647,TRUE,TRUE,TRUE,TRUE,TRUE,TRUE,TRUE,TRUE,""
"VD_SH_N","VD","SH",0,648,20760648,TRUE,TRUE,TRUE,TRUE,TRUE,TRUE,TRUE,TRUE,""
"VD_SH_N","VD","SH",0,649,20760649,TRUE,TRUE,TRUE,TRUE,TRUE,TRUE,TRUE,TRUE,""
"VD_SH_N","VD","SH",0,650,20760650,TRUE,TRUE,TRUE,TRUE,TRUE,TRUE,TRUE,TRUE,""
"VD_SH_N","VD","SH",0,651,20760651,TRUE,TRUE,TRUE,TRUE,TRUE,TRUE,TRUE,TRUE,""
"VD_SH_N","VD","SH",0,652,20760652,TRUE,TRUE,TRUE,TRUE,TRUE,TRUE,TRUE,TRUE,""
"VD_SH_N","VD","SH",0,653,20760653,TRUE,TRUE,TRUE,TRUE,TRUE,TRUE,TRUE,TRUE,""
"VD_SH_N","VD","SH",0,654,20760654,TRUE,TRUE,TRUE,TRUE,TRUE,TRUE,TRUE,TRUE,""
"VD_SH_N","VD","SH",0,655,20760655,TRUE,TRUE,TRUE,TRUE,TRUE,TRUE,TRUE,TRUE,""
"VD_SH_N","VD","SH",0,656,20760656,TRUE,TRUE,TRUE,TRUE,TRUE,TRUE,TRUE,TRUE,""
"VD_SH_N","VD","SH",0,657,20760657,TRUE,TRUE,TRUE,TRUE,TRUE,TRUE,TRUE,TRUE,""
"VD_SH_N","VD","SH",0,658,20760658,TRUE,TRUE,TRUE,TRUE,TRUE,TRUE,TRUE,TRUE,""
"VD_SH_N","VD","SH",0,659,20760659,TRUE,TRUE,TRUE,TRUE,TRUE,TRUE,TRUE,TRUE,""
"VD_SH_N","VD","SH",0,660,20760660,TRUE,TRUE,TRUE,TRUE,TRUE,TRUE,TRUE,TRUE,""
"VD_SH_N","VD","SH",0,661,20760661,TRUE,TRUE,TRUE,TRUE,TRUE,TRUE,TRUE,TRUE,""
"VD_SH_N","VD","SH",0,662,20760662,TRUE,TRUE,TRUE,TRUE,TRUE,TRUE,TRUE,TRUE,""
"VD_SH_N","VD","SH",0,663,20760663,TRUE,TRUE,TRUE,TRUE,TRUE,TRUE,TRUE,TRUE,""
"VD_SH_N","VD","SH",0,664,20760664,TRUE,TRUE,TRUE,TRUE,TRUE,TRUE,TRUE,TRUE,""
"VD_SH_N","VD","SH",0,665,20760665,TRUE,TRUE,TRUE,TRUE,TRUE,TRUE,TRUE,TRUE,""
"VD_SH_N","VD","SH",0,666,20760666,TRUE,TRUE,TRUE,TRUE,TRUE,TRUE,TRUE,TRUE,""
"VD_SH_N","VD","SH",0,667,20760667,TRUE,TRUE,TRUE,TRUE,TRUE,TRUE,TRUE,TRUE,""
"VD_SH_N","VD","SH",0,668,20760668,TRUE,TRUE,TRUE,TRUE,TRUE,TRUE,TRUE,TRUE,""
"VD_SH_N","VD","SH",0,669,20760669,TRUE,TRUE,TRUE,TRUE,TRUE,TRUE,TRUE,TRUE,""
"VD_SH_N","VD","SH",0,670,20760670,TRUE,TRUE,TRUE,TRUE,TRUE,TRUE,TRUE,TRUE,""
"VD_SH_N","VD","SH",0,671,20760671,TRUE,TRUE,TRUE,TRUE,TRUE,TRUE,TRUE,TRUE,""
"VD_SH_N","VD","SH",0,672,20760672,TRUE,TRUE,TRUE,TRUE,TRUE,TRUE,TRUE,TRUE,""
"VD_SH_N","VD","SH",0,673,20760673,TRUE,TRUE,TRUE,TRUE,TRUE,TRUE,TRUE,TRUE,""
"VD_SH_N","VD","SH",0,674,20760674,TRUE,TRUE,TRUE,TRUE,TRUE,TRUE,TRUE,TRUE,""
"VD_SH_N","VD","SH",0,675,20760675,TRUE,TRUE,TRUE,TRUE,TRUE,TRUE,TRUE,TRUE,""
"VD_SH_N","VD","SH",0,676,20760676,TRUE,TRUE,TRUE,TRUE,TRUE,TRUE,TRUE,TRUE,""
"VD_SH_N","VD","SH",0,677,20760677,TRUE,TRUE,TRUE,TRUE,TRUE,TRUE,TRUE,TRUE,""
"VD_SH_N","VD","SH",0,678,20760678,TRUE,TRUE,TRUE,TRUE,TRUE,TRUE,TRUE,TRUE,""
"VD_SH_N","VD","SH",0,679,20760679,TRUE,TRUE,TRUE,TRUE,TRUE,TRUE,TRUE,TRUE,""
"VD_SH_N","VD","SH",0,680,20760680,TRUE,TRUE,TRUE,TRUE,TRUE,TRUE,TRUE,TRUE,""
"VD_SH_N","VD","SH",0,681,20760681,TRUE,TRUE,TRUE,TRUE,TRUE,TRUE,TRUE,TRUE,""
"VD_SH_N","VD","SH",0,682,20760682,TRUE,TRUE,TRUE,TRUE,TRUE,TRUE,TRUE,TRUE,""
"VD_SH_N","VD","SH",0,683,20760683,TRUE,TRUE,TRUE,TRUE,TRUE,TRUE,TRUE,TRUE,""
"VD_SH_N","VD","SH",0,684,20760684,TRUE,TRUE,TRUE,TRUE,TRUE,TRUE,TRUE,TRUE,""
"VD_SH_N","VD","SH",0,685,20760685,TRUE,TRUE,TRUE,TRUE,TRUE,TRUE,TRUE,TRUE,""
"VD_SH_N","VD","SH",0,686,20760686,TRUE,TRUE,TRUE,TRUE,TRUE,TRUE,TRUE,TRUE,""
"VD_SH_N","VD","SH",0,687,20760687,TRUE,TRUE,TRUE,TRUE,TRUE,TRUE,TRUE,TRUE,""
"VD_SH_N","VD","SH",0,688,20760688,TRUE,TRUE,TRUE,TRUE,TRUE,TRUE,TRUE,TRUE,""
"VD_SH_N","VD","SH",0,689,20760689,TRUE,TRUE,TRUE,TRUE,TRUE,TRUE,TRUE,TRUE,""
"VD_SH_N","VD","SH",0,690,20760690,TRUE,TRUE,TRUE,TRUE,TRUE,TRUE,TRUE,TRUE,""
"VD_SH_N","VD","SH",0,691,20760691,TRUE,TRUE,TRUE,TRUE,TRUE,TRUE,TRUE,TRUE,""
"VD_SH_N","VD","SH",0,692,20760692,TRUE,TRUE,TRUE,TRUE,TRUE,TRUE,TRUE,TRUE,""
"VD_SH_N","VD","SH",0,693,20760693,TRUE,TRUE,TRUE,TRUE,TRUE,TRUE,TRUE,TRUE,""
"VD_SH_N","VD","SH",0,694,20760694,TRUE,TRUE,TRUE,TRUE,TRUE,TRUE,TRUE,TRUE,""
"VD_SH_N","VD","SH",0,695,20760695,TRUE,TRUE,TRUE,TRUE,TRUE,TRUE,TRUE,TRUE,""
"VD_SH_N","VD","SH",0,696,20760696,TRUE,TRUE,TRUE,TRUE,TRUE,TRUE,TRUE,TRUE,""
"VD_SH_N","VD","SH",0,697,20760697,TRUE,TRUE,TRUE,TRUE,TRUE,TRUE,TRUE,TRUE,""
"VD_SH_N","VD","SH",0,698,20760698,TRUE,TRUE,TRUE,TRUE,TRUE,TRUE,TRUE,TRUE,""
"VD_SH_N","VD","SH",0,699,20760699,TRUE,TRUE,TRUE,TRUE,TRUE,TRUE,TRUE,TRUE,""
"VD_SH_N","VD","SH",0,700,20760700,TRUE,TRUE,TRUE,TRUE,TRUE,TRUE,TRUE,TRUE,""
"VD_SH_N","VD","SH",0,701,20760701,TRUE,TRUE,TRUE,TRUE,TRUE,TRUE,TRUE,TRUE,""
"VD_SH_N","VD","SH",0,702,20760702,TRUE,TRUE,TRUE,TRUE,TRUE,TRUE,TRUE,TRUE,""
"VD_SH_N","VD","SH",0,703,20760703,TRUE,TRUE,TRUE,TRUE,TRUE,TRUE,TRUE,TRUE,""
"VD_SH_N","VD","SH",0,704,20760704,TRUE,TRUE,TRUE,TRUE,TRUE,TRUE,TRUE,TRUE,""
"VD_SH_N","VD","SH",0,705,20760705,TRUE,TRUE,TRUE,TRUE,TRUE,TRUE,TRUE,TRUE,""
"VD_SH_N","VD","SH",0,706,20760706,TRUE,TRUE,TRUE,TRUE,TRUE,TRUE,TRUE,TRUE,""
"VD_SH_N","VD","SH",0,707,20760707,TRUE,TRUE,TRUE,TRUE,TRUE,TRUE,TRUE,TRUE,""
"VD_SH_N","VD","SH",0,708,20760708,TRUE,TRUE,TRUE,TRUE,TRUE,TRUE,TRUE,TRUE,""
"VD_SH_N","VD","SH",0,709,20760709,TRUE,TRUE,TRUE,TRUE,TRUE,TRUE,TRUE,TRUE,""
"VD_SH_N","VD","SH",0,710,20760710,TRUE,TRUE,TRUE,TRUE,TRUE,TRUE,TRUE,TRUE,""
"VD_SH_N","VD","SH",0,711,20760711,TRUE,TRUE,TRUE,TRUE,TRUE,TRUE,TRUE,TRUE,""
"VD_SH_N","VD","SH",0,712,20760712,TRUE,TRUE,TRUE,TRUE,TRUE,TRUE,TRUE,TRUE,""
"VD_SH_N","VD","SH",0,713,20760713,TRUE,TRUE,TRUE,TRUE,TRUE,TRUE,TRUE,TRUE,""
"VD_SH_N","VD","SH",0,714,20760714,TRUE,TRUE,TRUE,TRUE,TRUE,TRUE,TRUE,TRUE,""
"VD_SH_N","VD","SH",0,715,20760715,TRUE,TRUE,TRUE,TRUE,TRUE,TRUE,TRUE,TRUE,""
"VD_SH_N","VD","SH",0,716,20760716,TRUE,TRUE,TRUE,TRUE,TRUE,TRUE,TRUE,TRUE,""
"VD_SH_N","VD","SH",0,717,20760717,TRUE,TRUE,TRUE,TRUE,TRUE,TRUE,TRUE,TRUE,""
"VD_SH_N","VD","SH",0,718,20760718,TRUE,TRUE,TRUE,TRUE,TRUE,TRUE,TRUE,TRUE,""
"VD_SH_N","VD","SH",0,719,20760719,TRUE,TRUE,TRUE,TRUE,TRUE,TRUE,TRUE,TRUE,""
"VD_SH_N","VD","SH",0,720,20760720,TRUE,TRUE,TRUE,TRUE,TRUE,TRUE,TRUE,TRUE,""
"VD_SH_N","VD","SH",0,721,20760721,TRUE,TRUE,TRUE,TRUE,TRUE,TRUE,TRUE,TRUE,""
"VD_SH_N","VD","SH",0,722,20760722,TRUE,TRUE,TRUE,TRUE,TRUE,TRUE,TRUE,TRUE,""
"VD_SH_N","VD","SH",0,723,20760723,TRUE,TRUE,TRUE,TRUE,TRUE,TRUE,TRUE,TRUE,""
"VD_SH_N","VD","SH",0,724,20760724,TRUE,TRUE,TRUE,TRUE,TRUE,TRUE,TRUE,TRUE,""
"VD_SH_N","VD","SH",0,725,20760725,TRUE,TRUE,TRUE,TRUE,TRUE,TRUE,TRUE,TRUE,""
"VD_SH_N","VD","SH",0,726,20760726,TRUE,TRUE,TRUE,TRUE,TRUE,TRUE,TRUE,TRUE,""
"VD_SH_N","VD","SH",0,727,20760727,TRUE,TRUE,TRUE,TRUE,TRUE,TRUE,TRUE,TRUE,""
"VD_SH_N","VD","SH",0,728,20760728,TRUE,TRUE,TRUE,TRUE,TRUE,TRUE,TRUE,TRUE,""
"VD_SH_N","VD","SH",0,729,20760729,TRUE,TRUE,TRUE,TRUE,TRUE,TRUE,TRUE,TRUE,""
"VD_SH_N","VD","SH",0,730,20760730,TRUE,TRUE,TRUE,TRUE,TRUE,TRUE,TRUE,TRUE,""
"VD_SH_N","VD","SH",0,731,20760731,TRUE,TRUE,TRUE,TRUE,TRUE,TRUE,TRUE,TRUE,""
"VD_SH_N","VD","SH",0,732,20760732,TRUE,TRUE,TRUE,TRUE,TRUE,TRUE,TRUE,TRUE,""
"VD_SH_N","VD","SH",0,733,20760733,TRUE,TRUE,TRUE,TRUE,TRUE,TRUE,TRUE,TRUE,""
"VD_SH_N","VD","SH",0,734,20760734,TRUE,TRUE,TRUE,TRUE,TRUE,TRUE,TRUE,TRUE,""
"VD_SH_N","VD","SH",0,735,20760735,TRUE,TRUE,TRUE,TRUE,TRUE,TRUE,TRUE,TRUE,""
"VD_SH_N","VD","SH",0,736,20760736,TRUE,TRUE,TRUE,TRUE,TRUE,TRUE,TRUE,TRUE,""
"VD_SH_N","VD","SH",0,737,20760737,TRUE,TRUE,TRUE,TRUE,TRUE,TRUE,TRUE,TRUE,""
"VD_SH_N","VD","SH",0,738,20760738,TRUE,TRUE,TRUE,TRUE,TRUE,TRUE,TRUE,TRUE,""
"VD_SH_N","VD","SH",0,739,20760739,TRUE,TRUE,TRUE,TRUE,TRUE,TRUE,TRUE,TRUE,""
"VD_SH_N","VD","SH",0,740,20760740,TRUE,TRUE,TRUE,TRUE,TRUE,TRUE,TRUE,TRUE,""
"VD_SH_N","VD","SH",0,741,20760741,TRUE,TRUE,TRUE,TRUE,TRUE,TRUE,TRUE,TRUE,""
"VD_SH_N","VD","SH",0,742,20760742,TRUE,TRUE,TRUE,TRUE,TRUE,TRUE,TRUE,TRUE,""
"VD_SH_N","VD","SH",0,743,20760743,TRUE,TRUE,TRUE,TRUE,TRUE,TRUE,TRUE,TRUE,""
"VD_SH_N","VD","SH",0,744,20760744,TRUE,TRUE,TRUE,TRUE,TRUE,TRUE,TRUE,TRUE,""
"VD_SH_N","VD","SH",0,745,20760745,TRUE,TRUE,TRUE,TRUE,TRUE,TRUE,TRUE,TRUE,""
"VD_SH_N","VD","SH",0,746,20760746,TRUE,TRUE,TRUE,TRUE,TRUE,TRUE,TRUE,TRUE,""
"VD_SH_N","VD","SH",0,747,20760747,TRUE,TRUE,TRUE,TRUE,TRUE,TRUE,TRUE,TRUE,""
"VD_SH_N","VD","SH",0,748,20760748,TRUE,TRUE,TRUE,TRUE,TRUE,TRUE,TRUE,TRUE,""
"VD_SH_N","VD","SH",0,749,20760749,TRUE,TRUE,TRUE,TRUE,TRUE,TRUE,TRUE,TRUE,""
"VD_SH_N","VD","SH",0,750,20760750,TRUE,TRUE,TRUE,TRUE,TRUE,TRUE,TRUE,TRUE,""
"VD_SH_N","VD","SH",0,751,20760751,TRUE,TRUE,TRUE,TRUE,TRUE,TRUE,TRUE,TRUE,""
"VD_SH_N","VD","SH",0,752,20760752,TRUE,TRUE,TRUE,TRUE,TRUE,TRUE,TRUE,TRUE,""
"VD_SH_N","VD","SH",0,753,20760753,TRUE,TRUE,TRUE,TRUE,TRUE,TRUE,TRUE,TRUE,""
"VD_SH_N","VD","SH",0,754,20760754,TRUE,TRUE,TRUE,TRUE,TRUE,TRUE,TRUE,TRUE,""
"VD_SH_N","VD","SH",0,755,20760755,TRUE,TRUE,TRUE,TRUE,TRUE,TRUE,TRUE,TRUE,""
"VD_SH_N","VD","SH",0,756,20760756,TRUE,TRUE,TRUE,TRUE,TRUE,TRUE,TRUE,TRUE,""
"VD_SH_N","VD","SH",0,757,20760757,TRUE,TRUE,TRUE,TRUE,TRUE,TRUE,TRUE,TRUE,""
"VD_SH_N","VD","SH",0,758,20760758,TRUE,TRUE,TRUE,TRUE,TRUE,TRUE,TRUE,TRUE,""
"VD_SH_N","VD","SH",0,759,20760759,TRUE,TRUE,TRUE,TRUE,TRUE,TRUE,TRUE,TRUE,""
"VD_SH_N","VD","SH",0,760,20760760,TRUE,TRUE,TRUE,TRUE,TRUE,TRUE,TRUE,TRUE,""
"VD_SH_N","VD","SH",0,761,20760761,TRUE,TRUE,TRUE,TRUE,TRUE,TRUE,TRUE,TRUE,""
"VD_SH_N","VD","SH",0,762,20760762,TRUE,TRUE,TRUE,TRUE,TRUE,TRUE,TRUE,TRUE,""
"VD_SH_N","VD","SH",0,763,20760763,TRUE,TRUE,TRUE,TRUE,TRUE,TRUE,TRUE,TRUE,""
"VD_SH_N","VD","SH",0,764,20760764,TRUE,TRUE,TRUE,TRUE,TRUE,TRUE,TRUE,TRUE,""
"VD_SH_N","VD","SH",0,765,20760765,TRUE,TRUE,TRUE,TRUE,TRUE,TRUE,TRUE,TRUE,""
"VD_SH_N","VD","SH",0,766,20760766,TRUE,TRUE,TRUE,TRUE,TRUE,TRUE,TRUE,TRUE,""
"VD_SH_N","VD","SH",0,767,20760767,TRUE,TRUE,TRUE,TRUE,TRUE,TRUE,TRUE,TRUE,""
"VD_SH_N","VD","SH",0,768,20760768,TRUE,TRUE,TRUE,TRUE,TRUE,TRUE,TRUE,TRUE,""
"VD_SH_N","VD","SH",0,769,20760769,TRUE,TRUE,TRUE,TRUE,TRUE,TRUE,TRUE,TRUE,""
"VD_SH_N","VD","SH",0,770,20760770,TRUE,TRUE,TRUE,TRUE,TRUE,TRUE,TRUE,TRUE,""
"VD_SH_N","VD","SH",0,771,20760771,TRUE,TRUE,TRUE,TRUE,TRUE,TRUE,TRUE,TRUE,""
"VD_SH_N","VD","SH",0,772,20760772,TRUE,TRUE,TRUE,TRUE,TRUE,TRUE,TRUE,TRUE,""
"VD_SH_N","VD","SH",0,773,20760773,TRUE,TRUE,TRUE,TRUE,TRUE,TRUE,TRUE,TRUE,""
"VD_SH_N","VD","SH",0,774,20760774,TRUE,TRUE,TRUE,TRUE,TRUE,TRUE,TRUE,TRUE,""
"VD_SH_N","VD","SH",0,775,20760775,TRUE,TRUE,TRUE,TRUE,TRUE,TRUE,TRUE,TRUE,""
"VD_SH_N","VD","SH",0,776,20760776,TRUE,TRUE,TRUE,TRUE,TRUE,TRUE,TRUE,TRUE,""
"VD_SH_N","VD","SH",0,777,20760777,TRUE,TRUE,TRUE,TRUE,TRUE,TRUE,TRUE,TRUE,""
"VD_SH_N","VD","SH",0,778,20760778,TRUE,TRUE,TRUE,TRUE,TRUE,TRUE,TRUE,TRUE,""
"VD_SH_N","VD","SH",0,779,20760779,TRUE,TRUE,TRUE,TRUE,TRUE,TRUE,TRUE,TRUE,""
"VD_SH_N","VD","SH",0,780,20760780,TRUE,TRUE,TRUE,TRUE,TRUE,TRUE,TRUE,TRUE,""
"VD_SH_N","VD","SH",0,781,20760781,TRUE,TRUE,TRUE,TRUE,TRUE,TRUE,TRUE,TRUE,""
"VD_SH_N","VD","SH",0,782,20760782,TRUE,TRUE,TRUE,TRUE,TRUE,TRUE,TRUE,TRUE,""
"VD_SH_N","VD","SH",0,783,20760783,TRUE,TRUE,TRUE,TRUE,TRUE,TRUE,TRUE,TRUE,""
"VD_SH_N","VD","SH",0,784,20760784,TRUE,TRUE,TRUE,TRUE,TRUE,TRUE,TRUE,TRUE,""
"VD_SH_N","VD","SH",0,785,20760785,TRUE,TRUE,TRUE,TRUE,TRUE,TRUE,TRUE,TRUE,""
"VD_SH_N","VD","SH",0,786,20760786,TRUE,TRUE,TRUE,TRUE,TRUE,TRUE,TRUE,TRUE,""
"VD_SH_N","VD","SH",0,787,20760787,TRUE,TRUE,TRUE,TRUE,TRUE,TRUE,TRUE,TRUE,""
"VD_SH_N","VD","SH",0,788,20760788,TRUE,TRUE,TRUE,TRUE,TRUE,TRUE,TRUE,TRUE,""
"VD_SH_N","VD","SH",0,789,20760789,TRUE,TRUE,TRUE,TRUE,TRUE,TRUE,TRUE,TRUE,""
"VD_SH_N","VD","SH",0,790,20760790,TRUE,TRUE,TRUE,TRUE,TRUE,TRUE,TRUE,TRUE,""
"VD_SH_N","VD","SH",0,791,20760791,TRUE,TRUE,TRUE,TRUE,TRUE,TRUE,TRUE,TRUE,""
"VD_SH_N","VD","SH",0,792,20760792,TRUE,TRUE,TRUE,TRUE,TRUE,TRUE,TRUE,TRUE,""
"VD_SH_N","VD","SH",0,793,20760793,TRUE,TRUE,TRUE,TRUE,TRUE,TRUE,TRUE,TRUE,""
"VD_SH_N","VD","SH",0,794,20760794,TRUE,TRUE,TRUE,TRUE,TRUE,TRUE,TRUE,TRUE,""
"VD_SH_N","VD","SH",0,795,20760795,TRUE,TRUE,TRUE,TRUE,TRUE,TRUE,TRUE,TRUE,""
"VD_SH_N","VD","SH",0,796,20760796,TRUE,TRUE,TRUE,TRUE,TRUE,TRUE,TRUE,TRUE,""
"VD_SH_N","VD","SH",0,797,20760797,TRUE,TRUE,TRUE,TRUE,TRUE,TRUE,TRUE,TRUE,""
"VD_SH_N","VD","SH",0,798,20760798,TRUE,TRUE,TRUE,TRUE,TRUE,TRUE,TRUE,TRUE,""
"VD_SH_N","VD","SH",0,799,20760799,TRUE,TRUE,TRUE,TRUE,TRUE,TRUE,TRUE,TRUE,""
"VD_SH_N","VD","SH",0,800,20760800,TRUE,TRUE,TRUE,TRUE,TRUE,TRUE,TRUE,TRUE,""
"VD_SH_N","VD","SH",0,801,20760801,TRUE,TRUE,TRUE,TRUE,TRUE,TRUE,TRUE,TRUE,""
"VD_SH_N","VD","SH",0,802,20760802,TRUE,TRUE,TRUE,TRUE,TRUE,TRUE,TRUE,TRUE,""
"VD_SH_N","VD","SH",0,803,20760803,TRUE,TRUE,TRUE,TRUE,TRUE,TRUE,TRUE,TRUE,""
"VD_SH_N","VD","SH",0,804,20760804,TRUE,TRUE,TRUE,TRUE,TRUE,TRUE,TRUE,TRUE,""
"VD_SH_N","VD","SH",0,805,20760805,TRUE,TRUE,TRUE,TRUE,TRUE,TRUE,TRUE,TRUE,""
"VD_SH_N","VD","SH",0,806,20760806,TRUE,TRUE,TRUE,TRUE,TRUE,TRUE,TRUE,TRUE,""
"VD_SH_N","VD","SH",0,807,20760807,TRUE,TRUE,TRUE,TRUE,TRUE,TRUE,TRUE,TRUE,""
"VD_SH_N","VD","SH",0,808,20760808,TRUE,TRUE,TRUE,TRUE,TRUE,TRUE,TRUE,TRUE,""
"VD_SH_N","VD","SH",0,809,20760809,TRUE,TRUE,TRUE,TRUE,TRUE,TRUE,TRUE,TRUE,""
"VD_SH_N","VD","SH",0,810,20760810,TRUE,TRUE,TRUE,TRUE,TRUE,TRUE,TRUE,TRUE,""
"VD_SH_N","VD","SH",0,811,20760811,TRUE,TRUE,TRUE,TRUE,TRUE,TRUE,TRUE,TRUE,""
"VD_SH_N","VD","SH",0,812,20760812,TRUE,TRUE,TRUE,TRUE,TRUE,TRUE,TRUE,TRUE,""
"VD_SH_N","VD","SH",0,813,20760813,TRUE,TRUE,TRUE,TRUE,TRUE,TRUE,TRUE,TRUE,""
"VD_SH_N","VD","SH",0,814,20760814,TRUE,TRUE,TRUE,TRUE,TRUE,TRUE,TRUE,TRUE,""
"VD_SH_N","VD","SH",0,815,20760815,TRUE,TRUE,TRUE,TRUE,TRUE,TRUE,TRUE,TRUE,""
"VD_SH_N","VD","SH",0,816,20760816,TRUE,TRUE,TRUE,TRUE,TRUE,TRUE,TRUE,TRUE,""
"VD_SH_N","VD","SH",0,817,20760817,TRUE,TRUE,TRUE,TRUE,TRUE,TRUE,TRUE,TRUE,""
"VD_SH_N","VD","SH",0,818,20760818,TRUE,TRUE,TRUE,TRUE,TRUE,TRUE,TRUE,TRUE,""
"VD_SH_N","VD","SH",0,819,20760819,TRUE,TRUE,TRUE,TRUE,TRUE,TRUE,TRUE,TRUE,""
"VD_SH_N","VD","SH",0,820,20760820,TRUE,TRUE,TRUE,TRUE,TRUE,TRUE,TRUE,TRUE,""
"VD_SH_N","VD","SH",0,821,20760821,TRUE,TRUE,TRUE,TRUE,TRUE,TRUE,TRUE,TRUE,""
"VD_SH_N","VD","SH",0,822,20760822,TRUE,TRUE,TRUE,TRUE,TRUE,TRUE,TRUE,TRUE,""
"VD_SH_N","VD","SH",0,823,20760823,TRUE,TRUE,TRUE,TRUE,TRUE,TRUE,TRUE,TRUE,""
"VD_SH_N","VD","SH",0,824,20760824,TRUE,TRUE,TRUE,TRUE,TRUE,TRUE,TRUE,TRUE,""
"VD_SH_N","VD","SH",0,825,20760825,TRUE,TRUE,TRUE,TRUE,TRUE,TRUE,TRUE,TRUE,""
"VD_SH_N","VD","SH",0,826,20760826,TRUE,TRUE,TRUE,TRUE,TRUE,TRUE,TRUE,TRUE,""
"VD_SH_N","VD","SH",0,827,20760827,TRUE,TRUE,TRUE,TRUE,TRUE,TRUE,TRUE,TRUE,""
"VD_SH_N","VD","SH",0,828,20760828,TRUE,TRUE,TRUE,TRUE,TRUE,TRUE,TRUE,TRUE,""
"VD_SH_N","VD","SH",0,829,20760829,TRUE,TRUE,TRUE,TRUE,TRUE,TRUE,TRUE,TRUE,""
"VD_SH_N","VD","SH",0,830,20760830,TRUE,TRUE,TRUE,TRUE,TRUE,TRUE,TRUE,TRUE,""
"VD_SH_N","VD","SH",0,831,20760831,TRUE,TRUE,TRUE,TRUE,TRUE,TRUE,TRUE,TRUE,""
"VD_SH_N","VD","SH",0,832,20760832,TRUE,TRUE,TRUE,TRUE,TRUE,TRUE,TRUE,TRUE,""
"VD_SH_N","VD","SH",0,833,20760833,TRUE,TRUE,TRUE,TRUE,TRUE,TRUE,TRUE,TRUE,""
"VD_SH_N","VD","SH",0,834,20760834,TRUE,TRUE,TRUE,TRUE,TRUE,TRUE,TRUE,TRUE,""
"VD_SH_N","VD","SH",0,835,20760835,TRUE,TRUE,TRUE,TRUE,TRUE,TRUE,TRUE,TRUE,""
"VD_SH_N","VD","SH",0,836,20760836,TRUE,TRUE,TRUE,TRUE,TRUE,TRUE,TRUE,TRUE,""
"VD_SH_N","VD","SH",0,837,20760837,TRUE,TRUE,TRUE,TRUE,TRUE,TRUE,TRUE,TRUE,""
"VD_SH_N","VD","SH",0,838,20760838,TRUE,TRUE,TRUE,TRUE,TRUE,TRUE,TRUE,TRUE,""
"VD_SH_N","VD","SH",0,839,20760839,TRUE,TRUE,TRUE,TRUE,TRUE,TRUE,TRUE,TRUE,""
"VD_SH_N","VD","SH",0,840,20760840,TRUE,TRUE,TRUE,TRUE,TRUE,TRUE,TRUE,TRUE,""
"VD_SH_N","VD","SH",0,841,20760841,TRUE,TRUE,TRUE,TRUE,TRUE,TRUE,TRUE,TRUE,""
"VD_SH_N","VD","SH",0,842,20760842,TRUE,TRUE,TRUE,TRUE,TRUE,TRUE,TRUE,TRUE,""
"VD_SH_N","VD","SH",0,843,20760843,TRUE,TRUE,TRUE,TRUE,TRUE,TRUE,TRUE,TRUE,""
"VD_SH_N","VD","SH",0,844,20760844,TRUE,TRUE,TRUE,TRUE,TRUE,TRUE,TRUE,TRUE,""
"VD_SH_N","VD","SH",0,845,20760845,TRUE,TRUE,TRUE,TRUE,TRUE,TRUE,TRUE,TRUE,""
"VD_SH_N","VD","SH",0,846,20760846,TRUE,TRUE,TRUE,TRUE,TRUE,TRUE,TRUE,TRUE,""
"VD_SH_N","VD","SH",0,847,20760847,TRUE,TRUE,TRUE,TRUE,TRUE,TRUE,TRUE,TRUE,""
"VD_SH_N","VD","SH",0,848,20760848,TRUE,TRUE,TRUE,TRUE,TRUE,TRUE,TRUE,TRUE,""
"VD_SH_N","VD","SH",0,849,20760849,TRUE,TRUE,TRUE,TRUE,TRUE,TRUE,TRUE,TRUE,""
"VD_SH_N","VD","SH",0,850,20760850,TRUE,TRUE,TRUE,TRUE,TRUE,TRUE,TRUE,TRUE,""
"VD_SH_N","VD","SH",0,851,20760851,TRUE,TRUE,TRUE,TRUE,TRUE,TRUE,TRUE,TRUE,""
"VD_SH_N","VD","SH",0,852,20760852,TRUE,TRUE,TRUE,TRUE,TRUE,TRUE,TRUE,TRUE,""
"VD_SH_N","VD","SH",0,853,20760853,TRUE,TRUE,TRUE,TRUE,TRUE,TRUE,TRUE,TRUE,""
"VD_SH_N","VD","SH",0,854,20760854,TRUE,TRUE,TRUE,TRUE,TRUE,TRUE,TRUE,TRUE,""
"VD_SH_N","VD","SH",0,855,20760855,TRUE,TRUE,TRUE,TRUE,TRUE,TRUE,TRUE,TRUE,""
"VD_SH_N","VD","SH",0,856,20760856,TRUE,TRUE,TRUE,TRUE,TRUE,TRUE,TRUE,TRUE,""
"VD_SH_N","VD","SH",0,857,20760857,TRUE,TRUE,TRUE,TRUE,TRUE,TRUE,TRUE,TRUE,""
"VD_SH_N","VD","SH",0,858,20760858,TRUE,TRUE,TRUE,TRUE,TRUE,TRUE,TRUE,TRUE,""
"VD_SH_N","VD","SH",0,859,20760859,TRUE,TRUE,TRUE,TRUE,TRUE,TRUE,TRUE,TRUE,""
"VD_SH_N","VD","SH",0,860,20760860,TRUE,TRUE,TRUE,TRUE,TRUE,TRUE,TRUE,TRUE,""
"VD_SH_N","VD","SH",0,861,20760861,TRUE,TRUE,TRUE,TRUE,TRUE,TRUE,TRUE,TRUE,""
"VD_SH_N","VD","SH",0,862,20760862,TRUE,TRUE,TRUE,TRUE,TRUE,TRUE,TRUE,TRUE,""
"VD_SH_N","VD","SH",0,863,20760863,TRUE,TRUE,TRUE,TRUE,TRUE,TRUE,TRUE,TRUE,""
"VD_SH_N","VD","SH",0,864,20760864,TRUE,TRUE,TRUE,TRUE,TRUE,TRUE,TRUE,TRUE,""
"VD_SH_N","VD","SH",0,865,20760865,TRUE,TRUE,TRUE,TRUE,TRUE,TRUE,TRUE,TRUE,""
"VD_SH_N","VD","SH",0,866,20760866,TRUE,TRUE,TRUE,TRUE,TRUE,TRUE,TRUE,TRUE,""
"VD_SH_N","VD","SH",0,867,20760867,TRUE,TRUE,TRUE,TRUE,TRUE,TRUE,TRUE,TRUE,""
"VD_SH_N","VD","SH",0,868,20760868,TRUE,TRUE,TRUE,TRUE,TRUE,TRUE,TRUE,TRUE,""
"VD_SH_N","VD","SH",0,869,20760869,TRUE,TRUE,TRUE,TRUE,TRUE,TRUE,TRUE,TRUE,""
"VD_SH_N","VD","SH",0,870,20760870,TRUE,TRUE,TRUE,TRUE,TRUE,TRUE,TRUE,TRUE,""
"VD_SH_N","VD","SH",0,871,20760871,TRUE,TRUE,TRUE,TRUE,TRUE,TRUE,TRUE,TRUE,""
"VD_SH_N","VD","SH",0,872,20760872,TRUE,TRUE,TRUE,TRUE,TRUE,TRUE,TRUE,TRUE,""
"VD_SH_N","VD","SH",0,873,20760873,TRUE,TRUE,TRUE,TRUE,TRUE,TRUE,TRUE,TRUE,""
"VD_SH_N","VD","SH",0,874,20760874,TRUE,TRUE,TRUE,TRUE,TRUE,TRUE,TRUE,TRUE,""
"VD_SH_N","VD","SH",0,875,20760875,TRUE,TRUE,TRUE,TRUE,TRUE,TRUE,TRUE,TRUE,""
"VD_SH_N","VD","SH",0,876,20760876,TRUE,TRUE,TRUE,TRUE,TRUE,TRUE,TRUE,TRUE,""
"VD_SH_N","VD","SH",0,877,20760877,TRUE,TRUE,TRUE,TRUE,TRUE,TRUE,TRUE,TRUE,""
"VD_SH_N","VD","SH",0,878,20760878,TRUE,TRUE,TRUE,TRUE,TRUE,TRUE,TRUE,TRUE,""
"VD_SH_N","VD","SH",0,879,20760879,TRUE,TRUE,TRUE,TRUE,TRUE,TRUE,TRUE,TRUE,""
"VD_SH_N","VD","SH",0,880,20760880,TRUE,TRUE,TRUE,TRUE,TRUE,TRUE,TRUE,TRUE,""
"VD_SH_N","VD","SH",0,881,20760881,TRUE,TRUE,TRUE,TRUE,TRUE,TRUE,TRUE,TRUE,""
"VD_SH_N","VD","SH",0,882,20760882,TRUE,TRUE,TRUE,TRUE,TRUE,TRUE,TRUE,TRUE,""
"VD_SH_N","VD","SH",0,883,20760883,TRUE,TRUE,TRUE,TRUE,TRUE,TRUE,TRUE,TRUE,""
"VD_SH_N","VD","SH",0,884,20760884,TRUE,TRUE,TRUE,TRUE,TRUE,TRUE,TRUE,TRUE,""
"VD_SH_N","VD","SH",0,885,20760885,TRUE,TRUE,TRUE,TRUE,TRUE,TRUE,TRUE,TRUE,""
"VD_SH_N","VD","SH",0,886,20760886,TRUE,TRUE,TRUE,TRUE,TRUE,TRUE,TRUE,TRUE,""
"VD_SH_N","VD","SH",0,887,20760887,TRUE,TRUE,TRUE,TRUE,TRUE,TRUE,TRUE,TRUE,""
"VD_SH_N","VD","SH",0,888,20760888,TRUE,TRUE,TRUE,TRUE,TRUE,TRUE,TRUE,TRUE,""
"VD_SH_N","VD","SH",0,889,20760889,TRUE,TRUE,TRUE,TRUE,TRUE,TRUE,TRUE,TRUE,""
"VD_SH_N","VD","SH",0,890,20760890,TRUE,TRUE,TRUE,TRUE,TRUE,TRUE,TRUE,TRUE,""
"VD_SH_N","VD","SH",0,891,20760891,TRUE,TRUE,TRUE,TRUE,TRUE,TRUE,TRUE,TRUE,""
"VD_SH_N","VD","SH",0,892,20760892,TRUE,TRUE,TRUE,TRUE,TRUE,TRUE,TRUE,TRUE,""
"VD_SH_N","VD","SH",0,893,20760893,TRUE,TRUE,TRUE,TRUE,TRUE,TRUE,TRUE,TRUE,""
"VD_SH_N","VD","SH",0,894,20760894,TRUE,TRUE,TRUE,TRUE,TRUE,TRUE,TRUE,TRUE,""
"VD_SH_N","VD","SH",0,895,20760895,TRUE,TRUE,TRUE,TRUE,TRUE,TRUE,TRUE,TRUE,""
"VD_SH_N","VD","SH",0,896,20760896,TRUE,TRUE,TRUE,TRUE,TRUE,TRUE,TRUE,TRUE,""
"VD_SH_N","VD","SH",0,897,20760897,TRUE,TRUE,TRUE,TRUE,TRUE,TRUE,TRUE,TRUE,""
"VD_SH_N","VD","SH",0,898,20760898,TRUE,TRUE,TRUE,TRUE,TRUE,TRUE,TRUE,TRUE,""
"VD_SH_N","VD","SH",0,899,20760899,TRUE,TRUE,TRUE,TRUE,TRUE,TRUE,TRUE,TRUE,""
"VD_SH_N","VD","SH",0,900,20760900,TRUE,TRUE,TRUE,TRUE,TRUE,TRUE,TRUE,TRUE,""
"VD_SH_N","VD","SH",0,901,20760901,TRUE,TRUE,TRUE,TRUE,TRUE,TRUE,TRUE,TRUE,""
"VD_SH_N","VD","SH",0,902,20760902,TRUE,TRUE,TRUE,TRUE,TRUE,TRUE,TRUE,TRUE,""
"VD_SH_N","VD","SH",0,903,20760903,TRUE,TRUE,TRUE,TRUE,TRUE,TRUE,TRUE,TRUE,""
"VD_SH_N","VD","SH",0,904,20760904,TRUE,TRUE,TRUE,TRUE,TRUE,TRUE,TRUE,TRUE,""
"VD_SH_N","VD","SH",0,905,20760905,TRUE,TRUE,TRUE,TRUE,TRUE,TRUE,TRUE,TRUE,""
"VD_SH_N","VD","SH",0,906,20760906,TRUE,TRUE,TRUE,TRUE,TRUE,TRUE,TRUE,TRUE,""
"VD_SH_N","VD","SH",0,907,20760907,TRUE,TRUE,TRUE,TRUE,TRUE,TRUE,TRUE,TRUE,""
"VD_SH_N","VD","SH",0,908,20760908,TRUE,TRUE,TRUE,TRUE,TRUE,TRUE,TRUE,TRUE,""
"VD_SH_N","VD","SH",0,909,20760909,TRUE,TRUE,TRUE,TRUE,TRUE,TRUE,TRUE,TRUE,""
"VD_SH_N","VD","SH",0,910,20760910,TRUE,TRUE,TRUE,TRUE,TRUE,TRUE,TRUE,TRUE,""
"VD_SH_N","VD","SH",0,911,20760911,TRUE,TRUE,TRUE,TRUE,TRUE,TRUE,TRUE,TRUE,""
"VD_SH_N","VD","SH",0,912,20760912,TRUE,TRUE,TRUE,TRUE,TRUE,TRUE,TRUE,TRUE,""
"VD_SH_N","VD","SH",0,913,20760913,TRUE,TRUE,TRUE,TRUE,TRUE,TRUE,TRUE,TRUE,""
"VD_SH_N","VD","SH",0,914,20760914,TRUE,TRUE,TRUE,TRUE,TRUE,TRUE,TRUE,TRUE,""
"VD_SH_N","VD","SH",0,915,20760915,TRUE,TRUE,TRUE,TRUE,TRUE,TRUE,TRUE,TRUE,""
"VD_SH_N","VD","SH",0,916,20760916,TRUE,TRUE,TRUE,TRUE,TRUE,TRUE,TRUE,TRUE,""
"VD_SH_N","VD","SH",0,917,20760917,TRUE,TRUE,TRUE,TRUE,TRUE,TRUE,TRUE,TRUE,""
"VD_SH_N","VD","SH",0,918,20760918,TRUE,TRUE,TRUE,TRUE,TRUE,TRUE,TRUE,TRUE,""
"VD_SH_N","VD","SH",0,919,20760919,TRUE,TRUE,TRUE,TRUE,TRUE,TRUE,TRUE,TRUE,""
"VD_SH_N","VD","SH",0,920,20760920,TRUE,TRUE,TRUE,TRUE,TRUE,TRUE,TRUE,TRUE,""
"VD_SH_N","VD","SH",0,921,20760921,TRUE,TRUE,TRUE,TRUE,TRUE,TRUE,TRUE,TRUE,""
"VD_SH_N","VD","SH",0,922,20760922,TRUE,TRUE,TRUE,TRUE,TRUE,TRUE,TRUE,TRUE,""
"VD_SH_N","VD","SH",0,923,20760923,TRUE,TRUE,TRUE,TRUE,TRUE,TRUE,TRUE,TRUE,""
"VD_SH_N","VD","SH",0,924,20760924,TRUE,TRUE,TRUE,TRUE,TRUE,TRUE,TRUE,TRUE,""
"VD_SH_N","VD","SH",0,925,20760925,TRUE,TRUE,TRUE,TRUE,TRUE,TRUE,TRUE,TRUE,""
"VD_SH_N","VD","SH",0,926,20760926,TRUE,TRUE,TRUE,TRUE,TRUE,TRUE,TRUE,TRUE,""
"VD_SH_N","VD","SH",0,927,20760927,TRUE,TRUE,TRUE,TRUE,TRUE,TRUE,TRUE,TRUE,""
"VD_SH_N","VD","SH",0,928,20760928,TRUE,TRUE,TRUE,TRUE,TRUE,TRUE,TRUE,TRUE,""
"VD_SH_N","VD","SH",0,929,20760929,TRUE,TRUE,TRUE,TRUE,TRUE,TRUE,TRUE,TRUE,""
"VD_SH_N","VD","SH",0,930,20760930,TRUE,TRUE,TRUE,TRUE,TRUE,TRUE,TRUE,TRUE,""
"VD_SH_N","VD","SH",0,931,20760931,TRUE,TRUE,TRUE,TRUE,TRUE,TRUE,TRUE,TRUE,""
"VD_SH_N","VD","SH",0,932,20760932,TRUE,TRUE,TRUE,TRUE,TRUE,TRUE,TRUE,TRUE,""
"VD_SH_N","VD","SH",0,933,20760933,TRUE,TRUE,TRUE,TRUE,TRUE,TRUE,TRUE,TRUE,""
"VD_SH_N","VD","SH",0,934,20760934,TRUE,TRUE,TRUE,TRUE,TRUE,TRUE,TRUE,TRUE,""
"VD_SH_N","VD","SH",0,935,20760935,TRUE,TRUE,TRUE,TRUE,TRUE,TRUE,TRUE,TRUE,""
"VD_SH_N","VD","SH",0,936,20760936,TRUE,TRUE,TRUE,TRUE,TRUE,TRUE,TRUE,TRUE,""
"VD_SH_N","VD","SH",0,937,20760937,TRUE,TRUE,TRUE,TRUE,TRUE,TRUE,TRUE,TRUE,""
"VD_SH_N","VD","SH",0,938,20760938,TRUE,TRUE,TRUE,TRUE,TRUE,TRUE,TRUE,TRUE,""
"VD_SH_N","VD","SH",0,939,20760939,TRUE,TRUE,TRUE,TRUE,TRUE,TRUE,TRUE,TRUE,""
"VD_SH_N","VD","SH",0,940,20760940,TRUE,TRUE,TRUE,TRUE,TRUE,TRUE,TRUE,TRUE,""
"VD_SH_N","VD","SH",0,941,20760941,TRUE,TRUE,TRUE,TRUE,TRUE,TRUE,TRUE,TRUE,""
"VD_SH_N","VD","SH",0,942,20760942,TRUE,TRUE,TRUE,TRUE,TRUE,TRUE,TRUE,TRUE,""
"VD_SH_N","VD","SH",0,943,20760943,TRUE,TRUE,TRUE,TRUE,TRUE,TRUE,TRUE,TRUE,""
"VD_SH_N","VD","SH",0,944,20760944,TRUE,TRUE,TRUE,TRUE,TRUE,TRUE,TRUE,TRUE,""
"VD_SH_N","VD","SH",0,945,20760945,TRUE,TRUE,TRUE,TRUE,TRUE,TRUE,TRUE,TRUE,""
"VD_SH_N","VD","SH",0,946,20760946,TRUE,TRUE,TRUE,TRUE,TRUE,TRUE,TRUE,TRUE,""
"VD_SH_N","VD","SH",0,947,20760947,TRUE,TRUE,TRUE,TRUE,TRUE,TRUE,TRUE,TRUE,""
"VD_SH_N","VD","SH",0,948,20760948,TRUE,TRUE,TRUE,TRUE,TRUE,TRUE,TRUE,TRUE,""
"VD_SH_N","VD","SH",0,949,20760949,TRUE,TRUE,TRUE,TRUE,TRUE,TRUE,TRUE,TRUE,""
"VD_SH_N","VD","SH",0,950,20760950,TRUE,TRUE,TRUE,TRUE,TRUE,TRUE,TRUE,TRUE,""
"VD_SH_N","VD","SH",0,951,20760951,TRUE,TRUE,TRUE,TRUE,TRUE,TRUE,TRUE,TRUE,""
"VD_SH_N","VD","SH",0,952,20760952,TRUE,TRUE,TRUE,TRUE,TRUE,TRUE,TRUE,TRUE,""
"VD_SH_N","VD","SH",0,953,20760953,TRUE,TRUE,TRUE,TRUE,TRUE,TRUE,TRUE,TRUE,""
"VD_SH_N","VD","SH",0,954,20760954,TRUE,TRUE,TRUE,TRUE,TRUE,TRUE,TRUE,TRUE,""
"VD_SH_N","VD","SH",0,955,20760955,TRUE,TRUE,TRUE,TRUE,TRUE,TRUE,TRUE,TRUE,""
"VD_SH_N","VD","SH",0,956,20760956,TRUE,TRUE,TRUE,TRUE,TRUE,TRUE,TRUE,TRUE,""
"VD_SH_N","VD","SH",0,957,20760957,TRUE,TRUE,TRUE,TRUE,TRUE,TRUE,TRUE,TRUE,""
"VD_SH_N","VD","SH",0,958,20760958,TRUE,TRUE,TRUE,TRUE,TRUE,TRUE,TRUE,TRUE,""
"VD_SH_N","VD","SH",0,959,20760959,TRUE,TRUE,TRUE,TRUE,TRUE,TRUE,TRUE,TRUE,""
"VD_SH_N","VD","SH",0,960,20760960,TRUE,TRUE,TRUE,TRUE,TRUE,TRUE,TRUE,TRUE,""
"VD_SH_N","VD","SH",0,961,20760961,TRUE,TRUE,TRUE,TRUE,TRUE,TRUE,TRUE,TRUE,""
"VD_SH_N","VD","SH",0,962,20760962,TRUE,TRUE,TRUE,TRUE,TRUE,TRUE,TRUE,TRUE,""
"VD_SH_N","VD","SH",0,963,20760963,TRUE,TRUE,TRUE,TRUE,TRUE,TRUE,TRUE,TRUE,""
"VD_SH_N","VD","SH",0,964,20760964,TRUE,TRUE,TRUE,TRUE,TRUE,TRUE,TRUE,TRUE,""
"VD_SH_N","VD","SH",0,965,20760965,TRUE,TRUE,TRUE,TRUE,TRUE,TRUE,TRUE,TRUE,""
"VD_SH_N","VD","SH",0,966,20760966,TRUE,TRUE,TRUE,TRUE,TRUE,TRUE,TRUE,TRUE,""
"VD_SH_N","VD","SH",0,967,20760967,TRUE,TRUE,TRUE,TRUE,TRUE,TRUE,TRUE,TRUE,""
"VD_SH_N","VD","SH",0,968,20760968,TRUE,TRUE,TRUE,TRUE,TRUE,TRUE,TRUE,TRUE,""
"VD_SH_N","VD","SH",0,969,20760969,TRUE,TRUE,TRUE,TRUE,TRUE,TRUE,TRUE,TRUE,""
"VD_SH_N","VD","SH",0,970,20760970,TRUE,TRUE,TRUE,TRUE,TRUE,TRUE,TRUE,TRUE,""
"VD_SH_N","VD","SH",0,971,20760971,TRUE,TRUE,TRUE,TRUE,TRUE,TRUE,TRUE,TRUE,""
"VD_SH_N","VD","SH",0,972,20760972,TRUE,TRUE,TRUE,TRUE,TRUE,TRUE,TRUE,TRUE,""
"VD_SH_N","VD","SH",0,973,20760973,TRUE,TRUE,TRUE,TRUE,TRUE,TRUE,TRUE,TRUE,""
"VD_SH_N","VD","SH",0,974,20760974,TRUE,TRUE,TRUE,TRUE,TRUE,TRUE,TRUE,TRUE,""
"VD_SH_N","VD","SH",0,975,20760975,TRUE,TRUE,TRUE,TRUE,TRUE,TRUE,TRUE,TRUE,""
"VD_SH_N","VD","SH",0,976,20760976,TRUE,TRUE,TRUE,TRUE,TRUE,TRUE,TRUE,TRUE,""
"VD_SH_N","VD","SH",0,977,20760977,TRUE,TRUE,TRUE,TRUE,TRUE,TRUE,TRUE,TRUE,""
"VD_SH_N","VD","SH",0,978,20760978,TRUE,TRUE,TRUE,TRUE,TRUE,TRUE,TRUE,TRUE,""
"VD_SH_N","VD","SH",0,979,20760979,TRUE,TRUE,TRUE,TRUE,TRUE,TRUE,TRUE,TRUE,""
"VD_SH_N","VD","SH",0,980,20760980,TRUE,TRUE,TRUE,TRUE,TRUE,TRUE,TRUE,TRUE,""
"VD_SH_N","VD","SH",0,981,20760981,TRUE,TRUE,TRUE,TRUE,TRUE,TRUE,TRUE,TRUE,""
"VD_SH_N","VD","SH",0,982,20760982,TRUE,TRUE,TRUE,TRUE,TRUE,TRUE,TRUE,TRUE,""
"VD_SH_N","VD","SH",0,983,20760983,TRUE,TRUE,TRUE,TRUE,TRUE,TRUE,TRUE,TRUE,""
"VD_SH_N","VD","SH",0,984,20760984,TRUE,TRUE,TRUE,TRUE,TRUE,TRUE,TRUE,TRUE,""
"VD_SH_N","VD","SH",0,985,20760985,TRUE,TRUE,TRUE,TRUE,TRUE,TRUE,TRUE,TRUE,""
"VD_SH_N","VD","SH",0,986,20760986,TRUE,TRUE,TRUE,TRUE,TRUE,TRUE,TRUE,TRUE,""
"VD_SH_N","VD","SH",0,987,20760987,TRUE,TRUE,TRUE,TRUE,TRUE,TRUE,TRUE,TRUE,""
"VD_SH_N","VD","SH",0,988,20760988,TRUE,TRUE,TRUE,TRUE,TRUE,TRUE,TRUE,TRUE,""
"VD_SH_N","VD","SH",0,989,20760989,TRUE,TRUE,TRUE,TRUE,TRUE,TRUE,TRUE,TRUE,""
"VD_SH_N","VD","SH",0,990,20760990,TRUE,TRUE,TRUE,TRUE,TRUE,TRUE,TRUE,TRUE,""
"VD_SH_N","VD","SH",0,991,20760991,TRUE,TRUE,TRUE,TRUE,TRUE,TRUE,TRUE,TRUE,""
"VD_SH_N","VD","SH",0,992,20760992,TRUE,TRUE,TRUE,TRUE,TRUE,TRUE,TRUE,TRUE,""
"VD_SH_N","VD","SH",0,993,20760993,TRUE,TRUE,TRUE,TRUE,TRUE,TRUE,TRUE,TRUE,""
"VD_SH_N","VD","SH",0,994,20760994,TRUE,TRUE,TRUE,TRUE,TRUE,TRUE,TRUE,TRUE,""
"VD_SH_N","VD","SH",0,995,20760995,TRUE,TRUE,TRUE,TRUE,TRUE,TRUE,TRUE,TRUE,""
"VD_SH_N","VD","SH",0,996,20760996,TRUE,TRUE,TRUE,TRUE,TRUE,TRUE,TRUE,TRUE,""
"VD_SH_N","VD","SH",0,997,20760997,TRUE,TRUE,TRUE,TRUE,TRUE,TRUE,TRUE,TRUE,""
"VD_SH_N","VD","SH",0,998,20760998,TRUE,TRUE,TRUE,TRUE,TRUE,TRUE,TRUE,TRUE,""
"VD_SH_N","VD","SH",0,999,20760999,TRUE,TRUE,TRUE,TRUE,TRUE,TRUE,TRUE,TRUE,""
"VD_SH_N","VD","SH",0,1000,20761000,TRUE,TRUE,TRUE,TRUE,TRUE,TRUE,TRUE,TRUE,""
"VD_SH_A","VD","SH",0.2,1,20860001,TRUE,TRUE,TRUE,TRUE,TRUE,TRUE,TRUE,TRUE,""
"VD_SH_A","VD","SH",0.2,2,20860002,TRUE,TRUE,TRUE,TRUE,TRUE,TRUE,TRUE,TRUE,""
"VD_SH_A","VD","SH",0.2,3,20860003,TRUE,TRUE,TRUE,TRUE,TRUE,TRUE,TRUE,TRUE,""
"VD_SH_A","VD","SH",0.2,4,20860004,TRUE,TRUE,TRUE,TRUE,TRUE,TRUE,TRUE,TRUE,""
"VD_SH_A","VD","SH",0.2,5,20860005,TRUE,TRUE,TRUE,TRUE,TRUE,TRUE,TRUE,TRUE,""
"VD_SH_A","VD","SH",0.2,6,20860006,TRUE,TRUE,TRUE,TRUE,TRUE,TRUE,TRUE,TRUE,""
"VD_SH_A","VD","SH",0.2,7,20860007,TRUE,TRUE,TRUE,TRUE,TRUE,TRUE,TRUE,TRUE,""
"VD_SH_A","VD","SH",0.2,8,20860008,TRUE,TRUE,TRUE,TRUE,TRUE,TRUE,TRUE,TRUE,""
"VD_SH_A","VD","SH",0.2,9,20860009,TRUE,TRUE,TRUE,TRUE,TRUE,TRUE,TRUE,TRUE,""
"VD_SH_A","VD","SH",0.2,10,20860010,TRUE,TRUE,TRUE,TRUE,TRUE,TRUE,TRUE,TRUE,""
"VD_SH_A","VD","SH",0.2,11,20860011,TRUE,TRUE,TRUE,TRUE,TRUE,TRUE,TRUE,TRUE,""
"VD_SH_A","VD","SH",0.2,12,20860012,TRUE,TRUE,TRUE,TRUE,TRUE,TRUE,TRUE,TRUE,""
"VD_SH_A","VD","SH",0.2,13,20860013,TRUE,TRUE,TRUE,TRUE,TRUE,TRUE,TRUE,TRUE,""
"VD_SH_A","VD","SH",0.2,14,20860014,TRUE,TRUE,TRUE,TRUE,TRUE,TRUE,TRUE,TRUE,""
"VD_SH_A","VD","SH",0.2,15,20860015,TRUE,TRUE,TRUE,TRUE,TRUE,TRUE,TRUE,TRUE,""
"VD_SH_A","VD","SH",0.2,16,20860016,TRUE,TRUE,TRUE,TRUE,TRUE,TRUE,TRUE,TRUE,""
"VD_SH_A","VD","SH",0.2,17,20860017,TRUE,TRUE,TRUE,TRUE,TRUE,TRUE,TRUE,TRUE,""
"VD_SH_A","VD","SH",0.2,18,20860018,TRUE,TRUE,TRUE,TRUE,TRUE,TRUE,TRUE,TRUE,""
"VD_SH_A","VD","SH",0.2,19,20860019,TRUE,TRUE,TRUE,TRUE,TRUE,TRUE,TRUE,TRUE,""
"VD_SH_A","VD","SH",0.2,20,20860020,TRUE,TRUE,TRUE,TRUE,TRUE,TRUE,TRUE,TRUE,""
"VD_SH_A","VD","SH",0.2,21,20860021,TRUE,TRUE,TRUE,TRUE,TRUE,TRUE,TRUE,TRUE,""
"VD_SH_A","VD","SH",0.2,22,20860022,TRUE,TRUE,TRUE,TRUE,TRUE,TRUE,TRUE,TRUE,""
"VD_SH_A","VD","SH",0.2,23,20860023,TRUE,TRUE,TRUE,TRUE,TRUE,TRUE,TRUE,TRUE,""
"VD_SH_A","VD","SH",0.2,24,20860024,TRUE,TRUE,TRUE,TRUE,TRUE,TRUE,TRUE,TRUE,""
"VD_SH_A","VD","SH",0.2,25,20860025,TRUE,TRUE,TRUE,TRUE,TRUE,TRUE,TRUE,TRUE,""
"VD_SH_A","VD","SH",0.2,26,20860026,TRUE,TRUE,TRUE,TRUE,TRUE,TRUE,TRUE,TRUE,""
"VD_SH_A","VD","SH",0.2,27,20860027,TRUE,TRUE,TRUE,TRUE,TRUE,TRUE,TRUE,TRUE,""
"VD_SH_A","VD","SH",0.2,28,20860028,TRUE,TRUE,TRUE,TRUE,TRUE,TRUE,TRUE,TRUE,""
"VD_SH_A","VD","SH",0.2,29,20860029,TRUE,TRUE,TRUE,TRUE,TRUE,TRUE,TRUE,TRUE,""
"VD_SH_A","VD","SH",0.2,30,20860030,TRUE,TRUE,TRUE,TRUE,TRUE,TRUE,TRUE,TRUE,""
"VD_SH_A","VD","SH",0.2,31,20860031,TRUE,TRUE,TRUE,TRUE,TRUE,TRUE,TRUE,TRUE,""
"VD_SH_A","VD","SH",0.2,32,20860032,TRUE,TRUE,TRUE,TRUE,TRUE,TRUE,TRUE,TRUE,""
"VD_SH_A","VD","SH",0.2,33,20860033,TRUE,TRUE,TRUE,TRUE,TRUE,TRUE,TRUE,TRUE,""
"VD_SH_A","VD","SH",0.2,34,20860034,TRUE,TRUE,TRUE,TRUE,TRUE,TRUE,TRUE,TRUE,""
"VD_SH_A","VD","SH",0.2,35,20860035,TRUE,TRUE,TRUE,TRUE,TRUE,TRUE,TRUE,TRUE,""
"VD_SH_A","VD","SH",0.2,36,20860036,TRUE,TRUE,TRUE,TRUE,TRUE,TRUE,TRUE,TRUE,""
"VD_SH_A","VD","SH",0.2,37,20860037,TRUE,TRUE,TRUE,TRUE,TRUE,TRUE,TRUE,TRUE,""
"VD_SH_A","VD","SH",0.2,38,20860038,TRUE,TRUE,TRUE,TRUE,TRUE,TRUE,TRUE,TRUE,""
"VD_SH_A","VD","SH",0.2,39,20860039,TRUE,TRUE,TRUE,TRUE,TRUE,TRUE,TRUE,TRUE,""
"VD_SH_A","VD","SH",0.2,40,20860040,TRUE,TRUE,TRUE,TRUE,TRUE,TRUE,TRUE,TRUE,""
"VD_SH_A","VD","SH",0.2,41,20860041,TRUE,TRUE,TRUE,TRUE,TRUE,TRUE,TRUE,TRUE,""
"VD_SH_A","VD","SH",0.2,42,20860042,TRUE,TRUE,TRUE,TRUE,TRUE,TRUE,TRUE,TRUE,""
"VD_SH_A","VD","SH",0.2,43,20860043,TRUE,TRUE,TRUE,TRUE,TRUE,TRUE,TRUE,TRUE,""
"VD_SH_A","VD","SH",0.2,44,20860044,TRUE,TRUE,TRUE,TRUE,TRUE,TRUE,TRUE,TRUE,""
"VD_SH_A","VD","SH",0.2,45,20860045,TRUE,TRUE,TRUE,TRUE,TRUE,TRUE,TRUE,TRUE,""
"VD_SH_A","VD","SH",0.2,46,20860046,TRUE,TRUE,TRUE,TRUE,TRUE,TRUE,TRUE,TRUE,""
"VD_SH_A","VD","SH",0.2,47,20860047,TRUE,TRUE,TRUE,TRUE,TRUE,TRUE,TRUE,TRUE,""
"VD_SH_A","VD","SH",0.2,48,20860048,TRUE,TRUE,TRUE,TRUE,TRUE,TRUE,TRUE,TRUE,""
"VD_SH_A","VD","SH",0.2,49,20860049,TRUE,TRUE,TRUE,TRUE,TRUE,TRUE,TRUE,TRUE,""
"VD_SH_A","VD","SH",0.2,50,20860050,TRUE,TRUE,TRUE,TRUE,TRUE,TRUE,TRUE,TRUE,""
"VD_SH_A","VD","SH",0.2,51,20860051,TRUE,TRUE,TRUE,TRUE,TRUE,TRUE,TRUE,TRUE,""
"VD_SH_A","VD","SH",0.2,52,20860052,TRUE,TRUE,TRUE,TRUE,TRUE,TRUE,TRUE,TRUE,""
"VD_SH_A","VD","SH",0.2,53,20860053,TRUE,TRUE,TRUE,TRUE,TRUE,TRUE,TRUE,TRUE,""
"VD_SH_A","VD","SH",0.2,54,20860054,TRUE,TRUE,TRUE,TRUE,TRUE,TRUE,TRUE,TRUE,""
"VD_SH_A","VD","SH",0.2,55,20860055,TRUE,TRUE,TRUE,TRUE,TRUE,TRUE,TRUE,TRUE,""
"VD_SH_A","VD","SH",0.2,56,20860056,TRUE,TRUE,TRUE,TRUE,TRUE,TRUE,TRUE,TRUE,""
"VD_SH_A","VD","SH",0.2,57,20860057,TRUE,TRUE,TRUE,TRUE,TRUE,TRUE,TRUE,TRUE,""
"VD_SH_A","VD","SH",0.2,58,20860058,TRUE,TRUE,TRUE,TRUE,TRUE,TRUE,TRUE,TRUE,""
"VD_SH_A","VD","SH",0.2,59,20860059,TRUE,TRUE,TRUE,TRUE,TRUE,TRUE,TRUE,TRUE,""
"VD_SH_A","VD","SH",0.2,60,20860060,TRUE,TRUE,TRUE,TRUE,TRUE,TRUE,TRUE,TRUE,""
"VD_SH_A","VD","SH",0.2,61,20860061,TRUE,TRUE,TRUE,TRUE,TRUE,TRUE,TRUE,TRUE,""
"VD_SH_A","VD","SH",0.2,62,20860062,TRUE,TRUE,TRUE,TRUE,TRUE,TRUE,TRUE,TRUE,""
"VD_SH_A","VD","SH",0.2,63,20860063,TRUE,TRUE,TRUE,TRUE,TRUE,TRUE,TRUE,TRUE,""
"VD_SH_A","VD","SH",0.2,64,20860064,TRUE,TRUE,TRUE,TRUE,TRUE,TRUE,TRUE,TRUE,""
"VD_SH_A","VD","SH",0.2,65,20860065,TRUE,TRUE,TRUE,TRUE,TRUE,TRUE,TRUE,TRUE,""
"VD_SH_A","VD","SH",0.2,66,20860066,TRUE,TRUE,TRUE,TRUE,TRUE,TRUE,TRUE,TRUE,""
"VD_SH_A","VD","SH",0.2,67,20860067,TRUE,TRUE,TRUE,TRUE,TRUE,TRUE,TRUE,TRUE,""
"VD_SH_A","VD","SH",0.2,68,20860068,TRUE,TRUE,TRUE,TRUE,TRUE,TRUE,TRUE,TRUE,""
"VD_SH_A","VD","SH",0.2,69,20860069,TRUE,TRUE,TRUE,TRUE,TRUE,TRUE,TRUE,TRUE,""
"VD_SH_A","VD","SH",0.2,70,20860070,TRUE,TRUE,TRUE,TRUE,TRUE,TRUE,TRUE,TRUE,""
"VD_SH_A","VD","SH",0.2,71,20860071,TRUE,TRUE,TRUE,TRUE,TRUE,TRUE,TRUE,TRUE,""
"VD_SH_A","VD","SH",0.2,72,20860072,TRUE,TRUE,TRUE,TRUE,TRUE,TRUE,TRUE,TRUE,""
"VD_SH_A","VD","SH",0.2,73,20860073,TRUE,TRUE,TRUE,TRUE,TRUE,TRUE,TRUE,TRUE,""
"VD_SH_A","VD","SH",0.2,74,20860074,TRUE,TRUE,TRUE,TRUE,TRUE,TRUE,TRUE,TRUE,""
"VD_SH_A","VD","SH",0.2,75,20860075,TRUE,TRUE,TRUE,TRUE,TRUE,TRUE,TRUE,TRUE,""
"VD_SH_A","VD","SH",0.2,76,20860076,TRUE,TRUE,TRUE,TRUE,TRUE,TRUE,TRUE,TRUE,""
"VD_SH_A","VD","SH",0.2,77,20860077,TRUE,TRUE,TRUE,TRUE,TRUE,TRUE,TRUE,TRUE,""
"VD_SH_A","VD","SH",0.2,78,20860078,TRUE,TRUE,TRUE,TRUE,TRUE,TRUE,TRUE,TRUE,""
"VD_SH_A","VD","SH",0.2,79,20860079,TRUE,TRUE,TRUE,TRUE,TRUE,TRUE,TRUE,TRUE,""
"VD_SH_A","VD","SH",0.2,80,20860080,TRUE,TRUE,TRUE,TRUE,TRUE,TRUE,TRUE,TRUE,""
"VD_SH_A","VD","SH",0.2,81,20860081,TRUE,TRUE,TRUE,TRUE,TRUE,TRUE,TRUE,TRUE,""
"VD_SH_A","VD","SH",0.2,82,20860082,TRUE,TRUE,TRUE,TRUE,TRUE,TRUE,TRUE,TRUE,""
"VD_SH_A","VD","SH",0.2,83,20860083,TRUE,TRUE,TRUE,TRUE,TRUE,TRUE,TRUE,TRUE,""
"VD_SH_A","VD","SH",0.2,84,20860084,TRUE,TRUE,TRUE,TRUE,TRUE,TRUE,TRUE,TRUE,""
"VD_SH_A","VD","SH",0.2,85,20860085,TRUE,TRUE,TRUE,TRUE,TRUE,TRUE,TRUE,TRUE,""
"VD_SH_A","VD","SH",0.2,86,20860086,TRUE,TRUE,TRUE,TRUE,TRUE,TRUE,TRUE,TRUE,""
"VD_SH_A","VD","SH",0.2,87,20860087,TRUE,TRUE,TRUE,TRUE,TRUE,TRUE,TRUE,TRUE,""
"VD_SH_A","VD","SH",0.2,88,20860088,TRUE,TRUE,TRUE,TRUE,TRUE,TRUE,TRUE,TRUE,""
"VD_SH_A","VD","SH",0.2,89,20860089,TRUE,TRUE,TRUE,TRUE,TRUE,TRUE,TRUE,TRUE,""
"VD_SH_A","VD","SH",0.2,90,20860090,TRUE,TRUE,TRUE,TRUE,TRUE,TRUE,TRUE,TRUE,""
"VD_SH_A","VD","SH",0.2,91,20860091,TRUE,TRUE,TRUE,TRUE,TRUE,TRUE,TRUE,TRUE,""
"VD_SH_A","VD","SH",0.2,92,20860092,TRUE,TRUE,TRUE,TRUE,TRUE,TRUE,TRUE,TRUE,""
"VD_SH_A","VD","SH",0.2,93,20860093,TRUE,TRUE,TRUE,TRUE,TRUE,TRUE,TRUE,TRUE,""
"VD_SH_A","VD","SH",0.2,94,20860094,TRUE,TRUE,TRUE,TRUE,TRUE,TRUE,TRUE,TRUE,""
"VD_SH_A","VD","SH",0.2,95,20860095,TRUE,TRUE,TRUE,TRUE,TRUE,TRUE,TRUE,TRUE,""
"VD_SH_A","VD","SH",0.2,96,20860096,TRUE,TRUE,TRUE,TRUE,TRUE,TRUE,TRUE,TRUE,""
"VD_SH_A","VD","SH",0.2,97,20860097,TRUE,TRUE,TRUE,TRUE,TRUE,TRUE,TRUE,TRUE,""
"VD_SH_A","VD","SH",0.2,98,20860098,TRUE,TRUE,TRUE,TRUE,TRUE,TRUE,TRUE,TRUE,""
"VD_SH_A","VD","SH",0.2,99,20860099,TRUE,TRUE,TRUE,TRUE,TRUE,TRUE,TRUE,TRUE,""
"VD_SH_A","VD","SH",0.2,100,20860100,TRUE,TRUE,TRUE,TRUE,TRUE,TRUE,TRUE,TRUE,""
"VD_SH_A","VD","SH",0.2,101,20860101,TRUE,TRUE,TRUE,TRUE,TRUE,TRUE,TRUE,TRUE,""
"VD_SH_A","VD","SH",0.2,102,20860102,TRUE,TRUE,TRUE,TRUE,TRUE,TRUE,TRUE,TRUE,""
"VD_SH_A","VD","SH",0.2,103,20860103,TRUE,TRUE,TRUE,TRUE,TRUE,TRUE,TRUE,TRUE,""
"VD_SH_A","VD","SH",0.2,104,20860104,TRUE,TRUE,TRUE,TRUE,TRUE,TRUE,TRUE,TRUE,""
"VD_SH_A","VD","SH",0.2,105,20860105,TRUE,TRUE,TRUE,TRUE,TRUE,TRUE,TRUE,TRUE,""
"VD_SH_A","VD","SH",0.2,106,20860106,TRUE,TRUE,TRUE,TRUE,TRUE,TRUE,TRUE,TRUE,""
"VD_SH_A","VD","SH",0.2,107,20860107,TRUE,TRUE,TRUE,TRUE,TRUE,TRUE,TRUE,TRUE,""
"VD_SH_A","VD","SH",0.2,108,20860108,TRUE,TRUE,TRUE,TRUE,TRUE,TRUE,TRUE,TRUE,""
"VD_SH_A","VD","SH",0.2,109,20860109,TRUE,TRUE,TRUE,TRUE,TRUE,TRUE,TRUE,TRUE,""
"VD_SH_A","VD","SH",0.2,110,20860110,TRUE,TRUE,TRUE,TRUE,TRUE,TRUE,TRUE,TRUE,""
"VD_SH_A","VD","SH",0.2,111,20860111,TRUE,TRUE,TRUE,TRUE,TRUE,TRUE,TRUE,TRUE,""
"VD_SH_A","VD","SH",0.2,112,20860112,TRUE,TRUE,TRUE,TRUE,TRUE,TRUE,TRUE,TRUE,""
"VD_SH_A","VD","SH",0.2,113,20860113,TRUE,TRUE,TRUE,TRUE,TRUE,TRUE,TRUE,TRUE,""
"VD_SH_A","VD","SH",0.2,114,20860114,TRUE,TRUE,TRUE,TRUE,TRUE,TRUE,TRUE,TRUE,""
"VD_SH_A","VD","SH",0.2,115,20860115,TRUE,TRUE,TRUE,TRUE,TRUE,TRUE,TRUE,TRUE,""
"VD_SH_A","VD","SH",0.2,116,20860116,TRUE,TRUE,TRUE,TRUE,TRUE,TRUE,TRUE,TRUE,""
"VD_SH_A","VD","SH",0.2,117,20860117,TRUE,TRUE,TRUE,TRUE,TRUE,TRUE,TRUE,TRUE,""
"VD_SH_A","VD","SH",0.2,118,20860118,TRUE,TRUE,TRUE,TRUE,TRUE,TRUE,TRUE,TRUE,""
"VD_SH_A","VD","SH",0.2,119,20860119,TRUE,TRUE,TRUE,TRUE,TRUE,TRUE,TRUE,TRUE,""
"VD_SH_A","VD","SH",0.2,120,20860120,TRUE,TRUE,TRUE,TRUE,TRUE,TRUE,TRUE,TRUE,""
"VD_SH_A","VD","SH",0.2,121,20860121,TRUE,TRUE,TRUE,TRUE,TRUE,TRUE,TRUE,TRUE,""
"VD_SH_A","VD","SH",0.2,122,20860122,TRUE,TRUE,TRUE,TRUE,TRUE,TRUE,TRUE,TRUE,""
"VD_SH_A","VD","SH",0.2,123,20860123,TRUE,TRUE,TRUE,TRUE,TRUE,TRUE,TRUE,TRUE,""
"VD_SH_A","VD","SH",0.2,124,20860124,TRUE,TRUE,TRUE,TRUE,TRUE,TRUE,TRUE,TRUE,""
"VD_SH_A","VD","SH",0.2,125,20860125,TRUE,TRUE,TRUE,TRUE,TRUE,TRUE,TRUE,TRUE,""
"VD_SH_A","VD","SH",0.2,126,20860126,TRUE,TRUE,TRUE,TRUE,TRUE,TRUE,TRUE,TRUE,""
"VD_SH_A","VD","SH",0.2,127,20860127,TRUE,TRUE,TRUE,TRUE,TRUE,TRUE,TRUE,TRUE,""
"VD_SH_A","VD","SH",0.2,128,20860128,TRUE,TRUE,TRUE,TRUE,TRUE,TRUE,TRUE,TRUE,""
"VD_SH_A","VD","SH",0.2,129,20860129,TRUE,TRUE,TRUE,TRUE,TRUE,TRUE,TRUE,TRUE,""
"VD_SH_A","VD","SH",0.2,130,20860130,TRUE,TRUE,TRUE,TRUE,TRUE,TRUE,TRUE,TRUE,""
"VD_SH_A","VD","SH",0.2,131,20860131,TRUE,TRUE,TRUE,TRUE,TRUE,TRUE,TRUE,TRUE,""
"VD_SH_A","VD","SH",0.2,132,20860132,TRUE,TRUE,TRUE,TRUE,TRUE,TRUE,TRUE,TRUE,""
"VD_SH_A","VD","SH",0.2,133,20860133,TRUE,TRUE,TRUE,TRUE,TRUE,TRUE,TRUE,TRUE,""
"VD_SH_A","VD","SH",0.2,134,20860134,TRUE,TRUE,TRUE,TRUE,TRUE,TRUE,TRUE,TRUE,""
"VD_SH_A","VD","SH",0.2,135,20860135,TRUE,TRUE,TRUE,TRUE,TRUE,TRUE,TRUE,TRUE,""
"VD_SH_A","VD","SH",0.2,136,20860136,TRUE,TRUE,TRUE,TRUE,TRUE,TRUE,TRUE,TRUE,""
"VD_SH_A","VD","SH",0.2,137,20860137,TRUE,TRUE,TRUE,TRUE,TRUE,TRUE,TRUE,TRUE,""
"VD_SH_A","VD","SH",0.2,138,20860138,TRUE,TRUE,TRUE,TRUE,TRUE,TRUE,TRUE,TRUE,""
"VD_SH_A","VD","SH",0.2,139,20860139,TRUE,TRUE,TRUE,TRUE,TRUE,TRUE,TRUE,TRUE,""
"VD_SH_A","VD","SH",0.2,140,20860140,TRUE,TRUE,TRUE,TRUE,TRUE,TRUE,TRUE,TRUE,""
"VD_SH_A","VD","SH",0.2,141,20860141,TRUE,TRUE,TRUE,TRUE,TRUE,TRUE,TRUE,TRUE,""
"VD_SH_A","VD","SH",0.2,142,20860142,TRUE,TRUE,TRUE,TRUE,TRUE,TRUE,TRUE,TRUE,""
"VD_SH_A","VD","SH",0.2,143,20860143,TRUE,TRUE,TRUE,TRUE,TRUE,TRUE,TRUE,TRUE,""
"VD_SH_A","VD","SH",0.2,144,20860144,TRUE,TRUE,TRUE,TRUE,TRUE,TRUE,TRUE,TRUE,""
"VD_SH_A","VD","SH",0.2,145,20860145,TRUE,TRUE,TRUE,TRUE,TRUE,TRUE,TRUE,TRUE,""
"VD_SH_A","VD","SH",0.2,146,20860146,TRUE,TRUE,TRUE,TRUE,TRUE,TRUE,TRUE,TRUE,""
"VD_SH_A","VD","SH",0.2,147,20860147,TRUE,TRUE,TRUE,TRUE,TRUE,TRUE,TRUE,TRUE,""
"VD_SH_A","VD","SH",0.2,148,20860148,TRUE,TRUE,TRUE,TRUE,TRUE,TRUE,TRUE,TRUE,""
"VD_SH_A","VD","SH",0.2,149,20860149,TRUE,TRUE,TRUE,TRUE,TRUE,TRUE,TRUE,TRUE,""
"VD_SH_A","VD","SH",0.2,150,20860150,TRUE,TRUE,TRUE,TRUE,TRUE,TRUE,TRUE,TRUE,""
"VD_SH_A","VD","SH",0.2,151,20860151,TRUE,TRUE,TRUE,TRUE,TRUE,TRUE,TRUE,TRUE,""
"VD_SH_A","VD","SH",0.2,152,20860152,TRUE,TRUE,TRUE,TRUE,TRUE,TRUE,TRUE,TRUE,""
"VD_SH_A","VD","SH",0.2,153,20860153,TRUE,TRUE,TRUE,TRUE,TRUE,TRUE,TRUE,TRUE,""
"VD_SH_A","VD","SH",0.2,154,20860154,TRUE,TRUE,TRUE,TRUE,TRUE,TRUE,TRUE,TRUE,""
"VD_SH_A","VD","SH",0.2,155,20860155,TRUE,TRUE,TRUE,TRUE,TRUE,TRUE,TRUE,TRUE,""
"VD_SH_A","VD","SH",0.2,156,20860156,TRUE,TRUE,TRUE,TRUE,TRUE,TRUE,TRUE,TRUE,""
"VD_SH_A","VD","SH",0.2,157,20860157,TRUE,TRUE,TRUE,TRUE,TRUE,TRUE,TRUE,TRUE,""
"VD_SH_A","VD","SH",0.2,158,20860158,TRUE,TRUE,TRUE,TRUE,TRUE,TRUE,TRUE,TRUE,""
"VD_SH_A","VD","SH",0.2,159,20860159,TRUE,TRUE,TRUE,TRUE,TRUE,TRUE,TRUE,TRUE,""
"VD_SH_A","VD","SH",0.2,160,20860160,TRUE,TRUE,TRUE,TRUE,TRUE,TRUE,TRUE,TRUE,""
"VD_SH_A","VD","SH",0.2,161,20860161,TRUE,TRUE,TRUE,TRUE,TRUE,TRUE,TRUE,TRUE,""
"VD_SH_A","VD","SH",0.2,162,20860162,TRUE,TRUE,TRUE,TRUE,TRUE,TRUE,TRUE,TRUE,""
"VD_SH_A","VD","SH",0.2,163,20860163,TRUE,TRUE,TRUE,TRUE,TRUE,TRUE,TRUE,TRUE,""
"VD_SH_A","VD","SH",0.2,164,20860164,TRUE,TRUE,TRUE,TRUE,TRUE,TRUE,TRUE,TRUE,""
"VD_SH_A","VD","SH",0.2,165,20860165,TRUE,TRUE,TRUE,TRUE,TRUE,TRUE,TRUE,TRUE,""
"VD_SH_A","VD","SH",0.2,166,20860166,TRUE,TRUE,TRUE,TRUE,TRUE,TRUE,TRUE,TRUE,""
"VD_SH_A","VD","SH",0.2,167,20860167,TRUE,TRUE,TRUE,TRUE,TRUE,TRUE,TRUE,TRUE,""
"VD_SH_A","VD","SH",0.2,168,20860168,TRUE,TRUE,TRUE,TRUE,TRUE,TRUE,TRUE,TRUE,""
"VD_SH_A","VD","SH",0.2,169,20860169,TRUE,TRUE,TRUE,TRUE,TRUE,TRUE,TRUE,TRUE,""
"VD_SH_A","VD","SH",0.2,170,20860170,TRUE,TRUE,TRUE,TRUE,TRUE,TRUE,TRUE,TRUE,""
"VD_SH_A","VD","SH",0.2,171,20860171,TRUE,TRUE,TRUE,TRUE,TRUE,TRUE,TRUE,TRUE,""
"VD_SH_A","VD","SH",0.2,172,20860172,TRUE,TRUE,TRUE,TRUE,TRUE,TRUE,TRUE,TRUE,""
"VD_SH_A","VD","SH",0.2,173,20860173,TRUE,TRUE,TRUE,TRUE,TRUE,TRUE,TRUE,TRUE,""
"VD_SH_A","VD","SH",0.2,174,20860174,TRUE,TRUE,TRUE,TRUE,TRUE,TRUE,TRUE,TRUE,""
"VD_SH_A","VD","SH",0.2,175,20860175,TRUE,TRUE,TRUE,TRUE,TRUE,TRUE,TRUE,TRUE,""
"VD_SH_A","VD","SH",0.2,176,20860176,TRUE,TRUE,TRUE,TRUE,TRUE,TRUE,TRUE,TRUE,""
"VD_SH_A","VD","SH",0.2,177,20860177,TRUE,TRUE,TRUE,TRUE,TRUE,TRUE,TRUE,TRUE,""
"VD_SH_A","VD","SH",0.2,178,20860178,TRUE,TRUE,TRUE,TRUE,TRUE,TRUE,TRUE,TRUE,""
"VD_SH_A","VD","SH",0.2,179,20860179,TRUE,TRUE,TRUE,TRUE,TRUE,TRUE,TRUE,TRUE,""
"VD_SH_A","VD","SH",0.2,180,20860180,TRUE,TRUE,TRUE,TRUE,TRUE,TRUE,TRUE,TRUE,""
"VD_SH_A","VD","SH",0.2,181,20860181,TRUE,TRUE,TRUE,TRUE,TRUE,TRUE,TRUE,TRUE,""
"VD_SH_A","VD","SH",0.2,182,20860182,TRUE,TRUE,TRUE,TRUE,TRUE,TRUE,TRUE,TRUE,""
"VD_SH_A","VD","SH",0.2,183,20860183,TRUE,TRUE,TRUE,TRUE,TRUE,TRUE,TRUE,TRUE,""
"VD_SH_A","VD","SH",0.2,184,20860184,TRUE,TRUE,TRUE,TRUE,TRUE,TRUE,TRUE,TRUE,""
"VD_SH_A","VD","SH",0.2,185,20860185,TRUE,TRUE,TRUE,TRUE,TRUE,TRUE,TRUE,TRUE,""
"VD_SH_A","VD","SH",0.2,186,20860186,TRUE,TRUE,TRUE,TRUE,TRUE,TRUE,TRUE,TRUE,""
"VD_SH_A","VD","SH",0.2,187,20860187,TRUE,TRUE,TRUE,TRUE,TRUE,TRUE,TRUE,TRUE,""
"VD_SH_A","VD","SH",0.2,188,20860188,TRUE,TRUE,TRUE,TRUE,TRUE,TRUE,TRUE,TRUE,""
"VD_SH_A","VD","SH",0.2,189,20860189,TRUE,TRUE,TRUE,TRUE,TRUE,TRUE,TRUE,TRUE,""
"VD_SH_A","VD","SH",0.2,190,20860190,TRUE,TRUE,TRUE,TRUE,TRUE,TRUE,TRUE,TRUE,""
"VD_SH_A","VD","SH",0.2,191,20860191,TRUE,TRUE,TRUE,TRUE,TRUE,TRUE,TRUE,TRUE,""
"VD_SH_A","VD","SH",0.2,192,20860192,TRUE,TRUE,TRUE,TRUE,TRUE,TRUE,TRUE,TRUE,""
"VD_SH_A","VD","SH",0.2,193,20860193,TRUE,TRUE,TRUE,TRUE,TRUE,TRUE,TRUE,TRUE,""
"VD_SH_A","VD","SH",0.2,194,20860194,TRUE,TRUE,TRUE,TRUE,TRUE,TRUE,TRUE,TRUE,""
"VD_SH_A","VD","SH",0.2,195,20860195,TRUE,TRUE,TRUE,TRUE,TRUE,TRUE,TRUE,TRUE,""
"VD_SH_A","VD","SH",0.2,196,20860196,TRUE,TRUE,TRUE,TRUE,TRUE,TRUE,TRUE,TRUE,""
"VD_SH_A","VD","SH",0.2,197,20860197,TRUE,TRUE,TRUE,TRUE,TRUE,TRUE,TRUE,TRUE,""
"VD_SH_A","VD","SH",0.2,198,20860198,TRUE,TRUE,TRUE,TRUE,TRUE,TRUE,TRUE,TRUE,""
"VD_SH_A","VD","SH",0.2,199,20860199,TRUE,TRUE,TRUE,TRUE,TRUE,TRUE,TRUE,TRUE,""
"VD_SH_A","VD","SH",0.2,200,20860200,TRUE,TRUE,TRUE,TRUE,TRUE,TRUE,TRUE,TRUE,""
"VD_SH_A","VD","SH",0.2,201,20860201,TRUE,TRUE,TRUE,TRUE,TRUE,TRUE,TRUE,TRUE,""
"VD_SH_A","VD","SH",0.2,202,20860202,TRUE,TRUE,TRUE,TRUE,TRUE,TRUE,TRUE,TRUE,""
"VD_SH_A","VD","SH",0.2,203,20860203,TRUE,TRUE,TRUE,TRUE,TRUE,TRUE,TRUE,TRUE,""
"VD_SH_A","VD","SH",0.2,204,20860204,TRUE,TRUE,TRUE,TRUE,TRUE,TRUE,TRUE,TRUE,""
"VD_SH_A","VD","SH",0.2,205,20860205,TRUE,TRUE,TRUE,TRUE,TRUE,TRUE,TRUE,TRUE,""
"VD_SH_A","VD","SH",0.2,206,20860206,TRUE,TRUE,TRUE,TRUE,TRUE,TRUE,TRUE,TRUE,""
"VD_SH_A","VD","SH",0.2,207,20860207,TRUE,TRUE,TRUE,TRUE,TRUE,TRUE,TRUE,TRUE,""
"VD_SH_A","VD","SH",0.2,208,20860208,TRUE,TRUE,TRUE,TRUE,TRUE,TRUE,TRUE,TRUE,""
"VD_SH_A","VD","SH",0.2,209,20860209,TRUE,TRUE,TRUE,TRUE,TRUE,TRUE,TRUE,TRUE,""
"VD_SH_A","VD","SH",0.2,210,20860210,TRUE,TRUE,TRUE,TRUE,TRUE,TRUE,TRUE,TRUE,""
"VD_SH_A","VD","SH",0.2,211,20860211,TRUE,TRUE,TRUE,TRUE,TRUE,TRUE,TRUE,TRUE,""
"VD_SH_A","VD","SH",0.2,212,20860212,TRUE,TRUE,TRUE,TRUE,TRUE,TRUE,TRUE,TRUE,""
"VD_SH_A","VD","SH",0.2,213,20860213,TRUE,TRUE,TRUE,TRUE,TRUE,TRUE,TRUE,TRUE,""
"VD_SH_A","VD","SH",0.2,214,20860214,TRUE,TRUE,TRUE,TRUE,TRUE,TRUE,TRUE,TRUE,""
"VD_SH_A","VD","SH",0.2,215,20860215,TRUE,TRUE,TRUE,TRUE,TRUE,TRUE,TRUE,TRUE,""
"VD_SH_A","VD","SH",0.2,216,20860216,TRUE,TRUE,TRUE,TRUE,TRUE,TRUE,TRUE,TRUE,""
"VD_SH_A","VD","SH",0.2,217,20860217,TRUE,TRUE,TRUE,TRUE,TRUE,TRUE,TRUE,TRUE,""
"VD_SH_A","VD","SH",0.2,218,20860218,TRUE,TRUE,TRUE,TRUE,TRUE,TRUE,TRUE,TRUE,""
"VD_SH_A","VD","SH",0.2,219,20860219,TRUE,TRUE,TRUE,TRUE,TRUE,TRUE,TRUE,TRUE,""
"VD_SH_A","VD","SH",0.2,220,20860220,TRUE,TRUE,TRUE,TRUE,TRUE,TRUE,TRUE,TRUE,""
"VD_SH_A","VD","SH",0.2,221,20860221,TRUE,TRUE,TRUE,TRUE,TRUE,TRUE,TRUE,TRUE,""
"VD_SH_A","VD","SH",0.2,222,20860222,TRUE,TRUE,TRUE,TRUE,TRUE,TRUE,TRUE,TRUE,""
"VD_SH_A","VD","SH",0.2,223,20860223,TRUE,TRUE,TRUE,TRUE,TRUE,TRUE,TRUE,TRUE,""
"VD_SH_A","VD","SH",0.2,224,20860224,TRUE,TRUE,TRUE,TRUE,TRUE,TRUE,TRUE,TRUE,""
"VD_SH_A","VD","SH",0.2,225,20860225,TRUE,TRUE,TRUE,TRUE,TRUE,TRUE,TRUE,TRUE,""
"VD_SH_A","VD","SH",0.2,226,20860226,TRUE,TRUE,TRUE,TRUE,TRUE,TRUE,TRUE,TRUE,""
"VD_SH_A","VD","SH",0.2,227,20860227,TRUE,TRUE,TRUE,TRUE,TRUE,TRUE,TRUE,TRUE,""
"VD_SH_A","VD","SH",0.2,228,20860228,TRUE,TRUE,TRUE,TRUE,TRUE,TRUE,TRUE,TRUE,""
"VD_SH_A","VD","SH",0.2,229,20860229,TRUE,TRUE,TRUE,TRUE,TRUE,TRUE,TRUE,TRUE,""
"VD_SH_A","VD","SH",0.2,230,20860230,TRUE,TRUE,TRUE,TRUE,TRUE,TRUE,TRUE,TRUE,""
"VD_SH_A","VD","SH",0.2,231,20860231,TRUE,TRUE,TRUE,TRUE,TRUE,TRUE,TRUE,TRUE,""
"VD_SH_A","VD","SH",0.2,232,20860232,TRUE,TRUE,TRUE,TRUE,TRUE,TRUE,TRUE,TRUE,""
"VD_SH_A","VD","SH",0.2,233,20860233,TRUE,TRUE,TRUE,TRUE,TRUE,TRUE,TRUE,TRUE,""
"VD_SH_A","VD","SH",0.2,234,20860234,TRUE,TRUE,TRUE,TRUE,TRUE,TRUE,TRUE,TRUE,""
"VD_SH_A","VD","SH",0.2,235,20860235,TRUE,TRUE,TRUE,TRUE,TRUE,TRUE,TRUE,TRUE,""
"VD_SH_A","VD","SH",0.2,236,20860236,TRUE,TRUE,TRUE,TRUE,TRUE,TRUE,TRUE,TRUE,""
"VD_SH_A","VD","SH",0.2,237,20860237,TRUE,TRUE,TRUE,TRUE,TRUE,TRUE,TRUE,TRUE,""
"VD_SH_A","VD","SH",0.2,238,20860238,TRUE,TRUE,TRUE,TRUE,TRUE,TRUE,TRUE,TRUE,""
"VD_SH_A","VD","SH",0.2,239,20860239,TRUE,TRUE,TRUE,TRUE,TRUE,TRUE,TRUE,TRUE,""
"VD_SH_A","VD","SH",0.2,240,20860240,TRUE,TRUE,TRUE,TRUE,TRUE,TRUE,TRUE,TRUE,""
"VD_SH_A","VD","SH",0.2,241,20860241,TRUE,TRUE,TRUE,TRUE,TRUE,TRUE,TRUE,TRUE,""
"VD_SH_A","VD","SH",0.2,242,20860242,TRUE,TRUE,TRUE,TRUE,TRUE,TRUE,TRUE,TRUE,""
"VD_SH_A","VD","SH",0.2,243,20860243,TRUE,TRUE,TRUE,TRUE,TRUE,TRUE,TRUE,TRUE,""
"VD_SH_A","VD","SH",0.2,244,20860244,TRUE,TRUE,TRUE,TRUE,TRUE,TRUE,TRUE,TRUE,""
"VD_SH_A","VD","SH",0.2,245,20860245,TRUE,TRUE,TRUE,TRUE,TRUE,TRUE,TRUE,TRUE,""
"VD_SH_A","VD","SH",0.2,246,20860246,TRUE,TRUE,TRUE,TRUE,TRUE,TRUE,TRUE,TRUE,""
"VD_SH_A","VD","SH",0.2,247,20860247,TRUE,TRUE,TRUE,TRUE,TRUE,TRUE,TRUE,TRUE,""
"VD_SH_A","VD","SH",0.2,248,20860248,TRUE,TRUE,TRUE,TRUE,TRUE,TRUE,TRUE,TRUE,""
"VD_SH_A","VD","SH",0.2,249,20860249,TRUE,TRUE,TRUE,TRUE,TRUE,TRUE,TRUE,TRUE,""
"VD_SH_A","VD","SH",0.2,250,20860250,TRUE,TRUE,TRUE,TRUE,TRUE,TRUE,TRUE,TRUE,""
"VD_SH_A","VD","SH",0.2,251,20860251,TRUE,TRUE,TRUE,TRUE,TRUE,TRUE,TRUE,TRUE,""
"VD_SH_A","VD","SH",0.2,252,20860252,TRUE,TRUE,TRUE,TRUE,TRUE,TRUE,TRUE,TRUE,""
"VD_SH_A","VD","SH",0.2,253,20860253,TRUE,TRUE,TRUE,TRUE,TRUE,TRUE,TRUE,TRUE,""
"VD_SH_A","VD","SH",0.2,254,20860254,TRUE,TRUE,TRUE,TRUE,TRUE,TRUE,TRUE,TRUE,""
"VD_SH_A","VD","SH",0.2,255,20860255,TRUE,TRUE,TRUE,TRUE,TRUE,TRUE,TRUE,TRUE,""
"VD_SH_A","VD","SH",0.2,256,20860256,TRUE,TRUE,TRUE,TRUE,TRUE,TRUE,TRUE,TRUE,""
"VD_SH_A","VD","SH",0.2,257,20860257,TRUE,TRUE,TRUE,TRUE,TRUE,TRUE,TRUE,TRUE,""
"VD_SH_A","VD","SH",0.2,258,20860258,TRUE,TRUE,TRUE,TRUE,TRUE,TRUE,TRUE,TRUE,""
"VD_SH_A","VD","SH",0.2,259,20860259,TRUE,TRUE,TRUE,TRUE,TRUE,TRUE,TRUE,TRUE,""
"VD_SH_A","VD","SH",0.2,260,20860260,TRUE,TRUE,TRUE,TRUE,TRUE,TRUE,TRUE,TRUE,""
"VD_SH_A","VD","SH",0.2,261,20860261,TRUE,TRUE,TRUE,TRUE,TRUE,TRUE,TRUE,TRUE,""
"VD_SH_A","VD","SH",0.2,262,20860262,TRUE,TRUE,TRUE,TRUE,TRUE,TRUE,TRUE,TRUE,""
"VD_SH_A","VD","SH",0.2,263,20860263,TRUE,TRUE,TRUE,TRUE,TRUE,TRUE,TRUE,TRUE,""
"VD_SH_A","VD","SH",0.2,264,20860264,TRUE,TRUE,TRUE,TRUE,TRUE,TRUE,TRUE,TRUE,""
"VD_SH_A","VD","SH",0.2,265,20860265,TRUE,TRUE,TRUE,TRUE,TRUE,TRUE,TRUE,TRUE,""
"VD_SH_A","VD","SH",0.2,266,20860266,TRUE,TRUE,TRUE,TRUE,TRUE,TRUE,TRUE,TRUE,""
"VD_SH_A","VD","SH",0.2,267,20860267,TRUE,TRUE,TRUE,TRUE,TRUE,TRUE,TRUE,TRUE,""
"VD_SH_A","VD","SH",0.2,268,20860268,TRUE,TRUE,TRUE,TRUE,TRUE,TRUE,TRUE,TRUE,""
"VD_SH_A","VD","SH",0.2,269,20860269,TRUE,TRUE,TRUE,TRUE,TRUE,TRUE,TRUE,TRUE,""
"VD_SH_A","VD","SH",0.2,270,20860270,TRUE,TRUE,TRUE,TRUE,TRUE,TRUE,TRUE,TRUE,""
"VD_SH_A","VD","SH",0.2,271,20860271,TRUE,TRUE,TRUE,TRUE,TRUE,TRUE,TRUE,TRUE,""
"VD_SH_A","VD","SH",0.2,272,20860272,TRUE,TRUE,TRUE,TRUE,TRUE,TRUE,TRUE,TRUE,""
"VD_SH_A","VD","SH",0.2,273,20860273,TRUE,TRUE,TRUE,TRUE,TRUE,TRUE,TRUE,TRUE,""
"VD_SH_A","VD","SH",0.2,274,20860274,TRUE,TRUE,TRUE,TRUE,TRUE,TRUE,TRUE,TRUE,""
"VD_SH_A","VD","SH",0.2,275,20860275,TRUE,TRUE,TRUE,TRUE,TRUE,TRUE,TRUE,TRUE,""
"VD_SH_A","VD","SH",0.2,276,20860276,TRUE,TRUE,TRUE,TRUE,TRUE,TRUE,TRUE,TRUE,""
"VD_SH_A","VD","SH",0.2,277,20860277,TRUE,TRUE,TRUE,TRUE,TRUE,TRUE,TRUE,TRUE,""
"VD_SH_A","VD","SH",0.2,278,20860278,TRUE,TRUE,TRUE,TRUE,TRUE,TRUE,TRUE,TRUE,""
"VD_SH_A","VD","SH",0.2,279,20860279,TRUE,TRUE,TRUE,TRUE,TRUE,TRUE,TRUE,TRUE,""
"VD_SH_A","VD","SH",0.2,280,20860280,TRUE,TRUE,TRUE,TRUE,TRUE,TRUE,TRUE,TRUE,""
"VD_SH_A","VD","SH",0.2,281,20860281,TRUE,TRUE,TRUE,TRUE,TRUE,TRUE,TRUE,TRUE,""
"VD_SH_A","VD","SH",0.2,282,20860282,TRUE,TRUE,TRUE,TRUE,TRUE,TRUE,TRUE,TRUE,""
"VD_SH_A","VD","SH",0.2,283,20860283,TRUE,TRUE,TRUE,TRUE,TRUE,TRUE,TRUE,TRUE,""
"VD_SH_A","VD","SH",0.2,284,20860284,TRUE,TRUE,TRUE,TRUE,TRUE,TRUE,TRUE,TRUE,""
"VD_SH_A","VD","SH",0.2,285,20860285,TRUE,TRUE,TRUE,TRUE,TRUE,TRUE,TRUE,TRUE,""
"VD_SH_A","VD","SH",0.2,286,20860286,TRUE,TRUE,TRUE,TRUE,TRUE,TRUE,TRUE,TRUE,""
"VD_SH_A","VD","SH",0.2,287,20860287,TRUE,TRUE,TRUE,TRUE,TRUE,TRUE,TRUE,TRUE,""
"VD_SH_A","VD","SH",0.2,288,20860288,TRUE,TRUE,TRUE,TRUE,TRUE,TRUE,TRUE,TRUE,""
"VD_SH_A","VD","SH",0.2,289,20860289,TRUE,TRUE,TRUE,TRUE,TRUE,TRUE,TRUE,TRUE,""
"VD_SH_A","VD","SH",0.2,290,20860290,TRUE,TRUE,TRUE,TRUE,TRUE,TRUE,TRUE,TRUE,""
"VD_SH_A","VD","SH",0.2,291,20860291,TRUE,TRUE,TRUE,TRUE,TRUE,TRUE,TRUE,TRUE,""
"VD_SH_A","VD","SH",0.2,292,20860292,TRUE,TRUE,TRUE,TRUE,TRUE,TRUE,TRUE,TRUE,""
"VD_SH_A","VD","SH",0.2,293,20860293,TRUE,TRUE,TRUE,TRUE,TRUE,TRUE,TRUE,TRUE,""
"VD_SH_A","VD","SH",0.2,294,20860294,TRUE,TRUE,TRUE,TRUE,TRUE,TRUE,TRUE,TRUE,""
"VD_SH_A","VD","SH",0.2,295,20860295,TRUE,TRUE,TRUE,TRUE,TRUE,TRUE,TRUE,TRUE,""
"VD_SH_A","VD","SH",0.2,296,20860296,TRUE,TRUE,TRUE,TRUE,TRUE,TRUE,TRUE,TRUE,""
"VD_SH_A","VD","SH",0.2,297,20860297,TRUE,TRUE,TRUE,TRUE,TRUE,TRUE,TRUE,TRUE,""
"VD_SH_A","VD","SH",0.2,298,20860298,TRUE,TRUE,TRUE,TRUE,TRUE,TRUE,TRUE,TRUE,""
"VD_SH_A","VD","SH",0.2,299,20860299,TRUE,TRUE,TRUE,TRUE,TRUE,TRUE,TRUE,TRUE,""
"VD_SH_A","VD","SH",0.2,300,20860300,TRUE,TRUE,TRUE,TRUE,TRUE,TRUE,TRUE,TRUE,""
"VD_SH_A","VD","SH",0.2,301,20860301,TRUE,TRUE,TRUE,TRUE,TRUE,TRUE,TRUE,TRUE,""
"VD_SH_A","VD","SH",0.2,302,20860302,TRUE,TRUE,TRUE,TRUE,TRUE,TRUE,TRUE,TRUE,""
"VD_SH_A","VD","SH",0.2,303,20860303,TRUE,TRUE,TRUE,TRUE,TRUE,TRUE,TRUE,TRUE,""
"VD_SH_A","VD","SH",0.2,304,20860304,TRUE,TRUE,TRUE,TRUE,TRUE,TRUE,TRUE,TRUE,""
"VD_SH_A","VD","SH",0.2,305,20860305,TRUE,TRUE,TRUE,TRUE,TRUE,TRUE,TRUE,TRUE,""
"VD_SH_A","VD","SH",0.2,306,20860306,TRUE,TRUE,TRUE,TRUE,TRUE,TRUE,TRUE,TRUE,""
"VD_SH_A","VD","SH",0.2,307,20860307,TRUE,TRUE,TRUE,TRUE,TRUE,TRUE,TRUE,TRUE,""
"VD_SH_A","VD","SH",0.2,308,20860308,TRUE,TRUE,TRUE,TRUE,TRUE,TRUE,TRUE,TRUE,""
"VD_SH_A","VD","SH",0.2,309,20860309,TRUE,TRUE,TRUE,TRUE,TRUE,TRUE,TRUE,TRUE,""
"VD_SH_A","VD","SH",0.2,310,20860310,TRUE,TRUE,TRUE,TRUE,TRUE,TRUE,TRUE,TRUE,""
"VD_SH_A","VD","SH",0.2,311,20860311,TRUE,TRUE,TRUE,TRUE,TRUE,TRUE,TRUE,TRUE,""
"VD_SH_A","VD","SH",0.2,312,20860312,TRUE,TRUE,TRUE,TRUE,TRUE,TRUE,TRUE,TRUE,""
"VD_SH_A","VD","SH",0.2,313,20860313,TRUE,TRUE,TRUE,TRUE,TRUE,TRUE,TRUE,TRUE,""
"VD_SH_A","VD","SH",0.2,314,20860314,TRUE,TRUE,TRUE,TRUE,TRUE,TRUE,TRUE,TRUE,""
"VD_SH_A","VD","SH",0.2,315,20860315,TRUE,TRUE,TRUE,TRUE,TRUE,TRUE,TRUE,TRUE,""
"VD_SH_A","VD","SH",0.2,316,20860316,TRUE,TRUE,TRUE,TRUE,TRUE,TRUE,TRUE,TRUE,""
"VD_SH_A","VD","SH",0.2,317,20860317,TRUE,TRUE,TRUE,TRUE,TRUE,TRUE,TRUE,TRUE,""
"VD_SH_A","VD","SH",0.2,318,20860318,TRUE,TRUE,TRUE,TRUE,TRUE,TRUE,TRUE,TRUE,""
"VD_SH_A","VD","SH",0.2,319,20860319,TRUE,TRUE,TRUE,TRUE,TRUE,TRUE,TRUE,TRUE,""
"VD_SH_A","VD","SH",0.2,320,20860320,TRUE,TRUE,TRUE,TRUE,TRUE,TRUE,TRUE,TRUE,""
"VD_SH_A","VD","SH",0.2,321,20860321,TRUE,TRUE,TRUE,TRUE,TRUE,TRUE,TRUE,TRUE,""
"VD_SH_A","VD","SH",0.2,322,20860322,TRUE,TRUE,TRUE,TRUE,TRUE,TRUE,TRUE,TRUE,""
"VD_SH_A","VD","SH",0.2,323,20860323,TRUE,TRUE,TRUE,TRUE,TRUE,TRUE,TRUE,TRUE,""
"VD_SH_A","VD","SH",0.2,324,20860324,TRUE,TRUE,TRUE,TRUE,TRUE,TRUE,TRUE,TRUE,""
"VD_SH_A","VD","SH",0.2,325,20860325,TRUE,TRUE,TRUE,TRUE,TRUE,TRUE,TRUE,TRUE,""
"VD_SH_A","VD","SH",0.2,326,20860326,TRUE,TRUE,TRUE,TRUE,TRUE,TRUE,TRUE,TRUE,""
"VD_SH_A","VD","SH",0.2,327,20860327,TRUE,TRUE,TRUE,TRUE,TRUE,TRUE,TRUE,TRUE,""
"VD_SH_A","VD","SH",0.2,328,20860328,TRUE,TRUE,TRUE,TRUE,TRUE,TRUE,TRUE,TRUE,""
"VD_SH_A","VD","SH",0.2,329,20860329,TRUE,TRUE,TRUE,TRUE,TRUE,TRUE,TRUE,TRUE,""
"VD_SH_A","VD","SH",0.2,330,20860330,TRUE,TRUE,TRUE,TRUE,TRUE,TRUE,TRUE,TRUE,""
"VD_SH_A","VD","SH",0.2,331,20860331,TRUE,TRUE,TRUE,TRUE,TRUE,TRUE,TRUE,TRUE,""
"VD_SH_A","VD","SH",0.2,332,20860332,TRUE,TRUE,TRUE,TRUE,TRUE,TRUE,TRUE,TRUE,""
"VD_SH_A","VD","SH",0.2,333,20860333,TRUE,TRUE,TRUE,TRUE,TRUE,TRUE,TRUE,TRUE,""
"VD_SH_A","VD","SH",0.2,334,20860334,TRUE,TRUE,TRUE,TRUE,TRUE,TRUE,TRUE,TRUE,""
"VD_SH_A","VD","SH",0.2,335,20860335,TRUE,TRUE,TRUE,TRUE,TRUE,TRUE,TRUE,TRUE,""
"VD_SH_A","VD","SH",0.2,336,20860336,TRUE,TRUE,TRUE,TRUE,TRUE,TRUE,TRUE,TRUE,""
"VD_SH_A","VD","SH",0.2,337,20860337,TRUE,TRUE,TRUE,TRUE,TRUE,TRUE,TRUE,TRUE,""
"VD_SH_A","VD","SH",0.2,338,20860338,TRUE,TRUE,TRUE,TRUE,TRUE,TRUE,TRUE,TRUE,""
"VD_SH_A","VD","SH",0.2,339,20860339,TRUE,TRUE,TRUE,TRUE,TRUE,TRUE,TRUE,TRUE,""
"VD_SH_A","VD","SH",0.2,340,20860340,TRUE,TRUE,TRUE,TRUE,TRUE,TRUE,TRUE,TRUE,""
"VD_SH_A","VD","SH",0.2,341,20860341,TRUE,TRUE,TRUE,TRUE,TRUE,TRUE,TRUE,TRUE,""
"VD_SH_A","VD","SH",0.2,342,20860342,TRUE,TRUE,TRUE,TRUE,TRUE,TRUE,TRUE,TRUE,""
"VD_SH_A","VD","SH",0.2,343,20860343,TRUE,TRUE,TRUE,TRUE,TRUE,TRUE,TRUE,TRUE,""
"VD_SH_A","VD","SH",0.2,344,20860344,TRUE,TRUE,TRUE,TRUE,TRUE,TRUE,TRUE,TRUE,""
"VD_SH_A","VD","SH",0.2,345,20860345,TRUE,TRUE,TRUE,TRUE,TRUE,TRUE,TRUE,TRUE,""
"VD_SH_A","VD","SH",0.2,346,20860346,TRUE,TRUE,TRUE,TRUE,TRUE,TRUE,TRUE,TRUE,""
"VD_SH_A","VD","SH",0.2,347,20860347,TRUE,TRUE,TRUE,TRUE,TRUE,TRUE,TRUE,TRUE,""
"VD_SH_A","VD","SH",0.2,348,20860348,TRUE,TRUE,TRUE,TRUE,TRUE,TRUE,TRUE,TRUE,""
"VD_SH_A","VD","SH",0.2,349,20860349,TRUE,TRUE,TRUE,TRUE,TRUE,TRUE,TRUE,TRUE,""
"VD_SH_A","VD","SH",0.2,350,20860350,TRUE,TRUE,TRUE,TRUE,TRUE,TRUE,TRUE,TRUE,""
"VD_SH_A","VD","SH",0.2,351,20860351,TRUE,TRUE,TRUE,TRUE,TRUE,TRUE,TRUE,TRUE,""
"VD_SH_A","VD","SH",0.2,352,20860352,TRUE,TRUE,TRUE,TRUE,TRUE,TRUE,TRUE,TRUE,""
"VD_SH_A","VD","SH",0.2,353,20860353,TRUE,TRUE,TRUE,TRUE,TRUE,TRUE,TRUE,TRUE,""
"VD_SH_A","VD","SH",0.2,354,20860354,TRUE,TRUE,TRUE,TRUE,TRUE,TRUE,TRUE,TRUE,""
"VD_SH_A","VD","SH",0.2,355,20860355,TRUE,TRUE,TRUE,TRUE,TRUE,TRUE,TRUE,TRUE,""
"VD_SH_A","VD","SH",0.2,356,20860356,TRUE,TRUE,TRUE,TRUE,TRUE,TRUE,TRUE,TRUE,""
"VD_SH_A","VD","SH",0.2,357,20860357,TRUE,TRUE,TRUE,TRUE,TRUE,TRUE,TRUE,TRUE,""
"VD_SH_A","VD","SH",0.2,358,20860358,TRUE,TRUE,TRUE,TRUE,TRUE,TRUE,TRUE,TRUE,""
"VD_SH_A","VD","SH",0.2,359,20860359,TRUE,TRUE,TRUE,TRUE,TRUE,TRUE,TRUE,TRUE,""
"VD_SH_A","VD","SH",0.2,360,20860360,TRUE,TRUE,TRUE,TRUE,TRUE,TRUE,TRUE,TRUE,""
"VD_SH_A","VD","SH",0.2,361,20860361,TRUE,TRUE,TRUE,TRUE,TRUE,TRUE,TRUE,TRUE,""
"VD_SH_A","VD","SH",0.2,362,20860362,TRUE,TRUE,TRUE,TRUE,TRUE,TRUE,TRUE,TRUE,""
"VD_SH_A","VD","SH",0.2,363,20860363,TRUE,TRUE,TRUE,TRUE,TRUE,TRUE,TRUE,TRUE,""
"VD_SH_A","VD","SH",0.2,364,20860364,TRUE,TRUE,TRUE,TRUE,TRUE,TRUE,TRUE,TRUE,""
"VD_SH_A","VD","SH",0.2,365,20860365,TRUE,TRUE,TRUE,TRUE,TRUE,TRUE,TRUE,TRUE,""
"VD_SH_A","VD","SH",0.2,366,20860366,TRUE,TRUE,TRUE,TRUE,TRUE,TRUE,TRUE,TRUE,""
"VD_SH_A","VD","SH",0.2,367,20860367,TRUE,TRUE,TRUE,TRUE,TRUE,TRUE,TRUE,TRUE,""
"VD_SH_A","VD","SH",0.2,368,20860368,TRUE,TRUE,TRUE,TRUE,TRUE,TRUE,TRUE,TRUE,""
"VD_SH_A","VD","SH",0.2,369,20860369,TRUE,TRUE,TRUE,TRUE,TRUE,TRUE,TRUE,TRUE,""
"VD_SH_A","VD","SH",0.2,370,20860370,TRUE,TRUE,TRUE,TRUE,TRUE,TRUE,TRUE,TRUE,""
"VD_SH_A","VD","SH",0.2,371,20860371,TRUE,TRUE,TRUE,TRUE,TRUE,TRUE,TRUE,TRUE,""
"VD_SH_A","VD","SH",0.2,372,20860372,TRUE,TRUE,TRUE,TRUE,TRUE,TRUE,TRUE,TRUE,""
"VD_SH_A","VD","SH",0.2,373,20860373,TRUE,TRUE,TRUE,TRUE,TRUE,TRUE,TRUE,TRUE,""
"VD_SH_A","VD","SH",0.2,374,20860374,TRUE,TRUE,TRUE,TRUE,TRUE,TRUE,TRUE,TRUE,""
"VD_SH_A","VD","SH",0.2,375,20860375,TRUE,TRUE,TRUE,TRUE,TRUE,TRUE,TRUE,TRUE,""
"VD_SH_A","VD","SH",0.2,376,20860376,TRUE,TRUE,TRUE,TRUE,TRUE,TRUE,TRUE,TRUE,""
"VD_SH_A","VD","SH",0.2,377,20860377,TRUE,TRUE,TRUE,TRUE,TRUE,TRUE,TRUE,TRUE,""
"VD_SH_A","VD","SH",0.2,378,20860378,TRUE,TRUE,TRUE,TRUE,TRUE,TRUE,TRUE,TRUE,""
"VD_SH_A","VD","SH",0.2,379,20860379,TRUE,TRUE,TRUE,TRUE,TRUE,TRUE,TRUE,TRUE,""
"VD_SH_A","VD","SH",0.2,380,20860380,TRUE,TRUE,TRUE,TRUE,TRUE,TRUE,TRUE,TRUE,""
"VD_SH_A","VD","SH",0.2,381,20860381,TRUE,TRUE,TRUE,TRUE,TRUE,TRUE,TRUE,TRUE,""
"VD_SH_A","VD","SH",0.2,382,20860382,TRUE,TRUE,TRUE,TRUE,TRUE,TRUE,TRUE,TRUE,""
"VD_SH_A","VD","SH",0.2,383,20860383,TRUE,TRUE,TRUE,TRUE,TRUE,TRUE,TRUE,TRUE,""
"VD_SH_A","VD","SH",0.2,384,20860384,TRUE,TRUE,TRUE,TRUE,TRUE,TRUE,TRUE,TRUE,""
"VD_SH_A","VD","SH",0.2,385,20860385,TRUE,TRUE,TRUE,TRUE,TRUE,TRUE,TRUE,TRUE,""
"VD_SH_A","VD","SH",0.2,386,20860386,TRUE,TRUE,TRUE,TRUE,TRUE,TRUE,TRUE,TRUE,""
"VD_SH_A","VD","SH",0.2,387,20860387,TRUE,TRUE,TRUE,TRUE,TRUE,TRUE,TRUE,TRUE,""
"VD_SH_A","VD","SH",0.2,388,20860388,TRUE,TRUE,TRUE,TRUE,TRUE,TRUE,TRUE,TRUE,""
"VD_SH_A","VD","SH",0.2,389,20860389,TRUE,TRUE,TRUE,TRUE,TRUE,TRUE,TRUE,TRUE,""
"VD_SH_A","VD","SH",0.2,390,20860390,TRUE,TRUE,TRUE,TRUE,TRUE,TRUE,TRUE,TRUE,""
"VD_SH_A","VD","SH",0.2,391,20860391,TRUE,TRUE,TRUE,TRUE,TRUE,TRUE,TRUE,TRUE,""
"VD_SH_A","VD","SH",0.2,392,20860392,TRUE,TRUE,TRUE,TRUE,TRUE,TRUE,TRUE,TRUE,""
"VD_SH_A","VD","SH",0.2,393,20860393,TRUE,TRUE,TRUE,TRUE,TRUE,TRUE,TRUE,TRUE,""
"VD_SH_A","VD","SH",0.2,394,20860394,TRUE,TRUE,TRUE,TRUE,TRUE,TRUE,TRUE,TRUE,""
"VD_SH_A","VD","SH",0.2,395,20860395,TRUE,TRUE,TRUE,TRUE,TRUE,TRUE,TRUE,TRUE,""
"VD_SH_A","VD","SH",0.2,396,20860396,TRUE,TRUE,TRUE,TRUE,TRUE,TRUE,TRUE,TRUE,""
"VD_SH_A","VD","SH",0.2,397,20860397,TRUE,TRUE,TRUE,TRUE,TRUE,TRUE,TRUE,TRUE,""
"VD_SH_A","VD","SH",0.2,398,20860398,TRUE,TRUE,TRUE,TRUE,TRUE,TRUE,TRUE,TRUE,""
"VD_SH_A","VD","SH",0.2,399,20860399,TRUE,TRUE,TRUE,TRUE,TRUE,TRUE,TRUE,TRUE,""
"VD_SH_A","VD","SH",0.2,400,20860400,TRUE,TRUE,TRUE,TRUE,TRUE,TRUE,TRUE,TRUE,""
"VD_SH_A","VD","SH",0.2,401,20860401,TRUE,TRUE,TRUE,TRUE,TRUE,TRUE,TRUE,TRUE,""
"VD_SH_A","VD","SH",0.2,402,20860402,TRUE,TRUE,TRUE,TRUE,TRUE,TRUE,TRUE,TRUE,""
"VD_SH_A","VD","SH",0.2,403,20860403,TRUE,TRUE,TRUE,TRUE,TRUE,TRUE,TRUE,TRUE,""
"VD_SH_A","VD","SH",0.2,404,20860404,TRUE,TRUE,TRUE,TRUE,TRUE,TRUE,TRUE,TRUE,""
"VD_SH_A","VD","SH",0.2,405,20860405,TRUE,TRUE,TRUE,TRUE,TRUE,TRUE,TRUE,TRUE,""
"VD_SH_A","VD","SH",0.2,406,20860406,TRUE,TRUE,TRUE,TRUE,TRUE,TRUE,TRUE,TRUE,""
"VD_SH_A","VD","SH",0.2,407,20860407,TRUE,TRUE,TRUE,TRUE,TRUE,TRUE,TRUE,TRUE,""
"VD_SH_A","VD","SH",0.2,408,20860408,TRUE,TRUE,TRUE,TRUE,TRUE,TRUE,TRUE,TRUE,""
"VD_SH_A","VD","SH",0.2,409,20860409,TRUE,TRUE,TRUE,TRUE,TRUE,TRUE,TRUE,TRUE,""
"VD_SH_A","VD","SH",0.2,410,20860410,TRUE,TRUE,TRUE,TRUE,TRUE,TRUE,TRUE,TRUE,""
"VD_SH_A","VD","SH",0.2,411,20860411,TRUE,TRUE,TRUE,TRUE,TRUE,TRUE,TRUE,TRUE,""
"VD_SH_A","VD","SH",0.2,412,20860412,TRUE,TRUE,TRUE,TRUE,TRUE,TRUE,TRUE,TRUE,""
"VD_SH_A","VD","SH",0.2,413,20860413,TRUE,TRUE,TRUE,TRUE,TRUE,TRUE,TRUE,TRUE,""
"VD_SH_A","VD","SH",0.2,414,20860414,TRUE,TRUE,TRUE,TRUE,TRUE,TRUE,TRUE,TRUE,""
"VD_SH_A","VD","SH",0.2,415,20860415,TRUE,TRUE,TRUE,TRUE,TRUE,TRUE,TRUE,TRUE,""
"VD_SH_A","VD","SH",0.2,416,20860416,TRUE,TRUE,TRUE,TRUE,TRUE,TRUE,TRUE,TRUE,""
"VD_SH_A","VD","SH",0.2,417,20860417,TRUE,TRUE,TRUE,TRUE,TRUE,TRUE,TRUE,TRUE,""
"VD_SH_A","VD","SH",0.2,418,20860418,TRUE,TRUE,TRUE,TRUE,TRUE,TRUE,TRUE,TRUE,""
"VD_SH_A","VD","SH",0.2,419,20860419,TRUE,TRUE,TRUE,TRUE,TRUE,TRUE,TRUE,TRUE,""
"VD_SH_A","VD","SH",0.2,420,20860420,TRUE,TRUE,TRUE,TRUE,TRUE,TRUE,TRUE,TRUE,""
"VD_SH_A","VD","SH",0.2,421,20860421,TRUE,TRUE,TRUE,TRUE,TRUE,TRUE,TRUE,TRUE,""
"VD_SH_A","VD","SH",0.2,422,20860422,TRUE,TRUE,TRUE,TRUE,TRUE,TRUE,TRUE,TRUE,""
"VD_SH_A","VD","SH",0.2,423,20860423,TRUE,TRUE,TRUE,TRUE,TRUE,TRUE,TRUE,TRUE,""
"VD_SH_A","VD","SH",0.2,424,20860424,TRUE,TRUE,TRUE,TRUE,TRUE,TRUE,TRUE,TRUE,""
"VD_SH_A","VD","SH",0.2,425,20860425,TRUE,TRUE,TRUE,TRUE,TRUE,TRUE,TRUE,TRUE,""
"VD_SH_A","VD","SH",0.2,426,20860426,TRUE,TRUE,TRUE,TRUE,TRUE,TRUE,TRUE,TRUE,""
"VD_SH_A","VD","SH",0.2,427,20860427,TRUE,TRUE,TRUE,TRUE,TRUE,TRUE,TRUE,TRUE,""
"VD_SH_A","VD","SH",0.2,428,20860428,TRUE,TRUE,TRUE,TRUE,TRUE,TRUE,TRUE,TRUE,""
"VD_SH_A","VD","SH",0.2,429,20860429,TRUE,TRUE,TRUE,TRUE,TRUE,TRUE,TRUE,TRUE,""
"VD_SH_A","VD","SH",0.2,430,20860430,TRUE,TRUE,TRUE,TRUE,TRUE,TRUE,TRUE,TRUE,""
"VD_SH_A","VD","SH",0.2,431,20860431,TRUE,TRUE,TRUE,TRUE,TRUE,TRUE,TRUE,TRUE,""
"VD_SH_A","VD","SH",0.2,432,20860432,TRUE,TRUE,TRUE,TRUE,TRUE,TRUE,TRUE,TRUE,""
"VD_SH_A","VD","SH",0.2,433,20860433,TRUE,TRUE,TRUE,TRUE,TRUE,TRUE,TRUE,TRUE,""
"VD_SH_A","VD","SH",0.2,434,20860434,TRUE,TRUE,TRUE,TRUE,TRUE,TRUE,TRUE,TRUE,""
"VD_SH_A","VD","SH",0.2,435,20860435,TRUE,TRUE,TRUE,TRUE,TRUE,TRUE,TRUE,TRUE,""
"VD_SH_A","VD","SH",0.2,436,20860436,TRUE,TRUE,TRUE,TRUE,TRUE,TRUE,TRUE,TRUE,""
"VD_SH_A","VD","SH",0.2,437,20860437,TRUE,TRUE,TRUE,TRUE,TRUE,TRUE,TRUE,TRUE,""
"VD_SH_A","VD","SH",0.2,438,20860438,TRUE,TRUE,TRUE,TRUE,TRUE,TRUE,TRUE,TRUE,""
"VD_SH_A","VD","SH",0.2,439,20860439,TRUE,TRUE,TRUE,TRUE,TRUE,TRUE,TRUE,TRUE,""
"VD_SH_A","VD","SH",0.2,440,20860440,TRUE,TRUE,TRUE,TRUE,TRUE,TRUE,TRUE,TRUE,""
"VD_SH_A","VD","SH",0.2,441,20860441,TRUE,TRUE,TRUE,TRUE,TRUE,TRUE,TRUE,TRUE,""
"VD_SH_A","VD","SH",0.2,442,20860442,TRUE,TRUE,TRUE,TRUE,TRUE,TRUE,TRUE,TRUE,""
"VD_SH_A","VD","SH",0.2,443,20860443,TRUE,TRUE,TRUE,TRUE,TRUE,TRUE,TRUE,TRUE,""
"VD_SH_A","VD","SH",0.2,444,20860444,TRUE,TRUE,TRUE,TRUE,TRUE,TRUE,TRUE,TRUE,""
"VD_SH_A","VD","SH",0.2,445,20860445,TRUE,TRUE,TRUE,TRUE,TRUE,TRUE,TRUE,TRUE,""
"VD_SH_A","VD","SH",0.2,446,20860446,TRUE,TRUE,TRUE,TRUE,TRUE,TRUE,TRUE,TRUE,""
"VD_SH_A","VD","SH",0.2,447,20860447,TRUE,TRUE,TRUE,TRUE,TRUE,TRUE,TRUE,TRUE,""
"VD_SH_A","VD","SH",0.2,448,20860448,TRUE,TRUE,TRUE,TRUE,TRUE,TRUE,TRUE,TRUE,""
"VD_SH_A","VD","SH",0.2,449,20860449,TRUE,TRUE,TRUE,TRUE,TRUE,TRUE,TRUE,TRUE,""
"VD_SH_A","VD","SH",0.2,450,20860450,TRUE,TRUE,TRUE,TRUE,TRUE,TRUE,TRUE,TRUE,""
"VD_SH_A","VD","SH",0.2,451,20860451,TRUE,TRUE,TRUE,TRUE,TRUE,TRUE,TRUE,TRUE,""
"VD_SH_A","VD","SH",0.2,452,20860452,TRUE,TRUE,TRUE,TRUE,TRUE,TRUE,TRUE,TRUE,""
"VD_SH_A","VD","SH",0.2,453,20860453,TRUE,TRUE,TRUE,TRUE,TRUE,TRUE,TRUE,TRUE,""
"VD_SH_A","VD","SH",0.2,454,20860454,TRUE,TRUE,TRUE,TRUE,TRUE,TRUE,TRUE,TRUE,""
"VD_SH_A","VD","SH",0.2,455,20860455,TRUE,TRUE,TRUE,TRUE,TRUE,TRUE,TRUE,TRUE,""
"VD_SH_A","VD","SH",0.2,456,20860456,TRUE,TRUE,TRUE,TRUE,TRUE,TRUE,TRUE,TRUE,""
"VD_SH_A","VD","SH",0.2,457,20860457,TRUE,TRUE,TRUE,TRUE,TRUE,TRUE,TRUE,TRUE,""
"VD_SH_A","VD","SH",0.2,458,20860458,TRUE,TRUE,TRUE,TRUE,TRUE,TRUE,TRUE,TRUE,""
"VD_SH_A","VD","SH",0.2,459,20860459,TRUE,TRUE,TRUE,TRUE,TRUE,TRUE,TRUE,TRUE,""
"VD_SH_A","VD","SH",0.2,460,20860460,TRUE,TRUE,TRUE,TRUE,TRUE,TRUE,TRUE,TRUE,""
"VD_SH_A","VD","SH",0.2,461,20860461,TRUE,TRUE,TRUE,TRUE,TRUE,TRUE,TRUE,TRUE,""
"VD_SH_A","VD","SH",0.2,462,20860462,TRUE,TRUE,TRUE,TRUE,TRUE,TRUE,TRUE,TRUE,""
"VD_SH_A","VD","SH",0.2,463,20860463,TRUE,TRUE,TRUE,TRUE,TRUE,TRUE,TRUE,TRUE,""
"VD_SH_A","VD","SH",0.2,464,20860464,TRUE,TRUE,TRUE,TRUE,TRUE,TRUE,TRUE,TRUE,""
"VD_SH_A","VD","SH",0.2,465,20860465,TRUE,TRUE,TRUE,TRUE,TRUE,TRUE,TRUE,TRUE,""
"VD_SH_A","VD","SH",0.2,466,20860466,TRUE,TRUE,TRUE,TRUE,TRUE,TRUE,TRUE,TRUE,""
"VD_SH_A","VD","SH",0.2,467,20860467,TRUE,TRUE,TRUE,TRUE,TRUE,TRUE,TRUE,TRUE,""
"VD_SH_A","VD","SH",0.2,468,20860468,TRUE,TRUE,TRUE,TRUE,TRUE,TRUE,TRUE,TRUE,""
"VD_SH_A","VD","SH",0.2,469,20860469,TRUE,TRUE,TRUE,TRUE,TRUE,TRUE,TRUE,TRUE,""
"VD_SH_A","VD","SH",0.2,470,20860470,TRUE,TRUE,TRUE,TRUE,TRUE,TRUE,TRUE,TRUE,""
"VD_SH_A","VD","SH",0.2,471,20860471,TRUE,TRUE,TRUE,TRUE,TRUE,TRUE,TRUE,TRUE,""
"VD_SH_A","VD","SH",0.2,472,20860472,TRUE,TRUE,TRUE,TRUE,TRUE,TRUE,TRUE,TRUE,""
"VD_SH_A","VD","SH",0.2,473,20860473,TRUE,TRUE,TRUE,TRUE,TRUE,TRUE,TRUE,TRUE,""
"VD_SH_A","VD","SH",0.2,474,20860474,TRUE,TRUE,TRUE,TRUE,TRUE,TRUE,TRUE,TRUE,""
"VD_SH_A","VD","SH",0.2,475,20860475,TRUE,TRUE,TRUE,TRUE,TRUE,TRUE,TRUE,TRUE,""
"VD_SH_A","VD","SH",0.2,476,20860476,TRUE,TRUE,TRUE,TRUE,TRUE,TRUE,TRUE,TRUE,""
"VD_SH_A","VD","SH",0.2,477,20860477,TRUE,TRUE,TRUE,TRUE,TRUE,TRUE,TRUE,TRUE,""
"VD_SH_A","VD","SH",0.2,478,20860478,TRUE,TRUE,TRUE,TRUE,TRUE,TRUE,TRUE,TRUE,""
"VD_SH_A","VD","SH",0.2,479,20860479,TRUE,TRUE,TRUE,TRUE,TRUE,TRUE,TRUE,TRUE,""
"VD_SH_A","VD","SH",0.2,480,20860480,TRUE,TRUE,TRUE,TRUE,TRUE,TRUE,TRUE,TRUE,""
"VD_SH_A","VD","SH",0.2,481,20860481,TRUE,TRUE,TRUE,TRUE,TRUE,TRUE,TRUE,TRUE,""
"VD_SH_A","VD","SH",0.2,482,20860482,TRUE,TRUE,TRUE,TRUE,TRUE,TRUE,TRUE,TRUE,""
"VD_SH_A","VD","SH",0.2,483,20860483,TRUE,TRUE,TRUE,TRUE,TRUE,TRUE,TRUE,TRUE,""
"VD_SH_A","VD","SH",0.2,484,20860484,TRUE,TRUE,TRUE,TRUE,TRUE,TRUE,TRUE,TRUE,""
"VD_SH_A","VD","SH",0.2,485,20860485,TRUE,TRUE,TRUE,TRUE,TRUE,TRUE,TRUE,TRUE,""
"VD_SH_A","VD","SH",0.2,486,20860486,TRUE,TRUE,TRUE,TRUE,TRUE,TRUE,TRUE,TRUE,""
"VD_SH_A","VD","SH",0.2,487,20860487,TRUE,TRUE,TRUE,TRUE,TRUE,TRUE,TRUE,TRUE,""
"VD_SH_A","VD","SH",0.2,488,20860488,TRUE,TRUE,TRUE,TRUE,TRUE,TRUE,TRUE,TRUE,""
"VD_SH_A","VD","SH",0.2,489,20860489,TRUE,TRUE,TRUE,TRUE,TRUE,TRUE,TRUE,TRUE,""
"VD_SH_A","VD","SH",0.2,490,20860490,TRUE,TRUE,TRUE,TRUE,TRUE,TRUE,TRUE,TRUE,""
"VD_SH_A","VD","SH",0.2,491,20860491,TRUE,TRUE,TRUE,TRUE,TRUE,TRUE,TRUE,TRUE,""
"VD_SH_A","VD","SH",0.2,492,20860492,TRUE,TRUE,TRUE,TRUE,TRUE,TRUE,TRUE,TRUE,""
"VD_SH_A","VD","SH",0.2,493,20860493,TRUE,TRUE,TRUE,TRUE,TRUE,TRUE,TRUE,TRUE,""
"VD_SH_A","VD","SH",0.2,494,20860494,TRUE,TRUE,TRUE,TRUE,TRUE,TRUE,TRUE,TRUE,""
"VD_SH_A","VD","SH",0.2,495,20860495,TRUE,TRUE,TRUE,TRUE,TRUE,TRUE,TRUE,TRUE,""
"VD_SH_A","VD","SH",0.2,496,20860496,TRUE,TRUE,TRUE,TRUE,TRUE,TRUE,TRUE,TRUE,""
"VD_SH_A","VD","SH",0.2,497,20860497,TRUE,TRUE,TRUE,TRUE,TRUE,TRUE,TRUE,TRUE,""
"VD_SH_A","VD","SH",0.2,498,20860498,TRUE,TRUE,TRUE,TRUE,TRUE,TRUE,TRUE,TRUE,""
"VD_SH_A","VD","SH",0.2,499,20860499,TRUE,TRUE,TRUE,TRUE,TRUE,TRUE,TRUE,TRUE,""
"VD_SH_A","VD","SH",0.2,500,20860500,TRUE,TRUE,TRUE,TRUE,TRUE,TRUE,TRUE,TRUE,""
"VD_SH_A","VD","SH",0.2,501,20860501,TRUE,TRUE,TRUE,TRUE,TRUE,TRUE,TRUE,TRUE,""
"VD_SH_A","VD","SH",0.2,502,20860502,TRUE,TRUE,TRUE,TRUE,TRUE,TRUE,TRUE,TRUE,""
"VD_SH_A","VD","SH",0.2,503,20860503,TRUE,TRUE,TRUE,TRUE,TRUE,TRUE,TRUE,TRUE,""
"VD_SH_A","VD","SH",0.2,504,20860504,TRUE,TRUE,TRUE,TRUE,TRUE,TRUE,TRUE,TRUE,""
"VD_SH_A","VD","SH",0.2,505,20860505,TRUE,TRUE,TRUE,TRUE,TRUE,TRUE,TRUE,TRUE,""
"VD_SH_A","VD","SH",0.2,506,20860506,TRUE,TRUE,TRUE,TRUE,TRUE,TRUE,TRUE,TRUE,""
"VD_SH_A","VD","SH",0.2,507,20860507,TRUE,TRUE,TRUE,TRUE,TRUE,TRUE,TRUE,TRUE,""
"VD_SH_A","VD","SH",0.2,508,20860508,TRUE,TRUE,TRUE,TRUE,TRUE,TRUE,TRUE,TRUE,""
"VD_SH_A","VD","SH",0.2,509,20860509,TRUE,TRUE,TRUE,TRUE,TRUE,TRUE,TRUE,TRUE,""
"VD_SH_A","VD","SH",0.2,510,20860510,TRUE,TRUE,TRUE,TRUE,TRUE,TRUE,TRUE,TRUE,""
"VD_SH_A","VD","SH",0.2,511,20860511,TRUE,TRUE,TRUE,TRUE,TRUE,TRUE,TRUE,TRUE,""
"VD_SH_A","VD","SH",0.2,512,20860512,TRUE,TRUE,TRUE,TRUE,TRUE,TRUE,TRUE,TRUE,""
"VD_SH_A","VD","SH",0.2,513,20860513,TRUE,TRUE,TRUE,TRUE,TRUE,TRUE,TRUE,TRUE,""
"VD_SH_A","VD","SH",0.2,514,20860514,TRUE,TRUE,TRUE,TRUE,TRUE,TRUE,TRUE,TRUE,""
"VD_SH_A","VD","SH",0.2,515,20860515,TRUE,TRUE,TRUE,TRUE,TRUE,TRUE,TRUE,TRUE,""
"VD_SH_A","VD","SH",0.2,516,20860516,TRUE,TRUE,TRUE,TRUE,TRUE,TRUE,TRUE,TRUE,""
"VD_SH_A","VD","SH",0.2,517,20860517,TRUE,TRUE,TRUE,TRUE,TRUE,TRUE,TRUE,TRUE,""
"VD_SH_A","VD","SH",0.2,518,20860518,TRUE,TRUE,TRUE,TRUE,TRUE,TRUE,TRUE,TRUE,""
"VD_SH_A","VD","SH",0.2,519,20860519,TRUE,TRUE,TRUE,TRUE,TRUE,TRUE,TRUE,TRUE,""
"VD_SH_A","VD","SH",0.2,520,20860520,TRUE,TRUE,TRUE,TRUE,TRUE,TRUE,TRUE,TRUE,""
"VD_SH_A","VD","SH",0.2,521,20860521,TRUE,TRUE,TRUE,TRUE,TRUE,TRUE,TRUE,TRUE,""
"VD_SH_A","VD","SH",0.2,522,20860522,TRUE,TRUE,TRUE,TRUE,TRUE,TRUE,TRUE,TRUE,""
"VD_SH_A","VD","SH",0.2,523,20860523,TRUE,TRUE,TRUE,TRUE,TRUE,TRUE,TRUE,TRUE,""
"VD_SH_A","VD","SH",0.2,524,20860524,TRUE,TRUE,TRUE,TRUE,TRUE,TRUE,TRUE,TRUE,""
"VD_SH_A","VD","SH",0.2,525,20860525,TRUE,TRUE,TRUE,TRUE,TRUE,TRUE,TRUE,TRUE,""
"VD_SH_A","VD","SH",0.2,526,20860526,TRUE,TRUE,TRUE,TRUE,TRUE,TRUE,TRUE,TRUE,""
"VD_SH_A","VD","SH",0.2,527,20860527,TRUE,TRUE,TRUE,TRUE,TRUE,TRUE,TRUE,TRUE,""
"VD_SH_A","VD","SH",0.2,528,20860528,TRUE,TRUE,TRUE,TRUE,TRUE,TRUE,TRUE,TRUE,""
"VD_SH_A","VD","SH",0.2,529,20860529,TRUE,TRUE,TRUE,TRUE,TRUE,TRUE,TRUE,TRUE,""
"VD_SH_A","VD","SH",0.2,530,20860530,TRUE,TRUE,TRUE,TRUE,TRUE,TRUE,TRUE,TRUE,""
"VD_SH_A","VD","SH",0.2,531,20860531,TRUE,TRUE,TRUE,TRUE,TRUE,TRUE,TRUE,TRUE,""
"VD_SH_A","VD","SH",0.2,532,20860532,TRUE,TRUE,TRUE,TRUE,TRUE,TRUE,TRUE,TRUE,""
"VD_SH_A","VD","SH",0.2,533,20860533,TRUE,TRUE,TRUE,TRUE,TRUE,TRUE,TRUE,TRUE,""
"VD_SH_A","VD","SH",0.2,534,20860534,TRUE,TRUE,TRUE,TRUE,TRUE,TRUE,TRUE,TRUE,""
"VD_SH_A","VD","SH",0.2,535,20860535,TRUE,TRUE,TRUE,TRUE,TRUE,TRUE,TRUE,TRUE,""
"VD_SH_A","VD","SH",0.2,536,20860536,TRUE,TRUE,TRUE,TRUE,TRUE,TRUE,TRUE,TRUE,""
"VD_SH_A","VD","SH",0.2,537,20860537,TRUE,TRUE,TRUE,TRUE,TRUE,TRUE,TRUE,TRUE,""
"VD_SH_A","VD","SH",0.2,538,20860538,TRUE,TRUE,TRUE,TRUE,TRUE,TRUE,TRUE,TRUE,""
"VD_SH_A","VD","SH",0.2,539,20860539,TRUE,TRUE,TRUE,TRUE,TRUE,TRUE,TRUE,TRUE,""
"VD_SH_A","VD","SH",0.2,540,20860540,TRUE,TRUE,TRUE,TRUE,TRUE,TRUE,TRUE,TRUE,""
"VD_SH_A","VD","SH",0.2,541,20860541,TRUE,TRUE,TRUE,TRUE,TRUE,TRUE,TRUE,TRUE,""
"VD_SH_A","VD","SH",0.2,542,20860542,TRUE,TRUE,TRUE,TRUE,TRUE,TRUE,TRUE,TRUE,""
"VD_SH_A","VD","SH",0.2,543,20860543,TRUE,TRUE,TRUE,TRUE,TRUE,TRUE,TRUE,TRUE,""
"VD_SH_A","VD","SH",0.2,544,20860544,TRUE,TRUE,TRUE,TRUE,TRUE,TRUE,TRUE,TRUE,""
"VD_SH_A","VD","SH",0.2,545,20860545,TRUE,TRUE,TRUE,TRUE,TRUE,TRUE,TRUE,TRUE,""
"VD_SH_A","VD","SH",0.2,546,20860546,TRUE,TRUE,TRUE,TRUE,TRUE,TRUE,TRUE,TRUE,""
"VD_SH_A","VD","SH",0.2,547,20860547,TRUE,TRUE,TRUE,TRUE,TRUE,TRUE,TRUE,TRUE,""
"VD_SH_A","VD","SH",0.2,548,20860548,TRUE,TRUE,TRUE,TRUE,TRUE,TRUE,TRUE,TRUE,""
"VD_SH_A","VD","SH",0.2,549,20860549,TRUE,TRUE,TRUE,TRUE,TRUE,TRUE,TRUE,TRUE,""
"VD_SH_A","VD","SH",0.2,550,20860550,TRUE,TRUE,TRUE,TRUE,TRUE,TRUE,TRUE,TRUE,""
"VD_SH_A","VD","SH",0.2,551,20860551,TRUE,TRUE,TRUE,TRUE,TRUE,TRUE,TRUE,TRUE,""
"VD_SH_A","VD","SH",0.2,552,20860552,TRUE,TRUE,TRUE,TRUE,TRUE,TRUE,TRUE,TRUE,""
"VD_SH_A","VD","SH",0.2,553,20860553,TRUE,TRUE,TRUE,TRUE,TRUE,TRUE,TRUE,TRUE,""
"VD_SH_A","VD","SH",0.2,554,20860554,TRUE,TRUE,TRUE,TRUE,TRUE,TRUE,TRUE,TRUE,""
"VD_SH_A","VD","SH",0.2,555,20860555,TRUE,TRUE,TRUE,TRUE,TRUE,TRUE,TRUE,TRUE,""
"VD_SH_A","VD","SH",0.2,556,20860556,TRUE,TRUE,TRUE,TRUE,TRUE,TRUE,TRUE,TRUE,""
"VD_SH_A","VD","SH",0.2,557,20860557,TRUE,TRUE,TRUE,TRUE,TRUE,TRUE,TRUE,TRUE,""
"VD_SH_A","VD","SH",0.2,558,20860558,TRUE,TRUE,TRUE,TRUE,TRUE,TRUE,TRUE,TRUE,""
"VD_SH_A","VD","SH",0.2,559,20860559,TRUE,TRUE,TRUE,TRUE,TRUE,TRUE,TRUE,TRUE,""
"VD_SH_A","VD","SH",0.2,560,20860560,TRUE,TRUE,TRUE,TRUE,TRUE,TRUE,TRUE,TRUE,""
"VD_SH_A","VD","SH",0.2,561,20860561,TRUE,TRUE,TRUE,TRUE,TRUE,TRUE,TRUE,TRUE,""
"VD_SH_A","VD","SH",0.2,562,20860562,TRUE,TRUE,TRUE,TRUE,TRUE,TRUE,TRUE,TRUE,""
"VD_SH_A","VD","SH",0.2,563,20860563,TRUE,TRUE,TRUE,TRUE,TRUE,TRUE,TRUE,TRUE,""
"VD_SH_A","VD","SH",0.2,564,20860564,TRUE,TRUE,TRUE,TRUE,TRUE,TRUE,TRUE,TRUE,""
"VD_SH_A","VD","SH",0.2,565,20860565,TRUE,TRUE,TRUE,TRUE,TRUE,TRUE,TRUE,TRUE,""
"VD_SH_A","VD","SH",0.2,566,20860566,TRUE,TRUE,TRUE,TRUE,TRUE,TRUE,TRUE,TRUE,""
"VD_SH_A","VD","SH",0.2,567,20860567,TRUE,TRUE,TRUE,TRUE,TRUE,TRUE,TRUE,TRUE,""
"VD_SH_A","VD","SH",0.2,568,20860568,TRUE,TRUE,TRUE,TRUE,TRUE,TRUE,TRUE,TRUE,""
"VD_SH_A","VD","SH",0.2,569,20860569,TRUE,TRUE,TRUE,TRUE,TRUE,TRUE,TRUE,TRUE,""
"VD_SH_A","VD","SH",0.2,570,20860570,TRUE,TRUE,TRUE,TRUE,TRUE,TRUE,TRUE,TRUE,""
"VD_SH_A","VD","SH",0.2,571,20860571,TRUE,TRUE,TRUE,TRUE,TRUE,TRUE,TRUE,TRUE,""
"VD_SH_A","VD","SH",0.2,572,20860572,TRUE,TRUE,TRUE,TRUE,TRUE,TRUE,TRUE,TRUE,""
"VD_SH_A","VD","SH",0.2,573,20860573,TRUE,TRUE,TRUE,TRUE,TRUE,TRUE,TRUE,TRUE,""
"VD_SH_A","VD","SH",0.2,574,20860574,TRUE,TRUE,TRUE,TRUE,TRUE,TRUE,TRUE,TRUE,""
"VD_SH_A","VD","SH",0.2,575,20860575,TRUE,TRUE,TRUE,TRUE,TRUE,TRUE,TRUE,TRUE,""
"VD_SH_A","VD","SH",0.2,576,20860576,TRUE,TRUE,TRUE,TRUE,TRUE,TRUE,TRUE,TRUE,""
"VD_SH_A","VD","SH",0.2,577,20860577,TRUE,TRUE,TRUE,TRUE,TRUE,TRUE,TRUE,TRUE,""
"VD_SH_A","VD","SH",0.2,578,20860578,TRUE,TRUE,TRUE,TRUE,TRUE,TRUE,TRUE,TRUE,""
"VD_SH_A","VD","SH",0.2,579,20860579,TRUE,TRUE,TRUE,TRUE,TRUE,TRUE,TRUE,TRUE,""
"VD_SH_A","VD","SH",0.2,580,20860580,TRUE,TRUE,TRUE,TRUE,TRUE,TRUE,TRUE,TRUE,""
"VD_SH_A","VD","SH",0.2,581,20860581,TRUE,TRUE,TRUE,TRUE,TRUE,TRUE,TRUE,TRUE,""
"VD_SH_A","VD","SH",0.2,582,20860582,TRUE,TRUE,TRUE,TRUE,TRUE,TRUE,TRUE,TRUE,""
"VD_SH_A","VD","SH",0.2,583,20860583,TRUE,TRUE,TRUE,TRUE,TRUE,TRUE,TRUE,TRUE,""
"VD_SH_A","VD","SH",0.2,584,20860584,TRUE,TRUE,TRUE,TRUE,TRUE,TRUE,TRUE,TRUE,""
"VD_SH_A","VD","SH",0.2,585,20860585,TRUE,TRUE,TRUE,TRUE,TRUE,TRUE,TRUE,TRUE,""
"VD_SH_A","VD","SH",0.2,586,20860586,TRUE,TRUE,TRUE,TRUE,TRUE,TRUE,TRUE,TRUE,""
"VD_SH_A","VD","SH",0.2,587,20860587,TRUE,TRUE,TRUE,TRUE,TRUE,TRUE,TRUE,TRUE,""
"VD_SH_A","VD","SH",0.2,588,20860588,TRUE,TRUE,TRUE,TRUE,TRUE,TRUE,TRUE,TRUE,""
"VD_SH_A","VD","SH",0.2,589,20860589,TRUE,TRUE,TRUE,TRUE,TRUE,TRUE,TRUE,TRUE,""
"VD_SH_A","VD","SH",0.2,590,20860590,TRUE,TRUE,TRUE,TRUE,TRUE,TRUE,TRUE,TRUE,""
"VD_SH_A","VD","SH",0.2,591,20860591,TRUE,TRUE,TRUE,TRUE,TRUE,TRUE,TRUE,TRUE,""
"VD_SH_A","VD","SH",0.2,592,20860592,TRUE,TRUE,TRUE,TRUE,TRUE,TRUE,TRUE,TRUE,""
"VD_SH_A","VD","SH",0.2,593,20860593,TRUE,TRUE,TRUE,TRUE,TRUE,TRUE,TRUE,TRUE,""
"VD_SH_A","VD","SH",0.2,594,20860594,TRUE,TRUE,TRUE,TRUE,TRUE,TRUE,TRUE,TRUE,""
"VD_SH_A","VD","SH",0.2,595,20860595,TRUE,TRUE,TRUE,TRUE,TRUE,TRUE,TRUE,TRUE,""
"VD_SH_A","VD","SH",0.2,596,20860596,TRUE,TRUE,TRUE,TRUE,TRUE,TRUE,TRUE,TRUE,""
"VD_SH_A","VD","SH",0.2,597,20860597,TRUE,TRUE,TRUE,TRUE,TRUE,TRUE,TRUE,TRUE,""
"VD_SH_A","VD","SH",0.2,598,20860598,TRUE,TRUE,TRUE,TRUE,TRUE,TRUE,TRUE,TRUE,""
"VD_SH_A","VD","SH",0.2,599,20860599,TRUE,TRUE,TRUE,TRUE,TRUE,TRUE,TRUE,TRUE,""
"VD_SH_A","VD","SH",0.2,600,20860600,TRUE,TRUE,TRUE,TRUE,TRUE,TRUE,TRUE,TRUE,""
"VD_SH_A","VD","SH",0.2,601,20860601,TRUE,TRUE,TRUE,TRUE,TRUE,TRUE,TRUE,TRUE,""
"VD_SH_A","VD","SH",0.2,602,20860602,TRUE,TRUE,TRUE,TRUE,TRUE,TRUE,TRUE,TRUE,""
"VD_SH_A","VD","SH",0.2,603,20860603,TRUE,TRUE,TRUE,TRUE,TRUE,TRUE,TRUE,TRUE,""
"VD_SH_A","VD","SH",0.2,604,20860604,TRUE,TRUE,TRUE,TRUE,TRUE,TRUE,TRUE,TRUE,""
"VD_SH_A","VD","SH",0.2,605,20860605,TRUE,TRUE,TRUE,TRUE,TRUE,TRUE,TRUE,TRUE,""
"VD_SH_A","VD","SH",0.2,606,20860606,TRUE,TRUE,TRUE,TRUE,TRUE,TRUE,TRUE,TRUE,""
"VD_SH_A","VD","SH",0.2,607,20860607,TRUE,TRUE,TRUE,TRUE,TRUE,TRUE,TRUE,TRUE,""
"VD_SH_A","VD","SH",0.2,608,20860608,TRUE,TRUE,TRUE,TRUE,TRUE,TRUE,TRUE,TRUE,""
"VD_SH_A","VD","SH",0.2,609,20860609,TRUE,TRUE,TRUE,TRUE,TRUE,TRUE,TRUE,TRUE,""
"VD_SH_A","VD","SH",0.2,610,20860610,TRUE,TRUE,TRUE,TRUE,TRUE,TRUE,TRUE,TRUE,""
"VD_SH_A","VD","SH",0.2,611,20860611,TRUE,TRUE,TRUE,TRUE,TRUE,TRUE,TRUE,TRUE,""
"VD_SH_A","VD","SH",0.2,612,20860612,TRUE,TRUE,TRUE,TRUE,TRUE,TRUE,TRUE,TRUE,""
"VD_SH_A","VD","SH",0.2,613,20860613,TRUE,TRUE,TRUE,TRUE,TRUE,TRUE,TRUE,TRUE,""
"VD_SH_A","VD","SH",0.2,614,20860614,TRUE,TRUE,TRUE,TRUE,TRUE,TRUE,TRUE,TRUE,""
"VD_SH_A","VD","SH",0.2,615,20860615,TRUE,TRUE,TRUE,TRUE,TRUE,TRUE,TRUE,TRUE,""
"VD_SH_A","VD","SH",0.2,616,20860616,TRUE,TRUE,TRUE,TRUE,TRUE,TRUE,TRUE,TRUE,""
"VD_SH_A","VD","SH",0.2,617,20860617,TRUE,TRUE,TRUE,TRUE,TRUE,TRUE,TRUE,TRUE,""
"VD_SH_A","VD","SH",0.2,618,20860618,TRUE,TRUE,TRUE,TRUE,TRUE,TRUE,TRUE,TRUE,""
"VD_SH_A","VD","SH",0.2,619,20860619,TRUE,TRUE,TRUE,TRUE,TRUE,TRUE,TRUE,TRUE,""
"VD_SH_A","VD","SH",0.2,620,20860620,TRUE,TRUE,TRUE,TRUE,TRUE,TRUE,TRUE,TRUE,""
"VD_SH_A","VD","SH",0.2,621,20860621,TRUE,TRUE,TRUE,TRUE,TRUE,TRUE,TRUE,TRUE,""
"VD_SH_A","VD","SH",0.2,622,20860622,TRUE,TRUE,TRUE,TRUE,TRUE,TRUE,TRUE,TRUE,""
"VD_SH_A","VD","SH",0.2,623,20860623,TRUE,TRUE,TRUE,TRUE,TRUE,TRUE,TRUE,TRUE,""
"VD_SH_A","VD","SH",0.2,624,20860624,TRUE,TRUE,TRUE,TRUE,TRUE,TRUE,TRUE,TRUE,""
"VD_SH_A","VD","SH",0.2,625,20860625,TRUE,TRUE,TRUE,TRUE,TRUE,TRUE,TRUE,TRUE,""
"VD_SH_A","VD","SH",0.2,626,20860626,TRUE,TRUE,TRUE,TRUE,TRUE,TRUE,TRUE,TRUE,""
"VD_SH_A","VD","SH",0.2,627,20860627,TRUE,TRUE,TRUE,TRUE,TRUE,TRUE,TRUE,TRUE,""
"VD_SH_A","VD","SH",0.2,628,20860628,TRUE,TRUE,TRUE,TRUE,TRUE,TRUE,TRUE,TRUE,""
"VD_SH_A","VD","SH",0.2,629,20860629,TRUE,TRUE,TRUE,TRUE,TRUE,TRUE,TRUE,TRUE,""
"VD_SH_A","VD","SH",0.2,630,20860630,TRUE,TRUE,TRUE,TRUE,TRUE,TRUE,TRUE,TRUE,""
"VD_SH_A","VD","SH",0.2,631,20860631,TRUE,TRUE,TRUE,TRUE,TRUE,TRUE,TRUE,TRUE,""
"VD_SH_A","VD","SH",0.2,632,20860632,TRUE,TRUE,TRUE,TRUE,TRUE,TRUE,TRUE,TRUE,""
"VD_SH_A","VD","SH",0.2,633,20860633,TRUE,TRUE,TRUE,TRUE,TRUE,TRUE,TRUE,TRUE,""
"VD_SH_A","VD","SH",0.2,634,20860634,TRUE,TRUE,TRUE,TRUE,TRUE,TRUE,TRUE,TRUE,""
"VD_SH_A","VD","SH",0.2,635,20860635,TRUE,TRUE,TRUE,TRUE,TRUE,TRUE,TRUE,TRUE,""
"VD_SH_A","VD","SH",0.2,636,20860636,TRUE,TRUE,TRUE,TRUE,TRUE,TRUE,TRUE,TRUE,""
"VD_SH_A","VD","SH",0.2,637,20860637,TRUE,TRUE,TRUE,TRUE,TRUE,TRUE,TRUE,TRUE,""
"VD_SH_A","VD","SH",0.2,638,20860638,TRUE,TRUE,TRUE,TRUE,TRUE,TRUE,TRUE,TRUE,""
"VD_SH_A","VD","SH",0.2,639,20860639,TRUE,TRUE,TRUE,TRUE,TRUE,TRUE,TRUE,TRUE,""
"VD_SH_A","VD","SH",0.2,640,20860640,TRUE,TRUE,TRUE,TRUE,TRUE,TRUE,TRUE,TRUE,""
"VD_SH_A","VD","SH",0.2,641,20860641,TRUE,TRUE,TRUE,TRUE,TRUE,TRUE,TRUE,TRUE,""
"VD_SH_A","VD","SH",0.2,642,20860642,TRUE,TRUE,TRUE,TRUE,TRUE,TRUE,TRUE,TRUE,""
"VD_SH_A","VD","SH",0.2,643,20860643,TRUE,TRUE,TRUE,TRUE,TRUE,TRUE,TRUE,TRUE,""
"VD_SH_A","VD","SH",0.2,644,20860644,TRUE,TRUE,TRUE,TRUE,TRUE,TRUE,TRUE,TRUE,""
"VD_SH_A","VD","SH",0.2,645,20860645,TRUE,TRUE,TRUE,TRUE,TRUE,TRUE,TRUE,TRUE,""
"VD_SH_A","VD","SH",0.2,646,20860646,TRUE,TRUE,TRUE,TRUE,TRUE,TRUE,TRUE,TRUE,""
"VD_SH_A","VD","SH",0.2,647,20860647,TRUE,TRUE,TRUE,TRUE,TRUE,TRUE,TRUE,TRUE,""
"VD_SH_A","VD","SH",0.2,648,20860648,TRUE,TRUE,TRUE,TRUE,TRUE,TRUE,TRUE,TRUE,""
"VD_SH_A","VD","SH",0.2,649,20860649,TRUE,TRUE,TRUE,TRUE,TRUE,TRUE,TRUE,TRUE,""
"VD_SH_A","VD","SH",0.2,650,20860650,TRUE,TRUE,TRUE,TRUE,TRUE,TRUE,TRUE,TRUE,""
"VD_SH_A","VD","SH",0.2,651,20860651,TRUE,TRUE,TRUE,TRUE,TRUE,TRUE,TRUE,TRUE,""
"VD_SH_A","VD","SH",0.2,652,20860652,TRUE,TRUE,TRUE,TRUE,TRUE,TRUE,TRUE,TRUE,""
"VD_SH_A","VD","SH",0.2,653,20860653,TRUE,TRUE,TRUE,TRUE,TRUE,TRUE,TRUE,TRUE,""
"VD_SH_A","VD","SH",0.2,654,20860654,TRUE,TRUE,TRUE,TRUE,TRUE,TRUE,TRUE,TRUE,""
"VD_SH_A","VD","SH",0.2,655,20860655,TRUE,TRUE,TRUE,TRUE,TRUE,TRUE,TRUE,TRUE,""
"VD_SH_A","VD","SH",0.2,656,20860656,TRUE,TRUE,TRUE,TRUE,TRUE,TRUE,TRUE,TRUE,""
"VD_SH_A","VD","SH",0.2,657,20860657,TRUE,TRUE,TRUE,TRUE,TRUE,TRUE,TRUE,TRUE,""
"VD_SH_A","VD","SH",0.2,658,20860658,TRUE,TRUE,TRUE,TRUE,TRUE,TRUE,TRUE,TRUE,""
"VD_SH_A","VD","SH",0.2,659,20860659,TRUE,TRUE,TRUE,TRUE,TRUE,TRUE,TRUE,TRUE,""
"VD_SH_A","VD","SH",0.2,660,20860660,TRUE,TRUE,TRUE,TRUE,TRUE,TRUE,TRUE,TRUE,""
"VD_SH_A","VD","SH",0.2,661,20860661,TRUE,TRUE,TRUE,TRUE,TRUE,TRUE,TRUE,TRUE,""
"VD_SH_A","VD","SH",0.2,662,20860662,TRUE,TRUE,TRUE,TRUE,TRUE,TRUE,TRUE,TRUE,""
"VD_SH_A","VD","SH",0.2,663,20860663,TRUE,TRUE,TRUE,TRUE,TRUE,TRUE,TRUE,TRUE,""
"VD_SH_A","VD","SH",0.2,664,20860664,TRUE,TRUE,TRUE,TRUE,TRUE,TRUE,TRUE,TRUE,""
"VD_SH_A","VD","SH",0.2,665,20860665,TRUE,TRUE,TRUE,TRUE,TRUE,TRUE,TRUE,TRUE,""
"VD_SH_A","VD","SH",0.2,666,20860666,TRUE,TRUE,TRUE,TRUE,TRUE,TRUE,TRUE,TRUE,""
"VD_SH_A","VD","SH",0.2,667,20860667,TRUE,TRUE,TRUE,TRUE,TRUE,TRUE,TRUE,TRUE,""
"VD_SH_A","VD","SH",0.2,668,20860668,TRUE,TRUE,TRUE,TRUE,TRUE,TRUE,TRUE,TRUE,""
"VD_SH_A","VD","SH",0.2,669,20860669,TRUE,TRUE,TRUE,TRUE,TRUE,TRUE,TRUE,TRUE,""
"VD_SH_A","VD","SH",0.2,670,20860670,TRUE,TRUE,TRUE,TRUE,TRUE,TRUE,TRUE,TRUE,""
"VD_SH_A","VD","SH",0.2,671,20860671,TRUE,TRUE,TRUE,TRUE,TRUE,TRUE,TRUE,TRUE,""
"VD_SH_A","VD","SH",0.2,672,20860672,TRUE,TRUE,TRUE,TRUE,TRUE,TRUE,TRUE,TRUE,""
"VD_SH_A","VD","SH",0.2,673,20860673,TRUE,TRUE,TRUE,TRUE,TRUE,TRUE,TRUE,TRUE,""
"VD_SH_A","VD","SH",0.2,674,20860674,TRUE,TRUE,TRUE,TRUE,TRUE,TRUE,TRUE,TRUE,""
"VD_SH_A","VD","SH",0.2,675,20860675,TRUE,TRUE,TRUE,TRUE,TRUE,TRUE,TRUE,TRUE,""
"VD_SH_A","VD","SH",0.2,676,20860676,TRUE,TRUE,TRUE,TRUE,TRUE,TRUE,TRUE,TRUE,""
"VD_SH_A","VD","SH",0.2,677,20860677,TRUE,TRUE,TRUE,TRUE,TRUE,TRUE,TRUE,TRUE,""
"VD_SH_A","VD","SH",0.2,678,20860678,TRUE,TRUE,TRUE,TRUE,TRUE,TRUE,TRUE,TRUE,""
"VD_SH_A","VD","SH",0.2,679,20860679,TRUE,TRUE,TRUE,TRUE,TRUE,TRUE,TRUE,TRUE,""
"VD_SH_A","VD","SH",0.2,680,20860680,TRUE,TRUE,TRUE,TRUE,TRUE,TRUE,TRUE,TRUE,""
"VD_SH_A","VD","SH",0.2,681,20860681,TRUE,TRUE,TRUE,TRUE,TRUE,TRUE,TRUE,TRUE,""
"VD_SH_A","VD","SH",0.2,682,20860682,TRUE,TRUE,TRUE,TRUE,TRUE,TRUE,TRUE,TRUE,""
"VD_SH_A","VD","SH",0.2,683,20860683,TRUE,TRUE,TRUE,TRUE,TRUE,TRUE,TRUE,TRUE,""
"VD_SH_A","VD","SH",0.2,684,20860684,TRUE,TRUE,TRUE,TRUE,TRUE,TRUE,TRUE,TRUE,""
"VD_SH_A","VD","SH",0.2,685,20860685,TRUE,TRUE,TRUE,TRUE,TRUE,TRUE,TRUE,TRUE,""
"VD_SH_A","VD","SH",0.2,686,20860686,TRUE,TRUE,TRUE,TRUE,TRUE,TRUE,TRUE,TRUE,""
"VD_SH_A","VD","SH",0.2,687,20860687,TRUE,TRUE,TRUE,TRUE,TRUE,TRUE,TRUE,TRUE,""
"VD_SH_A","VD","SH",0.2,688,20860688,TRUE,TRUE,TRUE,TRUE,TRUE,TRUE,TRUE,TRUE,""
"VD_SH_A","VD","SH",0.2,689,20860689,TRUE,TRUE,TRUE,TRUE,TRUE,TRUE,TRUE,TRUE,""
"VD_SH_A","VD","SH",0.2,690,20860690,TRUE,TRUE,TRUE,TRUE,TRUE,TRUE,TRUE,TRUE,""
"VD_SH_A","VD","SH",0.2,691,20860691,TRUE,TRUE,TRUE,TRUE,TRUE,TRUE,TRUE,TRUE,""
"VD_SH_A","VD","SH",0.2,692,20860692,TRUE,TRUE,TRUE,TRUE,TRUE,TRUE,TRUE,TRUE,""
"VD_SH_A","VD","SH",0.2,693,20860693,TRUE,TRUE,TRUE,TRUE,TRUE,TRUE,TRUE,TRUE,""
"VD_SH_A","VD","SH",0.2,694,20860694,TRUE,TRUE,TRUE,TRUE,TRUE,TRUE,TRUE,TRUE,""
"VD_SH_A","VD","SH",0.2,695,20860695,TRUE,TRUE,TRUE,TRUE,TRUE,TRUE,TRUE,TRUE,""
"VD_SH_A","VD","SH",0.2,696,20860696,TRUE,TRUE,TRUE,TRUE,TRUE,TRUE,TRUE,TRUE,""
"VD_SH_A","VD","SH",0.2,697,20860697,TRUE,TRUE,TRUE,TRUE,TRUE,TRUE,TRUE,TRUE,""
"VD_SH_A","VD","SH",0.2,698,20860698,TRUE,TRUE,TRUE,TRUE,TRUE,TRUE,TRUE,TRUE,""
"VD_SH_A","VD","SH",0.2,699,20860699,TRUE,TRUE,TRUE,TRUE,TRUE,TRUE,TRUE,TRUE,""
"VD_SH_A","VD","SH",0.2,700,20860700,TRUE,TRUE,TRUE,TRUE,TRUE,TRUE,TRUE,TRUE,""
"VD_SH_A","VD","SH",0.2,701,20860701,TRUE,TRUE,TRUE,TRUE,TRUE,TRUE,TRUE,TRUE,""
"VD_SH_A","VD","SH",0.2,702,20860702,TRUE,TRUE,TRUE,TRUE,TRUE,TRUE,TRUE,TRUE,""
"VD_SH_A","VD","SH",0.2,703,20860703,TRUE,TRUE,TRUE,TRUE,TRUE,TRUE,TRUE,TRUE,""
"VD_SH_A","VD","SH",0.2,704,20860704,TRUE,TRUE,TRUE,TRUE,TRUE,TRUE,TRUE,TRUE,""
"VD_SH_A","VD","SH",0.2,705,20860705,TRUE,TRUE,TRUE,TRUE,TRUE,TRUE,TRUE,TRUE,""
"VD_SH_A","VD","SH",0.2,706,20860706,TRUE,TRUE,TRUE,TRUE,TRUE,TRUE,TRUE,TRUE,""
"VD_SH_A","VD","SH",0.2,707,20860707,TRUE,TRUE,TRUE,TRUE,TRUE,TRUE,TRUE,TRUE,""
"VD_SH_A","VD","SH",0.2,708,20860708,TRUE,TRUE,TRUE,TRUE,TRUE,TRUE,TRUE,TRUE,""
"VD_SH_A","VD","SH",0.2,709,20860709,TRUE,TRUE,TRUE,TRUE,TRUE,TRUE,TRUE,TRUE,""
"VD_SH_A","VD","SH",0.2,710,20860710,TRUE,TRUE,TRUE,TRUE,TRUE,TRUE,TRUE,TRUE,""
"VD_SH_A","VD","SH",0.2,711,20860711,TRUE,TRUE,TRUE,TRUE,TRUE,TRUE,TRUE,TRUE,""
"VD_SH_A","VD","SH",0.2,712,20860712,TRUE,TRUE,TRUE,TRUE,TRUE,TRUE,TRUE,TRUE,""
"VD_SH_A","VD","SH",0.2,713,20860713,TRUE,TRUE,TRUE,TRUE,TRUE,TRUE,TRUE,TRUE,""
"VD_SH_A","VD","SH",0.2,714,20860714,TRUE,TRUE,TRUE,TRUE,TRUE,TRUE,TRUE,TRUE,""
"VD_SH_A","VD","SH",0.2,715,20860715,TRUE,TRUE,TRUE,TRUE,TRUE,TRUE,TRUE,TRUE,""
"VD_SH_A","VD","SH",0.2,716,20860716,TRUE,TRUE,TRUE,TRUE,TRUE,TRUE,TRUE,TRUE,""
"VD_SH_A","VD","SH",0.2,717,20860717,TRUE,TRUE,TRUE,TRUE,TRUE,TRUE,TRUE,TRUE,""
"VD_SH_A","VD","SH",0.2,718,20860718,TRUE,TRUE,TRUE,TRUE,TRUE,TRUE,TRUE,TRUE,""
"VD_SH_A","VD","SH",0.2,719,20860719,TRUE,TRUE,TRUE,TRUE,TRUE,TRUE,TRUE,TRUE,""
"VD_SH_A","VD","SH",0.2,720,20860720,TRUE,TRUE,TRUE,TRUE,TRUE,TRUE,TRUE,TRUE,""
"VD_SH_A","VD","SH",0.2,721,20860721,TRUE,TRUE,TRUE,TRUE,TRUE,TRUE,TRUE,TRUE,""
"VD_SH_A","VD","SH",0.2,722,20860722,TRUE,TRUE,TRUE,TRUE,TRUE,TRUE,TRUE,TRUE,""
"VD_SH_A","VD","SH",0.2,723,20860723,TRUE,TRUE,TRUE,TRUE,TRUE,TRUE,TRUE,TRUE,""
"VD_SH_A","VD","SH",0.2,724,20860724,TRUE,TRUE,TRUE,TRUE,TRUE,TRUE,TRUE,TRUE,""
"VD_SH_A","VD","SH",0.2,725,20860725,TRUE,TRUE,TRUE,TRUE,TRUE,TRUE,TRUE,TRUE,""
"VD_SH_A","VD","SH",0.2,726,20860726,TRUE,TRUE,TRUE,TRUE,TRUE,TRUE,TRUE,TRUE,""
"VD_SH_A","VD","SH",0.2,727,20860727,TRUE,TRUE,TRUE,TRUE,TRUE,TRUE,TRUE,TRUE,""
"VD_SH_A","VD","SH",0.2,728,20860728,TRUE,TRUE,TRUE,TRUE,TRUE,TRUE,TRUE,TRUE,""
"VD_SH_A","VD","SH",0.2,729,20860729,TRUE,TRUE,TRUE,TRUE,TRUE,TRUE,TRUE,TRUE,""
"VD_SH_A","VD","SH",0.2,730,20860730,TRUE,TRUE,TRUE,TRUE,TRUE,TRUE,TRUE,TRUE,""
"VD_SH_A","VD","SH",0.2,731,20860731,TRUE,TRUE,TRUE,TRUE,TRUE,TRUE,TRUE,TRUE,""
"VD_SH_A","VD","SH",0.2,732,20860732,TRUE,TRUE,TRUE,TRUE,TRUE,TRUE,TRUE,TRUE,""
"VD_SH_A","VD","SH",0.2,733,20860733,TRUE,TRUE,TRUE,TRUE,TRUE,TRUE,TRUE,TRUE,""
"VD_SH_A","VD","SH",0.2,734,20860734,TRUE,TRUE,TRUE,TRUE,TRUE,TRUE,TRUE,TRUE,""
"VD_SH_A","VD","SH",0.2,735,20860735,TRUE,TRUE,TRUE,TRUE,TRUE,TRUE,TRUE,TRUE,""
"VD_SH_A","VD","SH",0.2,736,20860736,TRUE,TRUE,TRUE,TRUE,TRUE,TRUE,TRUE,TRUE,""
"VD_SH_A","VD","SH",0.2,737,20860737,TRUE,TRUE,TRUE,TRUE,TRUE,TRUE,TRUE,TRUE,""
"VD_SH_A","VD","SH",0.2,738,20860738,TRUE,TRUE,TRUE,TRUE,TRUE,TRUE,TRUE,TRUE,""
"VD_SH_A","VD","SH",0.2,739,20860739,TRUE,TRUE,TRUE,TRUE,TRUE,TRUE,TRUE,TRUE,""
"VD_SH_A","VD","SH",0.2,740,20860740,TRUE,TRUE,TRUE,TRUE,TRUE,TRUE,TRUE,TRUE,""
"VD_SH_A","VD","SH",0.2,741,20860741,TRUE,TRUE,TRUE,TRUE,TRUE,TRUE,TRUE,TRUE,""
"VD_SH_A","VD","SH",0.2,742,20860742,TRUE,TRUE,TRUE,TRUE,TRUE,TRUE,TRUE,TRUE,""
"VD_SH_A","VD","SH",0.2,743,20860743,TRUE,TRUE,TRUE,TRUE,TRUE,TRUE,TRUE,TRUE,""
"VD_SH_A","VD","SH",0.2,744,20860744,TRUE,TRUE,TRUE,TRUE,TRUE,TRUE,TRUE,TRUE,""
"VD_SH_A","VD","SH",0.2,745,20860745,TRUE,TRUE,TRUE,TRUE,TRUE,TRUE,TRUE,TRUE,""
"VD_SH_A","VD","SH",0.2,746,20860746,TRUE,TRUE,TRUE,TRUE,TRUE,TRUE,TRUE,TRUE,""
"VD_SH_A","VD","SH",0.2,747,20860747,TRUE,TRUE,TRUE,TRUE,TRUE,TRUE,TRUE,TRUE,""
"VD_SH_A","VD","SH",0.2,748,20860748,TRUE,TRUE,TRUE,TRUE,TRUE,TRUE,TRUE,TRUE,""
"VD_SH_A","VD","SH",0.2,749,20860749,TRUE,TRUE,TRUE,TRUE,TRUE,TRUE,TRUE,TRUE,""
"VD_SH_A","VD","SH",0.2,750,20860750,TRUE,TRUE,TRUE,TRUE,TRUE,TRUE,TRUE,TRUE,""
"VD_SH_A","VD","SH",0.2,751,20860751,TRUE,TRUE,TRUE,TRUE,TRUE,TRUE,TRUE,TRUE,""
"VD_SH_A","VD","SH",0.2,752,20860752,TRUE,TRUE,TRUE,TRUE,TRUE,TRUE,TRUE,TRUE,""
"VD_SH_A","VD","SH",0.2,753,20860753,TRUE,TRUE,TRUE,TRUE,TRUE,TRUE,TRUE,TRUE,""
"VD_SH_A","VD","SH",0.2,754,20860754,TRUE,TRUE,TRUE,TRUE,TRUE,TRUE,TRUE,TRUE,""
"VD_SH_A","VD","SH",0.2,755,20860755,TRUE,TRUE,TRUE,TRUE,TRUE,TRUE,TRUE,TRUE,""
"VD_SH_A","VD","SH",0.2,756,20860756,TRUE,TRUE,TRUE,TRUE,TRUE,TRUE,TRUE,TRUE,""
"VD_SH_A","VD","SH",0.2,757,20860757,TRUE,TRUE,TRUE,TRUE,TRUE,TRUE,TRUE,TRUE,""
"VD_SH_A","VD","SH",0.2,758,20860758,TRUE,TRUE,TRUE,TRUE,TRUE,TRUE,TRUE,TRUE,""
"VD_SH_A","VD","SH",0.2,759,20860759,TRUE,TRUE,TRUE,TRUE,TRUE,TRUE,TRUE,TRUE,""
"VD_SH_A","VD","SH",0.2,760,20860760,TRUE,TRUE,TRUE,TRUE,TRUE,TRUE,TRUE,TRUE,""
"VD_SH_A","VD","SH",0.2,761,20860761,TRUE,TRUE,TRUE,TRUE,TRUE,TRUE,TRUE,TRUE,""
"VD_SH_A","VD","SH",0.2,762,20860762,TRUE,TRUE,TRUE,TRUE,TRUE,TRUE,TRUE,TRUE,""
"VD_SH_A","VD","SH",0.2,763,20860763,TRUE,TRUE,TRUE,TRUE,TRUE,TRUE,TRUE,TRUE,""
"VD_SH_A","VD","SH",0.2,764,20860764,TRUE,TRUE,TRUE,TRUE,TRUE,TRUE,TRUE,TRUE,""
"VD_SH_A","VD","SH",0.2,765,20860765,TRUE,TRUE,TRUE,TRUE,TRUE,TRUE,TRUE,TRUE,""
"VD_SH_A","VD","SH",0.2,766,20860766,TRUE,TRUE,TRUE,TRUE,TRUE,TRUE,TRUE,TRUE,""
"VD_SH_A","VD","SH",0.2,767,20860767,TRUE,TRUE,TRUE,TRUE,TRUE,TRUE,TRUE,TRUE,""
"VD_SH_A","VD","SH",0.2,768,20860768,TRUE,TRUE,TRUE,TRUE,TRUE,TRUE,TRUE,TRUE,""
"VD_SH_A","VD","SH",0.2,769,20860769,TRUE,TRUE,TRUE,TRUE,TRUE,TRUE,TRUE,TRUE,""
"VD_SH_A","VD","SH",0.2,770,20860770,TRUE,TRUE,TRUE,TRUE,TRUE,TRUE,TRUE,TRUE,""
"VD_SH_A","VD","SH",0.2,771,20860771,TRUE,TRUE,TRUE,TRUE,TRUE,TRUE,TRUE,TRUE,""
"VD_SH_A","VD","SH",0.2,772,20860772,TRUE,TRUE,TRUE,TRUE,TRUE,TRUE,TRUE,TRUE,""
"VD_SH_A","VD","SH",0.2,773,20860773,TRUE,TRUE,TRUE,TRUE,TRUE,TRUE,TRUE,TRUE,""
"VD_SH_A","VD","SH",0.2,774,20860774,TRUE,TRUE,TRUE,TRUE,TRUE,TRUE,TRUE,TRUE,""
"VD_SH_A","VD","SH",0.2,775,20860775,TRUE,TRUE,TRUE,TRUE,TRUE,TRUE,TRUE,TRUE,""
"VD_SH_A","VD","SH",0.2,776,20860776,TRUE,TRUE,TRUE,TRUE,TRUE,TRUE,TRUE,TRUE,""
"VD_SH_A","VD","SH",0.2,777,20860777,TRUE,TRUE,TRUE,TRUE,TRUE,TRUE,TRUE,TRUE,""
"VD_SH_A","VD","SH",0.2,778,20860778,TRUE,TRUE,TRUE,TRUE,TRUE,TRUE,TRUE,TRUE,""
"VD_SH_A","VD","SH",0.2,779,20860779,TRUE,TRUE,TRUE,TRUE,TRUE,TRUE,TRUE,TRUE,""
"VD_SH_A","VD","SH",0.2,780,20860780,TRUE,TRUE,TRUE,TRUE,TRUE,TRUE,TRUE,TRUE,""
"VD_SH_A","VD","SH",0.2,781,20860781,TRUE,TRUE,TRUE,TRUE,TRUE,TRUE,TRUE,TRUE,""
"VD_SH_A","VD","SH",0.2,782,20860782,TRUE,TRUE,TRUE,TRUE,TRUE,TRUE,TRUE,TRUE,""
"VD_SH_A","VD","SH",0.2,783,20860783,TRUE,TRUE,TRUE,TRUE,TRUE,TRUE,TRUE,TRUE,""
"VD_SH_A","VD","SH",0.2,784,20860784,TRUE,TRUE,TRUE,TRUE,TRUE,TRUE,TRUE,TRUE,""
"VD_SH_A","VD","SH",0.2,785,20860785,TRUE,TRUE,TRUE,TRUE,TRUE,TRUE,TRUE,TRUE,""
"VD_SH_A","VD","SH",0.2,786,20860786,TRUE,TRUE,TRUE,TRUE,TRUE,TRUE,TRUE,TRUE,""
"VD_SH_A","VD","SH",0.2,787,20860787,TRUE,TRUE,TRUE,TRUE,TRUE,TRUE,TRUE,TRUE,""
"VD_SH_A","VD","SH",0.2,788,20860788,TRUE,TRUE,TRUE,TRUE,TRUE,TRUE,TRUE,TRUE,""
"VD_SH_A","VD","SH",0.2,789,20860789,TRUE,TRUE,TRUE,TRUE,TRUE,TRUE,TRUE,TRUE,""
"VD_SH_A","VD","SH",0.2,790,20860790,TRUE,TRUE,TRUE,TRUE,TRUE,TRUE,TRUE,TRUE,""
"VD_SH_A","VD","SH",0.2,791,20860791,TRUE,TRUE,TRUE,TRUE,TRUE,TRUE,TRUE,TRUE,""
"VD_SH_A","VD","SH",0.2,792,20860792,TRUE,TRUE,TRUE,TRUE,TRUE,TRUE,TRUE,TRUE,""
"VD_SH_A","VD","SH",0.2,793,20860793,TRUE,TRUE,TRUE,TRUE,TRUE,TRUE,TRUE,TRUE,""
"VD_SH_A","VD","SH",0.2,794,20860794,TRUE,TRUE,TRUE,TRUE,TRUE,TRUE,TRUE,TRUE,""
"VD_SH_A","VD","SH",0.2,795,20860795,TRUE,TRUE,TRUE,TRUE,TRUE,TRUE,TRUE,TRUE,""
"VD_SH_A","VD","SH",0.2,796,20860796,TRUE,TRUE,TRUE,TRUE,TRUE,TRUE,TRUE,TRUE,""
"VD_SH_A","VD","SH",0.2,797,20860797,TRUE,TRUE,TRUE,TRUE,TRUE,TRUE,TRUE,TRUE,""
"VD_SH_A","VD","SH",0.2,798,20860798,TRUE,TRUE,TRUE,TRUE,TRUE,TRUE,TRUE,TRUE,""
"VD_SH_A","VD","SH",0.2,799,20860799,TRUE,TRUE,TRUE,TRUE,TRUE,TRUE,TRUE,TRUE,""
"VD_SH_A","VD","SH",0.2,800,20860800,TRUE,TRUE,TRUE,TRUE,TRUE,TRUE,TRUE,TRUE,""
"VD_SH_A","VD","SH",0.2,801,20860801,TRUE,TRUE,TRUE,TRUE,TRUE,TRUE,TRUE,TRUE,""
"VD_SH_A","VD","SH",0.2,802,20860802,TRUE,TRUE,TRUE,TRUE,TRUE,TRUE,TRUE,TRUE,""
"VD_SH_A","VD","SH",0.2,803,20860803,TRUE,TRUE,TRUE,TRUE,TRUE,TRUE,TRUE,TRUE,""
"VD_SH_A","VD","SH",0.2,804,20860804,TRUE,TRUE,TRUE,TRUE,TRUE,TRUE,TRUE,TRUE,""
"VD_SH_A","VD","SH",0.2,805,20860805,TRUE,TRUE,TRUE,TRUE,TRUE,TRUE,TRUE,TRUE,""
"VD_SH_A","VD","SH",0.2,806,20860806,TRUE,TRUE,TRUE,TRUE,TRUE,TRUE,TRUE,TRUE,""
"VD_SH_A","VD","SH",0.2,807,20860807,TRUE,TRUE,TRUE,TRUE,TRUE,TRUE,TRUE,TRUE,""
"VD_SH_A","VD","SH",0.2,808,20860808,TRUE,TRUE,TRUE,TRUE,TRUE,TRUE,TRUE,TRUE,""
"VD_SH_A","VD","SH",0.2,809,20860809,TRUE,TRUE,TRUE,TRUE,TRUE,TRUE,TRUE,TRUE,""
"VD_SH_A","VD","SH",0.2,810,20860810,TRUE,TRUE,TRUE,TRUE,TRUE,TRUE,TRUE,TRUE,""
"VD_SH_A","VD","SH",0.2,811,20860811,TRUE,TRUE,TRUE,TRUE,TRUE,TRUE,TRUE,TRUE,""
"VD_SH_A","VD","SH",0.2,812,20860812,TRUE,TRUE,TRUE,TRUE,TRUE,TRUE,TRUE,TRUE,""
"VD_SH_A","VD","SH",0.2,813,20860813,TRUE,TRUE,TRUE,TRUE,TRUE,TRUE,TRUE,TRUE,""
"VD_SH_A","VD","SH",0.2,814,20860814,TRUE,TRUE,TRUE,TRUE,TRUE,TRUE,TRUE,TRUE,""
"VD_SH_A","VD","SH",0.2,815,20860815,TRUE,TRUE,TRUE,TRUE,TRUE,TRUE,TRUE,TRUE,""
"VD_SH_A","VD","SH",0.2,816,20860816,TRUE,TRUE,TRUE,TRUE,TRUE,TRUE,TRUE,TRUE,""
"VD_SH_A","VD","SH",0.2,817,20860817,TRUE,TRUE,TRUE,TRUE,TRUE,TRUE,TRUE,TRUE,""
"VD_SH_A","VD","SH",0.2,818,20860818,TRUE,TRUE,TRUE,TRUE,TRUE,TRUE,TRUE,TRUE,""
"VD_SH_A","VD","SH",0.2,819,20860819,TRUE,TRUE,TRUE,TRUE,TRUE,TRUE,TRUE,TRUE,""
"VD_SH_A","VD","SH",0.2,820,20860820,TRUE,TRUE,TRUE,TRUE,TRUE,TRUE,TRUE,TRUE,""
"VD_SH_A","VD","SH",0.2,821,20860821,TRUE,TRUE,TRUE,TRUE,TRUE,TRUE,TRUE,TRUE,""
"VD_SH_A","VD","SH",0.2,822,20860822,TRUE,TRUE,TRUE,TRUE,TRUE,TRUE,TRUE,TRUE,""
"VD_SH_A","VD","SH",0.2,823,20860823,TRUE,TRUE,TRUE,TRUE,TRUE,TRUE,TRUE,TRUE,""
"VD_SH_A","VD","SH",0.2,824,20860824,TRUE,TRUE,TRUE,TRUE,TRUE,TRUE,TRUE,TRUE,""
"VD_SH_A","VD","SH",0.2,825,20860825,TRUE,TRUE,TRUE,TRUE,TRUE,TRUE,TRUE,TRUE,""
"VD_SH_A","VD","SH",0.2,826,20860826,TRUE,TRUE,TRUE,TRUE,TRUE,TRUE,TRUE,TRUE,""
"VD_SH_A","VD","SH",0.2,827,20860827,TRUE,TRUE,TRUE,TRUE,TRUE,TRUE,TRUE,TRUE,""
"VD_SH_A","VD","SH",0.2,828,20860828,TRUE,TRUE,TRUE,TRUE,TRUE,TRUE,TRUE,TRUE,""
"VD_SH_A","VD","SH",0.2,829,20860829,TRUE,TRUE,TRUE,TRUE,TRUE,TRUE,TRUE,TRUE,""
"VD_SH_A","VD","SH",0.2,830,20860830,TRUE,TRUE,TRUE,TRUE,TRUE,TRUE,TRUE,TRUE,""
"VD_SH_A","VD","SH",0.2,831,20860831,TRUE,TRUE,TRUE,TRUE,TRUE,TRUE,TRUE,TRUE,""
"VD_SH_A","VD","SH",0.2,832,20860832,TRUE,TRUE,TRUE,TRUE,TRUE,TRUE,TRUE,TRUE,""
"VD_SH_A","VD","SH",0.2,833,20860833,TRUE,TRUE,TRUE,TRUE,TRUE,TRUE,TRUE,TRUE,""
"VD_SH_A","VD","SH",0.2,834,20860834,TRUE,TRUE,TRUE,TRUE,TRUE,TRUE,TRUE,TRUE,""
"VD_SH_A","VD","SH",0.2,835,20860835,TRUE,TRUE,TRUE,TRUE,TRUE,TRUE,TRUE,TRUE,""
"VD_SH_A","VD","SH",0.2,836,20860836,TRUE,TRUE,TRUE,TRUE,TRUE,TRUE,TRUE,TRUE,""
"VD_SH_A","VD","SH",0.2,837,20860837,TRUE,TRUE,TRUE,TRUE,TRUE,TRUE,TRUE,TRUE,""
"VD_SH_A","VD","SH",0.2,838,20860838,TRUE,TRUE,TRUE,TRUE,TRUE,TRUE,TRUE,TRUE,""
"VD_SH_A","VD","SH",0.2,839,20860839,TRUE,TRUE,TRUE,TRUE,TRUE,TRUE,TRUE,TRUE,""
"VD_SH_A","VD","SH",0.2,840,20860840,TRUE,TRUE,TRUE,TRUE,TRUE,TRUE,TRUE,TRUE,""
"VD_SH_A","VD","SH",0.2,841,20860841,TRUE,TRUE,TRUE,TRUE,TRUE,TRUE,TRUE,TRUE,""
"VD_SH_A","VD","SH",0.2,842,20860842,TRUE,TRUE,TRUE,TRUE,TRUE,TRUE,TRUE,TRUE,""
"VD_SH_A","VD","SH",0.2,843,20860843,TRUE,TRUE,TRUE,TRUE,TRUE,TRUE,TRUE,TRUE,""
"VD_SH_A","VD","SH",0.2,844,20860844,TRUE,TRUE,TRUE,TRUE,TRUE,TRUE,TRUE,TRUE,""
"VD_SH_A","VD","SH",0.2,845,20860845,TRUE,TRUE,TRUE,TRUE,TRUE,TRUE,TRUE,TRUE,""
"VD_SH_A","VD","SH",0.2,846,20860846,TRUE,TRUE,TRUE,TRUE,TRUE,TRUE,TRUE,TRUE,""
"VD_SH_A","VD","SH",0.2,847,20860847,TRUE,TRUE,TRUE,TRUE,TRUE,TRUE,TRUE,TRUE,""
"VD_SH_A","VD","SH",0.2,848,20860848,TRUE,TRUE,TRUE,TRUE,TRUE,TRUE,TRUE,TRUE,""
"VD_SH_A","VD","SH",0.2,849,20860849,TRUE,TRUE,TRUE,TRUE,TRUE,TRUE,TRUE,TRUE,""
"VD_SH_A","VD","SH",0.2,850,20860850,TRUE,TRUE,TRUE,TRUE,TRUE,TRUE,TRUE,TRUE,""
"VD_SH_A","VD","SH",0.2,851,20860851,TRUE,TRUE,TRUE,TRUE,TRUE,TRUE,TRUE,TRUE,""
"VD_SH_A","VD","SH",0.2,852,20860852,TRUE,TRUE,TRUE,TRUE,TRUE,TRUE,TRUE,TRUE,""
"VD_SH_A","VD","SH",0.2,853,20860853,TRUE,TRUE,TRUE,TRUE,TRUE,TRUE,TRUE,TRUE,""
"VD_SH_A","VD","SH",0.2,854,20860854,TRUE,TRUE,TRUE,TRUE,TRUE,TRUE,TRUE,TRUE,""
"VD_SH_A","VD","SH",0.2,855,20860855,TRUE,TRUE,TRUE,TRUE,TRUE,TRUE,TRUE,TRUE,""
"VD_SH_A","VD","SH",0.2,856,20860856,TRUE,TRUE,TRUE,TRUE,TRUE,TRUE,TRUE,TRUE,""
"VD_SH_A","VD","SH",0.2,857,20860857,TRUE,TRUE,TRUE,TRUE,TRUE,TRUE,TRUE,TRUE,""
"VD_SH_A","VD","SH",0.2,858,20860858,TRUE,TRUE,TRUE,TRUE,TRUE,TRUE,TRUE,TRUE,""
"VD_SH_A","VD","SH",0.2,859,20860859,TRUE,TRUE,TRUE,TRUE,TRUE,TRUE,TRUE,TRUE,""
"VD_SH_A","VD","SH",0.2,860,20860860,TRUE,TRUE,TRUE,TRUE,TRUE,TRUE,TRUE,TRUE,""
"VD_SH_A","VD","SH",0.2,861,20860861,TRUE,TRUE,TRUE,TRUE,TRUE,TRUE,TRUE,TRUE,""
"VD_SH_A","VD","SH",0.2,862,20860862,TRUE,TRUE,TRUE,TRUE,TRUE,TRUE,TRUE,TRUE,""
"VD_SH_A","VD","SH",0.2,863,20860863,TRUE,TRUE,TRUE,TRUE,TRUE,TRUE,TRUE,TRUE,""
"VD_SH_A","VD","SH",0.2,864,20860864,TRUE,TRUE,TRUE,TRUE,TRUE,TRUE,TRUE,TRUE,""
"VD_SH_A","VD","SH",0.2,865,20860865,TRUE,TRUE,TRUE,TRUE,TRUE,TRUE,TRUE,TRUE,""
"VD_SH_A","VD","SH",0.2,866,20860866,TRUE,TRUE,TRUE,TRUE,TRUE,TRUE,TRUE,TRUE,""
"VD_SH_A","VD","SH",0.2,867,20860867,TRUE,TRUE,TRUE,TRUE,TRUE,TRUE,TRUE,TRUE,""
"VD_SH_A","VD","SH",0.2,868,20860868,TRUE,TRUE,TRUE,TRUE,TRUE,TRUE,TRUE,TRUE,""
"VD_SH_A","VD","SH",0.2,869,20860869,TRUE,TRUE,TRUE,TRUE,TRUE,TRUE,TRUE,TRUE,""
"VD_SH_A","VD","SH",0.2,870,20860870,TRUE,TRUE,TRUE,TRUE,TRUE,TRUE,TRUE,TRUE,""
"VD_SH_A","VD","SH",0.2,871,20860871,TRUE,TRUE,TRUE,TRUE,TRUE,TRUE,TRUE,TRUE,""
"VD_SH_A","VD","SH",0.2,872,20860872,TRUE,TRUE,TRUE,TRUE,TRUE,TRUE,TRUE,TRUE,""
"VD_SH_A","VD","SH",0.2,873,20860873,TRUE,TRUE,TRUE,TRUE,TRUE,TRUE,TRUE,TRUE,""
"VD_SH_A","VD","SH",0.2,874,20860874,TRUE,TRUE,TRUE,TRUE,TRUE,TRUE,TRUE,TRUE,""
"VD_SH_A","VD","SH",0.2,875,20860875,TRUE,TRUE,TRUE,TRUE,TRUE,TRUE,TRUE,TRUE,""
"VD_SH_A","VD","SH",0.2,876,20860876,TRUE,TRUE,TRUE,TRUE,TRUE,TRUE,TRUE,TRUE,""
"VD_SH_A","VD","SH",0.2,877,20860877,TRUE,TRUE,TRUE,TRUE,TRUE,TRUE,TRUE,TRUE,""
"VD_SH_A","VD","SH",0.2,878,20860878,TRUE,TRUE,TRUE,TRUE,TRUE,TRUE,TRUE,TRUE,""
"VD_SH_A","VD","SH",0.2,879,20860879,TRUE,TRUE,TRUE,TRUE,TRUE,TRUE,TRUE,TRUE,""
"VD_SH_A","VD","SH",0.2,880,20860880,TRUE,TRUE,TRUE,TRUE,TRUE,TRUE,TRUE,TRUE,""
"VD_SH_A","VD","SH",0.2,881,20860881,TRUE,TRUE,TRUE,TRUE,TRUE,TRUE,TRUE,TRUE,""
"VD_SH_A","VD","SH",0.2,882,20860882,TRUE,TRUE,TRUE,TRUE,TRUE,TRUE,TRUE,TRUE,""
"VD_SH_A","VD","SH",0.2,883,20860883,TRUE,TRUE,TRUE,TRUE,TRUE,TRUE,TRUE,TRUE,""
"VD_SH_A","VD","SH",0.2,884,20860884,TRUE,TRUE,TRUE,TRUE,TRUE,TRUE,TRUE,TRUE,""
"VD_SH_A","VD","SH",0.2,885,20860885,TRUE,TRUE,TRUE,TRUE,TRUE,TRUE,TRUE,TRUE,""
"VD_SH_A","VD","SH",0.2,886,20860886,TRUE,TRUE,TRUE,TRUE,TRUE,TRUE,TRUE,TRUE,""
"VD_SH_A","VD","SH",0.2,887,20860887,TRUE,TRUE,TRUE,TRUE,TRUE,TRUE,TRUE,TRUE,""
"VD_SH_A","VD","SH",0.2,888,20860888,TRUE,TRUE,TRUE,TRUE,TRUE,TRUE,TRUE,TRUE,""
"VD_SH_A","VD","SH",0.2,889,20860889,TRUE,TRUE,TRUE,TRUE,TRUE,TRUE,TRUE,TRUE,""
"VD_SH_A","VD","SH",0.2,890,20860890,TRUE,TRUE,TRUE,TRUE,TRUE,TRUE,TRUE,TRUE,""
"VD_SH_A","VD","SH",0.2,891,20860891,TRUE,TRUE,TRUE,TRUE,TRUE,TRUE,TRUE,TRUE,""
"VD_SH_A","VD","SH",0.2,892,20860892,TRUE,TRUE,TRUE,TRUE,TRUE,TRUE,TRUE,TRUE,""
"VD_SH_A","VD","SH",0.2,893,20860893,TRUE,TRUE,TRUE,TRUE,TRUE,TRUE,TRUE,TRUE,""
"VD_SH_A","VD","SH",0.2,894,20860894,TRUE,TRUE,TRUE,TRUE,TRUE,TRUE,TRUE,TRUE,""
"VD_SH_A","VD","SH",0.2,895,20860895,TRUE,TRUE,TRUE,TRUE,TRUE,TRUE,TRUE,TRUE,""
"VD_SH_A","VD","SH",0.2,896,20860896,TRUE,TRUE,TRUE,TRUE,TRUE,TRUE,TRUE,TRUE,""
"VD_SH_A","VD","SH",0.2,897,20860897,TRUE,TRUE,TRUE,TRUE,TRUE,TRUE,TRUE,TRUE,""
"VD_SH_A","VD","SH",0.2,898,20860898,TRUE,TRUE,TRUE,TRUE,TRUE,TRUE,TRUE,TRUE,""
"VD_SH_A","VD","SH",0.2,899,20860899,TRUE,TRUE,TRUE,TRUE,TRUE,TRUE,TRUE,TRUE,""
"VD_SH_A","VD","SH",0.2,900,20860900,TRUE,TRUE,TRUE,TRUE,TRUE,TRUE,TRUE,TRUE,""
"VD_SH_A","VD","SH",0.2,901,20860901,TRUE,TRUE,TRUE,TRUE,TRUE,TRUE,TRUE,TRUE,""
"VD_SH_A","VD","SH",0.2,902,20860902,TRUE,TRUE,TRUE,TRUE,TRUE,TRUE,TRUE,TRUE,""
"VD_SH_A","VD","SH",0.2,903,20860903,TRUE,TRUE,TRUE,TRUE,TRUE,TRUE,TRUE,TRUE,""
"VD_SH_A","VD","SH",0.2,904,20860904,TRUE,TRUE,TRUE,TRUE,TRUE,TRUE,TRUE,TRUE,""
"VD_SH_A","VD","SH",0.2,905,20860905,TRUE,TRUE,TRUE,TRUE,TRUE,TRUE,TRUE,TRUE,""
"VD_SH_A","VD","SH",0.2,906,20860906,TRUE,TRUE,TRUE,TRUE,TRUE,TRUE,TRUE,TRUE,""
"VD_SH_A","VD","SH",0.2,907,20860907,TRUE,TRUE,TRUE,TRUE,TRUE,TRUE,TRUE,TRUE,""
"VD_SH_A","VD","SH",0.2,908,20860908,TRUE,TRUE,TRUE,TRUE,TRUE,TRUE,TRUE,TRUE,""
"VD_SH_A","VD","SH",0.2,909,20860909,TRUE,TRUE,TRUE,TRUE,TRUE,TRUE,TRUE,TRUE,""
"VD_SH_A","VD","SH",0.2,910,20860910,TRUE,TRUE,TRUE,TRUE,TRUE,TRUE,TRUE,TRUE,""
"VD_SH_A","VD","SH",0.2,911,20860911,TRUE,TRUE,TRUE,TRUE,TRUE,TRUE,TRUE,TRUE,""
"VD_SH_A","VD","SH",0.2,912,20860912,TRUE,TRUE,TRUE,TRUE,TRUE,TRUE,TRUE,TRUE,""
"VD_SH_A","VD","SH",0.2,913,20860913,TRUE,TRUE,TRUE,TRUE,TRUE,TRUE,TRUE,TRUE,""
"VD_SH_A","VD","SH",0.2,914,20860914,TRUE,TRUE,TRUE,TRUE,TRUE,TRUE,TRUE,TRUE,""
"VD_SH_A","VD","SH",0.2,915,20860915,TRUE,TRUE,TRUE,TRUE,TRUE,TRUE,TRUE,TRUE,""
"VD_SH_A","VD","SH",0.2,916,20860916,TRUE,TRUE,TRUE,TRUE,TRUE,TRUE,TRUE,TRUE,""
"VD_SH_A","VD","SH",0.2,917,20860917,TRUE,TRUE,TRUE,TRUE,TRUE,TRUE,TRUE,TRUE,""
"VD_SH_A","VD","SH",0.2,918,20860918,TRUE,TRUE,TRUE,TRUE,TRUE,TRUE,TRUE,TRUE,""
"VD_SH_A","VD","SH",0.2,919,20860919,TRUE,TRUE,TRUE,TRUE,TRUE,TRUE,TRUE,TRUE,""
"VD_SH_A","VD","SH",0.2,920,20860920,TRUE,TRUE,TRUE,TRUE,TRUE,TRUE,TRUE,TRUE,""
"VD_SH_A","VD","SH",0.2,921,20860921,TRUE,TRUE,TRUE,TRUE,TRUE,TRUE,TRUE,TRUE,""
"VD_SH_A","VD","SH",0.2,922,20860922,TRUE,TRUE,TRUE,TRUE,TRUE,TRUE,TRUE,TRUE,""
"VD_SH_A","VD","SH",0.2,923,20860923,TRUE,TRUE,TRUE,TRUE,TRUE,TRUE,TRUE,TRUE,""
"VD_SH_A","VD","SH",0.2,924,20860924,TRUE,TRUE,TRUE,TRUE,TRUE,TRUE,TRUE,TRUE,""
"VD_SH_A","VD","SH",0.2,925,20860925,TRUE,TRUE,TRUE,TRUE,TRUE,TRUE,TRUE,TRUE,""
"VD_SH_A","VD","SH",0.2,926,20860926,TRUE,TRUE,TRUE,TRUE,TRUE,TRUE,TRUE,TRUE,""
"VD_SH_A","VD","SH",0.2,927,20860927,TRUE,TRUE,TRUE,TRUE,TRUE,TRUE,TRUE,TRUE,""
"VD_SH_A","VD","SH",0.2,928,20860928,TRUE,TRUE,TRUE,TRUE,TRUE,TRUE,TRUE,TRUE,""
"VD_SH_A","VD","SH",0.2,929,20860929,TRUE,TRUE,TRUE,TRUE,TRUE,TRUE,TRUE,TRUE,""
"VD_SH_A","VD","SH",0.2,930,20860930,TRUE,TRUE,TRUE,TRUE,TRUE,TRUE,TRUE,TRUE,""
"VD_SH_A","VD","SH",0.2,931,20860931,TRUE,TRUE,TRUE,TRUE,TRUE,TRUE,TRUE,TRUE,""
"VD_SH_A","VD","SH",0.2,932,20860932,TRUE,TRUE,TRUE,TRUE,TRUE,TRUE,TRUE,TRUE,""
"VD_SH_A","VD","SH",0.2,933,20860933,TRUE,TRUE,TRUE,TRUE,TRUE,TRUE,TRUE,TRUE,""
"VD_SH_A","VD","SH",0.2,934,20860934,TRUE,TRUE,TRUE,TRUE,TRUE,TRUE,TRUE,TRUE,""
"VD_SH_A","VD","SH",0.2,935,20860935,TRUE,TRUE,TRUE,TRUE,TRUE,TRUE,TRUE,TRUE,""
"VD_SH_A","VD","SH",0.2,936,20860936,TRUE,TRUE,TRUE,TRUE,TRUE,TRUE,TRUE,TRUE,""
"VD_SH_A","VD","SH",0.2,937,20860937,TRUE,TRUE,TRUE,TRUE,TRUE,TRUE,TRUE,TRUE,""
"VD_SH_A","VD","SH",0.2,938,20860938,TRUE,TRUE,TRUE,TRUE,TRUE,TRUE,TRUE,TRUE,""
"VD_SH_A","VD","SH",0.2,939,20860939,TRUE,TRUE,TRUE,TRUE,TRUE,TRUE,TRUE,TRUE,""
"VD_SH_A","VD","SH",0.2,940,20860940,TRUE,TRUE,TRUE,TRUE,TRUE,TRUE,TRUE,TRUE,""
"VD_SH_A","VD","SH",0.2,941,20860941,TRUE,TRUE,TRUE,TRUE,TRUE,TRUE,TRUE,TRUE,""
"VD_SH_A","VD","SH",0.2,942,20860942,TRUE,TRUE,TRUE,TRUE,TRUE,TRUE,TRUE,TRUE,""
"VD_SH_A","VD","SH",0.2,943,20860943,TRUE,TRUE,TRUE,TRUE,TRUE,TRUE,TRUE,TRUE,""
"VD_SH_A","VD","SH",0.2,944,20860944,TRUE,TRUE,TRUE,TRUE,TRUE,TRUE,TRUE,TRUE,""
"VD_SH_A","VD","SH",0.2,945,20860945,TRUE,TRUE,TRUE,TRUE,TRUE,TRUE,TRUE,TRUE,""
"VD_SH_A","VD","SH",0.2,946,20860946,TRUE,TRUE,TRUE,TRUE,TRUE,TRUE,TRUE,TRUE,""
"VD_SH_A","VD","SH",0.2,947,20860947,TRUE,TRUE,TRUE,TRUE,TRUE,TRUE,TRUE,TRUE,""
"VD_SH_A","VD","SH",0.2,948,20860948,TRUE,TRUE,TRUE,TRUE,TRUE,TRUE,TRUE,TRUE,""
"VD_SH_A","VD","SH",0.2,949,20860949,TRUE,TRUE,TRUE,TRUE,TRUE,TRUE,TRUE,TRUE,""
"VD_SH_A","VD","SH",0.2,950,20860950,TRUE,TRUE,TRUE,TRUE,TRUE,TRUE,TRUE,TRUE,""
"VD_SH_A","VD","SH",0.2,951,20860951,TRUE,TRUE,TRUE,TRUE,TRUE,TRUE,TRUE,TRUE,""
"VD_SH_A","VD","SH",0.2,952,20860952,TRUE,TRUE,TRUE,TRUE,TRUE,TRUE,TRUE,TRUE,""
"VD_SH_A","VD","SH",0.2,953,20860953,TRUE,TRUE,TRUE,TRUE,TRUE,TRUE,TRUE,TRUE,""
"VD_SH_A","VD","SH",0.2,954,20860954,TRUE,TRUE,TRUE,TRUE,TRUE,TRUE,TRUE,TRUE,""
"VD_SH_A","VD","SH",0.2,955,20860955,TRUE,TRUE,TRUE,TRUE,TRUE,TRUE,TRUE,TRUE,""
"VD_SH_A","VD","SH",0.2,956,20860956,TRUE,TRUE,TRUE,TRUE,TRUE,TRUE,TRUE,TRUE,""
"VD_SH_A","VD","SH",0.2,957,20860957,TRUE,TRUE,TRUE,TRUE,TRUE,TRUE,TRUE,TRUE,""
"VD_SH_A","VD","SH",0.2,958,20860958,TRUE,TRUE,TRUE,TRUE,TRUE,TRUE,TRUE,TRUE,""
"VD_SH_A","VD","SH",0.2,959,20860959,TRUE,TRUE,TRUE,TRUE,TRUE,TRUE,TRUE,TRUE,""
"VD_SH_A","VD","SH",0.2,960,20860960,TRUE,TRUE,TRUE,TRUE,TRUE,TRUE,TRUE,TRUE,""
"VD_SH_A","VD","SH",0.2,961,20860961,TRUE,TRUE,TRUE,TRUE,TRUE,TRUE,TRUE,TRUE,""
"VD_SH_A","VD","SH",0.2,962,20860962,TRUE,TRUE,TRUE,TRUE,TRUE,TRUE,TRUE,TRUE,""
"VD_SH_A","VD","SH",0.2,963,20860963,TRUE,TRUE,TRUE,TRUE,TRUE,TRUE,TRUE,TRUE,""
"VD_SH_A","VD","SH",0.2,964,20860964,TRUE,TRUE,TRUE,TRUE,TRUE,TRUE,TRUE,TRUE,""
"VD_SH_A","VD","SH",0.2,965,20860965,TRUE,TRUE,TRUE,TRUE,TRUE,TRUE,TRUE,TRUE,""
"VD_SH_A","VD","SH",0.2,966,20860966,TRUE,TRUE,TRUE,TRUE,TRUE,TRUE,TRUE,TRUE,""
"VD_SH_A","VD","SH",0.2,967,20860967,TRUE,TRUE,TRUE,TRUE,TRUE,TRUE,TRUE,TRUE,""
"VD_SH_A","VD","SH",0.2,968,20860968,TRUE,TRUE,TRUE,TRUE,TRUE,TRUE,TRUE,TRUE,""
"VD_SH_A","VD","SH",0.2,969,20860969,TRUE,TRUE,TRUE,TRUE,TRUE,TRUE,TRUE,TRUE,""
"VD_SH_A","VD","SH",0.2,970,20860970,TRUE,TRUE,TRUE,TRUE,TRUE,TRUE,TRUE,TRUE,""
"VD_SH_A","VD","SH",0.2,971,20860971,TRUE,TRUE,TRUE,TRUE,TRUE,TRUE,TRUE,TRUE,""
"VD_SH_A","VD","SH",0.2,972,20860972,TRUE,TRUE,TRUE,TRUE,TRUE,TRUE,TRUE,TRUE,""
"VD_SH_A","VD","SH",0.2,973,20860973,TRUE,TRUE,TRUE,TRUE,TRUE,TRUE,TRUE,TRUE,""
"VD_SH_A","VD","SH",0.2,974,20860974,TRUE,TRUE,TRUE,TRUE,TRUE,TRUE,TRUE,TRUE,""
"VD_SH_A","VD","SH",0.2,975,20860975,TRUE,TRUE,TRUE,TRUE,TRUE,TRUE,TRUE,TRUE,""
"VD_SH_A","VD","SH",0.2,976,20860976,TRUE,TRUE,TRUE,TRUE,TRUE,TRUE,TRUE,TRUE,""
"VD_SH_A","VD","SH",0.2,977,20860977,TRUE,TRUE,TRUE,TRUE,TRUE,TRUE,TRUE,TRUE,""
"VD_SH_A","VD","SH",0.2,978,20860978,TRUE,TRUE,TRUE,TRUE,TRUE,TRUE,TRUE,TRUE,""
"VD_SH_A","VD","SH",0.2,979,20860979,TRUE,TRUE,TRUE,TRUE,TRUE,TRUE,TRUE,TRUE,""
"VD_SH_A","VD","SH",0.2,980,20860980,TRUE,TRUE,TRUE,TRUE,TRUE,TRUE,TRUE,TRUE,""
"VD_SH_A","VD","SH",0.2,981,20860981,TRUE,TRUE,TRUE,TRUE,TRUE,TRUE,TRUE,TRUE,""
"VD_SH_A","VD","SH",0.2,982,20860982,TRUE,TRUE,TRUE,TRUE,TRUE,TRUE,TRUE,TRUE,""
"VD_SH_A","VD","SH",0.2,983,20860983,TRUE,TRUE,TRUE,TRUE,TRUE,TRUE,TRUE,TRUE,""
"VD_SH_A","VD","SH",0.2,984,20860984,TRUE,TRUE,TRUE,TRUE,TRUE,TRUE,TRUE,TRUE,""
"VD_SH_A","VD","SH",0.2,985,20860985,TRUE,TRUE,TRUE,TRUE,TRUE,TRUE,TRUE,TRUE,""
"VD_SH_A","VD","SH",0.2,986,20860986,TRUE,TRUE,TRUE,TRUE,TRUE,TRUE,TRUE,TRUE,""
"VD_SH_A","VD","SH",0.2,987,20860987,TRUE,TRUE,TRUE,TRUE,TRUE,TRUE,TRUE,TRUE,""
"VD_SH_A","VD","SH",0.2,988,20860988,TRUE,TRUE,TRUE,TRUE,TRUE,TRUE,TRUE,TRUE,""
"VD_SH_A","VD","SH",0.2,989,20860989,TRUE,TRUE,TRUE,TRUE,TRUE,TRUE,TRUE,TRUE,""
"VD_SH_A","VD","SH",0.2,990,20860990,TRUE,TRUE,TRUE,TRUE,TRUE,TRUE,TRUE,TRUE,""
"VD_SH_A","VD","SH",0.2,991,20860991,TRUE,TRUE,TRUE,TRUE,TRUE,TRUE,TRUE,TRUE,""
"VD_SH_A","VD","SH",0.2,992,20860992,TRUE,TRUE,TRUE,TRUE,TRUE,TRUE,TRUE,TRUE,""
"VD_SH_A","VD","SH",0.2,993,20860993,TRUE,TRUE,TRUE,TRUE,TRUE,TRUE,TRUE,TRUE,""
"VD_SH_A","VD","SH",0.2,994,20860994,TRUE,TRUE,TRUE,TRUE,TRUE,TRUE,TRUE,TRUE,""
"VD_SH_A","VD","SH",0.2,995,20860995,TRUE,TRUE,TRUE,TRUE,TRUE,TRUE,TRUE,TRUE,""
"VD_SH_A","VD","SH",0.2,996,20860996,TRUE,TRUE,TRUE,TRUE,TRUE,TRUE,TRUE,TRUE,""
"VD_SH_A","VD","SH",0.2,997,20860997,TRUE,TRUE,TRUE,TRUE,TRUE,TRUE,TRUE,TRUE,""
"VD_SH_A","VD","SH",0.2,998,20860998,TRUE,TRUE,TRUE,TRUE,TRUE,TRUE,TRUE,TRUE,""
"VD_SH_A","VD","SH",0.2,999,20860999,TRUE,TRUE,TRUE,TRUE,TRUE,TRUE,TRUE,TRUE,""
"VD_SH_A","VD","SH",0.2,1000,20861000,TRUE,TRUE,TRUE,TRUE,TRUE,TRUE,TRUE,TRUE,""
"VS_B_N","VS","B",0,1,20960001,TRUE,TRUE,TRUE,TRUE,TRUE,TRUE,TRUE,TRUE,""
"VS_B_N","VS","B",0,2,20960002,TRUE,TRUE,TRUE,TRUE,TRUE,TRUE,TRUE,TRUE,""
"VS_B_N","VS","B",0,3,20960003,TRUE,TRUE,TRUE,TRUE,TRUE,TRUE,TRUE,TRUE,""
"VS_B_N","VS","B",0,4,20960004,TRUE,TRUE,TRUE,TRUE,TRUE,TRUE,TRUE,TRUE,""
"VS_B_N","VS","B",0,5,20960005,TRUE,TRUE,TRUE,TRUE,TRUE,TRUE,TRUE,TRUE,""
"VS_B_N","VS","B",0,6,20960006,TRUE,TRUE,TRUE,TRUE,TRUE,TRUE,TRUE,TRUE,""
"VS_B_N","VS","B",0,7,20960007,TRUE,TRUE,TRUE,TRUE,TRUE,TRUE,TRUE,TRUE,""
"VS_B_N","VS","B",0,8,20960008,TRUE,TRUE,TRUE,TRUE,TRUE,TRUE,TRUE,TRUE,""
"VS_B_N","VS","B",0,9,20960009,TRUE,TRUE,TRUE,TRUE,TRUE,TRUE,TRUE,TRUE,""
"VS_B_N","VS","B",0,10,20960010,TRUE,TRUE,TRUE,TRUE,TRUE,TRUE,TRUE,TRUE,""
"VS_B_N","VS","B",0,11,20960011,TRUE,TRUE,TRUE,TRUE,TRUE,TRUE,TRUE,TRUE,""
"VS_B_N","VS","B",0,12,20960012,TRUE,TRUE,TRUE,TRUE,TRUE,TRUE,TRUE,TRUE,""
"VS_B_N","VS","B",0,13,20960013,TRUE,TRUE,TRUE,TRUE,TRUE,TRUE,TRUE,TRUE,""
"VS_B_N","VS","B",0,14,20960014,TRUE,TRUE,TRUE,TRUE,TRUE,TRUE,TRUE,TRUE,""
"VS_B_N","VS","B",0,15,20960015,TRUE,TRUE,TRUE,TRUE,TRUE,TRUE,TRUE,TRUE,""
"VS_B_N","VS","B",0,16,20960016,TRUE,TRUE,TRUE,TRUE,TRUE,TRUE,TRUE,TRUE,""
"VS_B_N","VS","B",0,17,20960017,TRUE,TRUE,TRUE,TRUE,TRUE,TRUE,TRUE,TRUE,""
"VS_B_N","VS","B",0,18,20960018,TRUE,TRUE,TRUE,TRUE,TRUE,TRUE,TRUE,TRUE,""
"VS_B_N","VS","B",0,19,20960019,TRUE,TRUE,TRUE,TRUE,TRUE,TRUE,TRUE,TRUE,""
"VS_B_N","VS","B",0,20,20960020,TRUE,TRUE,TRUE,TRUE,TRUE,TRUE,TRUE,TRUE,""
"VS_B_N","VS","B",0,21,20960021,TRUE,TRUE,TRUE,TRUE,TRUE,TRUE,TRUE,TRUE,""
"VS_B_N","VS","B",0,22,20960022,TRUE,TRUE,TRUE,TRUE,TRUE,TRUE,TRUE,TRUE,""
"VS_B_N","VS","B",0,23,20960023,TRUE,TRUE,TRUE,TRUE,TRUE,TRUE,TRUE,TRUE,""
"VS_B_N","VS","B",0,24,20960024,TRUE,TRUE,TRUE,TRUE,TRUE,TRUE,TRUE,TRUE,""
"VS_B_N","VS","B",0,25,20960025,TRUE,TRUE,TRUE,TRUE,TRUE,TRUE,TRUE,TRUE,""
"VS_B_N","VS","B",0,26,20960026,TRUE,TRUE,TRUE,TRUE,TRUE,TRUE,TRUE,TRUE,""
"VS_B_N","VS","B",0,27,20960027,TRUE,TRUE,TRUE,TRUE,TRUE,TRUE,TRUE,TRUE,""
"VS_B_N","VS","B",0,28,20960028,TRUE,TRUE,TRUE,TRUE,TRUE,TRUE,TRUE,TRUE,""
"VS_B_N","VS","B",0,29,20960029,TRUE,TRUE,TRUE,TRUE,TRUE,TRUE,TRUE,TRUE,""
"VS_B_N","VS","B",0,30,20960030,TRUE,TRUE,TRUE,TRUE,TRUE,TRUE,TRUE,TRUE,""
"VS_B_N","VS","B",0,31,20960031,TRUE,TRUE,TRUE,TRUE,TRUE,TRUE,TRUE,TRUE,""
"VS_B_N","VS","B",0,32,20960032,TRUE,TRUE,TRUE,TRUE,TRUE,TRUE,TRUE,TRUE,""
"VS_B_N","VS","B",0,33,20960033,TRUE,TRUE,TRUE,TRUE,TRUE,TRUE,TRUE,TRUE,""
"VS_B_N","VS","B",0,34,20960034,TRUE,TRUE,TRUE,TRUE,TRUE,TRUE,TRUE,TRUE,""
"VS_B_N","VS","B",0,35,20960035,TRUE,TRUE,TRUE,TRUE,TRUE,TRUE,TRUE,TRUE,""
"VS_B_N","VS","B",0,36,20960036,TRUE,TRUE,TRUE,TRUE,TRUE,TRUE,TRUE,TRUE,""
"VS_B_N","VS","B",0,37,20960037,TRUE,TRUE,TRUE,TRUE,TRUE,TRUE,TRUE,TRUE,""
"VS_B_N","VS","B",0,38,20960038,TRUE,TRUE,TRUE,TRUE,TRUE,TRUE,TRUE,TRUE,""
"VS_B_N","VS","B",0,39,20960039,TRUE,TRUE,TRUE,TRUE,TRUE,TRUE,TRUE,TRUE,""
"VS_B_N","VS","B",0,40,20960040,TRUE,TRUE,TRUE,TRUE,TRUE,TRUE,TRUE,TRUE,""
"VS_B_N","VS","B",0,41,20960041,TRUE,TRUE,TRUE,TRUE,TRUE,TRUE,TRUE,TRUE,""
"VS_B_N","VS","B",0,42,20960042,TRUE,TRUE,TRUE,TRUE,TRUE,TRUE,TRUE,TRUE,""
"VS_B_N","VS","B",0,43,20960043,TRUE,TRUE,TRUE,TRUE,TRUE,TRUE,TRUE,TRUE,""
"VS_B_N","VS","B",0,44,20960044,TRUE,TRUE,TRUE,TRUE,TRUE,TRUE,TRUE,TRUE,""
"VS_B_N","VS","B",0,45,20960045,TRUE,TRUE,TRUE,TRUE,TRUE,TRUE,TRUE,TRUE,""
"VS_B_N","VS","B",0,46,20960046,TRUE,TRUE,TRUE,TRUE,TRUE,TRUE,TRUE,TRUE,""
"VS_B_N","VS","B",0,47,20960047,TRUE,TRUE,TRUE,TRUE,TRUE,TRUE,TRUE,TRUE,""
"VS_B_N","VS","B",0,48,20960048,TRUE,TRUE,TRUE,TRUE,TRUE,TRUE,TRUE,TRUE,""
"VS_B_N","VS","B",0,49,20960049,TRUE,TRUE,TRUE,TRUE,TRUE,TRUE,TRUE,TRUE,""
"VS_B_N","VS","B",0,50,20960050,TRUE,TRUE,TRUE,TRUE,TRUE,TRUE,TRUE,TRUE,""
"VS_B_N","VS","B",0,51,20960051,TRUE,TRUE,TRUE,TRUE,TRUE,TRUE,TRUE,TRUE,""
"VS_B_N","VS","B",0,52,20960052,TRUE,TRUE,TRUE,TRUE,TRUE,TRUE,TRUE,TRUE,""
"VS_B_N","VS","B",0,53,20960053,TRUE,TRUE,TRUE,TRUE,TRUE,TRUE,TRUE,TRUE,""
"VS_B_N","VS","B",0,54,20960054,TRUE,TRUE,TRUE,TRUE,TRUE,TRUE,TRUE,TRUE,""
"VS_B_N","VS","B",0,55,20960055,TRUE,TRUE,TRUE,TRUE,TRUE,TRUE,TRUE,TRUE,""
"VS_B_N","VS","B",0,56,20960056,TRUE,TRUE,TRUE,TRUE,TRUE,TRUE,TRUE,TRUE,""
"VS_B_N","VS","B",0,57,20960057,TRUE,TRUE,TRUE,TRUE,TRUE,TRUE,TRUE,TRUE,""
"VS_B_N","VS","B",0,58,20960058,TRUE,TRUE,TRUE,TRUE,TRUE,TRUE,TRUE,TRUE,""
"VS_B_N","VS","B",0,59,20960059,TRUE,TRUE,TRUE,TRUE,TRUE,TRUE,TRUE,TRUE,""
"VS_B_N","VS","B",0,60,20960060,TRUE,TRUE,TRUE,TRUE,TRUE,TRUE,TRUE,TRUE,""
"VS_B_N","VS","B",0,61,20960061,TRUE,TRUE,TRUE,TRUE,TRUE,TRUE,TRUE,TRUE,""
"VS_B_N","VS","B",0,62,20960062,TRUE,TRUE,TRUE,TRUE,TRUE,TRUE,TRUE,TRUE,""
"VS_B_N","VS","B",0,63,20960063,TRUE,TRUE,TRUE,TRUE,TRUE,TRUE,TRUE,TRUE,""
"VS_B_N","VS","B",0,64,20960064,TRUE,TRUE,TRUE,TRUE,TRUE,TRUE,TRUE,TRUE,""
"VS_B_N","VS","B",0,65,20960065,TRUE,TRUE,TRUE,TRUE,TRUE,TRUE,TRUE,TRUE,""
"VS_B_N","VS","B",0,66,20960066,TRUE,TRUE,TRUE,TRUE,TRUE,TRUE,TRUE,TRUE,""
"VS_B_N","VS","B",0,67,20960067,TRUE,TRUE,TRUE,TRUE,TRUE,TRUE,TRUE,TRUE,""
"VS_B_N","VS","B",0,68,20960068,TRUE,TRUE,TRUE,TRUE,TRUE,TRUE,TRUE,TRUE,""
"VS_B_N","VS","B",0,69,20960069,TRUE,TRUE,TRUE,TRUE,TRUE,TRUE,TRUE,TRUE,""
"VS_B_N","VS","B",0,70,20960070,TRUE,TRUE,TRUE,TRUE,TRUE,TRUE,TRUE,TRUE,""
"VS_B_N","VS","B",0,71,20960071,TRUE,TRUE,TRUE,TRUE,TRUE,TRUE,TRUE,TRUE,""
"VS_B_N","VS","B",0,72,20960072,TRUE,TRUE,TRUE,TRUE,TRUE,TRUE,TRUE,TRUE,""
"VS_B_N","VS","B",0,73,20960073,TRUE,TRUE,TRUE,TRUE,TRUE,TRUE,TRUE,TRUE,""
"VS_B_N","VS","B",0,74,20960074,TRUE,TRUE,TRUE,TRUE,TRUE,TRUE,TRUE,TRUE,""
"VS_B_N","VS","B",0,75,20960075,TRUE,TRUE,TRUE,TRUE,TRUE,TRUE,TRUE,TRUE,""
"VS_B_N","VS","B",0,76,20960076,TRUE,TRUE,TRUE,TRUE,TRUE,TRUE,TRUE,TRUE,""
"VS_B_N","VS","B",0,77,20960077,TRUE,TRUE,TRUE,TRUE,TRUE,TRUE,TRUE,TRUE,""
"VS_B_N","VS","B",0,78,20960078,TRUE,TRUE,TRUE,TRUE,TRUE,TRUE,TRUE,TRUE,""
"VS_B_N","VS","B",0,79,20960079,TRUE,TRUE,TRUE,TRUE,TRUE,TRUE,TRUE,TRUE,""
"VS_B_N","VS","B",0,80,20960080,TRUE,TRUE,TRUE,TRUE,TRUE,TRUE,TRUE,TRUE,""
"VS_B_N","VS","B",0,81,20960081,TRUE,TRUE,TRUE,TRUE,TRUE,TRUE,TRUE,TRUE,""
"VS_B_N","VS","B",0,82,20960082,TRUE,TRUE,TRUE,TRUE,TRUE,TRUE,TRUE,TRUE,""
"VS_B_N","VS","B",0,83,20960083,TRUE,TRUE,TRUE,TRUE,TRUE,TRUE,TRUE,TRUE,""
"VS_B_N","VS","B",0,84,20960084,TRUE,TRUE,TRUE,TRUE,TRUE,TRUE,TRUE,TRUE,""
"VS_B_N","VS","B",0,85,20960085,TRUE,TRUE,TRUE,TRUE,TRUE,TRUE,TRUE,TRUE,""
"VS_B_N","VS","B",0,86,20960086,TRUE,TRUE,TRUE,TRUE,TRUE,TRUE,TRUE,TRUE,""
"VS_B_N","VS","B",0,87,20960087,TRUE,TRUE,TRUE,TRUE,TRUE,TRUE,TRUE,TRUE,""
"VS_B_N","VS","B",0,88,20960088,TRUE,TRUE,TRUE,TRUE,TRUE,TRUE,TRUE,TRUE,""
"VS_B_N","VS","B",0,89,20960089,TRUE,TRUE,TRUE,TRUE,TRUE,TRUE,TRUE,TRUE,""
"VS_B_N","VS","B",0,90,20960090,TRUE,TRUE,TRUE,TRUE,TRUE,TRUE,TRUE,TRUE,""
"VS_B_N","VS","B",0,91,20960091,TRUE,TRUE,TRUE,TRUE,TRUE,TRUE,TRUE,TRUE,""
"VS_B_N","VS","B",0,92,20960092,TRUE,TRUE,TRUE,TRUE,TRUE,TRUE,TRUE,TRUE,""
"VS_B_N","VS","B",0,93,20960093,TRUE,TRUE,TRUE,TRUE,TRUE,TRUE,TRUE,TRUE,""
"VS_B_N","VS","B",0,94,20960094,TRUE,TRUE,TRUE,TRUE,TRUE,TRUE,TRUE,TRUE,""
"VS_B_N","VS","B",0,95,20960095,TRUE,TRUE,TRUE,TRUE,TRUE,TRUE,TRUE,TRUE,""
"VS_B_N","VS","B",0,96,20960096,TRUE,TRUE,TRUE,TRUE,TRUE,TRUE,TRUE,TRUE,""
"VS_B_N","VS","B",0,97,20960097,TRUE,TRUE,TRUE,TRUE,TRUE,TRUE,TRUE,TRUE,""
"VS_B_N","VS","B",0,98,20960098,TRUE,TRUE,TRUE,TRUE,TRUE,TRUE,TRUE,TRUE,""
"VS_B_N","VS","B",0,99,20960099,TRUE,TRUE,TRUE,TRUE,TRUE,TRUE,TRUE,TRUE,""
"VS_B_N","VS","B",0,100,20960100,TRUE,TRUE,TRUE,TRUE,TRUE,TRUE,TRUE,TRUE,""
"VS_B_N","VS","B",0,101,20960101,TRUE,TRUE,TRUE,TRUE,TRUE,TRUE,TRUE,TRUE,""
"VS_B_N","VS","B",0,102,20960102,TRUE,TRUE,TRUE,TRUE,TRUE,TRUE,TRUE,TRUE,""
"VS_B_N","VS","B",0,103,20960103,TRUE,TRUE,TRUE,TRUE,TRUE,TRUE,TRUE,TRUE,""
"VS_B_N","VS","B",0,104,20960104,TRUE,TRUE,TRUE,TRUE,TRUE,TRUE,TRUE,TRUE,""
"VS_B_N","VS","B",0,105,20960105,TRUE,TRUE,TRUE,TRUE,TRUE,TRUE,TRUE,TRUE,""
"VS_B_N","VS","B",0,106,20960106,TRUE,TRUE,TRUE,TRUE,TRUE,TRUE,TRUE,TRUE,""
"VS_B_N","VS","B",0,107,20960107,TRUE,TRUE,TRUE,TRUE,TRUE,TRUE,TRUE,TRUE,""
"VS_B_N","VS","B",0,108,20960108,TRUE,TRUE,TRUE,TRUE,TRUE,TRUE,TRUE,TRUE,""
"VS_B_N","VS","B",0,109,20960109,TRUE,TRUE,TRUE,TRUE,TRUE,TRUE,TRUE,TRUE,""
"VS_B_N","VS","B",0,110,20960110,TRUE,TRUE,TRUE,TRUE,TRUE,TRUE,TRUE,TRUE,""
"VS_B_N","VS","B",0,111,20960111,TRUE,TRUE,TRUE,TRUE,TRUE,TRUE,TRUE,TRUE,""
"VS_B_N","VS","B",0,112,20960112,TRUE,TRUE,TRUE,TRUE,TRUE,TRUE,TRUE,TRUE,""
"VS_B_N","VS","B",0,113,20960113,TRUE,TRUE,TRUE,TRUE,TRUE,TRUE,TRUE,TRUE,""
"VS_B_N","VS","B",0,114,20960114,TRUE,TRUE,TRUE,TRUE,TRUE,TRUE,TRUE,TRUE,""
"VS_B_N","VS","B",0,115,20960115,TRUE,TRUE,TRUE,TRUE,TRUE,TRUE,TRUE,TRUE,""
"VS_B_N","VS","B",0,116,20960116,TRUE,TRUE,TRUE,TRUE,TRUE,TRUE,TRUE,TRUE,""
"VS_B_N","VS","B",0,117,20960117,TRUE,TRUE,TRUE,TRUE,TRUE,TRUE,TRUE,TRUE,""
"VS_B_N","VS","B",0,118,20960118,TRUE,TRUE,TRUE,TRUE,TRUE,TRUE,TRUE,TRUE,""
"VS_B_N","VS","B",0,119,20960119,TRUE,TRUE,TRUE,TRUE,TRUE,TRUE,TRUE,TRUE,""
"VS_B_N","VS","B",0,120,20960120,TRUE,TRUE,TRUE,TRUE,TRUE,TRUE,TRUE,TRUE,""
"VS_B_N","VS","B",0,121,20960121,TRUE,TRUE,TRUE,TRUE,TRUE,TRUE,TRUE,TRUE,""
"VS_B_N","VS","B",0,122,20960122,TRUE,TRUE,TRUE,TRUE,TRUE,TRUE,TRUE,TRUE,""
"VS_B_N","VS","B",0,123,20960123,TRUE,TRUE,TRUE,TRUE,TRUE,TRUE,TRUE,TRUE,""
"VS_B_N","VS","B",0,124,20960124,TRUE,TRUE,TRUE,TRUE,TRUE,TRUE,TRUE,TRUE,""
"VS_B_N","VS","B",0,125,20960125,TRUE,TRUE,TRUE,TRUE,TRUE,TRUE,TRUE,TRUE,""
"VS_B_N","VS","B",0,126,20960126,TRUE,TRUE,TRUE,TRUE,TRUE,TRUE,TRUE,TRUE,""
"VS_B_N","VS","B",0,127,20960127,TRUE,TRUE,TRUE,TRUE,TRUE,TRUE,TRUE,TRUE,""
"VS_B_N","VS","B",0,128,20960128,TRUE,TRUE,TRUE,TRUE,TRUE,TRUE,TRUE,TRUE,""
"VS_B_N","VS","B",0,129,20960129,TRUE,TRUE,TRUE,TRUE,TRUE,TRUE,TRUE,TRUE,""
"VS_B_N","VS","B",0,130,20960130,TRUE,TRUE,TRUE,TRUE,TRUE,TRUE,TRUE,TRUE,""
"VS_B_N","VS","B",0,131,20960131,TRUE,TRUE,TRUE,TRUE,TRUE,TRUE,TRUE,TRUE,""
"VS_B_N","VS","B",0,132,20960132,TRUE,TRUE,TRUE,TRUE,TRUE,TRUE,TRUE,TRUE,""
"VS_B_N","VS","B",0,133,20960133,TRUE,TRUE,TRUE,TRUE,TRUE,TRUE,TRUE,TRUE,""
"VS_B_N","VS","B",0,134,20960134,TRUE,TRUE,TRUE,TRUE,TRUE,TRUE,TRUE,TRUE,""
"VS_B_N","VS","B",0,135,20960135,TRUE,TRUE,TRUE,TRUE,TRUE,TRUE,TRUE,TRUE,""
"VS_B_N","VS","B",0,136,20960136,TRUE,TRUE,TRUE,TRUE,TRUE,TRUE,TRUE,TRUE,""
"VS_B_N","VS","B",0,137,20960137,TRUE,TRUE,TRUE,TRUE,TRUE,TRUE,TRUE,TRUE,""
"VS_B_N","VS","B",0,138,20960138,TRUE,TRUE,TRUE,TRUE,TRUE,TRUE,TRUE,TRUE,""
"VS_B_N","VS","B",0,139,20960139,TRUE,TRUE,TRUE,TRUE,TRUE,TRUE,TRUE,TRUE,""
"VS_B_N","VS","B",0,140,20960140,TRUE,TRUE,TRUE,TRUE,TRUE,TRUE,TRUE,TRUE,""
"VS_B_N","VS","B",0,141,20960141,TRUE,TRUE,TRUE,TRUE,TRUE,TRUE,TRUE,TRUE,""
"VS_B_N","VS","B",0,142,20960142,TRUE,TRUE,TRUE,TRUE,TRUE,TRUE,TRUE,TRUE,""
"VS_B_N","VS","B",0,143,20960143,TRUE,TRUE,TRUE,TRUE,TRUE,TRUE,TRUE,TRUE,""
"VS_B_N","VS","B",0,144,20960144,TRUE,TRUE,TRUE,TRUE,TRUE,TRUE,TRUE,TRUE,""
"VS_B_N","VS","B",0,145,20960145,TRUE,TRUE,TRUE,TRUE,TRUE,TRUE,TRUE,TRUE,""
"VS_B_N","VS","B",0,146,20960146,TRUE,TRUE,TRUE,TRUE,TRUE,TRUE,TRUE,TRUE,""
"VS_B_N","VS","B",0,147,20960147,TRUE,TRUE,TRUE,TRUE,TRUE,TRUE,TRUE,TRUE,""
"VS_B_N","VS","B",0,148,20960148,TRUE,TRUE,TRUE,TRUE,TRUE,TRUE,TRUE,TRUE,""
"VS_B_N","VS","B",0,149,20960149,TRUE,TRUE,TRUE,TRUE,TRUE,TRUE,TRUE,TRUE,""
"VS_B_N","VS","B",0,150,20960150,TRUE,TRUE,TRUE,TRUE,TRUE,TRUE,TRUE,TRUE,""
"VS_B_N","VS","B",0,151,20960151,TRUE,TRUE,TRUE,TRUE,TRUE,TRUE,TRUE,TRUE,""
"VS_B_N","VS","B",0,152,20960152,TRUE,TRUE,TRUE,TRUE,TRUE,TRUE,TRUE,TRUE,""
"VS_B_N","VS","B",0,153,20960153,TRUE,TRUE,TRUE,TRUE,TRUE,TRUE,TRUE,TRUE,""
"VS_B_N","VS","B",0,154,20960154,TRUE,TRUE,TRUE,TRUE,TRUE,TRUE,TRUE,TRUE,""
"VS_B_N","VS","B",0,155,20960155,TRUE,TRUE,TRUE,TRUE,TRUE,TRUE,TRUE,TRUE,""
"VS_B_N","VS","B",0,156,20960156,TRUE,TRUE,TRUE,TRUE,TRUE,TRUE,TRUE,TRUE,""
"VS_B_N","VS","B",0,157,20960157,TRUE,TRUE,TRUE,TRUE,TRUE,TRUE,TRUE,TRUE,""
"VS_B_N","VS","B",0,158,20960158,TRUE,TRUE,TRUE,TRUE,TRUE,TRUE,TRUE,TRUE,""
"VS_B_N","VS","B",0,159,20960159,TRUE,TRUE,TRUE,TRUE,TRUE,TRUE,TRUE,TRUE,""
"VS_B_N","VS","B",0,160,20960160,TRUE,TRUE,TRUE,TRUE,TRUE,TRUE,TRUE,TRUE,""
"VS_B_N","VS","B",0,161,20960161,TRUE,TRUE,TRUE,TRUE,TRUE,TRUE,TRUE,TRUE,""
"VS_B_N","VS","B",0,162,20960162,TRUE,TRUE,TRUE,TRUE,TRUE,TRUE,TRUE,TRUE,""
"VS_B_N","VS","B",0,163,20960163,TRUE,TRUE,TRUE,TRUE,TRUE,TRUE,TRUE,TRUE,""
"VS_B_N","VS","B",0,164,20960164,TRUE,TRUE,TRUE,TRUE,TRUE,TRUE,TRUE,TRUE,""
"VS_B_N","VS","B",0,165,20960165,TRUE,TRUE,TRUE,TRUE,TRUE,TRUE,TRUE,TRUE,""
"VS_B_N","VS","B",0,166,20960166,TRUE,TRUE,TRUE,TRUE,TRUE,TRUE,TRUE,TRUE,""
"VS_B_N","VS","B",0,167,20960167,TRUE,TRUE,TRUE,TRUE,TRUE,TRUE,TRUE,TRUE,""
"VS_B_N","VS","B",0,168,20960168,TRUE,TRUE,TRUE,TRUE,TRUE,TRUE,TRUE,TRUE,""
"VS_B_N","VS","B",0,169,20960169,TRUE,TRUE,TRUE,TRUE,TRUE,TRUE,TRUE,TRUE,""
"VS_B_N","VS","B",0,170,20960170,TRUE,TRUE,TRUE,TRUE,TRUE,TRUE,TRUE,TRUE,""
"VS_B_N","VS","B",0,171,20960171,TRUE,TRUE,TRUE,TRUE,TRUE,TRUE,TRUE,TRUE,""
"VS_B_N","VS","B",0,172,20960172,TRUE,TRUE,TRUE,TRUE,TRUE,TRUE,TRUE,TRUE,""
"VS_B_N","VS","B",0,173,20960173,TRUE,TRUE,TRUE,TRUE,TRUE,TRUE,TRUE,TRUE,""
"VS_B_N","VS","B",0,174,20960174,TRUE,TRUE,TRUE,TRUE,TRUE,TRUE,TRUE,TRUE,""
"VS_B_N","VS","B",0,175,20960175,TRUE,TRUE,TRUE,TRUE,TRUE,TRUE,TRUE,TRUE,""
"VS_B_N","VS","B",0,176,20960176,TRUE,TRUE,TRUE,TRUE,TRUE,TRUE,TRUE,TRUE,""
"VS_B_N","VS","B",0,177,20960177,TRUE,TRUE,TRUE,TRUE,TRUE,TRUE,TRUE,TRUE,""
"VS_B_N","VS","B",0,178,20960178,TRUE,TRUE,TRUE,TRUE,TRUE,TRUE,TRUE,TRUE,""
"VS_B_N","VS","B",0,179,20960179,TRUE,TRUE,TRUE,TRUE,TRUE,TRUE,TRUE,TRUE,""
"VS_B_N","VS","B",0,180,20960180,TRUE,TRUE,TRUE,TRUE,TRUE,TRUE,TRUE,TRUE,""
"VS_B_N","VS","B",0,181,20960181,TRUE,TRUE,TRUE,TRUE,TRUE,TRUE,TRUE,TRUE,""
"VS_B_N","VS","B",0,182,20960182,TRUE,TRUE,TRUE,TRUE,TRUE,TRUE,TRUE,TRUE,""
"VS_B_N","VS","B",0,183,20960183,TRUE,TRUE,TRUE,TRUE,TRUE,TRUE,TRUE,TRUE,""
"VS_B_N","VS","B",0,184,20960184,TRUE,TRUE,TRUE,TRUE,TRUE,TRUE,TRUE,TRUE,""
"VS_B_N","VS","B",0,185,20960185,TRUE,TRUE,TRUE,TRUE,TRUE,TRUE,TRUE,TRUE,""
"VS_B_N","VS","B",0,186,20960186,TRUE,TRUE,TRUE,TRUE,TRUE,TRUE,TRUE,TRUE,""
"VS_B_N","VS","B",0,187,20960187,TRUE,TRUE,TRUE,TRUE,TRUE,TRUE,TRUE,TRUE,""
"VS_B_N","VS","B",0,188,20960188,TRUE,TRUE,TRUE,TRUE,TRUE,TRUE,TRUE,TRUE,""
"VS_B_N","VS","B",0,189,20960189,TRUE,TRUE,TRUE,TRUE,TRUE,TRUE,TRUE,TRUE,""
"VS_B_N","VS","B",0,190,20960190,TRUE,TRUE,TRUE,TRUE,TRUE,TRUE,TRUE,TRUE,""
"VS_B_N","VS","B",0,191,20960191,TRUE,TRUE,TRUE,TRUE,TRUE,TRUE,TRUE,TRUE,""
"VS_B_N","VS","B",0,192,20960192,TRUE,TRUE,TRUE,TRUE,TRUE,TRUE,TRUE,TRUE,""
"VS_B_N","VS","B",0,193,20960193,TRUE,TRUE,TRUE,TRUE,TRUE,TRUE,TRUE,TRUE,""
"VS_B_N","VS","B",0,194,20960194,TRUE,TRUE,TRUE,TRUE,TRUE,TRUE,TRUE,TRUE,""
"VS_B_N","VS","B",0,195,20960195,TRUE,TRUE,TRUE,TRUE,TRUE,TRUE,TRUE,TRUE,""
"VS_B_N","VS","B",0,196,20960196,TRUE,TRUE,TRUE,TRUE,TRUE,TRUE,TRUE,TRUE,""
"VS_B_N","VS","B",0,197,20960197,TRUE,TRUE,TRUE,TRUE,TRUE,TRUE,TRUE,TRUE,""
"VS_B_N","VS","B",0,198,20960198,TRUE,TRUE,TRUE,TRUE,TRUE,TRUE,TRUE,TRUE,""
"VS_B_N","VS","B",0,199,20960199,TRUE,TRUE,TRUE,TRUE,TRUE,TRUE,TRUE,TRUE,""
"VS_B_N","VS","B",0,200,20960200,TRUE,TRUE,TRUE,TRUE,TRUE,TRUE,TRUE,TRUE,""
"VS_B_N","VS","B",0,201,20960201,TRUE,TRUE,TRUE,TRUE,TRUE,TRUE,TRUE,TRUE,""
"VS_B_N","VS","B",0,202,20960202,TRUE,TRUE,TRUE,TRUE,TRUE,TRUE,TRUE,TRUE,""
"VS_B_N","VS","B",0,203,20960203,TRUE,TRUE,TRUE,TRUE,TRUE,TRUE,TRUE,TRUE,""
"VS_B_N","VS","B",0,204,20960204,TRUE,TRUE,TRUE,TRUE,TRUE,TRUE,TRUE,TRUE,""
"VS_B_N","VS","B",0,205,20960205,TRUE,TRUE,TRUE,TRUE,TRUE,TRUE,TRUE,TRUE,""
"VS_B_N","VS","B",0,206,20960206,TRUE,TRUE,TRUE,TRUE,TRUE,TRUE,TRUE,TRUE,""
"VS_B_N","VS","B",0,207,20960207,TRUE,TRUE,TRUE,TRUE,TRUE,TRUE,TRUE,TRUE,""
"VS_B_N","VS","B",0,208,20960208,TRUE,TRUE,TRUE,TRUE,TRUE,TRUE,TRUE,TRUE,""
"VS_B_N","VS","B",0,209,20960209,TRUE,TRUE,TRUE,TRUE,TRUE,TRUE,TRUE,TRUE,""
"VS_B_N","VS","B",0,210,20960210,TRUE,TRUE,TRUE,TRUE,TRUE,TRUE,TRUE,TRUE,""
"VS_B_N","VS","B",0,211,20960211,TRUE,TRUE,TRUE,TRUE,TRUE,TRUE,TRUE,TRUE,""
"VS_B_N","VS","B",0,212,20960212,TRUE,TRUE,TRUE,TRUE,TRUE,TRUE,TRUE,TRUE,""
"VS_B_N","VS","B",0,213,20960213,TRUE,TRUE,TRUE,TRUE,TRUE,TRUE,TRUE,TRUE,""
"VS_B_N","VS","B",0,214,20960214,TRUE,TRUE,TRUE,TRUE,TRUE,TRUE,TRUE,TRUE,""
"VS_B_N","VS","B",0,215,20960215,TRUE,TRUE,TRUE,TRUE,TRUE,TRUE,TRUE,TRUE,""
"VS_B_N","VS","B",0,216,20960216,TRUE,TRUE,TRUE,TRUE,TRUE,TRUE,TRUE,TRUE,""
"VS_B_N","VS","B",0,217,20960217,TRUE,TRUE,TRUE,TRUE,TRUE,TRUE,TRUE,TRUE,""
"VS_B_N","VS","B",0,218,20960218,TRUE,TRUE,TRUE,TRUE,TRUE,TRUE,TRUE,TRUE,""
"VS_B_N","VS","B",0,219,20960219,TRUE,TRUE,TRUE,TRUE,TRUE,TRUE,TRUE,TRUE,""
"VS_B_N","VS","B",0,220,20960220,TRUE,TRUE,TRUE,TRUE,TRUE,TRUE,TRUE,TRUE,""
"VS_B_N","VS","B",0,221,20960221,TRUE,TRUE,TRUE,TRUE,TRUE,TRUE,TRUE,TRUE,""
"VS_B_N","VS","B",0,222,20960222,TRUE,TRUE,TRUE,TRUE,TRUE,TRUE,TRUE,TRUE,""
"VS_B_N","VS","B",0,223,20960223,TRUE,TRUE,TRUE,TRUE,TRUE,TRUE,TRUE,TRUE,""
"VS_B_N","VS","B",0,224,20960224,TRUE,TRUE,TRUE,TRUE,TRUE,TRUE,TRUE,TRUE,""
"VS_B_N","VS","B",0,225,20960225,TRUE,TRUE,TRUE,TRUE,TRUE,TRUE,TRUE,TRUE,""
"VS_B_N","VS","B",0,226,20960226,TRUE,TRUE,TRUE,TRUE,TRUE,TRUE,TRUE,TRUE,""
"VS_B_N","VS","B",0,227,20960227,TRUE,TRUE,TRUE,TRUE,TRUE,TRUE,TRUE,TRUE,""
"VS_B_N","VS","B",0,228,20960228,TRUE,TRUE,TRUE,TRUE,TRUE,TRUE,TRUE,TRUE,""
"VS_B_N","VS","B",0,229,20960229,TRUE,TRUE,TRUE,TRUE,TRUE,TRUE,TRUE,TRUE,""
"VS_B_N","VS","B",0,230,20960230,TRUE,TRUE,TRUE,TRUE,TRUE,TRUE,TRUE,TRUE,""
"VS_B_N","VS","B",0,231,20960231,TRUE,TRUE,TRUE,TRUE,TRUE,TRUE,TRUE,TRUE,""
"VS_B_N","VS","B",0,232,20960232,TRUE,TRUE,TRUE,TRUE,TRUE,TRUE,TRUE,TRUE,""
"VS_B_N","VS","B",0,233,20960233,TRUE,TRUE,TRUE,TRUE,TRUE,TRUE,TRUE,TRUE,""
"VS_B_N","VS","B",0,234,20960234,TRUE,TRUE,TRUE,TRUE,TRUE,TRUE,TRUE,TRUE,""
"VS_B_N","VS","B",0,235,20960235,TRUE,TRUE,TRUE,TRUE,TRUE,TRUE,TRUE,TRUE,""
"VS_B_N","VS","B",0,236,20960236,TRUE,TRUE,TRUE,TRUE,TRUE,TRUE,TRUE,TRUE,""
"VS_B_N","VS","B",0,237,20960237,TRUE,TRUE,TRUE,TRUE,TRUE,TRUE,TRUE,TRUE,""
"VS_B_N","VS","B",0,238,20960238,TRUE,TRUE,TRUE,TRUE,TRUE,TRUE,TRUE,TRUE,""
"VS_B_N","VS","B",0,239,20960239,TRUE,TRUE,TRUE,TRUE,TRUE,TRUE,TRUE,TRUE,""
"VS_B_N","VS","B",0,240,20960240,TRUE,TRUE,TRUE,TRUE,TRUE,TRUE,TRUE,TRUE,""
"VS_B_N","VS","B",0,241,20960241,TRUE,TRUE,TRUE,TRUE,TRUE,TRUE,TRUE,TRUE,""
"VS_B_N","VS","B",0,242,20960242,TRUE,TRUE,TRUE,TRUE,TRUE,TRUE,TRUE,TRUE,""
"VS_B_N","VS","B",0,243,20960243,TRUE,TRUE,TRUE,TRUE,TRUE,TRUE,TRUE,TRUE,""
"VS_B_N","VS","B",0,244,20960244,TRUE,TRUE,TRUE,TRUE,TRUE,TRUE,TRUE,TRUE,""
"VS_B_N","VS","B",0,245,20960245,TRUE,TRUE,TRUE,TRUE,TRUE,TRUE,TRUE,TRUE,""
"VS_B_N","VS","B",0,246,20960246,TRUE,TRUE,TRUE,TRUE,TRUE,TRUE,TRUE,TRUE,""
"VS_B_N","VS","B",0,247,20960247,TRUE,TRUE,TRUE,TRUE,TRUE,TRUE,TRUE,TRUE,""
"VS_B_N","VS","B",0,248,20960248,TRUE,TRUE,TRUE,TRUE,TRUE,TRUE,TRUE,TRUE,""
"VS_B_N","VS","B",0,249,20960249,TRUE,TRUE,TRUE,TRUE,TRUE,TRUE,TRUE,TRUE,""
"VS_B_N","VS","B",0,250,20960250,TRUE,TRUE,TRUE,TRUE,TRUE,TRUE,TRUE,TRUE,""
"VS_B_N","VS","B",0,251,20960251,TRUE,TRUE,TRUE,TRUE,TRUE,TRUE,TRUE,TRUE,""
"VS_B_N","VS","B",0,252,20960252,TRUE,TRUE,TRUE,TRUE,TRUE,TRUE,TRUE,TRUE,""
"VS_B_N","VS","B",0,253,20960253,TRUE,TRUE,TRUE,TRUE,TRUE,TRUE,TRUE,TRUE,""
"VS_B_N","VS","B",0,254,20960254,TRUE,TRUE,TRUE,TRUE,TRUE,TRUE,TRUE,TRUE,""
"VS_B_N","VS","B",0,255,20960255,TRUE,TRUE,TRUE,TRUE,TRUE,TRUE,TRUE,TRUE,""
"VS_B_N","VS","B",0,256,20960256,TRUE,TRUE,TRUE,TRUE,TRUE,TRUE,TRUE,TRUE,""
"VS_B_N","VS","B",0,257,20960257,TRUE,TRUE,TRUE,TRUE,TRUE,TRUE,TRUE,TRUE,""
"VS_B_N","VS","B",0,258,20960258,TRUE,TRUE,TRUE,TRUE,TRUE,TRUE,TRUE,TRUE,""
"VS_B_N","VS","B",0,259,20960259,TRUE,TRUE,TRUE,TRUE,TRUE,TRUE,TRUE,TRUE,""
"VS_B_N","VS","B",0,260,20960260,TRUE,TRUE,TRUE,TRUE,TRUE,TRUE,TRUE,TRUE,""
"VS_B_N","VS","B",0,261,20960261,TRUE,TRUE,TRUE,TRUE,TRUE,TRUE,TRUE,TRUE,""
"VS_B_N","VS","B",0,262,20960262,TRUE,TRUE,TRUE,TRUE,TRUE,TRUE,TRUE,TRUE,""
"VS_B_N","VS","B",0,263,20960263,TRUE,TRUE,TRUE,TRUE,TRUE,TRUE,TRUE,TRUE,""
"VS_B_N","VS","B",0,264,20960264,TRUE,TRUE,TRUE,TRUE,TRUE,TRUE,TRUE,TRUE,""
"VS_B_N","VS","B",0,265,20960265,TRUE,TRUE,TRUE,TRUE,TRUE,TRUE,TRUE,TRUE,""
"VS_B_N","VS","B",0,266,20960266,TRUE,TRUE,TRUE,TRUE,TRUE,TRUE,TRUE,TRUE,""
"VS_B_N","VS","B",0,267,20960267,TRUE,TRUE,TRUE,TRUE,TRUE,TRUE,TRUE,TRUE,""
"VS_B_N","VS","B",0,268,20960268,TRUE,TRUE,TRUE,TRUE,TRUE,TRUE,TRUE,TRUE,""
"VS_B_N","VS","B",0,269,20960269,TRUE,TRUE,TRUE,TRUE,TRUE,TRUE,TRUE,TRUE,""
"VS_B_N","VS","B",0,270,20960270,TRUE,TRUE,TRUE,TRUE,TRUE,TRUE,TRUE,TRUE,""
"VS_B_N","VS","B",0,271,20960271,TRUE,TRUE,TRUE,TRUE,TRUE,TRUE,TRUE,TRUE,""
"VS_B_N","VS","B",0,272,20960272,TRUE,TRUE,TRUE,TRUE,TRUE,TRUE,TRUE,TRUE,""
"VS_B_N","VS","B",0,273,20960273,TRUE,TRUE,TRUE,TRUE,TRUE,TRUE,TRUE,TRUE,""
"VS_B_N","VS","B",0,274,20960274,TRUE,TRUE,TRUE,TRUE,TRUE,TRUE,TRUE,TRUE,""
"VS_B_N","VS","B",0,275,20960275,TRUE,TRUE,TRUE,TRUE,TRUE,TRUE,TRUE,TRUE,""
"VS_B_N","VS","B",0,276,20960276,TRUE,TRUE,TRUE,TRUE,TRUE,TRUE,TRUE,TRUE,""
"VS_B_N","VS","B",0,277,20960277,TRUE,TRUE,TRUE,TRUE,TRUE,TRUE,TRUE,TRUE,""
"VS_B_N","VS","B",0,278,20960278,TRUE,TRUE,TRUE,TRUE,TRUE,TRUE,TRUE,TRUE,""
"VS_B_N","VS","B",0,279,20960279,TRUE,TRUE,TRUE,TRUE,TRUE,TRUE,TRUE,TRUE,""
"VS_B_N","VS","B",0,280,20960280,TRUE,TRUE,TRUE,TRUE,TRUE,TRUE,TRUE,TRUE,""
"VS_B_N","VS","B",0,281,20960281,TRUE,TRUE,TRUE,TRUE,TRUE,TRUE,TRUE,TRUE,""
"VS_B_N","VS","B",0,282,20960282,TRUE,TRUE,TRUE,TRUE,TRUE,TRUE,TRUE,TRUE,""
"VS_B_N","VS","B",0,283,20960283,TRUE,TRUE,TRUE,TRUE,TRUE,TRUE,TRUE,TRUE,""
"VS_B_N","VS","B",0,284,20960284,TRUE,TRUE,TRUE,TRUE,TRUE,TRUE,TRUE,TRUE,""
"VS_B_N","VS","B",0,285,20960285,TRUE,TRUE,TRUE,TRUE,TRUE,TRUE,TRUE,TRUE,""
"VS_B_N","VS","B",0,286,20960286,TRUE,TRUE,TRUE,TRUE,TRUE,TRUE,TRUE,TRUE,""
"VS_B_N","VS","B",0,287,20960287,TRUE,TRUE,TRUE,TRUE,TRUE,TRUE,TRUE,TRUE,""
"VS_B_N","VS","B",0,288,20960288,TRUE,TRUE,TRUE,TRUE,TRUE,TRUE,TRUE,TRUE,""
"VS_B_N","VS","B",0,289,20960289,TRUE,TRUE,TRUE,TRUE,TRUE,TRUE,TRUE,TRUE,""
"VS_B_N","VS","B",0,290,20960290,TRUE,TRUE,TRUE,TRUE,TRUE,TRUE,TRUE,TRUE,""
"VS_B_N","VS","B",0,291,20960291,TRUE,TRUE,TRUE,TRUE,TRUE,TRUE,TRUE,TRUE,""
"VS_B_N","VS","B",0,292,20960292,TRUE,TRUE,TRUE,TRUE,TRUE,TRUE,TRUE,TRUE,""
"VS_B_N","VS","B",0,293,20960293,TRUE,TRUE,TRUE,TRUE,TRUE,TRUE,TRUE,TRUE,""
"VS_B_N","VS","B",0,294,20960294,TRUE,TRUE,TRUE,TRUE,TRUE,TRUE,TRUE,TRUE,""
"VS_B_N","VS","B",0,295,20960295,TRUE,TRUE,TRUE,TRUE,TRUE,TRUE,TRUE,TRUE,""
"VS_B_N","VS","B",0,296,20960296,TRUE,TRUE,TRUE,TRUE,TRUE,TRUE,TRUE,TRUE,""
"VS_B_N","VS","B",0,297,20960297,TRUE,TRUE,TRUE,TRUE,TRUE,TRUE,TRUE,TRUE,""
"VS_B_N","VS","B",0,298,20960298,TRUE,TRUE,TRUE,TRUE,TRUE,TRUE,TRUE,TRUE,""
"VS_B_N","VS","B",0,299,20960299,TRUE,TRUE,TRUE,TRUE,TRUE,TRUE,TRUE,TRUE,""
"VS_B_N","VS","B",0,300,20960300,TRUE,TRUE,TRUE,TRUE,TRUE,TRUE,TRUE,TRUE,""
"VS_B_N","VS","B",0,301,20960301,TRUE,TRUE,TRUE,TRUE,TRUE,TRUE,TRUE,TRUE,""
"VS_B_N","VS","B",0,302,20960302,TRUE,TRUE,TRUE,TRUE,TRUE,TRUE,TRUE,TRUE,""
"VS_B_N","VS","B",0,303,20960303,TRUE,TRUE,TRUE,TRUE,TRUE,TRUE,TRUE,TRUE,""
"VS_B_N","VS","B",0,304,20960304,TRUE,TRUE,TRUE,TRUE,TRUE,TRUE,TRUE,TRUE,""
"VS_B_N","VS","B",0,305,20960305,TRUE,TRUE,TRUE,TRUE,TRUE,TRUE,TRUE,TRUE,""
"VS_B_N","VS","B",0,306,20960306,TRUE,TRUE,TRUE,TRUE,TRUE,TRUE,TRUE,TRUE,""
"VS_B_N","VS","B",0,307,20960307,TRUE,TRUE,TRUE,TRUE,TRUE,TRUE,TRUE,TRUE,""
"VS_B_N","VS","B",0,308,20960308,TRUE,TRUE,TRUE,TRUE,TRUE,TRUE,TRUE,TRUE,""
"VS_B_N","VS","B",0,309,20960309,TRUE,TRUE,TRUE,TRUE,TRUE,TRUE,TRUE,TRUE,""
"VS_B_N","VS","B",0,310,20960310,TRUE,TRUE,TRUE,TRUE,TRUE,TRUE,TRUE,TRUE,""
"VS_B_N","VS","B",0,311,20960311,TRUE,TRUE,TRUE,TRUE,TRUE,TRUE,TRUE,TRUE,""
"VS_B_N","VS","B",0,312,20960312,TRUE,TRUE,TRUE,TRUE,TRUE,TRUE,TRUE,TRUE,""
"VS_B_N","VS","B",0,313,20960313,TRUE,TRUE,TRUE,TRUE,TRUE,TRUE,TRUE,TRUE,""
"VS_B_N","VS","B",0,314,20960314,TRUE,TRUE,TRUE,TRUE,TRUE,TRUE,TRUE,TRUE,""
"VS_B_N","VS","B",0,315,20960315,TRUE,TRUE,TRUE,TRUE,TRUE,TRUE,TRUE,TRUE,""
"VS_B_N","VS","B",0,316,20960316,TRUE,TRUE,TRUE,TRUE,TRUE,TRUE,TRUE,TRUE,""
"VS_B_N","VS","B",0,317,20960317,TRUE,TRUE,TRUE,TRUE,TRUE,TRUE,TRUE,TRUE,""
"VS_B_N","VS","B",0,318,20960318,TRUE,TRUE,TRUE,TRUE,TRUE,TRUE,TRUE,TRUE,""
"VS_B_N","VS","B",0,319,20960319,TRUE,TRUE,TRUE,TRUE,TRUE,TRUE,TRUE,TRUE,""
"VS_B_N","VS","B",0,320,20960320,TRUE,TRUE,TRUE,TRUE,TRUE,TRUE,TRUE,TRUE,""
"VS_B_N","VS","B",0,321,20960321,TRUE,TRUE,TRUE,TRUE,TRUE,TRUE,TRUE,TRUE,""
"VS_B_N","VS","B",0,322,20960322,TRUE,TRUE,TRUE,TRUE,TRUE,TRUE,TRUE,TRUE,""
"VS_B_N","VS","B",0,323,20960323,TRUE,TRUE,TRUE,TRUE,TRUE,TRUE,TRUE,TRUE,""
"VS_B_N","VS","B",0,324,20960324,TRUE,TRUE,TRUE,TRUE,TRUE,TRUE,TRUE,TRUE,""
"VS_B_N","VS","B",0,325,20960325,TRUE,TRUE,TRUE,TRUE,TRUE,TRUE,TRUE,TRUE,""
"VS_B_N","VS","B",0,326,20960326,TRUE,TRUE,TRUE,TRUE,TRUE,TRUE,TRUE,TRUE,""
"VS_B_N","VS","B",0,327,20960327,TRUE,TRUE,TRUE,TRUE,TRUE,TRUE,TRUE,TRUE,""
"VS_B_N","VS","B",0,328,20960328,TRUE,TRUE,TRUE,TRUE,TRUE,TRUE,TRUE,TRUE,""
"VS_B_N","VS","B",0,329,20960329,TRUE,TRUE,TRUE,TRUE,TRUE,TRUE,TRUE,TRUE,""
"VS_B_N","VS","B",0,330,20960330,TRUE,TRUE,TRUE,TRUE,TRUE,TRUE,TRUE,TRUE,""
"VS_B_N","VS","B",0,331,20960331,TRUE,TRUE,TRUE,TRUE,TRUE,TRUE,TRUE,TRUE,""
"VS_B_N","VS","B",0,332,20960332,TRUE,TRUE,TRUE,TRUE,TRUE,TRUE,TRUE,TRUE,""
"VS_B_N","VS","B",0,333,20960333,TRUE,TRUE,TRUE,TRUE,TRUE,TRUE,TRUE,TRUE,""
"VS_B_N","VS","B",0,334,20960334,TRUE,TRUE,TRUE,TRUE,TRUE,TRUE,TRUE,TRUE,""
"VS_B_N","VS","B",0,335,20960335,TRUE,TRUE,TRUE,TRUE,TRUE,TRUE,TRUE,TRUE,""
"VS_B_N","VS","B",0,336,20960336,TRUE,TRUE,TRUE,TRUE,TRUE,TRUE,TRUE,TRUE,""
"VS_B_N","VS","B",0,337,20960337,TRUE,TRUE,TRUE,TRUE,TRUE,TRUE,TRUE,TRUE,""
"VS_B_N","VS","B",0,338,20960338,TRUE,TRUE,TRUE,TRUE,TRUE,TRUE,TRUE,TRUE,""
"VS_B_N","VS","B",0,339,20960339,TRUE,TRUE,TRUE,TRUE,TRUE,TRUE,TRUE,TRUE,""
"VS_B_N","VS","B",0,340,20960340,TRUE,TRUE,TRUE,TRUE,TRUE,TRUE,TRUE,TRUE,""
"VS_B_N","VS","B",0,341,20960341,TRUE,TRUE,TRUE,TRUE,TRUE,TRUE,TRUE,TRUE,""
"VS_B_N","VS","B",0,342,20960342,TRUE,TRUE,TRUE,TRUE,TRUE,TRUE,TRUE,TRUE,""
"VS_B_N","VS","B",0,343,20960343,TRUE,TRUE,TRUE,TRUE,TRUE,TRUE,TRUE,TRUE,""
"VS_B_N","VS","B",0,344,20960344,TRUE,TRUE,TRUE,TRUE,TRUE,TRUE,TRUE,TRUE,""
"VS_B_N","VS","B",0,345,20960345,TRUE,TRUE,TRUE,TRUE,TRUE,TRUE,TRUE,TRUE,""
"VS_B_N","VS","B",0,346,20960346,TRUE,TRUE,TRUE,TRUE,TRUE,TRUE,TRUE,TRUE,""
"VS_B_N","VS","B",0,347,20960347,TRUE,TRUE,TRUE,TRUE,TRUE,TRUE,TRUE,TRUE,""
"VS_B_N","VS","B",0,348,20960348,TRUE,TRUE,TRUE,TRUE,TRUE,TRUE,TRUE,TRUE,""
"VS_B_N","VS","B",0,349,20960349,TRUE,TRUE,TRUE,TRUE,TRUE,TRUE,TRUE,TRUE,""
"VS_B_N","VS","B",0,350,20960350,TRUE,TRUE,TRUE,TRUE,TRUE,TRUE,TRUE,TRUE,""
"VS_B_N","VS","B",0,351,20960351,TRUE,TRUE,TRUE,TRUE,TRUE,TRUE,TRUE,TRUE,""
"VS_B_N","VS","B",0,352,20960352,TRUE,TRUE,TRUE,TRUE,TRUE,TRUE,TRUE,TRUE,""
"VS_B_N","VS","B",0,353,20960353,TRUE,TRUE,TRUE,TRUE,TRUE,TRUE,TRUE,TRUE,""
"VS_B_N","VS","B",0,354,20960354,TRUE,TRUE,TRUE,TRUE,TRUE,TRUE,TRUE,TRUE,""
"VS_B_N","VS","B",0,355,20960355,TRUE,TRUE,TRUE,TRUE,TRUE,TRUE,TRUE,TRUE,""
"VS_B_N","VS","B",0,356,20960356,TRUE,TRUE,TRUE,TRUE,TRUE,TRUE,TRUE,TRUE,""
"VS_B_N","VS","B",0,357,20960357,TRUE,TRUE,TRUE,TRUE,TRUE,TRUE,TRUE,TRUE,""
"VS_B_N","VS","B",0,358,20960358,TRUE,TRUE,TRUE,TRUE,TRUE,TRUE,TRUE,TRUE,""
"VS_B_N","VS","B",0,359,20960359,TRUE,TRUE,TRUE,TRUE,TRUE,TRUE,TRUE,TRUE,""
"VS_B_N","VS","B",0,360,20960360,TRUE,TRUE,TRUE,TRUE,TRUE,TRUE,TRUE,TRUE,""
"VS_B_N","VS","B",0,361,20960361,TRUE,TRUE,TRUE,TRUE,TRUE,TRUE,TRUE,TRUE,""
"VS_B_N","VS","B",0,362,20960362,TRUE,TRUE,TRUE,TRUE,TRUE,TRUE,TRUE,TRUE,""
"VS_B_N","VS","B",0,363,20960363,TRUE,TRUE,TRUE,TRUE,TRUE,TRUE,TRUE,TRUE,""
"VS_B_N","VS","B",0,364,20960364,TRUE,TRUE,TRUE,TRUE,TRUE,TRUE,TRUE,TRUE,""
"VS_B_N","VS","B",0,365,20960365,TRUE,TRUE,TRUE,TRUE,TRUE,TRUE,TRUE,TRUE,""
"VS_B_N","VS","B",0,366,20960366,TRUE,TRUE,TRUE,TRUE,TRUE,TRUE,TRUE,TRUE,""
"VS_B_N","VS","B",0,367,20960367,TRUE,TRUE,TRUE,TRUE,TRUE,TRUE,TRUE,TRUE,""
"VS_B_N","VS","B",0,368,20960368,TRUE,TRUE,TRUE,TRUE,TRUE,TRUE,TRUE,TRUE,""
"VS_B_N","VS","B",0,369,20960369,TRUE,TRUE,TRUE,TRUE,TRUE,TRUE,TRUE,TRUE,""
"VS_B_N","VS","B",0,370,20960370,TRUE,TRUE,TRUE,TRUE,TRUE,TRUE,TRUE,TRUE,""
"VS_B_N","VS","B",0,371,20960371,TRUE,TRUE,TRUE,TRUE,TRUE,TRUE,TRUE,TRUE,""
"VS_B_N","VS","B",0,372,20960372,TRUE,TRUE,TRUE,TRUE,TRUE,TRUE,TRUE,TRUE,""
"VS_B_N","VS","B",0,373,20960373,TRUE,TRUE,TRUE,TRUE,TRUE,TRUE,TRUE,TRUE,""
"VS_B_N","VS","B",0,374,20960374,TRUE,TRUE,TRUE,TRUE,TRUE,TRUE,TRUE,TRUE,""
"VS_B_N","VS","B",0,375,20960375,TRUE,TRUE,TRUE,TRUE,TRUE,TRUE,TRUE,TRUE,""
"VS_B_N","VS","B",0,376,20960376,TRUE,TRUE,TRUE,TRUE,TRUE,TRUE,TRUE,TRUE,""
"VS_B_N","VS","B",0,377,20960377,TRUE,TRUE,TRUE,TRUE,TRUE,TRUE,TRUE,TRUE,""
"VS_B_N","VS","B",0,378,20960378,TRUE,TRUE,TRUE,TRUE,TRUE,TRUE,TRUE,TRUE,""
"VS_B_N","VS","B",0,379,20960379,TRUE,TRUE,TRUE,TRUE,TRUE,TRUE,TRUE,TRUE,""
"VS_B_N","VS","B",0,380,20960380,TRUE,TRUE,TRUE,TRUE,TRUE,TRUE,TRUE,TRUE,""
"VS_B_N","VS","B",0,381,20960381,TRUE,TRUE,TRUE,TRUE,TRUE,TRUE,TRUE,TRUE,""
"VS_B_N","VS","B",0,382,20960382,TRUE,TRUE,TRUE,TRUE,TRUE,TRUE,TRUE,TRUE,""
"VS_B_N","VS","B",0,383,20960383,TRUE,TRUE,TRUE,TRUE,TRUE,TRUE,TRUE,TRUE,""
"VS_B_N","VS","B",0,384,20960384,TRUE,TRUE,TRUE,TRUE,TRUE,TRUE,TRUE,TRUE,""
"VS_B_N","VS","B",0,385,20960385,TRUE,TRUE,TRUE,TRUE,TRUE,TRUE,TRUE,TRUE,""
"VS_B_N","VS","B",0,386,20960386,TRUE,TRUE,TRUE,TRUE,TRUE,TRUE,TRUE,TRUE,""
"VS_B_N","VS","B",0,387,20960387,TRUE,TRUE,TRUE,TRUE,TRUE,TRUE,TRUE,TRUE,""
"VS_B_N","VS","B",0,388,20960388,TRUE,TRUE,TRUE,TRUE,TRUE,TRUE,TRUE,TRUE,""
"VS_B_N","VS","B",0,389,20960389,TRUE,TRUE,TRUE,TRUE,TRUE,TRUE,TRUE,TRUE,""
"VS_B_N","VS","B",0,390,20960390,TRUE,TRUE,TRUE,TRUE,TRUE,TRUE,TRUE,TRUE,""
"VS_B_N","VS","B",0,391,20960391,TRUE,TRUE,TRUE,TRUE,TRUE,TRUE,TRUE,TRUE,""
"VS_B_N","VS","B",0,392,20960392,TRUE,TRUE,TRUE,TRUE,TRUE,TRUE,TRUE,TRUE,""
"VS_B_N","VS","B",0,393,20960393,TRUE,TRUE,TRUE,TRUE,TRUE,TRUE,TRUE,TRUE,""
"VS_B_N","VS","B",0,394,20960394,TRUE,TRUE,TRUE,TRUE,TRUE,TRUE,TRUE,TRUE,""
"VS_B_N","VS","B",0,395,20960395,TRUE,TRUE,TRUE,TRUE,TRUE,TRUE,TRUE,TRUE,""
"VS_B_N","VS","B",0,396,20960396,TRUE,TRUE,TRUE,TRUE,TRUE,TRUE,TRUE,TRUE,""
"VS_B_N","VS","B",0,397,20960397,TRUE,TRUE,TRUE,TRUE,TRUE,TRUE,TRUE,TRUE,""
"VS_B_N","VS","B",0,398,20960398,TRUE,TRUE,TRUE,TRUE,TRUE,TRUE,TRUE,TRUE,""
"VS_B_N","VS","B",0,399,20960399,TRUE,TRUE,TRUE,TRUE,TRUE,TRUE,TRUE,TRUE,""
"VS_B_N","VS","B",0,400,20960400,TRUE,TRUE,TRUE,TRUE,TRUE,TRUE,TRUE,TRUE,""
"VS_B_N","VS","B",0,401,20960401,TRUE,TRUE,TRUE,TRUE,TRUE,TRUE,TRUE,TRUE,""
"VS_B_N","VS","B",0,402,20960402,TRUE,TRUE,TRUE,TRUE,TRUE,TRUE,TRUE,TRUE,""
"VS_B_N","VS","B",0,403,20960403,TRUE,TRUE,TRUE,TRUE,TRUE,TRUE,TRUE,TRUE,""
"VS_B_N","VS","B",0,404,20960404,TRUE,TRUE,TRUE,TRUE,TRUE,TRUE,TRUE,TRUE,""
"VS_B_N","VS","B",0,405,20960405,TRUE,TRUE,TRUE,TRUE,TRUE,TRUE,TRUE,TRUE,""
"VS_B_N","VS","B",0,406,20960406,TRUE,TRUE,TRUE,TRUE,TRUE,TRUE,TRUE,TRUE,""
"VS_B_N","VS","B",0,407,20960407,TRUE,TRUE,TRUE,TRUE,TRUE,TRUE,TRUE,TRUE,""
"VS_B_N","VS","B",0,408,20960408,TRUE,TRUE,TRUE,TRUE,TRUE,TRUE,TRUE,TRUE,""
"VS_B_N","VS","B",0,409,20960409,TRUE,TRUE,TRUE,TRUE,TRUE,TRUE,TRUE,TRUE,""
"VS_B_N","VS","B",0,410,20960410,TRUE,TRUE,TRUE,TRUE,TRUE,TRUE,TRUE,TRUE,""
"VS_B_N","VS","B",0,411,20960411,TRUE,TRUE,TRUE,TRUE,TRUE,TRUE,TRUE,TRUE,""
"VS_B_N","VS","B",0,412,20960412,TRUE,TRUE,TRUE,TRUE,TRUE,TRUE,TRUE,TRUE,""
"VS_B_N","VS","B",0,413,20960413,TRUE,TRUE,TRUE,TRUE,TRUE,TRUE,TRUE,TRUE,""
"VS_B_N","VS","B",0,414,20960414,TRUE,TRUE,TRUE,TRUE,TRUE,TRUE,TRUE,TRUE,""
"VS_B_N","VS","B",0,415,20960415,TRUE,TRUE,TRUE,TRUE,TRUE,TRUE,TRUE,TRUE,""
"VS_B_N","VS","B",0,416,20960416,TRUE,TRUE,TRUE,TRUE,TRUE,TRUE,TRUE,TRUE,""
"VS_B_N","VS","B",0,417,20960417,TRUE,TRUE,TRUE,TRUE,TRUE,TRUE,TRUE,TRUE,""
"VS_B_N","VS","B",0,418,20960418,TRUE,TRUE,TRUE,TRUE,TRUE,TRUE,TRUE,TRUE,""
"VS_B_N","VS","B",0,419,20960419,TRUE,TRUE,TRUE,TRUE,TRUE,TRUE,TRUE,TRUE,""
"VS_B_N","VS","B",0,420,20960420,TRUE,TRUE,TRUE,TRUE,TRUE,TRUE,TRUE,TRUE,""
"VS_B_N","VS","B",0,421,20960421,TRUE,TRUE,TRUE,TRUE,TRUE,TRUE,TRUE,TRUE,""
"VS_B_N","VS","B",0,422,20960422,TRUE,TRUE,TRUE,TRUE,TRUE,TRUE,TRUE,TRUE,""
"VS_B_N","VS","B",0,423,20960423,TRUE,TRUE,TRUE,TRUE,TRUE,TRUE,TRUE,TRUE,""
"VS_B_N","VS","B",0,424,20960424,TRUE,TRUE,TRUE,TRUE,TRUE,TRUE,TRUE,TRUE,""
"VS_B_N","VS","B",0,425,20960425,TRUE,TRUE,TRUE,TRUE,TRUE,TRUE,TRUE,TRUE,""
"VS_B_N","VS","B",0,426,20960426,TRUE,TRUE,TRUE,TRUE,TRUE,TRUE,TRUE,TRUE,""
"VS_B_N","VS","B",0,427,20960427,TRUE,TRUE,TRUE,TRUE,TRUE,TRUE,TRUE,TRUE,""
"VS_B_N","VS","B",0,428,20960428,TRUE,TRUE,TRUE,TRUE,TRUE,TRUE,TRUE,TRUE,""
"VS_B_N","VS","B",0,429,20960429,TRUE,TRUE,TRUE,TRUE,TRUE,TRUE,TRUE,TRUE,""
"VS_B_N","VS","B",0,430,20960430,TRUE,TRUE,TRUE,TRUE,TRUE,TRUE,TRUE,TRUE,""
"VS_B_N","VS","B",0,431,20960431,TRUE,TRUE,TRUE,TRUE,TRUE,TRUE,TRUE,TRUE,""
"VS_B_N","VS","B",0,432,20960432,TRUE,TRUE,TRUE,TRUE,TRUE,TRUE,TRUE,TRUE,""
"VS_B_N","VS","B",0,433,20960433,TRUE,TRUE,TRUE,TRUE,TRUE,TRUE,TRUE,TRUE,""
"VS_B_N","VS","B",0,434,20960434,TRUE,TRUE,TRUE,TRUE,TRUE,TRUE,TRUE,TRUE,""
"VS_B_N","VS","B",0,435,20960435,TRUE,TRUE,TRUE,TRUE,TRUE,TRUE,TRUE,TRUE,""
"VS_B_N","VS","B",0,436,20960436,TRUE,TRUE,TRUE,TRUE,TRUE,TRUE,TRUE,TRUE,""
"VS_B_N","VS","B",0,437,20960437,TRUE,TRUE,TRUE,TRUE,TRUE,TRUE,TRUE,TRUE,""
"VS_B_N","VS","B",0,438,20960438,TRUE,TRUE,TRUE,TRUE,TRUE,TRUE,TRUE,TRUE,""
"VS_B_N","VS","B",0,439,20960439,TRUE,TRUE,TRUE,TRUE,TRUE,TRUE,TRUE,TRUE,""
"VS_B_N","VS","B",0,440,20960440,TRUE,TRUE,TRUE,TRUE,TRUE,TRUE,TRUE,TRUE,""
"VS_B_N","VS","B",0,441,20960441,TRUE,TRUE,TRUE,TRUE,TRUE,TRUE,TRUE,TRUE,""
"VS_B_N","VS","B",0,442,20960442,TRUE,TRUE,TRUE,TRUE,TRUE,TRUE,TRUE,TRUE,""
"VS_B_N","VS","B",0,443,20960443,TRUE,TRUE,TRUE,TRUE,TRUE,TRUE,TRUE,TRUE,""
"VS_B_N","VS","B",0,444,20960444,TRUE,TRUE,TRUE,TRUE,TRUE,TRUE,TRUE,TRUE,""
"VS_B_N","VS","B",0,445,20960445,TRUE,TRUE,TRUE,TRUE,TRUE,TRUE,TRUE,TRUE,""
"VS_B_N","VS","B",0,446,20960446,TRUE,TRUE,TRUE,TRUE,TRUE,TRUE,TRUE,TRUE,""
"VS_B_N","VS","B",0,447,20960447,TRUE,TRUE,TRUE,TRUE,TRUE,TRUE,TRUE,TRUE,""
"VS_B_N","VS","B",0,448,20960448,TRUE,TRUE,TRUE,TRUE,TRUE,TRUE,TRUE,TRUE,""
"VS_B_N","VS","B",0,449,20960449,TRUE,TRUE,TRUE,TRUE,TRUE,TRUE,TRUE,TRUE,""
"VS_B_N","VS","B",0,450,20960450,TRUE,TRUE,TRUE,TRUE,TRUE,TRUE,TRUE,TRUE,""
"VS_B_N","VS","B",0,451,20960451,TRUE,TRUE,TRUE,TRUE,TRUE,TRUE,TRUE,TRUE,""
"VS_B_N","VS","B",0,452,20960452,TRUE,TRUE,TRUE,TRUE,TRUE,TRUE,TRUE,TRUE,""
"VS_B_N","VS","B",0,453,20960453,TRUE,TRUE,TRUE,TRUE,TRUE,TRUE,TRUE,TRUE,""
"VS_B_N","VS","B",0,454,20960454,TRUE,TRUE,TRUE,TRUE,TRUE,TRUE,TRUE,TRUE,""
"VS_B_N","VS","B",0,455,20960455,TRUE,TRUE,TRUE,TRUE,TRUE,TRUE,TRUE,TRUE,""
"VS_B_N","VS","B",0,456,20960456,TRUE,TRUE,TRUE,TRUE,TRUE,TRUE,TRUE,TRUE,""
"VS_B_N","VS","B",0,457,20960457,TRUE,TRUE,TRUE,TRUE,TRUE,TRUE,TRUE,TRUE,""
"VS_B_N","VS","B",0,458,20960458,TRUE,TRUE,TRUE,TRUE,TRUE,TRUE,TRUE,TRUE,""
"VS_B_N","VS","B",0,459,20960459,TRUE,TRUE,TRUE,TRUE,TRUE,TRUE,TRUE,TRUE,""
"VS_B_N","VS","B",0,460,20960460,TRUE,TRUE,TRUE,TRUE,TRUE,TRUE,TRUE,TRUE,""
"VS_B_N","VS","B",0,461,20960461,TRUE,TRUE,TRUE,TRUE,TRUE,TRUE,TRUE,TRUE,""
"VS_B_N","VS","B",0,462,20960462,TRUE,TRUE,TRUE,TRUE,TRUE,TRUE,TRUE,TRUE,""
"VS_B_N","VS","B",0,463,20960463,TRUE,TRUE,TRUE,TRUE,TRUE,TRUE,TRUE,TRUE,""
"VS_B_N","VS","B",0,464,20960464,TRUE,TRUE,TRUE,TRUE,TRUE,TRUE,TRUE,TRUE,""
"VS_B_N","VS","B",0,465,20960465,TRUE,TRUE,TRUE,TRUE,TRUE,TRUE,TRUE,TRUE,""
"VS_B_N","VS","B",0,466,20960466,TRUE,TRUE,TRUE,TRUE,TRUE,TRUE,TRUE,TRUE,""
"VS_B_N","VS","B",0,467,20960467,TRUE,TRUE,TRUE,TRUE,TRUE,TRUE,TRUE,TRUE,""
"VS_B_N","VS","B",0,468,20960468,TRUE,TRUE,TRUE,TRUE,TRUE,TRUE,TRUE,TRUE,""
"VS_B_N","VS","B",0,469,20960469,TRUE,TRUE,TRUE,TRUE,TRUE,TRUE,TRUE,TRUE,""
"VS_B_N","VS","B",0,470,20960470,TRUE,TRUE,TRUE,TRUE,TRUE,TRUE,TRUE,TRUE,""
"VS_B_N","VS","B",0,471,20960471,TRUE,TRUE,TRUE,TRUE,TRUE,TRUE,TRUE,TRUE,""
"VS_B_N","VS","B",0,472,20960472,TRUE,TRUE,TRUE,TRUE,TRUE,TRUE,TRUE,TRUE,""
"VS_B_N","VS","B",0,473,20960473,TRUE,TRUE,TRUE,TRUE,TRUE,TRUE,TRUE,TRUE,""
"VS_B_N","VS","B",0,474,20960474,TRUE,TRUE,TRUE,TRUE,TRUE,TRUE,TRUE,TRUE,""
"VS_B_N","VS","B",0,475,20960475,TRUE,TRUE,TRUE,TRUE,TRUE,TRUE,TRUE,TRUE,""
"VS_B_N","VS","B",0,476,20960476,TRUE,TRUE,TRUE,TRUE,TRUE,TRUE,TRUE,TRUE,""
"VS_B_N","VS","B",0,477,20960477,TRUE,TRUE,TRUE,TRUE,TRUE,TRUE,TRUE,TRUE,""
"VS_B_N","VS","B",0,478,20960478,TRUE,TRUE,TRUE,TRUE,TRUE,TRUE,TRUE,TRUE,""
"VS_B_N","VS","B",0,479,20960479,TRUE,TRUE,TRUE,TRUE,TRUE,TRUE,TRUE,TRUE,""
"VS_B_N","VS","B",0,480,20960480,TRUE,TRUE,TRUE,TRUE,TRUE,TRUE,TRUE,TRUE,""
"VS_B_N","VS","B",0,481,20960481,TRUE,TRUE,TRUE,TRUE,TRUE,TRUE,TRUE,TRUE,""
"VS_B_N","VS","B",0,482,20960482,TRUE,TRUE,TRUE,TRUE,TRUE,TRUE,TRUE,TRUE,""
"VS_B_N","VS","B",0,483,20960483,TRUE,TRUE,TRUE,TRUE,TRUE,TRUE,TRUE,TRUE,""
"VS_B_N","VS","B",0,484,20960484,TRUE,TRUE,TRUE,TRUE,TRUE,TRUE,TRUE,TRUE,""
"VS_B_N","VS","B",0,485,20960485,TRUE,TRUE,TRUE,TRUE,TRUE,TRUE,TRUE,TRUE,""
"VS_B_N","VS","B",0,486,20960486,TRUE,TRUE,TRUE,TRUE,TRUE,TRUE,TRUE,TRUE,""
"VS_B_N","VS","B",0,487,20960487,TRUE,TRUE,TRUE,TRUE,TRUE,TRUE,TRUE,TRUE,""
"VS_B_N","VS","B",0,488,20960488,TRUE,TRUE,TRUE,TRUE,TRUE,TRUE,TRUE,TRUE,""
"VS_B_N","VS","B",0,489,20960489,TRUE,TRUE,TRUE,TRUE,TRUE,TRUE,TRUE,TRUE,""
"VS_B_N","VS","B",0,490,20960490,TRUE,TRUE,TRUE,TRUE,TRUE,TRUE,TRUE,TRUE,""
"VS_B_N","VS","B",0,491,20960491,TRUE,TRUE,TRUE,TRUE,TRUE,TRUE,TRUE,TRUE,""
"VS_B_N","VS","B",0,492,20960492,TRUE,TRUE,TRUE,TRUE,TRUE,TRUE,TRUE,TRUE,""
"VS_B_N","VS","B",0,493,20960493,TRUE,TRUE,TRUE,TRUE,TRUE,TRUE,TRUE,TRUE,""
"VS_B_N","VS","B",0,494,20960494,TRUE,TRUE,TRUE,TRUE,TRUE,TRUE,TRUE,TRUE,""
"VS_B_N","VS","B",0,495,20960495,TRUE,TRUE,TRUE,TRUE,TRUE,TRUE,TRUE,TRUE,""
"VS_B_N","VS","B",0,496,20960496,TRUE,TRUE,TRUE,TRUE,TRUE,TRUE,TRUE,TRUE,""
"VS_B_N","VS","B",0,497,20960497,TRUE,TRUE,TRUE,TRUE,TRUE,TRUE,TRUE,TRUE,""
"VS_B_N","VS","B",0,498,20960498,TRUE,TRUE,TRUE,TRUE,TRUE,TRUE,TRUE,TRUE,""
"VS_B_N","VS","B",0,499,20960499,TRUE,TRUE,TRUE,TRUE,TRUE,TRUE,TRUE,TRUE,""
"VS_B_N","VS","B",0,500,20960500,TRUE,TRUE,TRUE,TRUE,TRUE,TRUE,TRUE,TRUE,""
"VS_B_N","VS","B",0,501,20960501,TRUE,TRUE,TRUE,TRUE,TRUE,TRUE,TRUE,TRUE,""
"VS_B_N","VS","B",0,502,20960502,TRUE,TRUE,TRUE,TRUE,TRUE,TRUE,TRUE,TRUE,""
"VS_B_N","VS","B",0,503,20960503,TRUE,TRUE,TRUE,TRUE,TRUE,TRUE,TRUE,TRUE,""
"VS_B_N","VS","B",0,504,20960504,TRUE,TRUE,TRUE,TRUE,TRUE,TRUE,TRUE,TRUE,""
"VS_B_N","VS","B",0,505,20960505,TRUE,TRUE,TRUE,TRUE,TRUE,TRUE,TRUE,TRUE,""
"VS_B_N","VS","B",0,506,20960506,TRUE,TRUE,TRUE,TRUE,TRUE,TRUE,TRUE,TRUE,""
"VS_B_N","VS","B",0,507,20960507,TRUE,TRUE,TRUE,TRUE,TRUE,TRUE,TRUE,TRUE,""
"VS_B_N","VS","B",0,508,20960508,TRUE,TRUE,TRUE,TRUE,TRUE,TRUE,TRUE,TRUE,""
"VS_B_N","VS","B",0,509,20960509,TRUE,TRUE,TRUE,TRUE,TRUE,TRUE,TRUE,TRUE,""
"VS_B_N","VS","B",0,510,20960510,TRUE,TRUE,TRUE,TRUE,TRUE,TRUE,TRUE,TRUE,""
"VS_B_N","VS","B",0,511,20960511,TRUE,TRUE,TRUE,TRUE,TRUE,TRUE,TRUE,TRUE,""
"VS_B_N","VS","B",0,512,20960512,TRUE,TRUE,TRUE,TRUE,TRUE,TRUE,TRUE,TRUE,""
"VS_B_N","VS","B",0,513,20960513,TRUE,TRUE,TRUE,TRUE,TRUE,TRUE,TRUE,TRUE,""
"VS_B_N","VS","B",0,514,20960514,TRUE,TRUE,TRUE,TRUE,TRUE,TRUE,TRUE,TRUE,""
"VS_B_N","VS","B",0,515,20960515,TRUE,TRUE,TRUE,TRUE,TRUE,TRUE,TRUE,TRUE,""
"VS_B_N","VS","B",0,516,20960516,TRUE,TRUE,TRUE,TRUE,TRUE,TRUE,TRUE,TRUE,""
"VS_B_N","VS","B",0,517,20960517,TRUE,TRUE,TRUE,TRUE,TRUE,TRUE,TRUE,TRUE,""
"VS_B_N","VS","B",0,518,20960518,TRUE,TRUE,TRUE,TRUE,TRUE,TRUE,TRUE,TRUE,""
"VS_B_N","VS","B",0,519,20960519,TRUE,TRUE,TRUE,TRUE,TRUE,TRUE,TRUE,TRUE,""
"VS_B_N","VS","B",0,520,20960520,TRUE,TRUE,TRUE,TRUE,TRUE,TRUE,TRUE,TRUE,""
"VS_B_N","VS","B",0,521,20960521,TRUE,TRUE,TRUE,TRUE,TRUE,TRUE,TRUE,TRUE,""
"VS_B_N","VS","B",0,522,20960522,TRUE,TRUE,TRUE,TRUE,TRUE,TRUE,TRUE,TRUE,""
"VS_B_N","VS","B",0,523,20960523,TRUE,TRUE,TRUE,TRUE,TRUE,TRUE,TRUE,TRUE,""
"VS_B_N","VS","B",0,524,20960524,TRUE,TRUE,TRUE,TRUE,TRUE,TRUE,TRUE,TRUE,""
"VS_B_N","VS","B",0,525,20960525,TRUE,TRUE,TRUE,TRUE,TRUE,TRUE,TRUE,TRUE,""
"VS_B_N","VS","B",0,526,20960526,TRUE,TRUE,TRUE,TRUE,TRUE,TRUE,TRUE,TRUE,""
"VS_B_N","VS","B",0,527,20960527,TRUE,TRUE,TRUE,TRUE,TRUE,TRUE,TRUE,TRUE,""
"VS_B_N","VS","B",0,528,20960528,TRUE,TRUE,TRUE,TRUE,TRUE,TRUE,TRUE,TRUE,""
"VS_B_N","VS","B",0,529,20960529,TRUE,TRUE,TRUE,TRUE,TRUE,TRUE,TRUE,TRUE,""
"VS_B_N","VS","B",0,530,20960530,TRUE,TRUE,TRUE,TRUE,TRUE,TRUE,TRUE,TRUE,""
"VS_B_N","VS","B",0,531,20960531,TRUE,TRUE,TRUE,TRUE,TRUE,TRUE,TRUE,TRUE,""
"VS_B_N","VS","B",0,532,20960532,TRUE,TRUE,TRUE,TRUE,TRUE,TRUE,TRUE,TRUE,""
"VS_B_N","VS","B",0,533,20960533,TRUE,TRUE,TRUE,TRUE,TRUE,TRUE,TRUE,TRUE,""
"VS_B_N","VS","B",0,534,20960534,TRUE,TRUE,TRUE,TRUE,TRUE,TRUE,TRUE,TRUE,""
"VS_B_N","VS","B",0,535,20960535,TRUE,TRUE,TRUE,TRUE,TRUE,TRUE,TRUE,TRUE,""
"VS_B_N","VS","B",0,536,20960536,TRUE,TRUE,TRUE,TRUE,TRUE,TRUE,TRUE,TRUE,""
"VS_B_N","VS","B",0,537,20960537,TRUE,TRUE,TRUE,TRUE,TRUE,TRUE,TRUE,TRUE,""
"VS_B_N","VS","B",0,538,20960538,TRUE,TRUE,TRUE,TRUE,TRUE,TRUE,TRUE,TRUE,""
"VS_B_N","VS","B",0,539,20960539,TRUE,TRUE,TRUE,TRUE,TRUE,TRUE,TRUE,TRUE,""
"VS_B_N","VS","B",0,540,20960540,TRUE,TRUE,TRUE,TRUE,TRUE,TRUE,TRUE,TRUE,""
"VS_B_N","VS","B",0,541,20960541,TRUE,TRUE,TRUE,TRUE,TRUE,TRUE,TRUE,TRUE,""
"VS_B_N","VS","B",0,542,20960542,TRUE,TRUE,TRUE,TRUE,TRUE,TRUE,TRUE,TRUE,""
"VS_B_N","VS","B",0,543,20960543,TRUE,TRUE,TRUE,TRUE,TRUE,TRUE,TRUE,TRUE,""
"VS_B_N","VS","B",0,544,20960544,TRUE,TRUE,TRUE,TRUE,TRUE,TRUE,TRUE,TRUE,""
"VS_B_N","VS","B",0,545,20960545,TRUE,TRUE,TRUE,TRUE,TRUE,TRUE,TRUE,TRUE,""
"VS_B_N","VS","B",0,546,20960546,TRUE,TRUE,TRUE,TRUE,TRUE,TRUE,TRUE,TRUE,""
"VS_B_N","VS","B",0,547,20960547,TRUE,TRUE,TRUE,TRUE,TRUE,TRUE,TRUE,TRUE,""
"VS_B_N","VS","B",0,548,20960548,TRUE,TRUE,TRUE,TRUE,TRUE,TRUE,TRUE,TRUE,""
"VS_B_N","VS","B",0,549,20960549,TRUE,TRUE,TRUE,TRUE,TRUE,TRUE,TRUE,TRUE,""
"VS_B_N","VS","B",0,550,20960550,TRUE,TRUE,TRUE,TRUE,TRUE,TRUE,TRUE,TRUE,""
"VS_B_N","VS","B",0,551,20960551,TRUE,TRUE,TRUE,TRUE,TRUE,TRUE,TRUE,TRUE,""
"VS_B_N","VS","B",0,552,20960552,TRUE,TRUE,TRUE,TRUE,TRUE,TRUE,TRUE,TRUE,""
"VS_B_N","VS","B",0,553,20960553,TRUE,TRUE,TRUE,TRUE,TRUE,TRUE,TRUE,TRUE,""
"VS_B_N","VS","B",0,554,20960554,TRUE,TRUE,TRUE,TRUE,TRUE,TRUE,TRUE,TRUE,""
"VS_B_N","VS","B",0,555,20960555,TRUE,TRUE,TRUE,TRUE,TRUE,TRUE,TRUE,TRUE,""
"VS_B_N","VS","B",0,556,20960556,TRUE,TRUE,TRUE,TRUE,TRUE,TRUE,TRUE,TRUE,""
"VS_B_N","VS","B",0,557,20960557,TRUE,TRUE,TRUE,TRUE,TRUE,TRUE,TRUE,TRUE,""
"VS_B_N","VS","B",0,558,20960558,TRUE,TRUE,TRUE,TRUE,TRUE,TRUE,TRUE,TRUE,""
"VS_B_N","VS","B",0,559,20960559,TRUE,TRUE,TRUE,TRUE,TRUE,TRUE,TRUE,TRUE,""
"VS_B_N","VS","B",0,560,20960560,TRUE,TRUE,TRUE,TRUE,TRUE,TRUE,TRUE,TRUE,""
"VS_B_N","VS","B",0,561,20960561,TRUE,TRUE,TRUE,TRUE,TRUE,TRUE,TRUE,TRUE,""
"VS_B_N","VS","B",0,562,20960562,TRUE,TRUE,TRUE,TRUE,TRUE,TRUE,TRUE,TRUE,""
"VS_B_N","VS","B",0,563,20960563,TRUE,TRUE,TRUE,TRUE,TRUE,TRUE,TRUE,TRUE,""
"VS_B_N","VS","B",0,564,20960564,TRUE,TRUE,TRUE,TRUE,TRUE,TRUE,TRUE,TRUE,""
"VS_B_N","VS","B",0,565,20960565,TRUE,TRUE,TRUE,TRUE,TRUE,TRUE,TRUE,TRUE,""
"VS_B_N","VS","B",0,566,20960566,TRUE,TRUE,TRUE,TRUE,TRUE,TRUE,TRUE,TRUE,""
"VS_B_N","VS","B",0,567,20960567,TRUE,TRUE,TRUE,TRUE,TRUE,TRUE,TRUE,TRUE,""
"VS_B_N","VS","B",0,568,20960568,TRUE,TRUE,TRUE,TRUE,TRUE,TRUE,TRUE,TRUE,""
"VS_B_N","VS","B",0,569,20960569,TRUE,TRUE,TRUE,TRUE,TRUE,TRUE,TRUE,TRUE,""
"VS_B_N","VS","B",0,570,20960570,TRUE,TRUE,TRUE,TRUE,TRUE,TRUE,TRUE,TRUE,""
"VS_B_N","VS","B",0,571,20960571,TRUE,TRUE,TRUE,TRUE,TRUE,TRUE,TRUE,TRUE,""
"VS_B_N","VS","B",0,572,20960572,TRUE,TRUE,TRUE,TRUE,TRUE,TRUE,TRUE,TRUE,""
"VS_B_N","VS","B",0,573,20960573,TRUE,TRUE,TRUE,TRUE,TRUE,TRUE,TRUE,TRUE,""
"VS_B_N","VS","B",0,574,20960574,TRUE,TRUE,TRUE,TRUE,TRUE,TRUE,TRUE,TRUE,""
"VS_B_N","VS","B",0,575,20960575,TRUE,TRUE,TRUE,TRUE,TRUE,TRUE,TRUE,TRUE,""
"VS_B_N","VS","B",0,576,20960576,TRUE,TRUE,TRUE,TRUE,TRUE,TRUE,TRUE,TRUE,""
"VS_B_N","VS","B",0,577,20960577,TRUE,TRUE,TRUE,TRUE,TRUE,TRUE,TRUE,TRUE,""
"VS_B_N","VS","B",0,578,20960578,TRUE,TRUE,TRUE,TRUE,TRUE,TRUE,TRUE,TRUE,""
"VS_B_N","VS","B",0,579,20960579,TRUE,TRUE,TRUE,TRUE,TRUE,TRUE,TRUE,TRUE,""
"VS_B_N","VS","B",0,580,20960580,TRUE,TRUE,TRUE,TRUE,TRUE,TRUE,TRUE,TRUE,""
"VS_B_N","VS","B",0,581,20960581,TRUE,TRUE,TRUE,TRUE,TRUE,TRUE,TRUE,TRUE,""
"VS_B_N","VS","B",0,582,20960582,TRUE,TRUE,TRUE,TRUE,TRUE,TRUE,TRUE,TRUE,""
"VS_B_N","VS","B",0,583,20960583,TRUE,TRUE,TRUE,TRUE,TRUE,TRUE,TRUE,TRUE,""
"VS_B_N","VS","B",0,584,20960584,TRUE,TRUE,TRUE,TRUE,TRUE,TRUE,TRUE,TRUE,""
"VS_B_N","VS","B",0,585,20960585,TRUE,TRUE,TRUE,TRUE,TRUE,TRUE,TRUE,TRUE,""
"VS_B_N","VS","B",0,586,20960586,TRUE,TRUE,TRUE,TRUE,TRUE,TRUE,TRUE,TRUE,""
"VS_B_N","VS","B",0,587,20960587,TRUE,TRUE,TRUE,TRUE,TRUE,TRUE,TRUE,TRUE,""
"VS_B_N","VS","B",0,588,20960588,TRUE,TRUE,TRUE,TRUE,TRUE,TRUE,TRUE,TRUE,""
"VS_B_N","VS","B",0,589,20960589,TRUE,TRUE,TRUE,TRUE,TRUE,TRUE,TRUE,TRUE,""
"VS_B_N","VS","B",0,590,20960590,TRUE,TRUE,TRUE,TRUE,TRUE,TRUE,TRUE,TRUE,""
"VS_B_N","VS","B",0,591,20960591,TRUE,TRUE,TRUE,TRUE,TRUE,TRUE,TRUE,TRUE,""
"VS_B_N","VS","B",0,592,20960592,TRUE,TRUE,TRUE,TRUE,TRUE,TRUE,TRUE,TRUE,""
"VS_B_N","VS","B",0,593,20960593,TRUE,TRUE,TRUE,TRUE,TRUE,TRUE,TRUE,TRUE,""
"VS_B_N","VS","B",0,594,20960594,TRUE,TRUE,TRUE,TRUE,TRUE,TRUE,TRUE,TRUE,""
"VS_B_N","VS","B",0,595,20960595,TRUE,TRUE,TRUE,TRUE,TRUE,TRUE,TRUE,TRUE,""
"VS_B_N","VS","B",0,596,20960596,TRUE,TRUE,TRUE,TRUE,TRUE,TRUE,TRUE,TRUE,""
"VS_B_N","VS","B",0,597,20960597,TRUE,TRUE,TRUE,TRUE,TRUE,TRUE,TRUE,TRUE,""
"VS_B_N","VS","B",0,598,20960598,TRUE,TRUE,TRUE,TRUE,TRUE,TRUE,TRUE,TRUE,""
"VS_B_N","VS","B",0,599,20960599,TRUE,TRUE,TRUE,TRUE,TRUE,TRUE,TRUE,TRUE,""
"VS_B_N","VS","B",0,600,20960600,TRUE,TRUE,TRUE,TRUE,TRUE,TRUE,TRUE,TRUE,""
"VS_B_N","VS","B",0,601,20960601,TRUE,TRUE,TRUE,TRUE,TRUE,TRUE,TRUE,TRUE,""
"VS_B_N","VS","B",0,602,20960602,TRUE,TRUE,TRUE,TRUE,TRUE,TRUE,TRUE,TRUE,""
"VS_B_N","VS","B",0,603,20960603,TRUE,TRUE,TRUE,TRUE,TRUE,TRUE,TRUE,TRUE,""
"VS_B_N","VS","B",0,604,20960604,TRUE,TRUE,TRUE,TRUE,TRUE,TRUE,TRUE,TRUE,""
"VS_B_N","VS","B",0,605,20960605,TRUE,TRUE,TRUE,TRUE,TRUE,TRUE,TRUE,TRUE,""
"VS_B_N","VS","B",0,606,20960606,TRUE,TRUE,TRUE,TRUE,TRUE,TRUE,TRUE,TRUE,""
"VS_B_N","VS","B",0,607,20960607,TRUE,TRUE,TRUE,TRUE,TRUE,TRUE,TRUE,TRUE,""
"VS_B_N","VS","B",0,608,20960608,TRUE,TRUE,TRUE,TRUE,TRUE,TRUE,TRUE,TRUE,""
"VS_B_N","VS","B",0,609,20960609,TRUE,TRUE,TRUE,TRUE,TRUE,TRUE,TRUE,TRUE,""
"VS_B_N","VS","B",0,610,20960610,TRUE,TRUE,TRUE,TRUE,TRUE,TRUE,TRUE,TRUE,""
"VS_B_N","VS","B",0,611,20960611,TRUE,TRUE,TRUE,TRUE,TRUE,TRUE,TRUE,TRUE,""
"VS_B_N","VS","B",0,612,20960612,TRUE,TRUE,TRUE,TRUE,TRUE,TRUE,TRUE,TRUE,""
"VS_B_N","VS","B",0,613,20960613,TRUE,TRUE,TRUE,TRUE,TRUE,TRUE,TRUE,TRUE,""
"VS_B_N","VS","B",0,614,20960614,TRUE,TRUE,TRUE,TRUE,TRUE,TRUE,TRUE,TRUE,""
"VS_B_N","VS","B",0,615,20960615,TRUE,TRUE,TRUE,TRUE,TRUE,TRUE,TRUE,TRUE,""
"VS_B_N","VS","B",0,616,20960616,TRUE,TRUE,TRUE,TRUE,TRUE,TRUE,TRUE,TRUE,""
"VS_B_N","VS","B",0,617,20960617,TRUE,TRUE,TRUE,TRUE,TRUE,TRUE,TRUE,TRUE,""
"VS_B_N","VS","B",0,618,20960618,TRUE,TRUE,TRUE,TRUE,TRUE,TRUE,TRUE,TRUE,""
"VS_B_N","VS","B",0,619,20960619,TRUE,TRUE,TRUE,TRUE,TRUE,TRUE,TRUE,TRUE,""
"VS_B_N","VS","B",0,620,20960620,TRUE,TRUE,TRUE,TRUE,TRUE,TRUE,TRUE,TRUE,""
"VS_B_N","VS","B",0,621,20960621,TRUE,TRUE,TRUE,TRUE,TRUE,TRUE,TRUE,TRUE,""
"VS_B_N","VS","B",0,622,20960622,TRUE,TRUE,TRUE,TRUE,TRUE,TRUE,TRUE,TRUE,""
"VS_B_N","VS","B",0,623,20960623,TRUE,TRUE,TRUE,TRUE,TRUE,TRUE,TRUE,TRUE,""
"VS_B_N","VS","B",0,624,20960624,TRUE,TRUE,TRUE,TRUE,TRUE,TRUE,TRUE,TRUE,""
"VS_B_N","VS","B",0,625,20960625,TRUE,TRUE,TRUE,TRUE,TRUE,TRUE,TRUE,TRUE,""
"VS_B_N","VS","B",0,626,20960626,TRUE,TRUE,TRUE,TRUE,TRUE,TRUE,TRUE,TRUE,""
"VS_B_N","VS","B",0,627,20960627,TRUE,TRUE,TRUE,TRUE,TRUE,TRUE,TRUE,TRUE,""
"VS_B_N","VS","B",0,628,20960628,TRUE,TRUE,TRUE,TRUE,TRUE,TRUE,TRUE,TRUE,""
"VS_B_N","VS","B",0,629,20960629,TRUE,TRUE,TRUE,TRUE,TRUE,TRUE,TRUE,TRUE,""
"VS_B_N","VS","B",0,630,20960630,TRUE,TRUE,TRUE,TRUE,TRUE,TRUE,TRUE,TRUE,""
"VS_B_N","VS","B",0,631,20960631,TRUE,TRUE,TRUE,TRUE,TRUE,TRUE,TRUE,TRUE,""
"VS_B_N","VS","B",0,632,20960632,TRUE,TRUE,TRUE,TRUE,TRUE,TRUE,TRUE,TRUE,""
"VS_B_N","VS","B",0,633,20960633,TRUE,TRUE,TRUE,TRUE,TRUE,TRUE,TRUE,TRUE,""
"VS_B_N","VS","B",0,634,20960634,TRUE,TRUE,TRUE,TRUE,TRUE,TRUE,TRUE,TRUE,""
"VS_B_N","VS","B",0,635,20960635,TRUE,TRUE,TRUE,TRUE,TRUE,TRUE,TRUE,TRUE,""
"VS_B_N","VS","B",0,636,20960636,TRUE,TRUE,TRUE,TRUE,TRUE,TRUE,TRUE,TRUE,""
"VS_B_N","VS","B",0,637,20960637,TRUE,TRUE,TRUE,TRUE,TRUE,TRUE,TRUE,TRUE,""
"VS_B_N","VS","B",0,638,20960638,TRUE,TRUE,TRUE,TRUE,TRUE,TRUE,TRUE,TRUE,""
"VS_B_N","VS","B",0,639,20960639,TRUE,TRUE,TRUE,TRUE,TRUE,TRUE,TRUE,TRUE,""
"VS_B_N","VS","B",0,640,20960640,TRUE,TRUE,TRUE,TRUE,TRUE,TRUE,TRUE,TRUE,""
"VS_B_N","VS","B",0,641,20960641,TRUE,TRUE,TRUE,TRUE,TRUE,TRUE,TRUE,TRUE,""
"VS_B_N","VS","B",0,642,20960642,TRUE,TRUE,TRUE,TRUE,TRUE,TRUE,TRUE,TRUE,""
"VS_B_N","VS","B",0,643,20960643,TRUE,TRUE,TRUE,TRUE,TRUE,TRUE,TRUE,TRUE,""
"VS_B_N","VS","B",0,644,20960644,TRUE,TRUE,TRUE,TRUE,TRUE,TRUE,TRUE,TRUE,""
"VS_B_N","VS","B",0,645,20960645,TRUE,TRUE,TRUE,TRUE,TRUE,TRUE,TRUE,TRUE,""
"VS_B_N","VS","B",0,646,20960646,TRUE,TRUE,TRUE,TRUE,TRUE,TRUE,TRUE,TRUE,""
"VS_B_N","VS","B",0,647,20960647,TRUE,TRUE,TRUE,TRUE,TRUE,TRUE,TRUE,TRUE,""
"VS_B_N","VS","B",0,648,20960648,TRUE,TRUE,TRUE,TRUE,TRUE,TRUE,TRUE,TRUE,""
"VS_B_N","VS","B",0,649,20960649,TRUE,TRUE,TRUE,TRUE,TRUE,TRUE,TRUE,TRUE,""
"VS_B_N","VS","B",0,650,20960650,TRUE,TRUE,TRUE,TRUE,TRUE,TRUE,TRUE,TRUE,""
"VS_B_N","VS","B",0,651,20960651,TRUE,TRUE,TRUE,TRUE,TRUE,TRUE,TRUE,TRUE,""
"VS_B_N","VS","B",0,652,20960652,TRUE,TRUE,TRUE,TRUE,TRUE,TRUE,TRUE,TRUE,""
"VS_B_N","VS","B",0,653,20960653,TRUE,TRUE,TRUE,TRUE,TRUE,TRUE,TRUE,TRUE,""
"VS_B_N","VS","B",0,654,20960654,TRUE,TRUE,TRUE,TRUE,TRUE,TRUE,TRUE,TRUE,""
"VS_B_N","VS","B",0,655,20960655,TRUE,TRUE,TRUE,TRUE,TRUE,TRUE,TRUE,TRUE,""
"VS_B_N","VS","B",0,656,20960656,TRUE,TRUE,TRUE,TRUE,TRUE,TRUE,TRUE,TRUE,""
"VS_B_N","VS","B",0,657,20960657,TRUE,TRUE,TRUE,TRUE,TRUE,TRUE,TRUE,TRUE,""
"VS_B_N","VS","B",0,658,20960658,TRUE,TRUE,TRUE,TRUE,TRUE,TRUE,TRUE,TRUE,""
"VS_B_N","VS","B",0,659,20960659,TRUE,TRUE,TRUE,TRUE,TRUE,TRUE,TRUE,TRUE,""
"VS_B_N","VS","B",0,660,20960660,TRUE,TRUE,TRUE,TRUE,TRUE,TRUE,TRUE,TRUE,""
"VS_B_N","VS","B",0,661,20960661,TRUE,TRUE,TRUE,TRUE,TRUE,TRUE,TRUE,TRUE,""
"VS_B_N","VS","B",0,662,20960662,TRUE,TRUE,TRUE,TRUE,TRUE,TRUE,TRUE,TRUE,""
"VS_B_N","VS","B",0,663,20960663,TRUE,TRUE,TRUE,TRUE,TRUE,TRUE,TRUE,TRUE,""
"VS_B_N","VS","B",0,664,20960664,TRUE,TRUE,TRUE,TRUE,TRUE,TRUE,TRUE,TRUE,""
"VS_B_N","VS","B",0,665,20960665,TRUE,TRUE,TRUE,TRUE,TRUE,TRUE,TRUE,TRUE,""
"VS_B_N","VS","B",0,666,20960666,TRUE,TRUE,TRUE,TRUE,TRUE,TRUE,TRUE,TRUE,""
"VS_B_N","VS","B",0,667,20960667,TRUE,TRUE,TRUE,TRUE,TRUE,TRUE,TRUE,TRUE,""
"VS_B_N","VS","B",0,668,20960668,TRUE,TRUE,TRUE,TRUE,TRUE,TRUE,TRUE,TRUE,""
"VS_B_N","VS","B",0,669,20960669,TRUE,TRUE,TRUE,TRUE,TRUE,TRUE,TRUE,TRUE,""
"VS_B_N","VS","B",0,670,20960670,TRUE,TRUE,TRUE,TRUE,TRUE,TRUE,TRUE,TRUE,""
"VS_B_N","VS","B",0,671,20960671,TRUE,TRUE,TRUE,TRUE,TRUE,TRUE,TRUE,TRUE,""
"VS_B_N","VS","B",0,672,20960672,TRUE,TRUE,TRUE,TRUE,TRUE,TRUE,TRUE,TRUE,""
"VS_B_N","VS","B",0,673,20960673,TRUE,TRUE,TRUE,TRUE,TRUE,TRUE,TRUE,TRUE,""
"VS_B_N","VS","B",0,674,20960674,TRUE,TRUE,TRUE,TRUE,TRUE,TRUE,TRUE,TRUE,""
"VS_B_N","VS","B",0,675,20960675,TRUE,TRUE,TRUE,TRUE,TRUE,TRUE,TRUE,TRUE,""
"VS_B_N","VS","B",0,676,20960676,TRUE,TRUE,TRUE,TRUE,TRUE,TRUE,TRUE,TRUE,""
"VS_B_N","VS","B",0,677,20960677,TRUE,TRUE,TRUE,TRUE,TRUE,TRUE,TRUE,TRUE,""
"VS_B_N","VS","B",0,678,20960678,TRUE,TRUE,TRUE,TRUE,TRUE,TRUE,TRUE,TRUE,""
"VS_B_N","VS","B",0,679,20960679,TRUE,TRUE,TRUE,TRUE,TRUE,TRUE,TRUE,TRUE,""
"VS_B_N","VS","B",0,680,20960680,TRUE,TRUE,TRUE,TRUE,TRUE,TRUE,TRUE,TRUE,""
"VS_B_N","VS","B",0,681,20960681,TRUE,TRUE,TRUE,TRUE,TRUE,TRUE,TRUE,TRUE,""
"VS_B_N","VS","B",0,682,20960682,TRUE,TRUE,TRUE,TRUE,TRUE,TRUE,TRUE,TRUE,""
"VS_B_N","VS","B",0,683,20960683,TRUE,TRUE,TRUE,TRUE,TRUE,TRUE,TRUE,TRUE,""
"VS_B_N","VS","B",0,684,20960684,TRUE,TRUE,TRUE,TRUE,TRUE,TRUE,TRUE,TRUE,""
"VS_B_N","VS","B",0,685,20960685,TRUE,TRUE,TRUE,TRUE,TRUE,TRUE,TRUE,TRUE,""
"VS_B_N","VS","B",0,686,20960686,TRUE,TRUE,TRUE,TRUE,TRUE,TRUE,TRUE,TRUE,""
"VS_B_N","VS","B",0,687,20960687,TRUE,TRUE,TRUE,TRUE,TRUE,TRUE,TRUE,TRUE,""
"VS_B_N","VS","B",0,688,20960688,TRUE,TRUE,TRUE,TRUE,TRUE,TRUE,TRUE,TRUE,""
"VS_B_N","VS","B",0,689,20960689,TRUE,TRUE,TRUE,TRUE,TRUE,TRUE,TRUE,TRUE,""
"VS_B_N","VS","B",0,690,20960690,TRUE,TRUE,TRUE,TRUE,TRUE,TRUE,TRUE,TRUE,""
"VS_B_N","VS","B",0,691,20960691,TRUE,TRUE,TRUE,TRUE,TRUE,TRUE,TRUE,TRUE,""
"VS_B_N","VS","B",0,692,20960692,TRUE,TRUE,TRUE,TRUE,TRUE,TRUE,TRUE,TRUE,""
"VS_B_N","VS","B",0,693,20960693,TRUE,TRUE,TRUE,TRUE,TRUE,TRUE,TRUE,TRUE,""
"VS_B_N","VS","B",0,694,20960694,TRUE,TRUE,TRUE,TRUE,TRUE,TRUE,TRUE,TRUE,""
"VS_B_N","VS","B",0,695,20960695,TRUE,TRUE,TRUE,TRUE,TRUE,TRUE,TRUE,TRUE,""
"VS_B_N","VS","B",0,696,20960696,TRUE,TRUE,TRUE,TRUE,TRUE,TRUE,TRUE,TRUE,""
"VS_B_N","VS","B",0,697,20960697,TRUE,TRUE,TRUE,TRUE,TRUE,TRUE,TRUE,TRUE,""
"VS_B_N","VS","B",0,698,20960698,TRUE,TRUE,TRUE,TRUE,TRUE,TRUE,TRUE,TRUE,""
"VS_B_N","VS","B",0,699,20960699,TRUE,TRUE,TRUE,TRUE,TRUE,TRUE,TRUE,TRUE,""
"VS_B_N","VS","B",0,700,20960700,TRUE,TRUE,TRUE,TRUE,TRUE,TRUE,TRUE,TRUE,""
"VS_B_N","VS","B",0,701,20960701,TRUE,TRUE,TRUE,TRUE,TRUE,TRUE,TRUE,TRUE,""
"VS_B_N","VS","B",0,702,20960702,TRUE,TRUE,TRUE,TRUE,TRUE,TRUE,TRUE,TRUE,""
"VS_B_N","VS","B",0,703,20960703,TRUE,TRUE,TRUE,TRUE,TRUE,TRUE,TRUE,TRUE,""
"VS_B_N","VS","B",0,704,20960704,TRUE,TRUE,TRUE,TRUE,TRUE,TRUE,TRUE,TRUE,""
"VS_B_N","VS","B",0,705,20960705,TRUE,TRUE,TRUE,TRUE,TRUE,TRUE,TRUE,TRUE,""
"VS_B_N","VS","B",0,706,20960706,TRUE,TRUE,TRUE,TRUE,TRUE,TRUE,TRUE,TRUE,""
"VS_B_N","VS","B",0,707,20960707,TRUE,TRUE,TRUE,TRUE,TRUE,TRUE,TRUE,TRUE,""
"VS_B_N","VS","B",0,708,20960708,TRUE,TRUE,TRUE,TRUE,TRUE,TRUE,TRUE,TRUE,""
"VS_B_N","VS","B",0,709,20960709,TRUE,TRUE,TRUE,TRUE,TRUE,TRUE,TRUE,TRUE,""
"VS_B_N","VS","B",0,710,20960710,TRUE,TRUE,TRUE,TRUE,TRUE,TRUE,TRUE,TRUE,""
"VS_B_N","VS","B",0,711,20960711,TRUE,TRUE,TRUE,TRUE,TRUE,TRUE,TRUE,TRUE,""
"VS_B_N","VS","B",0,712,20960712,TRUE,TRUE,TRUE,TRUE,TRUE,TRUE,TRUE,TRUE,""
"VS_B_N","VS","B",0,713,20960713,TRUE,TRUE,TRUE,TRUE,TRUE,TRUE,TRUE,TRUE,""
"VS_B_N","VS","B",0,714,20960714,TRUE,TRUE,TRUE,TRUE,TRUE,TRUE,TRUE,TRUE,""
"VS_B_N","VS","B",0,715,20960715,TRUE,TRUE,TRUE,TRUE,TRUE,TRUE,TRUE,TRUE,""
"VS_B_N","VS","B",0,716,20960716,TRUE,TRUE,TRUE,TRUE,TRUE,TRUE,TRUE,TRUE,""
"VS_B_N","VS","B",0,717,20960717,TRUE,TRUE,TRUE,TRUE,TRUE,TRUE,TRUE,TRUE,""
"VS_B_N","VS","B",0,718,20960718,TRUE,TRUE,TRUE,TRUE,TRUE,TRUE,TRUE,TRUE,""
"VS_B_N","VS","B",0,719,20960719,TRUE,TRUE,TRUE,TRUE,TRUE,TRUE,TRUE,TRUE,""
"VS_B_N","VS","B",0,720,20960720,TRUE,TRUE,TRUE,TRUE,TRUE,TRUE,TRUE,TRUE,""
"VS_B_N","VS","B",0,721,20960721,TRUE,TRUE,TRUE,TRUE,TRUE,TRUE,TRUE,TRUE,""
"VS_B_N","VS","B",0,722,20960722,TRUE,TRUE,TRUE,TRUE,TRUE,TRUE,TRUE,TRUE,""
"VS_B_N","VS","B",0,723,20960723,TRUE,TRUE,TRUE,TRUE,TRUE,TRUE,TRUE,TRUE,""
"VS_B_N","VS","B",0,724,20960724,TRUE,TRUE,TRUE,TRUE,TRUE,TRUE,TRUE,TRUE,""
"VS_B_N","VS","B",0,725,20960725,TRUE,TRUE,TRUE,TRUE,TRUE,TRUE,TRUE,TRUE,""
"VS_B_N","VS","B",0,726,20960726,TRUE,TRUE,TRUE,TRUE,TRUE,TRUE,TRUE,TRUE,""
"VS_B_N","VS","B",0,727,20960727,TRUE,TRUE,TRUE,TRUE,TRUE,TRUE,TRUE,TRUE,""
"VS_B_N","VS","B",0,728,20960728,TRUE,TRUE,TRUE,TRUE,TRUE,TRUE,TRUE,TRUE,""
"VS_B_N","VS","B",0,729,20960729,TRUE,TRUE,TRUE,TRUE,TRUE,TRUE,TRUE,TRUE,""
"VS_B_N","VS","B",0,730,20960730,TRUE,TRUE,TRUE,TRUE,TRUE,TRUE,TRUE,TRUE,""
"VS_B_N","VS","B",0,731,20960731,TRUE,TRUE,TRUE,TRUE,TRUE,TRUE,TRUE,TRUE,""
"VS_B_N","VS","B",0,732,20960732,TRUE,TRUE,TRUE,TRUE,TRUE,TRUE,TRUE,TRUE,""
"VS_B_N","VS","B",0,733,20960733,TRUE,TRUE,TRUE,TRUE,TRUE,TRUE,TRUE,TRUE,""
"VS_B_N","VS","B",0,734,20960734,TRUE,TRUE,TRUE,TRUE,TRUE,TRUE,TRUE,TRUE,""
"VS_B_N","VS","B",0,735,20960735,TRUE,TRUE,TRUE,TRUE,TRUE,TRUE,TRUE,TRUE,""
"VS_B_N","VS","B",0,736,20960736,TRUE,TRUE,TRUE,TRUE,TRUE,TRUE,TRUE,TRUE,""
"VS_B_N","VS","B",0,737,20960737,TRUE,TRUE,TRUE,TRUE,TRUE,TRUE,TRUE,TRUE,""
"VS_B_N","VS","B",0,738,20960738,TRUE,TRUE,TRUE,TRUE,TRUE,TRUE,TRUE,TRUE,""
"VS_B_N","VS","B",0,739,20960739,TRUE,TRUE,TRUE,TRUE,TRUE,TRUE,TRUE,TRUE,""
"VS_B_N","VS","B",0,740,20960740,TRUE,TRUE,TRUE,TRUE,TRUE,TRUE,TRUE,TRUE,""
"VS_B_N","VS","B",0,741,20960741,TRUE,TRUE,TRUE,TRUE,TRUE,TRUE,TRUE,TRUE,""
"VS_B_N","VS","B",0,742,20960742,TRUE,TRUE,TRUE,TRUE,TRUE,TRUE,TRUE,TRUE,""
"VS_B_N","VS","B",0,743,20960743,TRUE,TRUE,TRUE,TRUE,TRUE,TRUE,TRUE,TRUE,""
"VS_B_N","VS","B",0,744,20960744,TRUE,TRUE,TRUE,TRUE,TRUE,TRUE,TRUE,TRUE,""
"VS_B_N","VS","B",0,745,20960745,TRUE,TRUE,TRUE,TRUE,TRUE,TRUE,TRUE,TRUE,""
"VS_B_N","VS","B",0,746,20960746,TRUE,TRUE,TRUE,TRUE,TRUE,TRUE,TRUE,TRUE,""
"VS_B_N","VS","B",0,747,20960747,TRUE,TRUE,TRUE,TRUE,TRUE,TRUE,TRUE,TRUE,""
"VS_B_N","VS","B",0,748,20960748,TRUE,TRUE,TRUE,TRUE,TRUE,TRUE,TRUE,TRUE,""
"VS_B_N","VS","B",0,749,20960749,TRUE,TRUE,TRUE,TRUE,TRUE,TRUE,TRUE,TRUE,""
"VS_B_N","VS","B",0,750,20960750,TRUE,TRUE,TRUE,TRUE,TRUE,TRUE,TRUE,TRUE,""
"VS_B_N","VS","B",0,751,20960751,TRUE,TRUE,TRUE,TRUE,TRUE,TRUE,TRUE,TRUE,""
"VS_B_N","VS","B",0,752,20960752,TRUE,TRUE,TRUE,TRUE,TRUE,TRUE,TRUE,TRUE,""
"VS_B_N","VS","B",0,753,20960753,TRUE,TRUE,TRUE,TRUE,TRUE,TRUE,TRUE,TRUE,""
"VS_B_N","VS","B",0,754,20960754,TRUE,TRUE,TRUE,TRUE,TRUE,TRUE,TRUE,TRUE,""
"VS_B_N","VS","B",0,755,20960755,TRUE,TRUE,TRUE,TRUE,TRUE,TRUE,TRUE,TRUE,""
"VS_B_N","VS","B",0,756,20960756,TRUE,TRUE,TRUE,TRUE,TRUE,TRUE,TRUE,TRUE,""
"VS_B_N","VS","B",0,757,20960757,TRUE,TRUE,TRUE,TRUE,TRUE,TRUE,TRUE,TRUE,""
"VS_B_N","VS","B",0,758,20960758,TRUE,TRUE,TRUE,TRUE,TRUE,TRUE,TRUE,TRUE,""
"VS_B_N","VS","B",0,759,20960759,TRUE,TRUE,TRUE,TRUE,TRUE,TRUE,TRUE,TRUE,""
"VS_B_N","VS","B",0,760,20960760,TRUE,TRUE,TRUE,TRUE,TRUE,TRUE,TRUE,TRUE,""
"VS_B_N","VS","B",0,761,20960761,TRUE,TRUE,TRUE,TRUE,TRUE,TRUE,TRUE,TRUE,""
"VS_B_N","VS","B",0,762,20960762,TRUE,TRUE,TRUE,TRUE,TRUE,TRUE,TRUE,TRUE,""
"VS_B_N","VS","B",0,763,20960763,TRUE,TRUE,TRUE,TRUE,TRUE,TRUE,TRUE,TRUE,""
"VS_B_N","VS","B",0,764,20960764,TRUE,TRUE,TRUE,TRUE,TRUE,TRUE,TRUE,TRUE,""
"VS_B_N","VS","B",0,765,20960765,TRUE,TRUE,TRUE,TRUE,TRUE,TRUE,TRUE,TRUE,""
"VS_B_N","VS","B",0,766,20960766,TRUE,TRUE,TRUE,TRUE,TRUE,TRUE,TRUE,TRUE,""
"VS_B_N","VS","B",0,767,20960767,TRUE,TRUE,TRUE,TRUE,TRUE,TRUE,TRUE,TRUE,""
"VS_B_N","VS","B",0,768,20960768,TRUE,TRUE,TRUE,TRUE,TRUE,TRUE,TRUE,TRUE,""
"VS_B_N","VS","B",0,769,20960769,TRUE,TRUE,TRUE,TRUE,TRUE,TRUE,TRUE,TRUE,""
"VS_B_N","VS","B",0,770,20960770,TRUE,TRUE,TRUE,TRUE,TRUE,TRUE,TRUE,TRUE,""
"VS_B_N","VS","B",0,771,20960771,TRUE,TRUE,TRUE,TRUE,TRUE,TRUE,TRUE,TRUE,""
"VS_B_N","VS","B",0,772,20960772,TRUE,TRUE,TRUE,TRUE,TRUE,TRUE,TRUE,TRUE,""
"VS_B_N","VS","B",0,773,20960773,TRUE,TRUE,TRUE,TRUE,TRUE,TRUE,TRUE,TRUE,""
"VS_B_N","VS","B",0,774,20960774,TRUE,TRUE,TRUE,TRUE,TRUE,TRUE,TRUE,TRUE,""
"VS_B_N","VS","B",0,775,20960775,TRUE,TRUE,TRUE,TRUE,TRUE,TRUE,TRUE,TRUE,""
"VS_B_N","VS","B",0,776,20960776,TRUE,TRUE,TRUE,TRUE,TRUE,TRUE,TRUE,TRUE,""
"VS_B_N","VS","B",0,777,20960777,TRUE,TRUE,TRUE,TRUE,TRUE,TRUE,TRUE,TRUE,""
"VS_B_N","VS","B",0,778,20960778,TRUE,TRUE,TRUE,TRUE,TRUE,TRUE,TRUE,TRUE,""
"VS_B_N","VS","B",0,779,20960779,TRUE,TRUE,TRUE,TRUE,TRUE,TRUE,TRUE,TRUE,""
"VS_B_N","VS","B",0,780,20960780,TRUE,TRUE,TRUE,TRUE,TRUE,TRUE,TRUE,TRUE,""
"VS_B_N","VS","B",0,781,20960781,TRUE,TRUE,TRUE,TRUE,TRUE,TRUE,TRUE,TRUE,""
"VS_B_N","VS","B",0,782,20960782,TRUE,TRUE,TRUE,TRUE,TRUE,TRUE,TRUE,TRUE,""
"VS_B_N","VS","B",0,783,20960783,TRUE,TRUE,TRUE,TRUE,TRUE,TRUE,TRUE,TRUE,""
"VS_B_N","VS","B",0,784,20960784,TRUE,TRUE,TRUE,TRUE,TRUE,TRUE,TRUE,TRUE,""
"VS_B_N","VS","B",0,785,20960785,TRUE,TRUE,TRUE,TRUE,TRUE,TRUE,TRUE,TRUE,""
"VS_B_N","VS","B",0,786,20960786,TRUE,TRUE,TRUE,TRUE,TRUE,TRUE,TRUE,TRUE,""
"VS_B_N","VS","B",0,787,20960787,TRUE,TRUE,TRUE,TRUE,TRUE,TRUE,TRUE,TRUE,""
"VS_B_N","VS","B",0,788,20960788,TRUE,TRUE,TRUE,TRUE,TRUE,TRUE,TRUE,TRUE,""
"VS_B_N","VS","B",0,789,20960789,TRUE,TRUE,TRUE,TRUE,TRUE,TRUE,TRUE,TRUE,""
"VS_B_N","VS","B",0,790,20960790,TRUE,TRUE,TRUE,TRUE,TRUE,TRUE,TRUE,TRUE,""
"VS_B_N","VS","B",0,791,20960791,TRUE,TRUE,TRUE,TRUE,TRUE,TRUE,TRUE,TRUE,""
"VS_B_N","VS","B",0,792,20960792,TRUE,TRUE,TRUE,TRUE,TRUE,TRUE,TRUE,TRUE,""
"VS_B_N","VS","B",0,793,20960793,TRUE,TRUE,TRUE,TRUE,TRUE,TRUE,TRUE,TRUE,""
"VS_B_N","VS","B",0,794,20960794,TRUE,TRUE,TRUE,TRUE,TRUE,TRUE,TRUE,TRUE,""
"VS_B_N","VS","B",0,795,20960795,TRUE,TRUE,TRUE,TRUE,TRUE,TRUE,TRUE,TRUE,""
"VS_B_N","VS","B",0,796,20960796,TRUE,TRUE,TRUE,TRUE,TRUE,TRUE,TRUE,TRUE,""
"VS_B_N","VS","B",0,797,20960797,TRUE,TRUE,TRUE,TRUE,TRUE,TRUE,TRUE,TRUE,""
"VS_B_N","VS","B",0,798,20960798,TRUE,TRUE,TRUE,TRUE,TRUE,TRUE,TRUE,TRUE,""
"VS_B_N","VS","B",0,799,20960799,TRUE,TRUE,TRUE,TRUE,TRUE,TRUE,TRUE,TRUE,""
"VS_B_N","VS","B",0,800,20960800,TRUE,TRUE,TRUE,TRUE,TRUE,TRUE,TRUE,TRUE,""
"VS_B_N","VS","B",0,801,20960801,TRUE,TRUE,TRUE,TRUE,TRUE,TRUE,TRUE,TRUE,""
"VS_B_N","VS","B",0,802,20960802,TRUE,TRUE,TRUE,TRUE,TRUE,TRUE,TRUE,TRUE,""
"VS_B_N","VS","B",0,803,20960803,TRUE,TRUE,TRUE,TRUE,TRUE,TRUE,TRUE,TRUE,""
"VS_B_N","VS","B",0,804,20960804,TRUE,TRUE,TRUE,TRUE,TRUE,TRUE,TRUE,TRUE,""
"VS_B_N","VS","B",0,805,20960805,TRUE,TRUE,TRUE,TRUE,TRUE,TRUE,TRUE,TRUE,""
"VS_B_N","VS","B",0,806,20960806,TRUE,TRUE,TRUE,TRUE,TRUE,TRUE,TRUE,TRUE,""
"VS_B_N","VS","B",0,807,20960807,TRUE,TRUE,TRUE,TRUE,TRUE,TRUE,TRUE,TRUE,""
"VS_B_N","VS","B",0,808,20960808,TRUE,TRUE,TRUE,TRUE,TRUE,TRUE,TRUE,TRUE,""
"VS_B_N","VS","B",0,809,20960809,TRUE,TRUE,TRUE,TRUE,TRUE,TRUE,TRUE,TRUE,""
"VS_B_N","VS","B",0,810,20960810,TRUE,TRUE,TRUE,TRUE,TRUE,TRUE,TRUE,TRUE,""
"VS_B_N","VS","B",0,811,20960811,TRUE,TRUE,TRUE,TRUE,TRUE,TRUE,TRUE,TRUE,""
"VS_B_N","VS","B",0,812,20960812,TRUE,TRUE,TRUE,TRUE,TRUE,TRUE,TRUE,TRUE,""
"VS_B_N","VS","B",0,813,20960813,TRUE,TRUE,TRUE,TRUE,TRUE,TRUE,TRUE,TRUE,""
"VS_B_N","VS","B",0,814,20960814,TRUE,TRUE,TRUE,TRUE,TRUE,TRUE,TRUE,TRUE,""
"VS_B_N","VS","B",0,815,20960815,TRUE,TRUE,TRUE,TRUE,TRUE,TRUE,TRUE,TRUE,""
"VS_B_N","VS","B",0,816,20960816,TRUE,TRUE,TRUE,TRUE,TRUE,TRUE,TRUE,TRUE,""
"VS_B_N","VS","B",0,817,20960817,TRUE,TRUE,TRUE,TRUE,TRUE,TRUE,TRUE,TRUE,""
"VS_B_N","VS","B",0,818,20960818,TRUE,TRUE,TRUE,TRUE,TRUE,TRUE,TRUE,TRUE,""
"VS_B_N","VS","B",0,819,20960819,TRUE,TRUE,TRUE,TRUE,TRUE,TRUE,TRUE,TRUE,""
"VS_B_N","VS","B",0,820,20960820,TRUE,TRUE,TRUE,TRUE,TRUE,TRUE,TRUE,TRUE,""
"VS_B_N","VS","B",0,821,20960821,TRUE,TRUE,TRUE,TRUE,TRUE,TRUE,TRUE,TRUE,""
"VS_B_N","VS","B",0,822,20960822,TRUE,TRUE,TRUE,TRUE,TRUE,TRUE,TRUE,TRUE,""
"VS_B_N","VS","B",0,823,20960823,TRUE,TRUE,TRUE,TRUE,TRUE,TRUE,TRUE,TRUE,""
"VS_B_N","VS","B",0,824,20960824,TRUE,TRUE,TRUE,TRUE,TRUE,TRUE,TRUE,TRUE,""
"VS_B_N","VS","B",0,825,20960825,TRUE,TRUE,TRUE,TRUE,TRUE,TRUE,TRUE,TRUE,""
"VS_B_N","VS","B",0,826,20960826,TRUE,TRUE,TRUE,TRUE,TRUE,TRUE,TRUE,TRUE,""
"VS_B_N","VS","B",0,827,20960827,TRUE,TRUE,TRUE,TRUE,TRUE,TRUE,TRUE,TRUE,""
"VS_B_N","VS","B",0,828,20960828,TRUE,TRUE,TRUE,TRUE,TRUE,TRUE,TRUE,TRUE,""
"VS_B_N","VS","B",0,829,20960829,TRUE,TRUE,TRUE,TRUE,TRUE,TRUE,TRUE,TRUE,""
"VS_B_N","VS","B",0,830,20960830,TRUE,TRUE,TRUE,TRUE,TRUE,TRUE,TRUE,TRUE,""
"VS_B_N","VS","B",0,831,20960831,TRUE,TRUE,TRUE,TRUE,TRUE,TRUE,TRUE,TRUE,""
"VS_B_N","VS","B",0,832,20960832,TRUE,TRUE,TRUE,TRUE,TRUE,TRUE,TRUE,TRUE,""
"VS_B_N","VS","B",0,833,20960833,TRUE,TRUE,TRUE,TRUE,TRUE,TRUE,TRUE,TRUE,""
"VS_B_N","VS","B",0,834,20960834,TRUE,TRUE,TRUE,TRUE,TRUE,TRUE,TRUE,TRUE,""
"VS_B_N","VS","B",0,835,20960835,TRUE,TRUE,TRUE,TRUE,TRUE,TRUE,TRUE,TRUE,""
"VS_B_N","VS","B",0,836,20960836,TRUE,TRUE,TRUE,TRUE,TRUE,TRUE,TRUE,TRUE,""
"VS_B_N","VS","B",0,837,20960837,TRUE,TRUE,TRUE,TRUE,TRUE,TRUE,TRUE,TRUE,""
"VS_B_N","VS","B",0,838,20960838,TRUE,TRUE,TRUE,TRUE,TRUE,TRUE,TRUE,TRUE,""
"VS_B_N","VS","B",0,839,20960839,TRUE,TRUE,TRUE,TRUE,TRUE,TRUE,TRUE,TRUE,""
"VS_B_N","VS","B",0,840,20960840,TRUE,TRUE,TRUE,TRUE,TRUE,TRUE,TRUE,TRUE,""
"VS_B_N","VS","B",0,841,20960841,TRUE,TRUE,TRUE,TRUE,TRUE,TRUE,TRUE,TRUE,""
"VS_B_N","VS","B",0,842,20960842,TRUE,TRUE,TRUE,TRUE,TRUE,TRUE,TRUE,TRUE,""
"VS_B_N","VS","B",0,843,20960843,TRUE,TRUE,TRUE,TRUE,TRUE,TRUE,TRUE,TRUE,""
"VS_B_N","VS","B",0,844,20960844,TRUE,TRUE,TRUE,TRUE,TRUE,TRUE,TRUE,TRUE,""
"VS_B_N","VS","B",0,845,20960845,TRUE,TRUE,TRUE,TRUE,TRUE,TRUE,TRUE,TRUE,""
"VS_B_N","VS","B",0,846,20960846,TRUE,TRUE,TRUE,TRUE,TRUE,TRUE,TRUE,TRUE,""
"VS_B_N","VS","B",0,847,20960847,TRUE,TRUE,TRUE,TRUE,TRUE,TRUE,TRUE,TRUE,""
"VS_B_N","VS","B",0,848,20960848,TRUE,TRUE,TRUE,TRUE,TRUE,TRUE,TRUE,TRUE,""
"VS_B_N","VS","B",0,849,20960849,TRUE,TRUE,TRUE,TRUE,TRUE,TRUE,TRUE,TRUE,""
"VS_B_N","VS","B",0,850,20960850,TRUE,TRUE,TRUE,TRUE,TRUE,TRUE,TRUE,TRUE,""
"VS_B_N","VS","B",0,851,20960851,TRUE,TRUE,TRUE,TRUE,TRUE,TRUE,TRUE,TRUE,""
"VS_B_N","VS","B",0,852,20960852,TRUE,TRUE,TRUE,TRUE,TRUE,TRUE,TRUE,TRUE,""
"VS_B_N","VS","B",0,853,20960853,TRUE,TRUE,TRUE,TRUE,TRUE,TRUE,TRUE,TRUE,""
"VS_B_N","VS","B",0,854,20960854,TRUE,TRUE,TRUE,TRUE,TRUE,TRUE,TRUE,TRUE,""
"VS_B_N","VS","B",0,855,20960855,TRUE,TRUE,TRUE,TRUE,TRUE,TRUE,TRUE,TRUE,""
"VS_B_N","VS","B",0,856,20960856,TRUE,TRUE,TRUE,TRUE,TRUE,TRUE,TRUE,TRUE,""
"VS_B_N","VS","B",0,857,20960857,TRUE,TRUE,TRUE,TRUE,TRUE,TRUE,TRUE,TRUE,""
"VS_B_N","VS","B",0,858,20960858,TRUE,TRUE,TRUE,TRUE,TRUE,TRUE,TRUE,TRUE,""
"VS_B_N","VS","B",0,859,20960859,TRUE,TRUE,TRUE,TRUE,TRUE,TRUE,TRUE,TRUE,""
"VS_B_N","VS","B",0,860,20960860,TRUE,TRUE,TRUE,TRUE,TRUE,TRUE,TRUE,TRUE,""
"VS_B_N","VS","B",0,861,20960861,TRUE,TRUE,TRUE,TRUE,TRUE,TRUE,TRUE,TRUE,""
"VS_B_N","VS","B",0,862,20960862,TRUE,TRUE,TRUE,TRUE,TRUE,TRUE,TRUE,TRUE,""
"VS_B_N","VS","B",0,863,20960863,TRUE,TRUE,TRUE,TRUE,TRUE,TRUE,TRUE,TRUE,""
"VS_B_N","VS","B",0,864,20960864,TRUE,TRUE,TRUE,TRUE,TRUE,TRUE,TRUE,TRUE,""
"VS_B_N","VS","B",0,865,20960865,TRUE,TRUE,TRUE,TRUE,TRUE,TRUE,TRUE,TRUE,""
"VS_B_N","VS","B",0,866,20960866,TRUE,TRUE,TRUE,TRUE,TRUE,TRUE,TRUE,TRUE,""
"VS_B_N","VS","B",0,867,20960867,TRUE,TRUE,TRUE,TRUE,TRUE,TRUE,TRUE,TRUE,""
"VS_B_N","VS","B",0,868,20960868,TRUE,TRUE,TRUE,TRUE,TRUE,TRUE,TRUE,TRUE,""
"VS_B_N","VS","B",0,869,20960869,TRUE,TRUE,TRUE,TRUE,TRUE,TRUE,TRUE,TRUE,""
"VS_B_N","VS","B",0,870,20960870,TRUE,TRUE,TRUE,TRUE,TRUE,TRUE,TRUE,TRUE,""
"VS_B_N","VS","B",0,871,20960871,TRUE,TRUE,TRUE,TRUE,TRUE,TRUE,TRUE,TRUE,""
"VS_B_N","VS","B",0,872,20960872,TRUE,TRUE,TRUE,TRUE,TRUE,TRUE,TRUE,TRUE,""
"VS_B_N","VS","B",0,873,20960873,TRUE,TRUE,TRUE,TRUE,TRUE,TRUE,TRUE,TRUE,""
"VS_B_N","VS","B",0,874,20960874,TRUE,TRUE,TRUE,TRUE,TRUE,TRUE,TRUE,TRUE,""
"VS_B_N","VS","B",0,875,20960875,TRUE,TRUE,TRUE,TRUE,TRUE,TRUE,TRUE,TRUE,""
"VS_B_N","VS","B",0,876,20960876,TRUE,TRUE,TRUE,TRUE,TRUE,TRUE,TRUE,TRUE,""
"VS_B_N","VS","B",0,877,20960877,TRUE,TRUE,TRUE,TRUE,TRUE,TRUE,TRUE,TRUE,""
"VS_B_N","VS","B",0,878,20960878,TRUE,TRUE,TRUE,TRUE,TRUE,TRUE,TRUE,TRUE,""
"VS_B_N","VS","B",0,879,20960879,TRUE,TRUE,TRUE,TRUE,TRUE,TRUE,TRUE,TRUE,""
"VS_B_N","VS","B",0,880,20960880,TRUE,TRUE,TRUE,TRUE,TRUE,TRUE,TRUE,TRUE,""
"VS_B_N","VS","B",0,881,20960881,TRUE,TRUE,TRUE,TRUE,TRUE,TRUE,TRUE,TRUE,""
"VS_B_N","VS","B",0,882,20960882,TRUE,TRUE,TRUE,TRUE,TRUE,TRUE,TRUE,TRUE,""
"VS_B_N","VS","B",0,883,20960883,TRUE,TRUE,TRUE,TRUE,TRUE,TRUE,TRUE,TRUE,""
"VS_B_N","VS","B",0,884,20960884,TRUE,TRUE,TRUE,TRUE,TRUE,TRUE,TRUE,TRUE,""
"VS_B_N","VS","B",0,885,20960885,TRUE,TRUE,TRUE,TRUE,TRUE,TRUE,TRUE,TRUE,""
"VS_B_N","VS","B",0,886,20960886,TRUE,TRUE,TRUE,TRUE,TRUE,TRUE,TRUE,TRUE,""
"VS_B_N","VS","B",0,887,20960887,TRUE,TRUE,TRUE,TRUE,TRUE,TRUE,TRUE,TRUE,""
"VS_B_N","VS","B",0,888,20960888,TRUE,TRUE,TRUE,TRUE,TRUE,TRUE,TRUE,TRUE,""
"VS_B_N","VS","B",0,889,20960889,TRUE,TRUE,TRUE,TRUE,TRUE,TRUE,TRUE,TRUE,""
"VS_B_N","VS","B",0,890,20960890,TRUE,TRUE,TRUE,TRUE,TRUE,TRUE,TRUE,TRUE,""
"VS_B_N","VS","B",0,891,20960891,TRUE,TRUE,TRUE,TRUE,TRUE,TRUE,TRUE,TRUE,""
"VS_B_N","VS","B",0,892,20960892,TRUE,TRUE,TRUE,TRUE,TRUE,TRUE,TRUE,TRUE,""
"VS_B_N","VS","B",0,893,20960893,TRUE,TRUE,TRUE,TRUE,TRUE,TRUE,TRUE,TRUE,""
"VS_B_N","VS","B",0,894,20960894,TRUE,TRUE,TRUE,TRUE,TRUE,TRUE,TRUE,TRUE,""
"VS_B_N","VS","B",0,895,20960895,TRUE,TRUE,TRUE,TRUE,TRUE,TRUE,TRUE,TRUE,""
"VS_B_N","VS","B",0,896,20960896,TRUE,TRUE,TRUE,TRUE,TRUE,TRUE,TRUE,TRUE,""
"VS_B_N","VS","B",0,897,20960897,TRUE,TRUE,TRUE,TRUE,TRUE,TRUE,TRUE,TRUE,""
"VS_B_N","VS","B",0,898,20960898,TRUE,TRUE,TRUE,TRUE,TRUE,TRUE,TRUE,TRUE,""
"VS_B_N","VS","B",0,899,20960899,TRUE,TRUE,TRUE,TRUE,TRUE,TRUE,TRUE,TRUE,""
"VS_B_N","VS","B",0,900,20960900,TRUE,TRUE,TRUE,TRUE,TRUE,TRUE,TRUE,TRUE,""
"VS_B_N","VS","B",0,901,20960901,TRUE,TRUE,TRUE,TRUE,TRUE,TRUE,TRUE,TRUE,""
"VS_B_N","VS","B",0,902,20960902,TRUE,TRUE,TRUE,TRUE,TRUE,TRUE,TRUE,TRUE,""
"VS_B_N","VS","B",0,903,20960903,TRUE,TRUE,TRUE,TRUE,TRUE,TRUE,TRUE,TRUE,""
"VS_B_N","VS","B",0,904,20960904,TRUE,TRUE,TRUE,TRUE,TRUE,TRUE,TRUE,TRUE,""
"VS_B_N","VS","B",0,905,20960905,TRUE,TRUE,TRUE,TRUE,TRUE,TRUE,TRUE,TRUE,""
"VS_B_N","VS","B",0,906,20960906,TRUE,TRUE,TRUE,TRUE,TRUE,TRUE,TRUE,TRUE,""
"VS_B_N","VS","B",0,907,20960907,TRUE,TRUE,TRUE,TRUE,TRUE,TRUE,TRUE,TRUE,""
"VS_B_N","VS","B",0,908,20960908,TRUE,TRUE,TRUE,TRUE,TRUE,TRUE,TRUE,TRUE,""
"VS_B_N","VS","B",0,909,20960909,TRUE,TRUE,TRUE,TRUE,TRUE,TRUE,TRUE,TRUE,""
"VS_B_N","VS","B",0,910,20960910,TRUE,TRUE,TRUE,TRUE,TRUE,TRUE,TRUE,TRUE,""
"VS_B_N","VS","B",0,911,20960911,TRUE,TRUE,TRUE,TRUE,TRUE,TRUE,TRUE,TRUE,""
"VS_B_N","VS","B",0,912,20960912,TRUE,TRUE,TRUE,TRUE,TRUE,TRUE,TRUE,TRUE,""
"VS_B_N","VS","B",0,913,20960913,TRUE,TRUE,TRUE,TRUE,TRUE,TRUE,TRUE,TRUE,""
"VS_B_N","VS","B",0,914,20960914,TRUE,TRUE,TRUE,TRUE,TRUE,TRUE,TRUE,TRUE,""
"VS_B_N","VS","B",0,915,20960915,TRUE,TRUE,TRUE,TRUE,TRUE,TRUE,TRUE,TRUE,""
"VS_B_N","VS","B",0,916,20960916,TRUE,TRUE,TRUE,TRUE,TRUE,TRUE,TRUE,TRUE,""
"VS_B_N","VS","B",0,917,20960917,TRUE,TRUE,TRUE,TRUE,TRUE,TRUE,TRUE,TRUE,""
"VS_B_N","VS","B",0,918,20960918,TRUE,TRUE,TRUE,TRUE,TRUE,TRUE,TRUE,TRUE,""
"VS_B_N","VS","B",0,919,20960919,TRUE,TRUE,TRUE,TRUE,TRUE,TRUE,TRUE,TRUE,""
"VS_B_N","VS","B",0,920,20960920,TRUE,TRUE,TRUE,TRUE,TRUE,TRUE,TRUE,TRUE,""
"VS_B_N","VS","B",0,921,20960921,TRUE,TRUE,TRUE,TRUE,TRUE,TRUE,TRUE,TRUE,""
"VS_B_N","VS","B",0,922,20960922,TRUE,TRUE,TRUE,TRUE,TRUE,TRUE,TRUE,TRUE,""
"VS_B_N","VS","B",0,923,20960923,TRUE,TRUE,TRUE,TRUE,TRUE,TRUE,TRUE,TRUE,""
"VS_B_N","VS","B",0,924,20960924,TRUE,TRUE,TRUE,TRUE,TRUE,TRUE,TRUE,TRUE,""
"VS_B_N","VS","B",0,925,20960925,TRUE,TRUE,TRUE,TRUE,TRUE,TRUE,TRUE,TRUE,""
"VS_B_N","VS","B",0,926,20960926,TRUE,TRUE,TRUE,TRUE,TRUE,TRUE,TRUE,TRUE,""
"VS_B_N","VS","B",0,927,20960927,TRUE,TRUE,TRUE,TRUE,TRUE,TRUE,TRUE,TRUE,""
"VS_B_N","VS","B",0,928,20960928,TRUE,TRUE,TRUE,TRUE,TRUE,TRUE,TRUE,TRUE,""
"VS_B_N","VS","B",0,929,20960929,TRUE,TRUE,TRUE,TRUE,TRUE,TRUE,TRUE,TRUE,""
"VS_B_N","VS","B",0,930,20960930,TRUE,TRUE,TRUE,TRUE,TRUE,TRUE,TRUE,TRUE,""
"VS_B_N","VS","B",0,931,20960931,TRUE,TRUE,TRUE,TRUE,TRUE,TRUE,TRUE,TRUE,""
"VS_B_N","VS","B",0,932,20960932,TRUE,TRUE,TRUE,TRUE,TRUE,TRUE,TRUE,TRUE,""
"VS_B_N","VS","B",0,933,20960933,TRUE,TRUE,TRUE,TRUE,TRUE,TRUE,TRUE,TRUE,""
"VS_B_N","VS","B",0,934,20960934,TRUE,TRUE,TRUE,TRUE,TRUE,TRUE,TRUE,TRUE,""
"VS_B_N","VS","B",0,935,20960935,TRUE,TRUE,TRUE,TRUE,TRUE,TRUE,TRUE,TRUE,""
"VS_B_N","VS","B",0,936,20960936,TRUE,TRUE,TRUE,TRUE,TRUE,TRUE,TRUE,TRUE,""
"VS_B_N","VS","B",0,937,20960937,TRUE,TRUE,TRUE,TRUE,TRUE,TRUE,TRUE,TRUE,""
"VS_B_N","VS","B",0,938,20960938,TRUE,TRUE,TRUE,TRUE,TRUE,TRUE,TRUE,TRUE,""
"VS_B_N","VS","B",0,939,20960939,TRUE,TRUE,TRUE,TRUE,TRUE,TRUE,TRUE,TRUE,""
"VS_B_N","VS","B",0,940,20960940,TRUE,TRUE,TRUE,TRUE,TRUE,TRUE,TRUE,TRUE,""
"VS_B_N","VS","B",0,941,20960941,TRUE,TRUE,TRUE,TRUE,TRUE,TRUE,TRUE,TRUE,""
"VS_B_N","VS","B",0,942,20960942,TRUE,TRUE,TRUE,TRUE,TRUE,TRUE,TRUE,TRUE,""
"VS_B_N","VS","B",0,943,20960943,TRUE,TRUE,TRUE,TRUE,TRUE,TRUE,TRUE,TRUE,""
"VS_B_N","VS","B",0,944,20960944,TRUE,TRUE,TRUE,TRUE,TRUE,TRUE,TRUE,TRUE,""
"VS_B_N","VS","B",0,945,20960945,TRUE,TRUE,TRUE,TRUE,TRUE,TRUE,TRUE,TRUE,""
"VS_B_N","VS","B",0,946,20960946,TRUE,TRUE,TRUE,TRUE,TRUE,TRUE,TRUE,TRUE,""
"VS_B_N","VS","B",0,947,20960947,TRUE,TRUE,TRUE,TRUE,TRUE,TRUE,TRUE,TRUE,""
"VS_B_N","VS","B",0,948,20960948,TRUE,TRUE,TRUE,TRUE,TRUE,TRUE,TRUE,TRUE,""
"VS_B_N","VS","B",0,949,20960949,TRUE,TRUE,TRUE,TRUE,TRUE,TRUE,TRUE,TRUE,""
"VS_B_N","VS","B",0,950,20960950,TRUE,TRUE,TRUE,TRUE,TRUE,TRUE,TRUE,TRUE,""
"VS_B_N","VS","B",0,951,20960951,TRUE,TRUE,TRUE,TRUE,TRUE,TRUE,TRUE,TRUE,""
"VS_B_N","VS","B",0,952,20960952,TRUE,TRUE,TRUE,TRUE,TRUE,TRUE,TRUE,TRUE,""
"VS_B_N","VS","B",0,953,20960953,TRUE,TRUE,TRUE,TRUE,TRUE,TRUE,TRUE,TRUE,""
"VS_B_N","VS","B",0,954,20960954,TRUE,TRUE,TRUE,TRUE,TRUE,TRUE,TRUE,TRUE,""
"VS_B_N","VS","B",0,955,20960955,TRUE,TRUE,TRUE,TRUE,TRUE,TRUE,TRUE,TRUE,""
"VS_B_N","VS","B",0,956,20960956,TRUE,TRUE,TRUE,TRUE,TRUE,TRUE,TRUE,TRUE,""
"VS_B_N","VS","B",0,957,20960957,TRUE,TRUE,TRUE,TRUE,TRUE,TRUE,TRUE,TRUE,""
"VS_B_N","VS","B",0,958,20960958,TRUE,TRUE,TRUE,TRUE,TRUE,TRUE,TRUE,TRUE,""
"VS_B_N","VS","B",0,959,20960959,TRUE,TRUE,TRUE,TRUE,TRUE,TRUE,TRUE,TRUE,""
"VS_B_N","VS","B",0,960,20960960,TRUE,TRUE,TRUE,TRUE,TRUE,TRUE,TRUE,TRUE,""
"VS_B_N","VS","B",0,961,20960961,TRUE,TRUE,TRUE,TRUE,TRUE,TRUE,TRUE,TRUE,""
"VS_B_N","VS","B",0,962,20960962,TRUE,TRUE,TRUE,TRUE,TRUE,TRUE,TRUE,TRUE,""
"VS_B_N","VS","B",0,963,20960963,TRUE,TRUE,TRUE,TRUE,TRUE,TRUE,TRUE,TRUE,""
"VS_B_N","VS","B",0,964,20960964,TRUE,TRUE,TRUE,TRUE,TRUE,TRUE,TRUE,TRUE,""
"VS_B_N","VS","B",0,965,20960965,TRUE,TRUE,TRUE,TRUE,TRUE,TRUE,TRUE,TRUE,""
"VS_B_N","VS","B",0,966,20960966,TRUE,TRUE,TRUE,TRUE,TRUE,TRUE,TRUE,TRUE,""
"VS_B_N","VS","B",0,967,20960967,TRUE,TRUE,TRUE,TRUE,TRUE,TRUE,TRUE,TRUE,""
"VS_B_N","VS","B",0,968,20960968,TRUE,TRUE,TRUE,TRUE,TRUE,TRUE,TRUE,TRUE,""
"VS_B_N","VS","B",0,969,20960969,TRUE,TRUE,TRUE,TRUE,TRUE,TRUE,TRUE,TRUE,""
"VS_B_N","VS","B",0,970,20960970,TRUE,TRUE,TRUE,TRUE,TRUE,TRUE,TRUE,TRUE,""
"VS_B_N","VS","B",0,971,20960971,TRUE,TRUE,TRUE,TRUE,TRUE,TRUE,TRUE,TRUE,""
"VS_B_N","VS","B",0,972,20960972,TRUE,TRUE,TRUE,TRUE,TRUE,TRUE,TRUE,TRUE,""
"VS_B_N","VS","B",0,973,20960973,TRUE,TRUE,TRUE,TRUE,TRUE,TRUE,TRUE,TRUE,""
"VS_B_N","VS","B",0,974,20960974,TRUE,TRUE,TRUE,TRUE,TRUE,TRUE,TRUE,TRUE,""
"VS_B_N","VS","B",0,975,20960975,TRUE,TRUE,TRUE,TRUE,TRUE,TRUE,TRUE,TRUE,""
"VS_B_N","VS","B",0,976,20960976,TRUE,TRUE,TRUE,TRUE,TRUE,TRUE,TRUE,TRUE,""
"VS_B_N","VS","B",0,977,20960977,TRUE,TRUE,TRUE,TRUE,TRUE,TRUE,TRUE,TRUE,""
"VS_B_N","VS","B",0,978,20960978,TRUE,TRUE,TRUE,TRUE,TRUE,TRUE,TRUE,TRUE,""
"VS_B_N","VS","B",0,979,20960979,TRUE,TRUE,TRUE,TRUE,TRUE,TRUE,TRUE,TRUE,""
"VS_B_N","VS","B",0,980,20960980,TRUE,TRUE,TRUE,TRUE,TRUE,TRUE,TRUE,TRUE,""
"VS_B_N","VS","B",0,981,20960981,TRUE,TRUE,TRUE,TRUE,TRUE,TRUE,TRUE,TRUE,""
"VS_B_N","VS","B",0,982,20960982,TRUE,TRUE,TRUE,TRUE,TRUE,TRUE,TRUE,TRUE,""
"VS_B_N","VS","B",0,983,20960983,TRUE,TRUE,TRUE,TRUE,TRUE,TRUE,TRUE,TRUE,""
"VS_B_N","VS","B",0,984,20960984,TRUE,TRUE,TRUE,TRUE,TRUE,TRUE,TRUE,TRUE,""
"VS_B_N","VS","B",0,985,20960985,TRUE,TRUE,TRUE,TRUE,TRUE,TRUE,TRUE,TRUE,""
"VS_B_N","VS","B",0,986,20960986,TRUE,TRUE,TRUE,TRUE,TRUE,TRUE,TRUE,TRUE,""
"VS_B_N","VS","B",0,987,20960987,TRUE,TRUE,TRUE,TRUE,TRUE,TRUE,TRUE,TRUE,""
"VS_B_N","VS","B",0,988,20960988,TRUE,TRUE,TRUE,TRUE,TRUE,TRUE,TRUE,TRUE,""
"VS_B_N","VS","B",0,989,20960989,TRUE,TRUE,TRUE,TRUE,TRUE,TRUE,TRUE,TRUE,""
"VS_B_N","VS","B",0,990,20960990,TRUE,TRUE,TRUE,TRUE,TRUE,TRUE,TRUE,TRUE,""
"VS_B_N","VS","B",0,991,20960991,TRUE,TRUE,TRUE,TRUE,TRUE,TRUE,TRUE,TRUE,""
"VS_B_N","VS","B",0,992,20960992,TRUE,TRUE,TRUE,TRUE,TRUE,TRUE,TRUE,TRUE,""
"VS_B_N","VS","B",0,993,20960993,TRUE,TRUE,TRUE,TRUE,TRUE,TRUE,TRUE,TRUE,""
"VS_B_N","VS","B",0,994,20960994,TRUE,TRUE,TRUE,TRUE,TRUE,TRUE,TRUE,TRUE,""
"VS_B_N","VS","B",0,995,20960995,TRUE,TRUE,TRUE,TRUE,TRUE,TRUE,TRUE,TRUE,""
"VS_B_N","VS","B",0,996,20960996,TRUE,TRUE,TRUE,TRUE,TRUE,TRUE,TRUE,TRUE,""
"VS_B_N","VS","B",0,997,20960997,TRUE,TRUE,TRUE,TRUE,TRUE,TRUE,TRUE,TRUE,""
"VS_B_N","VS","B",0,998,20960998,TRUE,TRUE,TRUE,TRUE,TRUE,TRUE,TRUE,TRUE,""
"VS_B_N","VS","B",0,999,20960999,TRUE,TRUE,TRUE,TRUE,TRUE,TRUE,TRUE,TRUE,""
"VS_B_N","VS","B",0,1000,20961000,TRUE,TRUE,TRUE,TRUE,TRUE,TRUE,TRUE,TRUE,""
"VS_B_A","VS","B",0.2,1,21060001,TRUE,TRUE,TRUE,TRUE,TRUE,TRUE,TRUE,TRUE,""
"VS_B_A","VS","B",0.2,2,21060002,TRUE,TRUE,TRUE,TRUE,TRUE,TRUE,TRUE,TRUE,""
"VS_B_A","VS","B",0.2,3,21060003,TRUE,TRUE,TRUE,TRUE,TRUE,TRUE,TRUE,TRUE,""
"VS_B_A","VS","B",0.2,4,21060004,TRUE,TRUE,TRUE,TRUE,TRUE,TRUE,TRUE,TRUE,""
"VS_B_A","VS","B",0.2,5,21060005,TRUE,TRUE,TRUE,TRUE,TRUE,TRUE,TRUE,TRUE,""
"VS_B_A","VS","B",0.2,6,21060006,TRUE,TRUE,TRUE,TRUE,TRUE,TRUE,TRUE,TRUE,""
"VS_B_A","VS","B",0.2,7,21060007,TRUE,TRUE,TRUE,TRUE,TRUE,TRUE,TRUE,TRUE,""
"VS_B_A","VS","B",0.2,8,21060008,TRUE,TRUE,TRUE,TRUE,TRUE,TRUE,TRUE,TRUE,""
"VS_B_A","VS","B",0.2,9,21060009,TRUE,TRUE,TRUE,TRUE,TRUE,TRUE,TRUE,TRUE,""
"VS_B_A","VS","B",0.2,10,21060010,TRUE,TRUE,TRUE,TRUE,TRUE,TRUE,TRUE,TRUE,""
"VS_B_A","VS","B",0.2,11,21060011,TRUE,TRUE,TRUE,TRUE,TRUE,TRUE,TRUE,TRUE,""
"VS_B_A","VS","B",0.2,12,21060012,TRUE,TRUE,TRUE,TRUE,TRUE,TRUE,TRUE,TRUE,""
"VS_B_A","VS","B",0.2,13,21060013,TRUE,TRUE,TRUE,TRUE,TRUE,TRUE,TRUE,TRUE,""
"VS_B_A","VS","B",0.2,14,21060014,TRUE,TRUE,TRUE,TRUE,TRUE,TRUE,TRUE,TRUE,""
"VS_B_A","VS","B",0.2,15,21060015,TRUE,TRUE,TRUE,TRUE,TRUE,TRUE,TRUE,TRUE,""
"VS_B_A","VS","B",0.2,16,21060016,TRUE,TRUE,TRUE,TRUE,TRUE,TRUE,TRUE,TRUE,""
"VS_B_A","VS","B",0.2,17,21060017,TRUE,TRUE,TRUE,TRUE,TRUE,TRUE,TRUE,TRUE,""
"VS_B_A","VS","B",0.2,18,21060018,TRUE,TRUE,TRUE,TRUE,TRUE,TRUE,TRUE,TRUE,""
"VS_B_A","VS","B",0.2,19,21060019,TRUE,TRUE,TRUE,TRUE,TRUE,TRUE,TRUE,TRUE,""
"VS_B_A","VS","B",0.2,20,21060020,TRUE,TRUE,TRUE,TRUE,TRUE,TRUE,TRUE,TRUE,""
"VS_B_A","VS","B",0.2,21,21060021,TRUE,TRUE,TRUE,TRUE,TRUE,TRUE,TRUE,TRUE,""
"VS_B_A","VS","B",0.2,22,21060022,TRUE,TRUE,TRUE,TRUE,TRUE,TRUE,TRUE,TRUE,""
"VS_B_A","VS","B",0.2,23,21060023,TRUE,TRUE,TRUE,TRUE,TRUE,TRUE,TRUE,TRUE,""
"VS_B_A","VS","B",0.2,24,21060024,TRUE,TRUE,TRUE,TRUE,TRUE,TRUE,TRUE,TRUE,""
"VS_B_A","VS","B",0.2,25,21060025,TRUE,TRUE,TRUE,TRUE,TRUE,TRUE,TRUE,TRUE,""
"VS_B_A","VS","B",0.2,26,21060026,TRUE,TRUE,TRUE,TRUE,TRUE,TRUE,TRUE,TRUE,""
"VS_B_A","VS","B",0.2,27,21060027,TRUE,TRUE,TRUE,TRUE,TRUE,TRUE,TRUE,TRUE,""
"VS_B_A","VS","B",0.2,28,21060028,TRUE,TRUE,TRUE,TRUE,TRUE,TRUE,TRUE,TRUE,""
"VS_B_A","VS","B",0.2,29,21060029,TRUE,TRUE,TRUE,TRUE,TRUE,TRUE,TRUE,TRUE,""
"VS_B_A","VS","B",0.2,30,21060030,TRUE,TRUE,TRUE,TRUE,TRUE,TRUE,TRUE,TRUE,""
"VS_B_A","VS","B",0.2,31,21060031,TRUE,TRUE,TRUE,TRUE,TRUE,TRUE,TRUE,TRUE,""
"VS_B_A","VS","B",0.2,32,21060032,TRUE,TRUE,TRUE,TRUE,TRUE,TRUE,TRUE,TRUE,""
"VS_B_A","VS","B",0.2,33,21060033,TRUE,TRUE,TRUE,TRUE,TRUE,TRUE,TRUE,TRUE,""
"VS_B_A","VS","B",0.2,34,21060034,TRUE,TRUE,TRUE,TRUE,TRUE,TRUE,TRUE,TRUE,""
"VS_B_A","VS","B",0.2,35,21060035,TRUE,TRUE,TRUE,TRUE,TRUE,TRUE,TRUE,TRUE,""
"VS_B_A","VS","B",0.2,36,21060036,TRUE,TRUE,TRUE,TRUE,TRUE,TRUE,TRUE,TRUE,""
"VS_B_A","VS","B",0.2,37,21060037,TRUE,TRUE,TRUE,TRUE,TRUE,TRUE,TRUE,TRUE,""
"VS_B_A","VS","B",0.2,38,21060038,TRUE,TRUE,TRUE,TRUE,TRUE,TRUE,TRUE,TRUE,""
"VS_B_A","VS","B",0.2,39,21060039,TRUE,TRUE,TRUE,TRUE,TRUE,TRUE,TRUE,TRUE,""
"VS_B_A","VS","B",0.2,40,21060040,TRUE,TRUE,TRUE,TRUE,TRUE,TRUE,TRUE,TRUE,""
"VS_B_A","VS","B",0.2,41,21060041,TRUE,TRUE,TRUE,TRUE,TRUE,TRUE,TRUE,TRUE,""
"VS_B_A","VS","B",0.2,42,21060042,TRUE,TRUE,TRUE,TRUE,TRUE,TRUE,TRUE,TRUE,""
"VS_B_A","VS","B",0.2,43,21060043,TRUE,TRUE,TRUE,TRUE,TRUE,TRUE,TRUE,TRUE,""
"VS_B_A","VS","B",0.2,44,21060044,TRUE,TRUE,TRUE,TRUE,TRUE,TRUE,TRUE,TRUE,""
"VS_B_A","VS","B",0.2,45,21060045,TRUE,TRUE,TRUE,TRUE,TRUE,TRUE,TRUE,TRUE,""
"VS_B_A","VS","B",0.2,46,21060046,TRUE,TRUE,TRUE,TRUE,TRUE,TRUE,TRUE,TRUE,""
"VS_B_A","VS","B",0.2,47,21060047,TRUE,TRUE,TRUE,TRUE,TRUE,TRUE,TRUE,TRUE,""
"VS_B_A","VS","B",0.2,48,21060048,TRUE,TRUE,TRUE,TRUE,TRUE,TRUE,TRUE,TRUE,""
"VS_B_A","VS","B",0.2,49,21060049,TRUE,TRUE,TRUE,TRUE,TRUE,TRUE,TRUE,TRUE,""
"VS_B_A","VS","B",0.2,50,21060050,TRUE,TRUE,TRUE,TRUE,TRUE,TRUE,TRUE,TRUE,""
"VS_B_A","VS","B",0.2,51,21060051,TRUE,TRUE,TRUE,TRUE,TRUE,TRUE,TRUE,TRUE,""
"VS_B_A","VS","B",0.2,52,21060052,TRUE,TRUE,TRUE,TRUE,TRUE,TRUE,TRUE,TRUE,""
"VS_B_A","VS","B",0.2,53,21060053,TRUE,TRUE,TRUE,TRUE,TRUE,TRUE,TRUE,TRUE,""
"VS_B_A","VS","B",0.2,54,21060054,TRUE,TRUE,TRUE,TRUE,TRUE,TRUE,TRUE,TRUE,""
"VS_B_A","VS","B",0.2,55,21060055,TRUE,TRUE,TRUE,TRUE,TRUE,TRUE,TRUE,TRUE,""
"VS_B_A","VS","B",0.2,56,21060056,TRUE,TRUE,TRUE,TRUE,TRUE,TRUE,TRUE,TRUE,""
"VS_B_A","VS","B",0.2,57,21060057,TRUE,TRUE,TRUE,TRUE,TRUE,TRUE,TRUE,TRUE,""
"VS_B_A","VS","B",0.2,58,21060058,TRUE,TRUE,TRUE,TRUE,TRUE,TRUE,TRUE,TRUE,""
"VS_B_A","VS","B",0.2,59,21060059,TRUE,TRUE,TRUE,TRUE,TRUE,TRUE,TRUE,TRUE,""
"VS_B_A","VS","B",0.2,60,21060060,TRUE,TRUE,TRUE,TRUE,TRUE,TRUE,TRUE,TRUE,""
"VS_B_A","VS","B",0.2,61,21060061,TRUE,TRUE,TRUE,TRUE,TRUE,TRUE,TRUE,TRUE,""
"VS_B_A","VS","B",0.2,62,21060062,TRUE,TRUE,TRUE,TRUE,TRUE,TRUE,TRUE,TRUE,""
"VS_B_A","VS","B",0.2,63,21060063,TRUE,TRUE,TRUE,TRUE,TRUE,TRUE,TRUE,TRUE,""
"VS_B_A","VS","B",0.2,64,21060064,TRUE,TRUE,TRUE,TRUE,TRUE,TRUE,TRUE,TRUE,""
"VS_B_A","VS","B",0.2,65,21060065,TRUE,TRUE,TRUE,TRUE,TRUE,TRUE,TRUE,TRUE,""
"VS_B_A","VS","B",0.2,66,21060066,TRUE,TRUE,TRUE,TRUE,TRUE,TRUE,TRUE,TRUE,""
"VS_B_A","VS","B",0.2,67,21060067,TRUE,TRUE,TRUE,TRUE,TRUE,TRUE,TRUE,TRUE,""
"VS_B_A","VS","B",0.2,68,21060068,TRUE,TRUE,TRUE,TRUE,TRUE,TRUE,TRUE,TRUE,""
"VS_B_A","VS","B",0.2,69,21060069,TRUE,TRUE,TRUE,TRUE,TRUE,TRUE,TRUE,TRUE,""
"VS_B_A","VS","B",0.2,70,21060070,TRUE,TRUE,TRUE,TRUE,TRUE,TRUE,TRUE,TRUE,""
"VS_B_A","VS","B",0.2,71,21060071,TRUE,TRUE,TRUE,TRUE,TRUE,TRUE,TRUE,TRUE,""
"VS_B_A","VS","B",0.2,72,21060072,TRUE,TRUE,TRUE,TRUE,TRUE,TRUE,TRUE,TRUE,""
"VS_B_A","VS","B",0.2,73,21060073,TRUE,TRUE,TRUE,TRUE,TRUE,TRUE,TRUE,TRUE,""
"VS_B_A","VS","B",0.2,74,21060074,TRUE,TRUE,TRUE,TRUE,TRUE,TRUE,TRUE,TRUE,""
"VS_B_A","VS","B",0.2,75,21060075,TRUE,TRUE,TRUE,TRUE,TRUE,TRUE,TRUE,TRUE,""
"VS_B_A","VS","B",0.2,76,21060076,TRUE,TRUE,TRUE,TRUE,TRUE,TRUE,TRUE,TRUE,""
"VS_B_A","VS","B",0.2,77,21060077,TRUE,TRUE,TRUE,TRUE,TRUE,TRUE,TRUE,TRUE,""
"VS_B_A","VS","B",0.2,78,21060078,TRUE,TRUE,TRUE,TRUE,TRUE,TRUE,TRUE,TRUE,""
"VS_B_A","VS","B",0.2,79,21060079,TRUE,TRUE,TRUE,TRUE,TRUE,TRUE,TRUE,TRUE,""
"VS_B_A","VS","B",0.2,80,21060080,TRUE,TRUE,TRUE,TRUE,TRUE,TRUE,TRUE,TRUE,""
"VS_B_A","VS","B",0.2,81,21060081,TRUE,TRUE,TRUE,TRUE,TRUE,TRUE,TRUE,TRUE,""
"VS_B_A","VS","B",0.2,82,21060082,TRUE,TRUE,TRUE,TRUE,TRUE,TRUE,TRUE,TRUE,""
"VS_B_A","VS","B",0.2,83,21060083,TRUE,TRUE,TRUE,TRUE,TRUE,TRUE,TRUE,TRUE,""
"VS_B_A","VS","B",0.2,84,21060084,TRUE,TRUE,TRUE,TRUE,TRUE,TRUE,TRUE,TRUE,""
"VS_B_A","VS","B",0.2,85,21060085,TRUE,TRUE,TRUE,TRUE,TRUE,TRUE,TRUE,TRUE,""
"VS_B_A","VS","B",0.2,86,21060086,TRUE,TRUE,TRUE,TRUE,TRUE,TRUE,TRUE,TRUE,""
"VS_B_A","VS","B",0.2,87,21060087,TRUE,TRUE,TRUE,TRUE,TRUE,TRUE,TRUE,TRUE,""
"VS_B_A","VS","B",0.2,88,21060088,TRUE,TRUE,TRUE,TRUE,TRUE,TRUE,TRUE,TRUE,""
"VS_B_A","VS","B",0.2,89,21060089,TRUE,TRUE,TRUE,TRUE,TRUE,TRUE,TRUE,TRUE,""
"VS_B_A","VS","B",0.2,90,21060090,TRUE,TRUE,TRUE,TRUE,TRUE,TRUE,TRUE,TRUE,""
"VS_B_A","VS","B",0.2,91,21060091,TRUE,TRUE,TRUE,TRUE,TRUE,TRUE,TRUE,TRUE,""
"VS_B_A","VS","B",0.2,92,21060092,TRUE,TRUE,TRUE,TRUE,TRUE,TRUE,TRUE,TRUE,""
"VS_B_A","VS","B",0.2,93,21060093,TRUE,TRUE,TRUE,TRUE,TRUE,TRUE,TRUE,TRUE,""
"VS_B_A","VS","B",0.2,94,21060094,TRUE,TRUE,TRUE,TRUE,TRUE,TRUE,TRUE,TRUE,""
"VS_B_A","VS","B",0.2,95,21060095,TRUE,TRUE,TRUE,TRUE,TRUE,TRUE,TRUE,TRUE,""
"VS_B_A","VS","B",0.2,96,21060096,TRUE,TRUE,TRUE,TRUE,TRUE,TRUE,TRUE,TRUE,""
"VS_B_A","VS","B",0.2,97,21060097,TRUE,TRUE,TRUE,TRUE,TRUE,TRUE,TRUE,TRUE,""
"VS_B_A","VS","B",0.2,98,21060098,TRUE,TRUE,TRUE,TRUE,TRUE,TRUE,TRUE,TRUE,""
"VS_B_A","VS","B",0.2,99,21060099,TRUE,TRUE,TRUE,TRUE,TRUE,TRUE,TRUE,TRUE,""
"VS_B_A","VS","B",0.2,100,21060100,TRUE,TRUE,TRUE,TRUE,TRUE,TRUE,TRUE,TRUE,""
"VS_B_A","VS","B",0.2,101,21060101,TRUE,TRUE,TRUE,TRUE,TRUE,TRUE,TRUE,TRUE,""
"VS_B_A","VS","B",0.2,102,21060102,TRUE,TRUE,TRUE,TRUE,TRUE,TRUE,TRUE,TRUE,""
"VS_B_A","VS","B",0.2,103,21060103,TRUE,TRUE,TRUE,TRUE,TRUE,TRUE,TRUE,TRUE,""
"VS_B_A","VS","B",0.2,104,21060104,TRUE,TRUE,TRUE,TRUE,TRUE,TRUE,TRUE,TRUE,""
"VS_B_A","VS","B",0.2,105,21060105,TRUE,TRUE,TRUE,TRUE,TRUE,TRUE,TRUE,TRUE,""
"VS_B_A","VS","B",0.2,106,21060106,TRUE,TRUE,TRUE,TRUE,TRUE,TRUE,TRUE,TRUE,""
"VS_B_A","VS","B",0.2,107,21060107,TRUE,TRUE,TRUE,TRUE,TRUE,TRUE,TRUE,TRUE,""
"VS_B_A","VS","B",0.2,108,21060108,TRUE,TRUE,TRUE,TRUE,TRUE,TRUE,TRUE,TRUE,""
"VS_B_A","VS","B",0.2,109,21060109,TRUE,TRUE,TRUE,TRUE,TRUE,TRUE,TRUE,TRUE,""
"VS_B_A","VS","B",0.2,110,21060110,TRUE,TRUE,TRUE,TRUE,TRUE,TRUE,TRUE,TRUE,""
"VS_B_A","VS","B",0.2,111,21060111,TRUE,TRUE,TRUE,TRUE,TRUE,TRUE,TRUE,TRUE,""
"VS_B_A","VS","B",0.2,112,21060112,TRUE,TRUE,TRUE,TRUE,TRUE,TRUE,TRUE,TRUE,""
"VS_B_A","VS","B",0.2,113,21060113,TRUE,TRUE,TRUE,TRUE,TRUE,TRUE,TRUE,TRUE,""
"VS_B_A","VS","B",0.2,114,21060114,TRUE,TRUE,TRUE,TRUE,TRUE,TRUE,TRUE,TRUE,""
"VS_B_A","VS","B",0.2,115,21060115,TRUE,TRUE,TRUE,TRUE,TRUE,TRUE,TRUE,TRUE,""
"VS_B_A","VS","B",0.2,116,21060116,TRUE,TRUE,TRUE,TRUE,TRUE,TRUE,TRUE,TRUE,""
"VS_B_A","VS","B",0.2,117,21060117,TRUE,TRUE,TRUE,TRUE,TRUE,TRUE,TRUE,TRUE,""
"VS_B_A","VS","B",0.2,118,21060118,TRUE,TRUE,TRUE,TRUE,TRUE,TRUE,TRUE,TRUE,""
"VS_B_A","VS","B",0.2,119,21060119,TRUE,TRUE,TRUE,TRUE,TRUE,TRUE,TRUE,TRUE,""
"VS_B_A","VS","B",0.2,120,21060120,TRUE,TRUE,TRUE,TRUE,TRUE,TRUE,TRUE,TRUE,""
"VS_B_A","VS","B",0.2,121,21060121,TRUE,TRUE,TRUE,TRUE,TRUE,TRUE,TRUE,TRUE,""
"VS_B_A","VS","B",0.2,122,21060122,TRUE,TRUE,TRUE,TRUE,TRUE,TRUE,TRUE,TRUE,""
"VS_B_A","VS","B",0.2,123,21060123,TRUE,TRUE,TRUE,TRUE,TRUE,TRUE,TRUE,TRUE,""
"VS_B_A","VS","B",0.2,124,21060124,TRUE,TRUE,TRUE,TRUE,TRUE,TRUE,TRUE,TRUE,""
"VS_B_A","VS","B",0.2,125,21060125,TRUE,TRUE,TRUE,TRUE,TRUE,TRUE,TRUE,TRUE,""
"VS_B_A","VS","B",0.2,126,21060126,TRUE,TRUE,TRUE,TRUE,TRUE,TRUE,TRUE,TRUE,""
"VS_B_A","VS","B",0.2,127,21060127,TRUE,TRUE,TRUE,TRUE,TRUE,TRUE,TRUE,TRUE,""
"VS_B_A","VS","B",0.2,128,21060128,TRUE,TRUE,TRUE,TRUE,TRUE,TRUE,TRUE,TRUE,""
"VS_B_A","VS","B",0.2,129,21060129,TRUE,TRUE,TRUE,TRUE,TRUE,TRUE,TRUE,TRUE,""
"VS_B_A","VS","B",0.2,130,21060130,TRUE,TRUE,TRUE,TRUE,TRUE,TRUE,TRUE,TRUE,""
"VS_B_A","VS","B",0.2,131,21060131,TRUE,TRUE,TRUE,TRUE,TRUE,TRUE,TRUE,TRUE,""
"VS_B_A","VS","B",0.2,132,21060132,TRUE,TRUE,TRUE,TRUE,TRUE,TRUE,TRUE,TRUE,""
"VS_B_A","VS","B",0.2,133,21060133,TRUE,TRUE,TRUE,TRUE,TRUE,TRUE,TRUE,TRUE,""
"VS_B_A","VS","B",0.2,134,21060134,TRUE,TRUE,TRUE,TRUE,TRUE,TRUE,TRUE,TRUE,""
"VS_B_A","VS","B",0.2,135,21060135,TRUE,TRUE,TRUE,TRUE,TRUE,TRUE,TRUE,TRUE,""
"VS_B_A","VS","B",0.2,136,21060136,TRUE,TRUE,TRUE,TRUE,TRUE,TRUE,TRUE,TRUE,""
"VS_B_A","VS","B",0.2,137,21060137,TRUE,TRUE,TRUE,TRUE,TRUE,TRUE,TRUE,TRUE,""
"VS_B_A","VS","B",0.2,138,21060138,TRUE,TRUE,TRUE,TRUE,TRUE,TRUE,TRUE,TRUE,""
"VS_B_A","VS","B",0.2,139,21060139,TRUE,TRUE,TRUE,TRUE,TRUE,TRUE,TRUE,TRUE,""
"VS_B_A","VS","B",0.2,140,21060140,TRUE,TRUE,TRUE,TRUE,TRUE,TRUE,TRUE,TRUE,""
"VS_B_A","VS","B",0.2,141,21060141,TRUE,TRUE,TRUE,TRUE,TRUE,TRUE,TRUE,TRUE,""
"VS_B_A","VS","B",0.2,142,21060142,TRUE,TRUE,TRUE,TRUE,TRUE,TRUE,TRUE,TRUE,""
"VS_B_A","VS","B",0.2,143,21060143,TRUE,TRUE,TRUE,TRUE,TRUE,TRUE,TRUE,TRUE,""
"VS_B_A","VS","B",0.2,144,21060144,TRUE,TRUE,TRUE,TRUE,TRUE,TRUE,TRUE,TRUE,""
"VS_B_A","VS","B",0.2,145,21060145,TRUE,TRUE,TRUE,TRUE,TRUE,TRUE,TRUE,TRUE,""
"VS_B_A","VS","B",0.2,146,21060146,TRUE,TRUE,TRUE,TRUE,TRUE,TRUE,TRUE,TRUE,""
"VS_B_A","VS","B",0.2,147,21060147,TRUE,TRUE,TRUE,TRUE,TRUE,TRUE,TRUE,TRUE,""
"VS_B_A","VS","B",0.2,148,21060148,TRUE,TRUE,TRUE,TRUE,TRUE,TRUE,TRUE,TRUE,""
"VS_B_A","VS","B",0.2,149,21060149,TRUE,TRUE,TRUE,TRUE,TRUE,TRUE,TRUE,TRUE,""
"VS_B_A","VS","B",0.2,150,21060150,TRUE,TRUE,TRUE,TRUE,TRUE,TRUE,TRUE,TRUE,""
"VS_B_A","VS","B",0.2,151,21060151,TRUE,TRUE,TRUE,TRUE,TRUE,TRUE,TRUE,TRUE,""
"VS_B_A","VS","B",0.2,152,21060152,TRUE,TRUE,TRUE,TRUE,TRUE,TRUE,TRUE,TRUE,""
"VS_B_A","VS","B",0.2,153,21060153,TRUE,TRUE,TRUE,TRUE,TRUE,TRUE,TRUE,TRUE,""
"VS_B_A","VS","B",0.2,154,21060154,TRUE,TRUE,TRUE,TRUE,TRUE,TRUE,TRUE,TRUE,""
"VS_B_A","VS","B",0.2,155,21060155,TRUE,TRUE,TRUE,TRUE,TRUE,TRUE,TRUE,TRUE,""
"VS_B_A","VS","B",0.2,156,21060156,TRUE,TRUE,TRUE,TRUE,TRUE,TRUE,TRUE,TRUE,""
"VS_B_A","VS","B",0.2,157,21060157,TRUE,TRUE,TRUE,TRUE,TRUE,TRUE,TRUE,TRUE,""
"VS_B_A","VS","B",0.2,158,21060158,TRUE,TRUE,TRUE,TRUE,TRUE,TRUE,TRUE,TRUE,""
"VS_B_A","VS","B",0.2,159,21060159,TRUE,TRUE,TRUE,TRUE,TRUE,TRUE,TRUE,TRUE,""
"VS_B_A","VS","B",0.2,160,21060160,TRUE,TRUE,TRUE,TRUE,TRUE,TRUE,TRUE,TRUE,""
"VS_B_A","VS","B",0.2,161,21060161,TRUE,TRUE,TRUE,TRUE,TRUE,TRUE,TRUE,TRUE,""
"VS_B_A","VS","B",0.2,162,21060162,TRUE,TRUE,TRUE,TRUE,TRUE,TRUE,TRUE,TRUE,""
"VS_B_A","VS","B",0.2,163,21060163,TRUE,TRUE,TRUE,TRUE,TRUE,TRUE,TRUE,TRUE,""
"VS_B_A","VS","B",0.2,164,21060164,TRUE,TRUE,TRUE,TRUE,TRUE,TRUE,TRUE,TRUE,""
"VS_B_A","VS","B",0.2,165,21060165,TRUE,TRUE,TRUE,TRUE,TRUE,TRUE,TRUE,TRUE,""
"VS_B_A","VS","B",0.2,166,21060166,TRUE,TRUE,TRUE,TRUE,TRUE,TRUE,TRUE,TRUE,""
"VS_B_A","VS","B",0.2,167,21060167,TRUE,TRUE,TRUE,TRUE,TRUE,TRUE,TRUE,TRUE,""
"VS_B_A","VS","B",0.2,168,21060168,TRUE,TRUE,TRUE,TRUE,TRUE,TRUE,TRUE,TRUE,""
"VS_B_A","VS","B",0.2,169,21060169,TRUE,TRUE,TRUE,TRUE,TRUE,TRUE,TRUE,TRUE,""
"VS_B_A","VS","B",0.2,170,21060170,TRUE,TRUE,TRUE,TRUE,TRUE,TRUE,TRUE,TRUE,""
"VS_B_A","VS","B",0.2,171,21060171,TRUE,TRUE,TRUE,TRUE,TRUE,TRUE,TRUE,TRUE,""
"VS_B_A","VS","B",0.2,172,21060172,TRUE,TRUE,TRUE,TRUE,TRUE,TRUE,TRUE,TRUE,""
"VS_B_A","VS","B",0.2,173,21060173,TRUE,TRUE,TRUE,TRUE,TRUE,TRUE,TRUE,TRUE,""
"VS_B_A","VS","B",0.2,174,21060174,TRUE,TRUE,TRUE,TRUE,TRUE,TRUE,TRUE,TRUE,""
"VS_B_A","VS","B",0.2,175,21060175,TRUE,TRUE,TRUE,TRUE,TRUE,TRUE,TRUE,TRUE,""
"VS_B_A","VS","B",0.2,176,21060176,TRUE,TRUE,TRUE,TRUE,TRUE,TRUE,TRUE,TRUE,""
"VS_B_A","VS","B",0.2,177,21060177,TRUE,TRUE,TRUE,TRUE,TRUE,TRUE,TRUE,TRUE,""
"VS_B_A","VS","B",0.2,178,21060178,TRUE,TRUE,TRUE,TRUE,TRUE,TRUE,TRUE,TRUE,""
"VS_B_A","VS","B",0.2,179,21060179,TRUE,TRUE,TRUE,TRUE,TRUE,TRUE,TRUE,TRUE,""
"VS_B_A","VS","B",0.2,180,21060180,TRUE,TRUE,TRUE,TRUE,TRUE,TRUE,TRUE,TRUE,""
"VS_B_A","VS","B",0.2,181,21060181,TRUE,TRUE,TRUE,TRUE,TRUE,TRUE,TRUE,TRUE,""
"VS_B_A","VS","B",0.2,182,21060182,TRUE,TRUE,TRUE,TRUE,TRUE,TRUE,TRUE,TRUE,""
"VS_B_A","VS","B",0.2,183,21060183,TRUE,TRUE,TRUE,TRUE,TRUE,TRUE,TRUE,TRUE,""
"VS_B_A","VS","B",0.2,184,21060184,TRUE,TRUE,TRUE,TRUE,TRUE,TRUE,TRUE,TRUE,""
"VS_B_A","VS","B",0.2,185,21060185,TRUE,TRUE,TRUE,TRUE,TRUE,TRUE,TRUE,TRUE,""
"VS_B_A","VS","B",0.2,186,21060186,TRUE,TRUE,TRUE,TRUE,TRUE,TRUE,TRUE,TRUE,""
"VS_B_A","VS","B",0.2,187,21060187,TRUE,TRUE,TRUE,TRUE,TRUE,TRUE,TRUE,TRUE,""
"VS_B_A","VS","B",0.2,188,21060188,TRUE,TRUE,TRUE,TRUE,TRUE,TRUE,TRUE,TRUE,""
"VS_B_A","VS","B",0.2,189,21060189,TRUE,TRUE,TRUE,TRUE,TRUE,TRUE,TRUE,TRUE,""
"VS_B_A","VS","B",0.2,190,21060190,TRUE,TRUE,TRUE,TRUE,TRUE,TRUE,TRUE,TRUE,""
"VS_B_A","VS","B",0.2,191,21060191,TRUE,TRUE,TRUE,TRUE,TRUE,TRUE,TRUE,TRUE,""
"VS_B_A","VS","B",0.2,192,21060192,TRUE,TRUE,TRUE,TRUE,TRUE,TRUE,TRUE,TRUE,""
"VS_B_A","VS","B",0.2,193,21060193,TRUE,TRUE,TRUE,TRUE,TRUE,TRUE,TRUE,TRUE,""
"VS_B_A","VS","B",0.2,194,21060194,TRUE,TRUE,TRUE,TRUE,TRUE,TRUE,TRUE,TRUE,""
"VS_B_A","VS","B",0.2,195,21060195,TRUE,TRUE,TRUE,TRUE,TRUE,TRUE,TRUE,TRUE,""
"VS_B_A","VS","B",0.2,196,21060196,TRUE,TRUE,TRUE,TRUE,TRUE,TRUE,TRUE,TRUE,""
"VS_B_A","VS","B",0.2,197,21060197,TRUE,TRUE,TRUE,TRUE,TRUE,TRUE,TRUE,TRUE,""
"VS_B_A","VS","B",0.2,198,21060198,TRUE,TRUE,TRUE,TRUE,TRUE,TRUE,TRUE,TRUE,""
"VS_B_A","VS","B",0.2,199,21060199,TRUE,TRUE,TRUE,TRUE,TRUE,TRUE,TRUE,TRUE,""
"VS_B_A","VS","B",0.2,200,21060200,TRUE,TRUE,TRUE,TRUE,TRUE,TRUE,TRUE,TRUE,""
"VS_B_A","VS","B",0.2,201,21060201,TRUE,TRUE,TRUE,TRUE,TRUE,TRUE,TRUE,TRUE,""
"VS_B_A","VS","B",0.2,202,21060202,TRUE,TRUE,TRUE,TRUE,TRUE,TRUE,TRUE,TRUE,""
"VS_B_A","VS","B",0.2,203,21060203,TRUE,TRUE,TRUE,TRUE,TRUE,TRUE,TRUE,TRUE,""
"VS_B_A","VS","B",0.2,204,21060204,TRUE,TRUE,TRUE,TRUE,TRUE,TRUE,TRUE,TRUE,""
"VS_B_A","VS","B",0.2,205,21060205,TRUE,TRUE,TRUE,TRUE,TRUE,TRUE,TRUE,TRUE,""
"VS_B_A","VS","B",0.2,206,21060206,TRUE,TRUE,TRUE,TRUE,TRUE,TRUE,TRUE,TRUE,""
"VS_B_A","VS","B",0.2,207,21060207,TRUE,TRUE,TRUE,TRUE,TRUE,TRUE,TRUE,TRUE,""
"VS_B_A","VS","B",0.2,208,21060208,TRUE,TRUE,TRUE,TRUE,TRUE,TRUE,TRUE,TRUE,""
"VS_B_A","VS","B",0.2,209,21060209,TRUE,TRUE,TRUE,TRUE,TRUE,TRUE,TRUE,TRUE,""
"VS_B_A","VS","B",0.2,210,21060210,TRUE,TRUE,TRUE,TRUE,TRUE,TRUE,TRUE,TRUE,""
"VS_B_A","VS","B",0.2,211,21060211,TRUE,TRUE,TRUE,TRUE,TRUE,TRUE,TRUE,TRUE,""
"VS_B_A","VS","B",0.2,212,21060212,TRUE,TRUE,TRUE,TRUE,TRUE,TRUE,TRUE,TRUE,""
"VS_B_A","VS","B",0.2,213,21060213,TRUE,TRUE,TRUE,TRUE,TRUE,TRUE,TRUE,TRUE,""
"VS_B_A","VS","B",0.2,214,21060214,TRUE,TRUE,TRUE,TRUE,TRUE,TRUE,TRUE,TRUE,""
"VS_B_A","VS","B",0.2,215,21060215,TRUE,TRUE,TRUE,TRUE,TRUE,TRUE,TRUE,TRUE,""
"VS_B_A","VS","B",0.2,216,21060216,TRUE,TRUE,TRUE,TRUE,TRUE,TRUE,TRUE,TRUE,""
"VS_B_A","VS","B",0.2,217,21060217,TRUE,TRUE,TRUE,TRUE,TRUE,TRUE,TRUE,TRUE,""
"VS_B_A","VS","B",0.2,218,21060218,TRUE,TRUE,TRUE,TRUE,TRUE,TRUE,TRUE,TRUE,""
"VS_B_A","VS","B",0.2,219,21060219,TRUE,TRUE,TRUE,TRUE,TRUE,TRUE,TRUE,TRUE,""
"VS_B_A","VS","B",0.2,220,21060220,TRUE,TRUE,TRUE,TRUE,TRUE,TRUE,TRUE,TRUE,""
"VS_B_A","VS","B",0.2,221,21060221,TRUE,TRUE,TRUE,TRUE,TRUE,TRUE,TRUE,TRUE,""
"VS_B_A","VS","B",0.2,222,21060222,TRUE,TRUE,TRUE,TRUE,TRUE,TRUE,TRUE,TRUE,""
"VS_B_A","VS","B",0.2,223,21060223,TRUE,TRUE,TRUE,TRUE,TRUE,TRUE,TRUE,TRUE,""
"VS_B_A","VS","B",0.2,224,21060224,TRUE,TRUE,TRUE,TRUE,TRUE,TRUE,TRUE,TRUE,""
"VS_B_A","VS","B",0.2,225,21060225,TRUE,TRUE,TRUE,TRUE,TRUE,TRUE,TRUE,TRUE,""
"VS_B_A","VS","B",0.2,226,21060226,TRUE,TRUE,TRUE,TRUE,TRUE,TRUE,TRUE,TRUE,""
"VS_B_A","VS","B",0.2,227,21060227,TRUE,TRUE,TRUE,TRUE,TRUE,TRUE,TRUE,TRUE,""
"VS_B_A","VS","B",0.2,228,21060228,TRUE,TRUE,TRUE,TRUE,TRUE,TRUE,TRUE,TRUE,""
"VS_B_A","VS","B",0.2,229,21060229,TRUE,TRUE,TRUE,TRUE,TRUE,TRUE,TRUE,TRUE,""
"VS_B_A","VS","B",0.2,230,21060230,TRUE,TRUE,TRUE,TRUE,TRUE,TRUE,TRUE,TRUE,""
"VS_B_A","VS","B",0.2,231,21060231,TRUE,TRUE,TRUE,TRUE,TRUE,TRUE,TRUE,TRUE,""
"VS_B_A","VS","B",0.2,232,21060232,TRUE,TRUE,TRUE,TRUE,TRUE,TRUE,TRUE,TRUE,""
"VS_B_A","VS","B",0.2,233,21060233,TRUE,TRUE,TRUE,TRUE,TRUE,TRUE,TRUE,TRUE,""
"VS_B_A","VS","B",0.2,234,21060234,TRUE,TRUE,TRUE,TRUE,TRUE,TRUE,TRUE,TRUE,""
"VS_B_A","VS","B",0.2,235,21060235,TRUE,TRUE,TRUE,TRUE,TRUE,TRUE,TRUE,TRUE,""
"VS_B_A","VS","B",0.2,236,21060236,TRUE,TRUE,TRUE,TRUE,TRUE,TRUE,TRUE,TRUE,""
"VS_B_A","VS","B",0.2,237,21060237,TRUE,TRUE,TRUE,TRUE,TRUE,TRUE,TRUE,TRUE,""
"VS_B_A","VS","B",0.2,238,21060238,TRUE,TRUE,TRUE,TRUE,TRUE,TRUE,TRUE,TRUE,""
"VS_B_A","VS","B",0.2,239,21060239,TRUE,TRUE,TRUE,TRUE,TRUE,TRUE,TRUE,TRUE,""
"VS_B_A","VS","B",0.2,240,21060240,TRUE,TRUE,TRUE,TRUE,TRUE,TRUE,TRUE,TRUE,""
"VS_B_A","VS","B",0.2,241,21060241,TRUE,TRUE,TRUE,TRUE,TRUE,TRUE,TRUE,TRUE,""
"VS_B_A","VS","B",0.2,242,21060242,TRUE,TRUE,TRUE,TRUE,TRUE,TRUE,TRUE,TRUE,""
"VS_B_A","VS","B",0.2,243,21060243,TRUE,TRUE,TRUE,TRUE,TRUE,TRUE,TRUE,TRUE,""
"VS_B_A","VS","B",0.2,244,21060244,TRUE,TRUE,TRUE,TRUE,TRUE,TRUE,TRUE,TRUE,""
"VS_B_A","VS","B",0.2,245,21060245,TRUE,TRUE,TRUE,TRUE,TRUE,TRUE,TRUE,TRUE,""
"VS_B_A","VS","B",0.2,246,21060246,TRUE,TRUE,TRUE,TRUE,TRUE,TRUE,TRUE,TRUE,""
"VS_B_A","VS","B",0.2,247,21060247,TRUE,TRUE,TRUE,TRUE,TRUE,TRUE,TRUE,TRUE,""
"VS_B_A","VS","B",0.2,248,21060248,TRUE,TRUE,TRUE,TRUE,TRUE,TRUE,TRUE,TRUE,""
"VS_B_A","VS","B",0.2,249,21060249,TRUE,TRUE,TRUE,TRUE,TRUE,TRUE,TRUE,TRUE,""
"VS_B_A","VS","B",0.2,250,21060250,TRUE,TRUE,TRUE,TRUE,TRUE,TRUE,TRUE,TRUE,""
"VS_B_A","VS","B",0.2,251,21060251,TRUE,TRUE,TRUE,TRUE,TRUE,TRUE,TRUE,TRUE,""
"VS_B_A","VS","B",0.2,252,21060252,TRUE,TRUE,TRUE,TRUE,TRUE,TRUE,TRUE,TRUE,""
"VS_B_A","VS","B",0.2,253,21060253,TRUE,TRUE,TRUE,TRUE,TRUE,TRUE,TRUE,TRUE,""
"VS_B_A","VS","B",0.2,254,21060254,TRUE,TRUE,TRUE,TRUE,TRUE,TRUE,TRUE,TRUE,""
"VS_B_A","VS","B",0.2,255,21060255,TRUE,TRUE,TRUE,TRUE,TRUE,TRUE,TRUE,TRUE,""
"VS_B_A","VS","B",0.2,256,21060256,TRUE,TRUE,TRUE,TRUE,TRUE,TRUE,TRUE,TRUE,""
"VS_B_A","VS","B",0.2,257,21060257,TRUE,TRUE,TRUE,TRUE,TRUE,TRUE,TRUE,TRUE,""
"VS_B_A","VS","B",0.2,258,21060258,TRUE,TRUE,TRUE,TRUE,TRUE,TRUE,TRUE,TRUE,""
"VS_B_A","VS","B",0.2,259,21060259,TRUE,TRUE,TRUE,TRUE,TRUE,TRUE,TRUE,TRUE,""
"VS_B_A","VS","B",0.2,260,21060260,TRUE,TRUE,TRUE,TRUE,TRUE,TRUE,TRUE,TRUE,""
"VS_B_A","VS","B",0.2,261,21060261,TRUE,TRUE,TRUE,TRUE,TRUE,TRUE,TRUE,TRUE,""
"VS_B_A","VS","B",0.2,262,21060262,TRUE,TRUE,TRUE,TRUE,TRUE,TRUE,TRUE,TRUE,""
"VS_B_A","VS","B",0.2,263,21060263,TRUE,TRUE,TRUE,TRUE,TRUE,TRUE,TRUE,TRUE,""
"VS_B_A","VS","B",0.2,264,21060264,TRUE,TRUE,TRUE,TRUE,TRUE,TRUE,TRUE,TRUE,""
"VS_B_A","VS","B",0.2,265,21060265,TRUE,TRUE,TRUE,TRUE,TRUE,TRUE,TRUE,TRUE,""
"VS_B_A","VS","B",0.2,266,21060266,TRUE,TRUE,TRUE,TRUE,TRUE,TRUE,TRUE,TRUE,""
"VS_B_A","VS","B",0.2,267,21060267,TRUE,TRUE,TRUE,TRUE,TRUE,TRUE,TRUE,TRUE,""
"VS_B_A","VS","B",0.2,268,21060268,TRUE,TRUE,TRUE,TRUE,TRUE,TRUE,TRUE,TRUE,""
"VS_B_A","VS","B",0.2,269,21060269,TRUE,TRUE,TRUE,TRUE,TRUE,TRUE,TRUE,TRUE,""
"VS_B_A","VS","B",0.2,270,21060270,TRUE,TRUE,TRUE,TRUE,TRUE,TRUE,TRUE,TRUE,""
"VS_B_A","VS","B",0.2,271,21060271,TRUE,TRUE,TRUE,TRUE,TRUE,TRUE,TRUE,TRUE,""
"VS_B_A","VS","B",0.2,272,21060272,TRUE,TRUE,TRUE,TRUE,TRUE,TRUE,TRUE,TRUE,""
"VS_B_A","VS","B",0.2,273,21060273,TRUE,TRUE,TRUE,TRUE,TRUE,TRUE,TRUE,TRUE,""
"VS_B_A","VS","B",0.2,274,21060274,TRUE,TRUE,TRUE,TRUE,TRUE,TRUE,TRUE,TRUE,""
"VS_B_A","VS","B",0.2,275,21060275,TRUE,TRUE,TRUE,TRUE,TRUE,TRUE,TRUE,TRUE,""
"VS_B_A","VS","B",0.2,276,21060276,TRUE,TRUE,TRUE,TRUE,TRUE,TRUE,TRUE,TRUE,""
"VS_B_A","VS","B",0.2,277,21060277,TRUE,TRUE,TRUE,TRUE,TRUE,TRUE,TRUE,TRUE,""
"VS_B_A","VS","B",0.2,278,21060278,TRUE,TRUE,TRUE,TRUE,TRUE,TRUE,TRUE,TRUE,""
"VS_B_A","VS","B",0.2,279,21060279,TRUE,TRUE,TRUE,TRUE,TRUE,TRUE,TRUE,TRUE,""
"VS_B_A","VS","B",0.2,280,21060280,TRUE,TRUE,TRUE,TRUE,TRUE,TRUE,TRUE,TRUE,""
"VS_B_A","VS","B",0.2,281,21060281,TRUE,TRUE,TRUE,TRUE,TRUE,TRUE,TRUE,TRUE,""
"VS_B_A","VS","B",0.2,282,21060282,TRUE,TRUE,TRUE,TRUE,TRUE,TRUE,TRUE,TRUE,""
"VS_B_A","VS","B",0.2,283,21060283,TRUE,TRUE,TRUE,TRUE,TRUE,TRUE,TRUE,TRUE,""
"VS_B_A","VS","B",0.2,284,21060284,TRUE,TRUE,TRUE,TRUE,TRUE,TRUE,TRUE,TRUE,""
"VS_B_A","VS","B",0.2,285,21060285,TRUE,TRUE,TRUE,TRUE,TRUE,TRUE,TRUE,TRUE,""
"VS_B_A","VS","B",0.2,286,21060286,TRUE,TRUE,TRUE,TRUE,TRUE,TRUE,TRUE,TRUE,""
"VS_B_A","VS","B",0.2,287,21060287,TRUE,TRUE,TRUE,TRUE,TRUE,TRUE,TRUE,TRUE,""
"VS_B_A","VS","B",0.2,288,21060288,TRUE,TRUE,TRUE,TRUE,TRUE,TRUE,TRUE,TRUE,""
"VS_B_A","VS","B",0.2,289,21060289,TRUE,TRUE,TRUE,TRUE,TRUE,TRUE,TRUE,TRUE,""
"VS_B_A","VS","B",0.2,290,21060290,TRUE,TRUE,TRUE,TRUE,TRUE,TRUE,TRUE,TRUE,""
"VS_B_A","VS","B",0.2,291,21060291,TRUE,TRUE,TRUE,TRUE,TRUE,TRUE,TRUE,TRUE,""
"VS_B_A","VS","B",0.2,292,21060292,TRUE,TRUE,TRUE,TRUE,TRUE,TRUE,TRUE,TRUE,""
"VS_B_A","VS","B",0.2,293,21060293,TRUE,TRUE,TRUE,TRUE,TRUE,TRUE,TRUE,TRUE,""
"VS_B_A","VS","B",0.2,294,21060294,TRUE,TRUE,TRUE,TRUE,TRUE,TRUE,TRUE,TRUE,""
"VS_B_A","VS","B",0.2,295,21060295,TRUE,TRUE,TRUE,TRUE,TRUE,TRUE,TRUE,TRUE,""
"VS_B_A","VS","B",0.2,296,21060296,TRUE,TRUE,TRUE,TRUE,TRUE,TRUE,TRUE,TRUE,""
"VS_B_A","VS","B",0.2,297,21060297,TRUE,TRUE,TRUE,TRUE,TRUE,TRUE,TRUE,TRUE,""
"VS_B_A","VS","B",0.2,298,21060298,TRUE,TRUE,TRUE,TRUE,TRUE,TRUE,TRUE,TRUE,""
"VS_B_A","VS","B",0.2,299,21060299,TRUE,TRUE,TRUE,TRUE,TRUE,TRUE,TRUE,TRUE,""
"VS_B_A","VS","B",0.2,300,21060300,TRUE,TRUE,TRUE,TRUE,TRUE,TRUE,TRUE,TRUE,""
"VS_B_A","VS","B",0.2,301,21060301,TRUE,TRUE,TRUE,TRUE,TRUE,TRUE,TRUE,TRUE,""
"VS_B_A","VS","B",0.2,302,21060302,TRUE,TRUE,TRUE,TRUE,TRUE,TRUE,TRUE,TRUE,""
"VS_B_A","VS","B",0.2,303,21060303,TRUE,TRUE,TRUE,TRUE,TRUE,TRUE,TRUE,TRUE,""
"VS_B_A","VS","B",0.2,304,21060304,TRUE,TRUE,TRUE,TRUE,TRUE,TRUE,TRUE,TRUE,""
"VS_B_A","VS","B",0.2,305,21060305,TRUE,TRUE,TRUE,TRUE,TRUE,TRUE,TRUE,TRUE,""
"VS_B_A","VS","B",0.2,306,21060306,TRUE,TRUE,TRUE,TRUE,TRUE,TRUE,TRUE,TRUE,""
"VS_B_A","VS","B",0.2,307,21060307,TRUE,TRUE,TRUE,TRUE,TRUE,TRUE,TRUE,TRUE,""
"VS_B_A","VS","B",0.2,308,21060308,TRUE,TRUE,TRUE,TRUE,TRUE,TRUE,TRUE,TRUE,""
"VS_B_A","VS","B",0.2,309,21060309,TRUE,TRUE,TRUE,TRUE,TRUE,TRUE,TRUE,TRUE,""
"VS_B_A","VS","B",0.2,310,21060310,TRUE,TRUE,TRUE,TRUE,TRUE,TRUE,TRUE,TRUE,""
"VS_B_A","VS","B",0.2,311,21060311,TRUE,TRUE,TRUE,TRUE,TRUE,TRUE,TRUE,TRUE,""
"VS_B_A","VS","B",0.2,312,21060312,TRUE,TRUE,TRUE,TRUE,TRUE,TRUE,TRUE,TRUE,""
"VS_B_A","VS","B",0.2,313,21060313,TRUE,TRUE,TRUE,TRUE,TRUE,TRUE,TRUE,TRUE,""
"VS_B_A","VS","B",0.2,314,21060314,TRUE,TRUE,TRUE,TRUE,TRUE,TRUE,TRUE,TRUE,""
"VS_B_A","VS","B",0.2,315,21060315,TRUE,TRUE,TRUE,TRUE,TRUE,TRUE,TRUE,TRUE,""
"VS_B_A","VS","B",0.2,316,21060316,TRUE,TRUE,TRUE,TRUE,TRUE,TRUE,TRUE,TRUE,""
"VS_B_A","VS","B",0.2,317,21060317,TRUE,TRUE,TRUE,TRUE,TRUE,TRUE,TRUE,TRUE,""
"VS_B_A","VS","B",0.2,318,21060318,TRUE,TRUE,TRUE,TRUE,TRUE,TRUE,TRUE,TRUE,""
"VS_B_A","VS","B",0.2,319,21060319,TRUE,TRUE,TRUE,TRUE,TRUE,TRUE,TRUE,TRUE,""
"VS_B_A","VS","B",0.2,320,21060320,TRUE,TRUE,TRUE,TRUE,TRUE,TRUE,TRUE,TRUE,""
"VS_B_A","VS","B",0.2,321,21060321,TRUE,TRUE,TRUE,TRUE,TRUE,TRUE,TRUE,TRUE,""
"VS_B_A","VS","B",0.2,322,21060322,TRUE,TRUE,TRUE,TRUE,TRUE,TRUE,TRUE,TRUE,""
"VS_B_A","VS","B",0.2,323,21060323,TRUE,TRUE,TRUE,TRUE,TRUE,TRUE,TRUE,TRUE,""
"VS_B_A","VS","B",0.2,324,21060324,TRUE,TRUE,TRUE,TRUE,TRUE,TRUE,TRUE,TRUE,""
"VS_B_A","VS","B",0.2,325,21060325,TRUE,TRUE,TRUE,TRUE,TRUE,TRUE,TRUE,TRUE,""
"VS_B_A","VS","B",0.2,326,21060326,TRUE,TRUE,TRUE,TRUE,TRUE,TRUE,TRUE,TRUE,""
"VS_B_A","VS","B",0.2,327,21060327,TRUE,TRUE,TRUE,TRUE,TRUE,TRUE,TRUE,TRUE,""
"VS_B_A","VS","B",0.2,328,21060328,TRUE,TRUE,TRUE,TRUE,TRUE,TRUE,TRUE,TRUE,""
"VS_B_A","VS","B",0.2,329,21060329,TRUE,TRUE,TRUE,TRUE,TRUE,TRUE,TRUE,TRUE,""
"VS_B_A","VS","B",0.2,330,21060330,TRUE,TRUE,TRUE,TRUE,TRUE,TRUE,TRUE,TRUE,""
"VS_B_A","VS","B",0.2,331,21060331,TRUE,TRUE,TRUE,TRUE,TRUE,TRUE,TRUE,TRUE,""
"VS_B_A","VS","B",0.2,332,21060332,TRUE,TRUE,TRUE,TRUE,TRUE,TRUE,TRUE,TRUE,""
"VS_B_A","VS","B",0.2,333,21060333,TRUE,TRUE,TRUE,TRUE,TRUE,TRUE,TRUE,TRUE,""
"VS_B_A","VS","B",0.2,334,21060334,TRUE,TRUE,TRUE,TRUE,TRUE,TRUE,TRUE,TRUE,""
"VS_B_A","VS","B",0.2,335,21060335,TRUE,TRUE,TRUE,TRUE,TRUE,TRUE,TRUE,TRUE,""
"VS_B_A","VS","B",0.2,336,21060336,TRUE,TRUE,TRUE,TRUE,TRUE,TRUE,TRUE,TRUE,""
"VS_B_A","VS","B",0.2,337,21060337,TRUE,TRUE,TRUE,TRUE,TRUE,TRUE,TRUE,TRUE,""
"VS_B_A","VS","B",0.2,338,21060338,TRUE,TRUE,TRUE,TRUE,TRUE,TRUE,TRUE,TRUE,""
"VS_B_A","VS","B",0.2,339,21060339,TRUE,TRUE,TRUE,TRUE,TRUE,TRUE,TRUE,TRUE,""
"VS_B_A","VS","B",0.2,340,21060340,TRUE,TRUE,TRUE,TRUE,TRUE,TRUE,TRUE,TRUE,""
"VS_B_A","VS","B",0.2,341,21060341,TRUE,TRUE,TRUE,TRUE,TRUE,TRUE,TRUE,TRUE,""
"VS_B_A","VS","B",0.2,342,21060342,TRUE,TRUE,TRUE,TRUE,TRUE,TRUE,TRUE,TRUE,""
"VS_B_A","VS","B",0.2,343,21060343,TRUE,TRUE,TRUE,TRUE,TRUE,TRUE,TRUE,TRUE,""
"VS_B_A","VS","B",0.2,344,21060344,TRUE,TRUE,TRUE,TRUE,TRUE,TRUE,TRUE,TRUE,""
"VS_B_A","VS","B",0.2,345,21060345,TRUE,TRUE,TRUE,TRUE,TRUE,TRUE,TRUE,TRUE,""
"VS_B_A","VS","B",0.2,346,21060346,TRUE,TRUE,TRUE,TRUE,TRUE,TRUE,TRUE,TRUE,""
"VS_B_A","VS","B",0.2,347,21060347,TRUE,TRUE,TRUE,TRUE,TRUE,TRUE,TRUE,TRUE,""
"VS_B_A","VS","B",0.2,348,21060348,TRUE,TRUE,TRUE,TRUE,TRUE,TRUE,TRUE,TRUE,""
"VS_B_A","VS","B",0.2,349,21060349,TRUE,TRUE,TRUE,TRUE,TRUE,TRUE,TRUE,TRUE,""
"VS_B_A","VS","B",0.2,350,21060350,TRUE,TRUE,TRUE,TRUE,TRUE,TRUE,TRUE,TRUE,""
"VS_B_A","VS","B",0.2,351,21060351,TRUE,TRUE,TRUE,TRUE,TRUE,TRUE,TRUE,TRUE,""
"VS_B_A","VS","B",0.2,352,21060352,TRUE,TRUE,TRUE,TRUE,TRUE,TRUE,TRUE,TRUE,""
"VS_B_A","VS","B",0.2,353,21060353,TRUE,TRUE,TRUE,TRUE,TRUE,TRUE,TRUE,TRUE,""
"VS_B_A","VS","B",0.2,354,21060354,TRUE,TRUE,TRUE,TRUE,TRUE,TRUE,TRUE,TRUE,""
"VS_B_A","VS","B",0.2,355,21060355,TRUE,TRUE,TRUE,TRUE,TRUE,TRUE,TRUE,TRUE,""
"VS_B_A","VS","B",0.2,356,21060356,TRUE,TRUE,TRUE,TRUE,TRUE,TRUE,TRUE,TRUE,""
"VS_B_A","VS","B",0.2,357,21060357,TRUE,TRUE,TRUE,TRUE,TRUE,TRUE,TRUE,TRUE,""
"VS_B_A","VS","B",0.2,358,21060358,TRUE,TRUE,TRUE,TRUE,TRUE,TRUE,TRUE,TRUE,""
"VS_B_A","VS","B",0.2,359,21060359,TRUE,TRUE,TRUE,TRUE,TRUE,TRUE,TRUE,TRUE,""
"VS_B_A","VS","B",0.2,360,21060360,TRUE,TRUE,TRUE,TRUE,TRUE,TRUE,TRUE,TRUE,""
"VS_B_A","VS","B",0.2,361,21060361,TRUE,TRUE,TRUE,TRUE,TRUE,TRUE,TRUE,TRUE,""
"VS_B_A","VS","B",0.2,362,21060362,TRUE,TRUE,TRUE,TRUE,TRUE,TRUE,TRUE,TRUE,""
"VS_B_A","VS","B",0.2,363,21060363,TRUE,TRUE,TRUE,TRUE,TRUE,TRUE,TRUE,TRUE,""
"VS_B_A","VS","B",0.2,364,21060364,TRUE,TRUE,TRUE,TRUE,TRUE,TRUE,TRUE,TRUE,""
"VS_B_A","VS","B",0.2,365,21060365,TRUE,TRUE,TRUE,TRUE,TRUE,TRUE,TRUE,TRUE,""
"VS_B_A","VS","B",0.2,366,21060366,TRUE,TRUE,TRUE,TRUE,TRUE,TRUE,TRUE,TRUE,""
"VS_B_A","VS","B",0.2,367,21060367,TRUE,TRUE,TRUE,TRUE,TRUE,TRUE,TRUE,TRUE,""
"VS_B_A","VS","B",0.2,368,21060368,TRUE,TRUE,TRUE,TRUE,TRUE,TRUE,TRUE,TRUE,""
"VS_B_A","VS","B",0.2,369,21060369,TRUE,TRUE,TRUE,TRUE,TRUE,TRUE,TRUE,TRUE,""
"VS_B_A","VS","B",0.2,370,21060370,TRUE,TRUE,TRUE,TRUE,TRUE,TRUE,TRUE,TRUE,""
"VS_B_A","VS","B",0.2,371,21060371,TRUE,TRUE,TRUE,TRUE,TRUE,TRUE,TRUE,TRUE,""
"VS_B_A","VS","B",0.2,372,21060372,TRUE,TRUE,TRUE,TRUE,TRUE,TRUE,TRUE,TRUE,""
"VS_B_A","VS","B",0.2,373,21060373,TRUE,TRUE,TRUE,TRUE,TRUE,TRUE,TRUE,TRUE,""
"VS_B_A","VS","B",0.2,374,21060374,TRUE,TRUE,TRUE,TRUE,TRUE,TRUE,TRUE,TRUE,""
"VS_B_A","VS","B",0.2,375,21060375,TRUE,TRUE,TRUE,TRUE,TRUE,TRUE,TRUE,TRUE,""
"VS_B_A","VS","B",0.2,376,21060376,TRUE,TRUE,TRUE,TRUE,TRUE,TRUE,TRUE,TRUE,""
"VS_B_A","VS","B",0.2,377,21060377,TRUE,TRUE,TRUE,TRUE,TRUE,TRUE,TRUE,TRUE,""
"VS_B_A","VS","B",0.2,378,21060378,TRUE,TRUE,TRUE,TRUE,TRUE,TRUE,TRUE,TRUE,""
"VS_B_A","VS","B",0.2,379,21060379,TRUE,TRUE,TRUE,TRUE,TRUE,TRUE,TRUE,TRUE,""
"VS_B_A","VS","B",0.2,380,21060380,TRUE,TRUE,TRUE,TRUE,TRUE,TRUE,TRUE,TRUE,""
"VS_B_A","VS","B",0.2,381,21060381,TRUE,TRUE,TRUE,TRUE,TRUE,TRUE,TRUE,TRUE,""
"VS_B_A","VS","B",0.2,382,21060382,TRUE,TRUE,TRUE,TRUE,TRUE,TRUE,TRUE,TRUE,""
"VS_B_A","VS","B",0.2,383,21060383,TRUE,TRUE,TRUE,TRUE,TRUE,TRUE,TRUE,TRUE,""
"VS_B_A","VS","B",0.2,384,21060384,TRUE,TRUE,TRUE,TRUE,TRUE,TRUE,TRUE,TRUE,""
"VS_B_A","VS","B",0.2,385,21060385,TRUE,TRUE,TRUE,TRUE,TRUE,TRUE,TRUE,TRUE,""
"VS_B_A","VS","B",0.2,386,21060386,TRUE,TRUE,TRUE,TRUE,TRUE,TRUE,TRUE,TRUE,""
"VS_B_A","VS","B",0.2,387,21060387,TRUE,TRUE,TRUE,TRUE,TRUE,TRUE,TRUE,TRUE,""
"VS_B_A","VS","B",0.2,388,21060388,TRUE,TRUE,TRUE,TRUE,TRUE,TRUE,TRUE,TRUE,""
"VS_B_A","VS","B",0.2,389,21060389,TRUE,TRUE,TRUE,TRUE,TRUE,TRUE,TRUE,TRUE,""
"VS_B_A","VS","B",0.2,390,21060390,TRUE,TRUE,TRUE,TRUE,TRUE,TRUE,TRUE,TRUE,""
"VS_B_A","VS","B",0.2,391,21060391,TRUE,TRUE,TRUE,TRUE,TRUE,TRUE,TRUE,TRUE,""
"VS_B_A","VS","B",0.2,392,21060392,TRUE,TRUE,TRUE,TRUE,TRUE,TRUE,TRUE,TRUE,""
"VS_B_A","VS","B",0.2,393,21060393,TRUE,TRUE,TRUE,TRUE,TRUE,TRUE,TRUE,TRUE,""
"VS_B_A","VS","B",0.2,394,21060394,TRUE,TRUE,TRUE,TRUE,TRUE,TRUE,TRUE,TRUE,""
"VS_B_A","VS","B",0.2,395,21060395,TRUE,TRUE,TRUE,TRUE,TRUE,TRUE,TRUE,TRUE,""
"VS_B_A","VS","B",0.2,396,21060396,TRUE,TRUE,TRUE,TRUE,TRUE,TRUE,TRUE,TRUE,""
"VS_B_A","VS","B",0.2,397,21060397,TRUE,TRUE,TRUE,TRUE,TRUE,TRUE,TRUE,TRUE,""
"VS_B_A","VS","B",0.2,398,21060398,TRUE,TRUE,TRUE,TRUE,TRUE,TRUE,TRUE,TRUE,""
"VS_B_A","VS","B",0.2,399,21060399,TRUE,TRUE,TRUE,TRUE,TRUE,TRUE,TRUE,TRUE,""
"VS_B_A","VS","B",0.2,400,21060400,TRUE,TRUE,TRUE,TRUE,TRUE,TRUE,TRUE,TRUE,""
"VS_B_A","VS","B",0.2,401,21060401,TRUE,TRUE,TRUE,TRUE,TRUE,TRUE,TRUE,TRUE,""
"VS_B_A","VS","B",0.2,402,21060402,TRUE,TRUE,TRUE,TRUE,TRUE,TRUE,TRUE,TRUE,""
"VS_B_A","VS","B",0.2,403,21060403,TRUE,TRUE,TRUE,TRUE,TRUE,TRUE,TRUE,TRUE,""
"VS_B_A","VS","B",0.2,404,21060404,TRUE,TRUE,TRUE,TRUE,TRUE,TRUE,TRUE,TRUE,""
"VS_B_A","VS","B",0.2,405,21060405,TRUE,TRUE,TRUE,TRUE,TRUE,TRUE,TRUE,TRUE,""
"VS_B_A","VS","B",0.2,406,21060406,TRUE,TRUE,TRUE,TRUE,TRUE,TRUE,TRUE,TRUE,""
"VS_B_A","VS","B",0.2,407,21060407,TRUE,TRUE,TRUE,TRUE,TRUE,TRUE,TRUE,TRUE,""
"VS_B_A","VS","B",0.2,408,21060408,TRUE,TRUE,TRUE,TRUE,TRUE,TRUE,TRUE,TRUE,""
"VS_B_A","VS","B",0.2,409,21060409,TRUE,TRUE,TRUE,TRUE,TRUE,TRUE,TRUE,TRUE,""
"VS_B_A","VS","B",0.2,410,21060410,TRUE,TRUE,TRUE,TRUE,TRUE,TRUE,TRUE,TRUE,""
"VS_B_A","VS","B",0.2,411,21060411,TRUE,TRUE,TRUE,TRUE,TRUE,TRUE,TRUE,TRUE,""
"VS_B_A","VS","B",0.2,412,21060412,TRUE,TRUE,TRUE,TRUE,TRUE,TRUE,TRUE,TRUE,""
"VS_B_A","VS","B",0.2,413,21060413,TRUE,TRUE,TRUE,TRUE,TRUE,TRUE,TRUE,TRUE,""
"VS_B_A","VS","B",0.2,414,21060414,TRUE,TRUE,TRUE,TRUE,TRUE,TRUE,TRUE,TRUE,""
"VS_B_A","VS","B",0.2,415,21060415,TRUE,TRUE,TRUE,TRUE,TRUE,TRUE,TRUE,TRUE,""
"VS_B_A","VS","B",0.2,416,21060416,TRUE,TRUE,TRUE,TRUE,TRUE,TRUE,TRUE,TRUE,""
"VS_B_A","VS","B",0.2,417,21060417,TRUE,TRUE,TRUE,TRUE,TRUE,TRUE,TRUE,TRUE,""
"VS_B_A","VS","B",0.2,418,21060418,TRUE,TRUE,TRUE,TRUE,TRUE,TRUE,TRUE,TRUE,""
"VS_B_A","VS","B",0.2,419,21060419,TRUE,TRUE,TRUE,TRUE,TRUE,TRUE,TRUE,TRUE,""
"VS_B_A","VS","B",0.2,420,21060420,TRUE,TRUE,TRUE,TRUE,TRUE,TRUE,TRUE,TRUE,""
"VS_B_A","VS","B",0.2,421,21060421,TRUE,TRUE,TRUE,TRUE,TRUE,TRUE,TRUE,TRUE,""
"VS_B_A","VS","B",0.2,422,21060422,TRUE,TRUE,TRUE,TRUE,TRUE,TRUE,TRUE,TRUE,""
"VS_B_A","VS","B",0.2,423,21060423,TRUE,TRUE,TRUE,TRUE,TRUE,TRUE,TRUE,TRUE,""
"VS_B_A","VS","B",0.2,424,21060424,TRUE,TRUE,TRUE,TRUE,TRUE,TRUE,TRUE,TRUE,""
"VS_B_A","VS","B",0.2,425,21060425,TRUE,TRUE,TRUE,TRUE,TRUE,TRUE,TRUE,TRUE,""
"VS_B_A","VS","B",0.2,426,21060426,TRUE,TRUE,TRUE,TRUE,TRUE,TRUE,TRUE,TRUE,""
"VS_B_A","VS","B",0.2,427,21060427,TRUE,TRUE,TRUE,TRUE,TRUE,TRUE,TRUE,TRUE,""
"VS_B_A","VS","B",0.2,428,21060428,TRUE,TRUE,TRUE,TRUE,TRUE,TRUE,TRUE,TRUE,""
"VS_B_A","VS","B",0.2,429,21060429,TRUE,TRUE,TRUE,TRUE,TRUE,TRUE,TRUE,TRUE,""
"VS_B_A","VS","B",0.2,430,21060430,TRUE,TRUE,TRUE,TRUE,TRUE,TRUE,TRUE,TRUE,""
"VS_B_A","VS","B",0.2,431,21060431,TRUE,TRUE,TRUE,TRUE,TRUE,TRUE,TRUE,TRUE,""
"VS_B_A","VS","B",0.2,432,21060432,TRUE,TRUE,TRUE,TRUE,TRUE,TRUE,TRUE,TRUE,""
"VS_B_A","VS","B",0.2,433,21060433,TRUE,TRUE,TRUE,TRUE,TRUE,TRUE,TRUE,TRUE,""
"VS_B_A","VS","B",0.2,434,21060434,TRUE,TRUE,TRUE,TRUE,TRUE,TRUE,TRUE,TRUE,""
"VS_B_A","VS","B",0.2,435,21060435,TRUE,TRUE,TRUE,TRUE,TRUE,TRUE,TRUE,TRUE,""
"VS_B_A","VS","B",0.2,436,21060436,TRUE,TRUE,TRUE,TRUE,TRUE,TRUE,TRUE,TRUE,""
"VS_B_A","VS","B",0.2,437,21060437,TRUE,TRUE,TRUE,TRUE,TRUE,TRUE,TRUE,TRUE,""
"VS_B_A","VS","B",0.2,438,21060438,TRUE,TRUE,TRUE,TRUE,TRUE,TRUE,TRUE,TRUE,""
"VS_B_A","VS","B",0.2,439,21060439,TRUE,TRUE,TRUE,TRUE,TRUE,TRUE,TRUE,TRUE,""
"VS_B_A","VS","B",0.2,440,21060440,TRUE,TRUE,TRUE,TRUE,TRUE,TRUE,TRUE,TRUE,""
"VS_B_A","VS","B",0.2,441,21060441,TRUE,TRUE,TRUE,TRUE,TRUE,TRUE,TRUE,TRUE,""
"VS_B_A","VS","B",0.2,442,21060442,TRUE,TRUE,TRUE,TRUE,TRUE,TRUE,TRUE,TRUE,""
"VS_B_A","VS","B",0.2,443,21060443,TRUE,TRUE,TRUE,TRUE,TRUE,TRUE,TRUE,TRUE,""
"VS_B_A","VS","B",0.2,444,21060444,TRUE,TRUE,TRUE,TRUE,TRUE,TRUE,TRUE,TRUE,""
"VS_B_A","VS","B",0.2,445,21060445,TRUE,TRUE,TRUE,TRUE,TRUE,TRUE,TRUE,TRUE,""
"VS_B_A","VS","B",0.2,446,21060446,TRUE,TRUE,TRUE,TRUE,TRUE,TRUE,TRUE,TRUE,""
"VS_B_A","VS","B",0.2,447,21060447,TRUE,TRUE,TRUE,TRUE,TRUE,TRUE,TRUE,TRUE,""
"VS_B_A","VS","B",0.2,448,21060448,TRUE,TRUE,TRUE,TRUE,TRUE,TRUE,TRUE,TRUE,""
"VS_B_A","VS","B",0.2,449,21060449,TRUE,TRUE,TRUE,TRUE,TRUE,TRUE,TRUE,TRUE,""
"VS_B_A","VS","B",0.2,450,21060450,TRUE,TRUE,TRUE,TRUE,TRUE,TRUE,TRUE,TRUE,""
"VS_B_A","VS","B",0.2,451,21060451,TRUE,TRUE,TRUE,TRUE,TRUE,TRUE,TRUE,TRUE,""
"VS_B_A","VS","B",0.2,452,21060452,TRUE,TRUE,TRUE,TRUE,TRUE,TRUE,TRUE,TRUE,""
"VS_B_A","VS","B",0.2,453,21060453,TRUE,TRUE,TRUE,TRUE,TRUE,TRUE,TRUE,TRUE,""
"VS_B_A","VS","B",0.2,454,21060454,TRUE,TRUE,TRUE,TRUE,TRUE,TRUE,TRUE,TRUE,""
"VS_B_A","VS","B",0.2,455,21060455,TRUE,TRUE,TRUE,TRUE,TRUE,TRUE,TRUE,TRUE,""
"VS_B_A","VS","B",0.2,456,21060456,TRUE,TRUE,TRUE,TRUE,TRUE,TRUE,TRUE,TRUE,""
"VS_B_A","VS","B",0.2,457,21060457,TRUE,TRUE,TRUE,TRUE,TRUE,TRUE,TRUE,TRUE,""
"VS_B_A","VS","B",0.2,458,21060458,TRUE,TRUE,TRUE,TRUE,TRUE,TRUE,TRUE,TRUE,""
"VS_B_A","VS","B",0.2,459,21060459,TRUE,TRUE,TRUE,TRUE,TRUE,TRUE,TRUE,TRUE,""
"VS_B_A","VS","B",0.2,460,21060460,TRUE,TRUE,TRUE,TRUE,TRUE,TRUE,TRUE,TRUE,""
"VS_B_A","VS","B",0.2,461,21060461,TRUE,TRUE,TRUE,TRUE,TRUE,TRUE,TRUE,TRUE,""
"VS_B_A","VS","B",0.2,462,21060462,TRUE,TRUE,TRUE,TRUE,TRUE,TRUE,TRUE,TRUE,""
"VS_B_A","VS","B",0.2,463,21060463,TRUE,TRUE,TRUE,TRUE,TRUE,TRUE,TRUE,TRUE,""
"VS_B_A","VS","B",0.2,464,21060464,TRUE,TRUE,TRUE,TRUE,TRUE,TRUE,TRUE,TRUE,""
"VS_B_A","VS","B",0.2,465,21060465,TRUE,TRUE,TRUE,TRUE,TRUE,TRUE,TRUE,TRUE,""
"VS_B_A","VS","B",0.2,466,21060466,TRUE,TRUE,TRUE,TRUE,TRUE,TRUE,TRUE,TRUE,""
"VS_B_A","VS","B",0.2,467,21060467,TRUE,TRUE,TRUE,TRUE,TRUE,TRUE,TRUE,TRUE,""
"VS_B_A","VS","B",0.2,468,21060468,TRUE,TRUE,TRUE,TRUE,TRUE,TRUE,TRUE,TRUE,""
"VS_B_A","VS","B",0.2,469,21060469,TRUE,TRUE,TRUE,TRUE,TRUE,TRUE,TRUE,TRUE,""
"VS_B_A","VS","B",0.2,470,21060470,TRUE,TRUE,TRUE,TRUE,TRUE,TRUE,TRUE,TRUE,""
"VS_B_A","VS","B",0.2,471,21060471,TRUE,TRUE,TRUE,TRUE,TRUE,TRUE,TRUE,TRUE,""
"VS_B_A","VS","B",0.2,472,21060472,TRUE,TRUE,TRUE,TRUE,TRUE,TRUE,TRUE,TRUE,""
"VS_B_A","VS","B",0.2,473,21060473,TRUE,TRUE,TRUE,TRUE,TRUE,TRUE,TRUE,TRUE,""
"VS_B_A","VS","B",0.2,474,21060474,TRUE,TRUE,TRUE,TRUE,TRUE,TRUE,TRUE,TRUE,""
"VS_B_A","VS","B",0.2,475,21060475,TRUE,TRUE,TRUE,TRUE,TRUE,TRUE,TRUE,TRUE,""
"VS_B_A","VS","B",0.2,476,21060476,TRUE,TRUE,TRUE,TRUE,TRUE,TRUE,TRUE,TRUE,""
"VS_B_A","VS","B",0.2,477,21060477,TRUE,TRUE,TRUE,TRUE,TRUE,TRUE,TRUE,TRUE,""
"VS_B_A","VS","B",0.2,478,21060478,TRUE,TRUE,TRUE,TRUE,TRUE,TRUE,TRUE,TRUE,""
"VS_B_A","VS","B",0.2,479,21060479,TRUE,TRUE,TRUE,TRUE,TRUE,TRUE,TRUE,TRUE,""
"VS_B_A","VS","B",0.2,480,21060480,TRUE,TRUE,TRUE,TRUE,TRUE,TRUE,TRUE,TRUE,""
"VS_B_A","VS","B",0.2,481,21060481,TRUE,TRUE,TRUE,TRUE,TRUE,TRUE,TRUE,TRUE,""
"VS_B_A","VS","B",0.2,482,21060482,TRUE,TRUE,TRUE,TRUE,TRUE,TRUE,TRUE,TRUE,""
"VS_B_A","VS","B",0.2,483,21060483,TRUE,TRUE,TRUE,TRUE,TRUE,TRUE,TRUE,TRUE,""
"VS_B_A","VS","B",0.2,484,21060484,TRUE,TRUE,TRUE,TRUE,TRUE,TRUE,TRUE,TRUE,""
"VS_B_A","VS","B",0.2,485,21060485,TRUE,TRUE,TRUE,TRUE,TRUE,TRUE,TRUE,TRUE,""
"VS_B_A","VS","B",0.2,486,21060486,TRUE,TRUE,TRUE,TRUE,TRUE,TRUE,TRUE,TRUE,""
"VS_B_A","VS","B",0.2,487,21060487,TRUE,TRUE,TRUE,TRUE,TRUE,TRUE,TRUE,TRUE,""
"VS_B_A","VS","B",0.2,488,21060488,TRUE,TRUE,TRUE,TRUE,TRUE,TRUE,TRUE,TRUE,""
"VS_B_A","VS","B",0.2,489,21060489,TRUE,TRUE,TRUE,TRUE,TRUE,TRUE,TRUE,TRUE,""
"VS_B_A","VS","B",0.2,490,21060490,TRUE,TRUE,TRUE,TRUE,TRUE,TRUE,TRUE,TRUE,""
"VS_B_A","VS","B",0.2,491,21060491,TRUE,TRUE,TRUE,TRUE,TRUE,TRUE,TRUE,TRUE,""
"VS_B_A","VS","B",0.2,492,21060492,TRUE,TRUE,TRUE,TRUE,TRUE,TRUE,TRUE,TRUE,""
"VS_B_A","VS","B",0.2,493,21060493,TRUE,TRUE,TRUE,TRUE,TRUE,TRUE,TRUE,TRUE,""
"VS_B_A","VS","B",0.2,494,21060494,TRUE,TRUE,TRUE,TRUE,TRUE,TRUE,TRUE,TRUE,""
"VS_B_A","VS","B",0.2,495,21060495,TRUE,TRUE,TRUE,TRUE,TRUE,TRUE,TRUE,TRUE,""
"VS_B_A","VS","B",0.2,496,21060496,TRUE,TRUE,TRUE,TRUE,TRUE,TRUE,TRUE,TRUE,""
"VS_B_A","VS","B",0.2,497,21060497,TRUE,TRUE,TRUE,TRUE,TRUE,TRUE,TRUE,TRUE,""
"VS_B_A","VS","B",0.2,498,21060498,TRUE,TRUE,TRUE,TRUE,TRUE,TRUE,TRUE,TRUE,""
"VS_B_A","VS","B",0.2,499,21060499,TRUE,TRUE,TRUE,TRUE,TRUE,TRUE,TRUE,TRUE,""
"VS_B_A","VS","B",0.2,500,21060500,TRUE,TRUE,TRUE,TRUE,TRUE,TRUE,TRUE,TRUE,""
"VS_B_A","VS","B",0.2,501,21060501,TRUE,TRUE,TRUE,TRUE,TRUE,TRUE,TRUE,TRUE,""
"VS_B_A","VS","B",0.2,502,21060502,TRUE,TRUE,TRUE,TRUE,TRUE,TRUE,TRUE,TRUE,""
"VS_B_A","VS","B",0.2,503,21060503,TRUE,TRUE,TRUE,TRUE,TRUE,TRUE,TRUE,TRUE,""
"VS_B_A","VS","B",0.2,504,21060504,TRUE,TRUE,TRUE,TRUE,TRUE,TRUE,TRUE,TRUE,""
"VS_B_A","VS","B",0.2,505,21060505,TRUE,TRUE,TRUE,TRUE,TRUE,TRUE,TRUE,TRUE,""
"VS_B_A","VS","B",0.2,506,21060506,TRUE,TRUE,TRUE,TRUE,TRUE,TRUE,TRUE,TRUE,""
"VS_B_A","VS","B",0.2,507,21060507,TRUE,TRUE,TRUE,TRUE,TRUE,TRUE,TRUE,TRUE,""
"VS_B_A","VS","B",0.2,508,21060508,TRUE,TRUE,TRUE,TRUE,TRUE,TRUE,TRUE,TRUE,""
"VS_B_A","VS","B",0.2,509,21060509,TRUE,TRUE,TRUE,TRUE,TRUE,TRUE,TRUE,TRUE,""
"VS_B_A","VS","B",0.2,510,21060510,TRUE,TRUE,TRUE,TRUE,TRUE,TRUE,TRUE,TRUE,""
"VS_B_A","VS","B",0.2,511,21060511,TRUE,TRUE,TRUE,TRUE,TRUE,TRUE,TRUE,TRUE,""
"VS_B_A","VS","B",0.2,512,21060512,TRUE,TRUE,TRUE,TRUE,TRUE,TRUE,TRUE,TRUE,""
"VS_B_A","VS","B",0.2,513,21060513,TRUE,TRUE,TRUE,TRUE,TRUE,TRUE,TRUE,TRUE,""
"VS_B_A","VS","B",0.2,514,21060514,TRUE,TRUE,TRUE,TRUE,TRUE,TRUE,TRUE,TRUE,""
"VS_B_A","VS","B",0.2,515,21060515,TRUE,TRUE,TRUE,TRUE,TRUE,TRUE,TRUE,TRUE,""
"VS_B_A","VS","B",0.2,516,21060516,TRUE,TRUE,TRUE,TRUE,TRUE,TRUE,TRUE,TRUE,""
"VS_B_A","VS","B",0.2,517,21060517,TRUE,TRUE,TRUE,TRUE,TRUE,TRUE,TRUE,TRUE,""
"VS_B_A","VS","B",0.2,518,21060518,TRUE,TRUE,TRUE,TRUE,TRUE,TRUE,TRUE,TRUE,""
"VS_B_A","VS","B",0.2,519,21060519,TRUE,TRUE,TRUE,TRUE,TRUE,TRUE,TRUE,TRUE,""
"VS_B_A","VS","B",0.2,520,21060520,TRUE,TRUE,TRUE,TRUE,TRUE,TRUE,TRUE,TRUE,""
"VS_B_A","VS","B",0.2,521,21060521,TRUE,TRUE,TRUE,TRUE,TRUE,TRUE,TRUE,TRUE,""
"VS_B_A","VS","B",0.2,522,21060522,TRUE,TRUE,TRUE,TRUE,TRUE,TRUE,TRUE,TRUE,""
"VS_B_A","VS","B",0.2,523,21060523,TRUE,TRUE,TRUE,TRUE,TRUE,TRUE,TRUE,TRUE,""
"VS_B_A","VS","B",0.2,524,21060524,TRUE,TRUE,TRUE,TRUE,TRUE,TRUE,TRUE,TRUE,""
"VS_B_A","VS","B",0.2,525,21060525,TRUE,TRUE,TRUE,TRUE,TRUE,TRUE,TRUE,TRUE,""
"VS_B_A","VS","B",0.2,526,21060526,TRUE,TRUE,TRUE,TRUE,TRUE,TRUE,TRUE,TRUE,""
"VS_B_A","VS","B",0.2,527,21060527,TRUE,TRUE,TRUE,TRUE,TRUE,TRUE,TRUE,TRUE,""
"VS_B_A","VS","B",0.2,528,21060528,TRUE,TRUE,TRUE,TRUE,TRUE,TRUE,TRUE,TRUE,""
"VS_B_A","VS","B",0.2,529,21060529,TRUE,TRUE,TRUE,TRUE,TRUE,TRUE,TRUE,TRUE,""
"VS_B_A","VS","B",0.2,530,21060530,TRUE,TRUE,TRUE,TRUE,TRUE,TRUE,TRUE,TRUE,""
"VS_B_A","VS","B",0.2,531,21060531,TRUE,TRUE,TRUE,TRUE,TRUE,TRUE,TRUE,TRUE,""
"VS_B_A","VS","B",0.2,532,21060532,TRUE,TRUE,TRUE,TRUE,TRUE,TRUE,TRUE,TRUE,""
"VS_B_A","VS","B",0.2,533,21060533,TRUE,TRUE,TRUE,TRUE,TRUE,TRUE,TRUE,TRUE,""
"VS_B_A","VS","B",0.2,534,21060534,TRUE,TRUE,TRUE,TRUE,TRUE,TRUE,TRUE,TRUE,""
"VS_B_A","VS","B",0.2,535,21060535,TRUE,TRUE,TRUE,TRUE,TRUE,TRUE,TRUE,TRUE,""
"VS_B_A","VS","B",0.2,536,21060536,TRUE,TRUE,TRUE,TRUE,TRUE,TRUE,TRUE,TRUE,""
"VS_B_A","VS","B",0.2,537,21060537,TRUE,TRUE,TRUE,TRUE,TRUE,TRUE,TRUE,TRUE,""
"VS_B_A","VS","B",0.2,538,21060538,TRUE,TRUE,TRUE,TRUE,TRUE,TRUE,TRUE,TRUE,""
"VS_B_A","VS","B",0.2,539,21060539,TRUE,TRUE,TRUE,TRUE,TRUE,TRUE,TRUE,TRUE,""
"VS_B_A","VS","B",0.2,540,21060540,TRUE,TRUE,TRUE,TRUE,TRUE,TRUE,TRUE,TRUE,""
"VS_B_A","VS","B",0.2,541,21060541,TRUE,TRUE,TRUE,TRUE,TRUE,TRUE,TRUE,TRUE,""
"VS_B_A","VS","B",0.2,542,21060542,TRUE,TRUE,TRUE,TRUE,TRUE,TRUE,TRUE,TRUE,""
"VS_B_A","VS","B",0.2,543,21060543,TRUE,TRUE,TRUE,TRUE,TRUE,TRUE,TRUE,TRUE,""
"VS_B_A","VS","B",0.2,544,21060544,TRUE,TRUE,TRUE,TRUE,TRUE,TRUE,TRUE,TRUE,""
"VS_B_A","VS","B",0.2,545,21060545,TRUE,TRUE,TRUE,TRUE,TRUE,TRUE,TRUE,TRUE,""
"VS_B_A","VS","B",0.2,546,21060546,TRUE,TRUE,TRUE,TRUE,TRUE,TRUE,TRUE,TRUE,""
"VS_B_A","VS","B",0.2,547,21060547,TRUE,TRUE,TRUE,TRUE,TRUE,TRUE,TRUE,TRUE,""
"VS_B_A","VS","B",0.2,548,21060548,TRUE,TRUE,TRUE,TRUE,TRUE,TRUE,TRUE,TRUE,""
"VS_B_A","VS","B",0.2,549,21060549,TRUE,TRUE,TRUE,TRUE,TRUE,TRUE,TRUE,TRUE,""
"VS_B_A","VS","B",0.2,550,21060550,TRUE,TRUE,TRUE,TRUE,TRUE,TRUE,TRUE,TRUE,""
"VS_B_A","VS","B",0.2,551,21060551,TRUE,TRUE,TRUE,TRUE,TRUE,TRUE,TRUE,TRUE,""
"VS_B_A","VS","B",0.2,552,21060552,TRUE,TRUE,TRUE,TRUE,TRUE,TRUE,TRUE,TRUE,""
"VS_B_A","VS","B",0.2,553,21060553,TRUE,TRUE,TRUE,TRUE,TRUE,TRUE,TRUE,TRUE,""
"VS_B_A","VS","B",0.2,554,21060554,TRUE,TRUE,TRUE,TRUE,TRUE,TRUE,TRUE,TRUE,""
"VS_B_A","VS","B",0.2,555,21060555,TRUE,TRUE,TRUE,TRUE,TRUE,TRUE,TRUE,TRUE,""
"VS_B_A","VS","B",0.2,556,21060556,TRUE,TRUE,TRUE,TRUE,TRUE,TRUE,TRUE,TRUE,""
"VS_B_A","VS","B",0.2,557,21060557,TRUE,TRUE,TRUE,TRUE,TRUE,TRUE,TRUE,TRUE,""
"VS_B_A","VS","B",0.2,558,21060558,TRUE,TRUE,TRUE,TRUE,TRUE,TRUE,TRUE,TRUE,""
"VS_B_A","VS","B",0.2,559,21060559,TRUE,TRUE,TRUE,TRUE,TRUE,TRUE,TRUE,TRUE,""
"VS_B_A","VS","B",0.2,560,21060560,TRUE,TRUE,TRUE,TRUE,TRUE,TRUE,TRUE,TRUE,""
"VS_B_A","VS","B",0.2,561,21060561,TRUE,TRUE,TRUE,TRUE,TRUE,TRUE,TRUE,TRUE,""
"VS_B_A","VS","B",0.2,562,21060562,TRUE,TRUE,TRUE,TRUE,TRUE,TRUE,TRUE,TRUE,""
"VS_B_A","VS","B",0.2,563,21060563,TRUE,TRUE,TRUE,TRUE,TRUE,TRUE,TRUE,TRUE,""
"VS_B_A","VS","B",0.2,564,21060564,TRUE,TRUE,TRUE,TRUE,TRUE,TRUE,TRUE,TRUE,""
"VS_B_A","VS","B",0.2,565,21060565,TRUE,TRUE,TRUE,TRUE,TRUE,TRUE,TRUE,TRUE,""
"VS_B_A","VS","B",0.2,566,21060566,TRUE,TRUE,TRUE,TRUE,TRUE,TRUE,TRUE,TRUE,""
"VS_B_A","VS","B",0.2,567,21060567,TRUE,TRUE,TRUE,TRUE,TRUE,TRUE,TRUE,TRUE,""
"VS_B_A","VS","B",0.2,568,21060568,TRUE,TRUE,TRUE,TRUE,TRUE,TRUE,TRUE,TRUE,""
"VS_B_A","VS","B",0.2,569,21060569,TRUE,TRUE,TRUE,TRUE,TRUE,TRUE,TRUE,TRUE,""
"VS_B_A","VS","B",0.2,570,21060570,TRUE,TRUE,TRUE,TRUE,TRUE,TRUE,TRUE,TRUE,""
"VS_B_A","VS","B",0.2,571,21060571,TRUE,TRUE,TRUE,TRUE,TRUE,TRUE,TRUE,TRUE,""
"VS_B_A","VS","B",0.2,572,21060572,TRUE,TRUE,TRUE,TRUE,TRUE,TRUE,TRUE,TRUE,""
"VS_B_A","VS","B",0.2,573,21060573,TRUE,TRUE,TRUE,TRUE,TRUE,TRUE,TRUE,TRUE,""
"VS_B_A","VS","B",0.2,574,21060574,TRUE,TRUE,TRUE,TRUE,TRUE,TRUE,TRUE,TRUE,""
"VS_B_A","VS","B",0.2,575,21060575,TRUE,TRUE,TRUE,TRUE,TRUE,TRUE,TRUE,TRUE,""
"VS_B_A","VS","B",0.2,576,21060576,TRUE,TRUE,TRUE,TRUE,TRUE,TRUE,TRUE,TRUE,""
"VS_B_A","VS","B",0.2,577,21060577,TRUE,TRUE,TRUE,TRUE,TRUE,TRUE,TRUE,TRUE,""
"VS_B_A","VS","B",0.2,578,21060578,TRUE,TRUE,TRUE,TRUE,TRUE,TRUE,TRUE,TRUE,""
"VS_B_A","VS","B",0.2,579,21060579,TRUE,TRUE,TRUE,TRUE,TRUE,TRUE,TRUE,TRUE,""
"VS_B_A","VS","B",0.2,580,21060580,TRUE,TRUE,TRUE,TRUE,TRUE,TRUE,TRUE,TRUE,""
"VS_B_A","VS","B",0.2,581,21060581,TRUE,TRUE,TRUE,TRUE,TRUE,TRUE,TRUE,TRUE,""
"VS_B_A","VS","B",0.2,582,21060582,TRUE,TRUE,TRUE,TRUE,TRUE,TRUE,TRUE,TRUE,""
"VS_B_A","VS","B",0.2,583,21060583,TRUE,TRUE,TRUE,TRUE,TRUE,TRUE,TRUE,TRUE,""
"VS_B_A","VS","B",0.2,584,21060584,TRUE,TRUE,TRUE,TRUE,TRUE,TRUE,TRUE,TRUE,""
"VS_B_A","VS","B",0.2,585,21060585,TRUE,TRUE,TRUE,TRUE,TRUE,TRUE,TRUE,TRUE,""
"VS_B_A","VS","B",0.2,586,21060586,TRUE,TRUE,TRUE,TRUE,TRUE,TRUE,TRUE,TRUE,""
"VS_B_A","VS","B",0.2,587,21060587,TRUE,TRUE,TRUE,TRUE,TRUE,TRUE,TRUE,TRUE,""
"VS_B_A","VS","B",0.2,588,21060588,TRUE,TRUE,TRUE,TRUE,TRUE,TRUE,TRUE,TRUE,""
"VS_B_A","VS","B",0.2,589,21060589,TRUE,TRUE,TRUE,TRUE,TRUE,TRUE,TRUE,TRUE,""
"VS_B_A","VS","B",0.2,590,21060590,TRUE,TRUE,TRUE,TRUE,TRUE,TRUE,TRUE,TRUE,""
"VS_B_A","VS","B",0.2,591,21060591,TRUE,TRUE,TRUE,TRUE,TRUE,TRUE,TRUE,TRUE,""
"VS_B_A","VS","B",0.2,592,21060592,TRUE,TRUE,TRUE,TRUE,TRUE,TRUE,TRUE,TRUE,""
"VS_B_A","VS","B",0.2,593,21060593,TRUE,TRUE,TRUE,TRUE,TRUE,TRUE,TRUE,TRUE,""
"VS_B_A","VS","B",0.2,594,21060594,TRUE,TRUE,TRUE,TRUE,TRUE,TRUE,TRUE,TRUE,""
"VS_B_A","VS","B",0.2,595,21060595,TRUE,TRUE,TRUE,TRUE,TRUE,TRUE,TRUE,TRUE,""
"VS_B_A","VS","B",0.2,596,21060596,TRUE,TRUE,TRUE,TRUE,TRUE,TRUE,TRUE,TRUE,""
"VS_B_A","VS","B",0.2,597,21060597,TRUE,TRUE,TRUE,TRUE,TRUE,TRUE,TRUE,TRUE,""
"VS_B_A","VS","B",0.2,598,21060598,TRUE,TRUE,TRUE,TRUE,TRUE,TRUE,TRUE,TRUE,""
"VS_B_A","VS","B",0.2,599,21060599,TRUE,TRUE,TRUE,TRUE,TRUE,TRUE,TRUE,TRUE,""
"VS_B_A","VS","B",0.2,600,21060600,TRUE,TRUE,TRUE,TRUE,TRUE,TRUE,TRUE,TRUE,""
"VS_B_A","VS","B",0.2,601,21060601,TRUE,TRUE,TRUE,TRUE,TRUE,TRUE,TRUE,TRUE,""
"VS_B_A","VS","B",0.2,602,21060602,TRUE,TRUE,TRUE,TRUE,TRUE,TRUE,TRUE,TRUE,""
"VS_B_A","VS","B",0.2,603,21060603,TRUE,TRUE,TRUE,TRUE,TRUE,TRUE,TRUE,TRUE,""
"VS_B_A","VS","B",0.2,604,21060604,TRUE,TRUE,TRUE,TRUE,TRUE,TRUE,TRUE,TRUE,""
"VS_B_A","VS","B",0.2,605,21060605,TRUE,TRUE,TRUE,TRUE,TRUE,TRUE,TRUE,TRUE,""
"VS_B_A","VS","B",0.2,606,21060606,TRUE,TRUE,TRUE,TRUE,TRUE,TRUE,TRUE,TRUE,""
"VS_B_A","VS","B",0.2,607,21060607,TRUE,TRUE,TRUE,TRUE,TRUE,TRUE,TRUE,TRUE,""
"VS_B_A","VS","B",0.2,608,21060608,TRUE,TRUE,TRUE,TRUE,TRUE,TRUE,TRUE,TRUE,""
"VS_B_A","VS","B",0.2,609,21060609,TRUE,TRUE,TRUE,TRUE,TRUE,TRUE,TRUE,TRUE,""
"VS_B_A","VS","B",0.2,610,21060610,TRUE,TRUE,TRUE,TRUE,TRUE,TRUE,TRUE,TRUE,""
"VS_B_A","VS","B",0.2,611,21060611,TRUE,TRUE,TRUE,TRUE,TRUE,TRUE,TRUE,TRUE,""
"VS_B_A","VS","B",0.2,612,21060612,TRUE,TRUE,TRUE,TRUE,TRUE,TRUE,TRUE,TRUE,""
"VS_B_A","VS","B",0.2,613,21060613,TRUE,TRUE,TRUE,TRUE,TRUE,TRUE,TRUE,TRUE,""
"VS_B_A","VS","B",0.2,614,21060614,TRUE,TRUE,TRUE,TRUE,TRUE,TRUE,TRUE,TRUE,""
"VS_B_A","VS","B",0.2,615,21060615,TRUE,TRUE,TRUE,TRUE,TRUE,TRUE,TRUE,TRUE,""
"VS_B_A","VS","B",0.2,616,21060616,TRUE,TRUE,TRUE,TRUE,TRUE,TRUE,TRUE,TRUE,""
"VS_B_A","VS","B",0.2,617,21060617,TRUE,TRUE,TRUE,TRUE,TRUE,TRUE,TRUE,TRUE,""
"VS_B_A","VS","B",0.2,618,21060618,TRUE,TRUE,TRUE,TRUE,TRUE,TRUE,TRUE,TRUE,""
"VS_B_A","VS","B",0.2,619,21060619,TRUE,TRUE,TRUE,TRUE,TRUE,TRUE,TRUE,TRUE,""
"VS_B_A","VS","B",0.2,620,21060620,TRUE,TRUE,TRUE,TRUE,TRUE,TRUE,TRUE,TRUE,""
"VS_B_A","VS","B",0.2,621,21060621,TRUE,TRUE,TRUE,TRUE,TRUE,TRUE,TRUE,TRUE,""
"VS_B_A","VS","B",0.2,622,21060622,TRUE,TRUE,TRUE,TRUE,TRUE,TRUE,TRUE,TRUE,""
"VS_B_A","VS","B",0.2,623,21060623,TRUE,TRUE,TRUE,TRUE,TRUE,TRUE,TRUE,TRUE,""
"VS_B_A","VS","B",0.2,624,21060624,TRUE,TRUE,TRUE,TRUE,TRUE,TRUE,TRUE,TRUE,""
"VS_B_A","VS","B",0.2,625,21060625,TRUE,TRUE,TRUE,TRUE,TRUE,TRUE,TRUE,TRUE,""
"VS_B_A","VS","B",0.2,626,21060626,TRUE,TRUE,TRUE,TRUE,TRUE,TRUE,TRUE,TRUE,""
"VS_B_A","VS","B",0.2,627,21060627,TRUE,TRUE,TRUE,TRUE,TRUE,TRUE,TRUE,TRUE,""
"VS_B_A","VS","B",0.2,628,21060628,TRUE,TRUE,TRUE,TRUE,TRUE,TRUE,TRUE,TRUE,""
"VS_B_A","VS","B",0.2,629,21060629,TRUE,TRUE,TRUE,TRUE,TRUE,TRUE,TRUE,TRUE,""
"VS_B_A","VS","B",0.2,630,21060630,TRUE,TRUE,TRUE,TRUE,TRUE,TRUE,TRUE,TRUE,""
"VS_B_A","VS","B",0.2,631,21060631,TRUE,TRUE,TRUE,TRUE,TRUE,TRUE,TRUE,TRUE,""
"VS_B_A","VS","B",0.2,632,21060632,TRUE,TRUE,TRUE,TRUE,TRUE,TRUE,TRUE,TRUE,""
"VS_B_A","VS","B",0.2,633,21060633,TRUE,TRUE,TRUE,TRUE,TRUE,TRUE,TRUE,TRUE,""
"VS_B_A","VS","B",0.2,634,21060634,TRUE,TRUE,TRUE,TRUE,TRUE,TRUE,TRUE,TRUE,""
"VS_B_A","VS","B",0.2,635,21060635,TRUE,TRUE,TRUE,TRUE,TRUE,TRUE,TRUE,TRUE,""
"VS_B_A","VS","B",0.2,636,21060636,TRUE,TRUE,TRUE,TRUE,TRUE,TRUE,TRUE,TRUE,""
"VS_B_A","VS","B",0.2,637,21060637,TRUE,TRUE,TRUE,TRUE,TRUE,TRUE,TRUE,TRUE,""
"VS_B_A","VS","B",0.2,638,21060638,TRUE,TRUE,TRUE,TRUE,TRUE,TRUE,TRUE,TRUE,""
"VS_B_A","VS","B",0.2,639,21060639,TRUE,TRUE,TRUE,TRUE,TRUE,TRUE,TRUE,TRUE,""
"VS_B_A","VS","B",0.2,640,21060640,TRUE,TRUE,TRUE,TRUE,TRUE,TRUE,TRUE,TRUE,""
"VS_B_A","VS","B",0.2,641,21060641,TRUE,TRUE,TRUE,TRUE,TRUE,TRUE,TRUE,TRUE,""
"VS_B_A","VS","B",0.2,642,21060642,TRUE,TRUE,TRUE,TRUE,TRUE,TRUE,TRUE,TRUE,""
"VS_B_A","VS","B",0.2,643,21060643,TRUE,TRUE,TRUE,TRUE,TRUE,TRUE,TRUE,TRUE,""
"VS_B_A","VS","B",0.2,644,21060644,TRUE,TRUE,TRUE,TRUE,TRUE,TRUE,TRUE,TRUE,""
"VS_B_A","VS","B",0.2,645,21060645,TRUE,TRUE,TRUE,TRUE,TRUE,TRUE,TRUE,TRUE,""
"VS_B_A","VS","B",0.2,646,21060646,TRUE,TRUE,TRUE,TRUE,TRUE,TRUE,TRUE,TRUE,""
"VS_B_A","VS","B",0.2,647,21060647,TRUE,TRUE,TRUE,TRUE,TRUE,TRUE,TRUE,TRUE,""
"VS_B_A","VS","B",0.2,648,21060648,TRUE,TRUE,TRUE,TRUE,TRUE,TRUE,TRUE,TRUE,""
"VS_B_A","VS","B",0.2,649,21060649,TRUE,TRUE,TRUE,TRUE,TRUE,TRUE,TRUE,TRUE,""
"VS_B_A","VS","B",0.2,650,21060650,TRUE,TRUE,TRUE,TRUE,TRUE,TRUE,TRUE,TRUE,""
"VS_B_A","VS","B",0.2,651,21060651,TRUE,TRUE,TRUE,TRUE,TRUE,TRUE,TRUE,TRUE,""
"VS_B_A","VS","B",0.2,652,21060652,TRUE,TRUE,TRUE,TRUE,TRUE,TRUE,TRUE,TRUE,""
"VS_B_A","VS","B",0.2,653,21060653,TRUE,TRUE,TRUE,TRUE,TRUE,TRUE,TRUE,TRUE,""
"VS_B_A","VS","B",0.2,654,21060654,TRUE,TRUE,TRUE,TRUE,TRUE,TRUE,TRUE,TRUE,""
"VS_B_A","VS","B",0.2,655,21060655,TRUE,TRUE,TRUE,TRUE,TRUE,TRUE,TRUE,TRUE,""
"VS_B_A","VS","B",0.2,656,21060656,TRUE,TRUE,TRUE,TRUE,TRUE,TRUE,TRUE,TRUE,""
"VS_B_A","VS","B",0.2,657,21060657,TRUE,TRUE,TRUE,TRUE,TRUE,TRUE,TRUE,TRUE,""
"VS_B_A","VS","B",0.2,658,21060658,TRUE,TRUE,TRUE,TRUE,TRUE,TRUE,TRUE,TRUE,""
"VS_B_A","VS","B",0.2,659,21060659,TRUE,TRUE,TRUE,TRUE,TRUE,TRUE,TRUE,TRUE,""
"VS_B_A","VS","B",0.2,660,21060660,TRUE,TRUE,TRUE,TRUE,TRUE,TRUE,TRUE,TRUE,""
"VS_B_A","VS","B",0.2,661,21060661,TRUE,TRUE,TRUE,TRUE,TRUE,TRUE,TRUE,TRUE,""
"VS_B_A","VS","B",0.2,662,21060662,TRUE,TRUE,TRUE,TRUE,TRUE,TRUE,TRUE,TRUE,""
"VS_B_A","VS","B",0.2,663,21060663,TRUE,TRUE,TRUE,TRUE,TRUE,TRUE,TRUE,TRUE,""
"VS_B_A","VS","B",0.2,664,21060664,TRUE,TRUE,TRUE,TRUE,TRUE,TRUE,TRUE,TRUE,""
"VS_B_A","VS","B",0.2,665,21060665,TRUE,TRUE,TRUE,TRUE,TRUE,TRUE,TRUE,TRUE,""
"VS_B_A","VS","B",0.2,666,21060666,TRUE,TRUE,TRUE,TRUE,TRUE,TRUE,TRUE,TRUE,""
"VS_B_A","VS","B",0.2,667,21060667,TRUE,TRUE,TRUE,TRUE,TRUE,TRUE,TRUE,TRUE,""
"VS_B_A","VS","B",0.2,668,21060668,TRUE,TRUE,TRUE,TRUE,TRUE,TRUE,TRUE,TRUE,""
"VS_B_A","VS","B",0.2,669,21060669,TRUE,TRUE,TRUE,TRUE,TRUE,TRUE,TRUE,TRUE,""
"VS_B_A","VS","B",0.2,670,21060670,TRUE,TRUE,TRUE,TRUE,TRUE,TRUE,TRUE,TRUE,""
"VS_B_A","VS","B",0.2,671,21060671,TRUE,TRUE,TRUE,TRUE,TRUE,TRUE,TRUE,TRUE,""
"VS_B_A","VS","B",0.2,672,21060672,TRUE,TRUE,TRUE,TRUE,TRUE,TRUE,TRUE,TRUE,""
"VS_B_A","VS","B",0.2,673,21060673,TRUE,TRUE,TRUE,TRUE,TRUE,TRUE,TRUE,TRUE,""
"VS_B_A","VS","B",0.2,674,21060674,TRUE,TRUE,TRUE,TRUE,TRUE,TRUE,TRUE,TRUE,""
"VS_B_A","VS","B",0.2,675,21060675,TRUE,TRUE,TRUE,TRUE,TRUE,TRUE,TRUE,TRUE,""
"VS_B_A","VS","B",0.2,676,21060676,TRUE,TRUE,TRUE,TRUE,TRUE,TRUE,TRUE,TRUE,""
"VS_B_A","VS","B",0.2,677,21060677,TRUE,TRUE,TRUE,TRUE,TRUE,TRUE,TRUE,TRUE,""
"VS_B_A","VS","B",0.2,678,21060678,TRUE,TRUE,TRUE,TRUE,TRUE,TRUE,TRUE,TRUE,""
"VS_B_A","VS","B",0.2,679,21060679,TRUE,TRUE,TRUE,TRUE,TRUE,TRUE,TRUE,TRUE,""
"VS_B_A","VS","B",0.2,680,21060680,TRUE,TRUE,TRUE,TRUE,TRUE,TRUE,TRUE,TRUE,""
"VS_B_A","VS","B",0.2,681,21060681,TRUE,TRUE,TRUE,TRUE,TRUE,TRUE,TRUE,TRUE,""
"VS_B_A","VS","B",0.2,682,21060682,TRUE,TRUE,TRUE,TRUE,TRUE,TRUE,TRUE,TRUE,""
"VS_B_A","VS","B",0.2,683,21060683,TRUE,TRUE,TRUE,TRUE,TRUE,TRUE,TRUE,TRUE,""
"VS_B_A","VS","B",0.2,684,21060684,TRUE,TRUE,TRUE,TRUE,TRUE,TRUE,TRUE,TRUE,""
"VS_B_A","VS","B",0.2,685,21060685,TRUE,TRUE,TRUE,TRUE,TRUE,TRUE,TRUE,TRUE,""
"VS_B_A","VS","B",0.2,686,21060686,TRUE,TRUE,TRUE,TRUE,TRUE,TRUE,TRUE,TRUE,""
"VS_B_A","VS","B",0.2,687,21060687,TRUE,TRUE,TRUE,TRUE,TRUE,TRUE,TRUE,TRUE,""
"VS_B_A","VS","B",0.2,688,21060688,TRUE,TRUE,TRUE,TRUE,TRUE,TRUE,TRUE,TRUE,""
"VS_B_A","VS","B",0.2,689,21060689,TRUE,TRUE,TRUE,TRUE,TRUE,TRUE,TRUE,TRUE,""
"VS_B_A","VS","B",0.2,690,21060690,TRUE,TRUE,TRUE,TRUE,TRUE,TRUE,TRUE,TRUE,""
"VS_B_A","VS","B",0.2,691,21060691,TRUE,TRUE,TRUE,TRUE,TRUE,TRUE,TRUE,TRUE,""
"VS_B_A","VS","B",0.2,692,21060692,TRUE,TRUE,TRUE,TRUE,TRUE,TRUE,TRUE,TRUE,""
"VS_B_A","VS","B",0.2,693,21060693,TRUE,TRUE,TRUE,TRUE,TRUE,TRUE,TRUE,TRUE,""
"VS_B_A","VS","B",0.2,694,21060694,TRUE,TRUE,TRUE,TRUE,TRUE,TRUE,TRUE,TRUE,""
"VS_B_A","VS","B",0.2,695,21060695,TRUE,TRUE,TRUE,TRUE,TRUE,TRUE,TRUE,TRUE,""
"VS_B_A","VS","B",0.2,696,21060696,TRUE,TRUE,TRUE,TRUE,TRUE,TRUE,TRUE,TRUE,""
"VS_B_A","VS","B",0.2,697,21060697,TRUE,TRUE,TRUE,TRUE,TRUE,TRUE,TRUE,TRUE,""
"VS_B_A","VS","B",0.2,698,21060698,TRUE,TRUE,TRUE,TRUE,TRUE,TRUE,TRUE,TRUE,""
"VS_B_A","VS","B",0.2,699,21060699,TRUE,TRUE,TRUE,TRUE,TRUE,TRUE,TRUE,TRUE,""
"VS_B_A","VS","B",0.2,700,21060700,TRUE,TRUE,TRUE,TRUE,TRUE,TRUE,TRUE,TRUE,""
"VS_B_A","VS","B",0.2,701,21060701,TRUE,TRUE,TRUE,TRUE,TRUE,TRUE,TRUE,TRUE,""
"VS_B_A","VS","B",0.2,702,21060702,TRUE,TRUE,TRUE,TRUE,TRUE,TRUE,TRUE,TRUE,""
"VS_B_A","VS","B",0.2,703,21060703,TRUE,TRUE,TRUE,TRUE,TRUE,TRUE,TRUE,TRUE,""
"VS_B_A","VS","B",0.2,704,21060704,TRUE,TRUE,TRUE,TRUE,TRUE,TRUE,TRUE,TRUE,""
"VS_B_A","VS","B",0.2,705,21060705,TRUE,TRUE,TRUE,TRUE,TRUE,TRUE,TRUE,TRUE,""
"VS_B_A","VS","B",0.2,706,21060706,TRUE,TRUE,TRUE,TRUE,TRUE,TRUE,TRUE,TRUE,""
"VS_B_A","VS","B",0.2,707,21060707,TRUE,TRUE,TRUE,TRUE,TRUE,TRUE,TRUE,TRUE,""
"VS_B_A","VS","B",0.2,708,21060708,TRUE,TRUE,TRUE,TRUE,TRUE,TRUE,TRUE,TRUE,""
"VS_B_A","VS","B",0.2,709,21060709,TRUE,TRUE,TRUE,TRUE,TRUE,TRUE,TRUE,TRUE,""
"VS_B_A","VS","B",0.2,710,21060710,TRUE,TRUE,TRUE,TRUE,TRUE,TRUE,TRUE,TRUE,""
"VS_B_A","VS","B",0.2,711,21060711,TRUE,TRUE,TRUE,TRUE,TRUE,TRUE,TRUE,TRUE,""
"VS_B_A","VS","B",0.2,712,21060712,TRUE,TRUE,TRUE,TRUE,TRUE,TRUE,TRUE,TRUE,""
"VS_B_A","VS","B",0.2,713,21060713,TRUE,TRUE,TRUE,TRUE,TRUE,TRUE,TRUE,TRUE,""
"VS_B_A","VS","B",0.2,714,21060714,TRUE,TRUE,TRUE,TRUE,TRUE,TRUE,TRUE,TRUE,""
"VS_B_A","VS","B",0.2,715,21060715,TRUE,TRUE,TRUE,TRUE,TRUE,TRUE,TRUE,TRUE,""
"VS_B_A","VS","B",0.2,716,21060716,TRUE,TRUE,TRUE,TRUE,TRUE,TRUE,TRUE,TRUE,""
"VS_B_A","VS","B",0.2,717,21060717,TRUE,TRUE,TRUE,TRUE,TRUE,TRUE,TRUE,TRUE,""
"VS_B_A","VS","B",0.2,718,21060718,TRUE,TRUE,TRUE,TRUE,TRUE,TRUE,TRUE,TRUE,""
"VS_B_A","VS","B",0.2,719,21060719,TRUE,TRUE,TRUE,TRUE,TRUE,TRUE,TRUE,TRUE,""
"VS_B_A","VS","B",0.2,720,21060720,TRUE,TRUE,TRUE,TRUE,TRUE,TRUE,TRUE,TRUE,""
"VS_B_A","VS","B",0.2,721,21060721,TRUE,TRUE,TRUE,TRUE,TRUE,TRUE,TRUE,TRUE,""
"VS_B_A","VS","B",0.2,722,21060722,TRUE,TRUE,TRUE,TRUE,TRUE,TRUE,TRUE,TRUE,""
"VS_B_A","VS","B",0.2,723,21060723,TRUE,TRUE,TRUE,TRUE,TRUE,TRUE,TRUE,TRUE,""
"VS_B_A","VS","B",0.2,724,21060724,TRUE,TRUE,TRUE,TRUE,TRUE,TRUE,TRUE,TRUE,""
"VS_B_A","VS","B",0.2,725,21060725,TRUE,TRUE,TRUE,TRUE,TRUE,TRUE,TRUE,TRUE,""
"VS_B_A","VS","B",0.2,726,21060726,TRUE,TRUE,TRUE,TRUE,TRUE,TRUE,TRUE,TRUE,""
"VS_B_A","VS","B",0.2,727,21060727,TRUE,TRUE,TRUE,TRUE,TRUE,TRUE,TRUE,TRUE,""
"VS_B_A","VS","B",0.2,728,21060728,TRUE,TRUE,TRUE,TRUE,TRUE,TRUE,TRUE,TRUE,""
"VS_B_A","VS","B",0.2,729,21060729,TRUE,TRUE,TRUE,TRUE,TRUE,TRUE,TRUE,TRUE,""
"VS_B_A","VS","B",0.2,730,21060730,TRUE,TRUE,TRUE,TRUE,TRUE,TRUE,TRUE,TRUE,""
"VS_B_A","VS","B",0.2,731,21060731,TRUE,TRUE,TRUE,TRUE,TRUE,TRUE,TRUE,TRUE,""
"VS_B_A","VS","B",0.2,732,21060732,TRUE,TRUE,TRUE,TRUE,TRUE,TRUE,TRUE,TRUE,""
"VS_B_A","VS","B",0.2,733,21060733,TRUE,TRUE,TRUE,TRUE,TRUE,TRUE,TRUE,TRUE,""
"VS_B_A","VS","B",0.2,734,21060734,TRUE,TRUE,TRUE,TRUE,TRUE,TRUE,TRUE,TRUE,""
"VS_B_A","VS","B",0.2,735,21060735,TRUE,TRUE,TRUE,TRUE,TRUE,TRUE,TRUE,TRUE,""
"VS_B_A","VS","B",0.2,736,21060736,TRUE,TRUE,TRUE,TRUE,TRUE,TRUE,TRUE,TRUE,""
"VS_B_A","VS","B",0.2,737,21060737,TRUE,TRUE,TRUE,TRUE,TRUE,TRUE,TRUE,TRUE,""
"VS_B_A","VS","B",0.2,738,21060738,TRUE,TRUE,TRUE,TRUE,TRUE,TRUE,TRUE,TRUE,""
"VS_B_A","VS","B",0.2,739,21060739,TRUE,TRUE,TRUE,TRUE,TRUE,TRUE,TRUE,TRUE,""
"VS_B_A","VS","B",0.2,740,21060740,TRUE,TRUE,TRUE,TRUE,TRUE,TRUE,TRUE,TRUE,""
"VS_B_A","VS","B",0.2,741,21060741,TRUE,TRUE,TRUE,TRUE,TRUE,TRUE,TRUE,TRUE,""
"VS_B_A","VS","B",0.2,742,21060742,TRUE,TRUE,TRUE,TRUE,TRUE,TRUE,TRUE,TRUE,""
"VS_B_A","VS","B",0.2,743,21060743,TRUE,TRUE,TRUE,TRUE,TRUE,TRUE,TRUE,TRUE,""
"VS_B_A","VS","B",0.2,744,21060744,TRUE,TRUE,TRUE,TRUE,TRUE,TRUE,TRUE,TRUE,""
"VS_B_A","VS","B",0.2,745,21060745,TRUE,TRUE,TRUE,TRUE,TRUE,TRUE,TRUE,TRUE,""
"VS_B_A","VS","B",0.2,746,21060746,TRUE,TRUE,TRUE,TRUE,TRUE,TRUE,TRUE,TRUE,""
"VS_B_A","VS","B",0.2,747,21060747,TRUE,TRUE,TRUE,TRUE,TRUE,TRUE,TRUE,TRUE,""
"VS_B_A","VS","B",0.2,748,21060748,TRUE,TRUE,TRUE,TRUE,TRUE,TRUE,TRUE,TRUE,""
"VS_B_A","VS","B",0.2,749,21060749,TRUE,TRUE,TRUE,TRUE,TRUE,TRUE,TRUE,TRUE,""
"VS_B_A","VS","B",0.2,750,21060750,TRUE,TRUE,TRUE,TRUE,TRUE,TRUE,TRUE,TRUE,""
"VS_B_A","VS","B",0.2,751,21060751,TRUE,TRUE,TRUE,TRUE,TRUE,TRUE,TRUE,TRUE,""
"VS_B_A","VS","B",0.2,752,21060752,TRUE,TRUE,TRUE,TRUE,TRUE,TRUE,TRUE,TRUE,""
"VS_B_A","VS","B",0.2,753,21060753,TRUE,TRUE,TRUE,TRUE,TRUE,TRUE,TRUE,TRUE,""
"VS_B_A","VS","B",0.2,754,21060754,TRUE,TRUE,TRUE,TRUE,TRUE,TRUE,TRUE,TRUE,""
"VS_B_A","VS","B",0.2,755,21060755,TRUE,TRUE,TRUE,TRUE,TRUE,TRUE,TRUE,TRUE,""
"VS_B_A","VS","B",0.2,756,21060756,TRUE,TRUE,TRUE,TRUE,TRUE,TRUE,TRUE,TRUE,""
"VS_B_A","VS","B",0.2,757,21060757,TRUE,TRUE,TRUE,TRUE,TRUE,TRUE,TRUE,TRUE,""
"VS_B_A","VS","B",0.2,758,21060758,TRUE,TRUE,TRUE,TRUE,TRUE,TRUE,TRUE,TRUE,""
"VS_B_A","VS","B",0.2,759,21060759,TRUE,TRUE,TRUE,TRUE,TRUE,TRUE,TRUE,TRUE,""
"VS_B_A","VS","B",0.2,760,21060760,TRUE,TRUE,TRUE,TRUE,TRUE,TRUE,TRUE,TRUE,""
"VS_B_A","VS","B",0.2,761,21060761,TRUE,TRUE,TRUE,TRUE,TRUE,TRUE,TRUE,TRUE,""
"VS_B_A","VS","B",0.2,762,21060762,TRUE,TRUE,TRUE,TRUE,TRUE,TRUE,TRUE,TRUE,""
"VS_B_A","VS","B",0.2,763,21060763,TRUE,TRUE,TRUE,TRUE,TRUE,TRUE,TRUE,TRUE,""
"VS_B_A","VS","B",0.2,764,21060764,TRUE,TRUE,TRUE,TRUE,TRUE,TRUE,TRUE,TRUE,""
"VS_B_A","VS","B",0.2,765,21060765,TRUE,TRUE,TRUE,TRUE,TRUE,TRUE,TRUE,TRUE,""
"VS_B_A","VS","B",0.2,766,21060766,TRUE,TRUE,TRUE,TRUE,TRUE,TRUE,TRUE,TRUE,""
"VS_B_A","VS","B",0.2,767,21060767,TRUE,TRUE,TRUE,TRUE,TRUE,TRUE,TRUE,TRUE,""
"VS_B_A","VS","B",0.2,768,21060768,TRUE,TRUE,TRUE,TRUE,TRUE,TRUE,TRUE,TRUE,""
"VS_B_A","VS","B",0.2,769,21060769,TRUE,TRUE,TRUE,TRUE,TRUE,TRUE,TRUE,TRUE,""
"VS_B_A","VS","B",0.2,770,21060770,TRUE,TRUE,TRUE,TRUE,TRUE,TRUE,TRUE,TRUE,""
"VS_B_A","VS","B",0.2,771,21060771,TRUE,TRUE,TRUE,TRUE,TRUE,TRUE,TRUE,TRUE,""
"VS_B_A","VS","B",0.2,772,21060772,TRUE,TRUE,TRUE,TRUE,TRUE,TRUE,TRUE,TRUE,""
"VS_B_A","VS","B",0.2,773,21060773,TRUE,TRUE,TRUE,TRUE,TRUE,TRUE,TRUE,TRUE,""
"VS_B_A","VS","B",0.2,774,21060774,TRUE,TRUE,TRUE,TRUE,TRUE,TRUE,TRUE,TRUE,""
"VS_B_A","VS","B",0.2,775,21060775,TRUE,TRUE,TRUE,TRUE,TRUE,TRUE,TRUE,TRUE,""
"VS_B_A","VS","B",0.2,776,21060776,TRUE,TRUE,TRUE,TRUE,TRUE,TRUE,TRUE,TRUE,""
"VS_B_A","VS","B",0.2,777,21060777,TRUE,TRUE,TRUE,TRUE,TRUE,TRUE,TRUE,TRUE,""
"VS_B_A","VS","B",0.2,778,21060778,TRUE,TRUE,TRUE,TRUE,TRUE,TRUE,TRUE,TRUE,""
"VS_B_A","VS","B",0.2,779,21060779,TRUE,TRUE,TRUE,TRUE,TRUE,TRUE,TRUE,TRUE,""
"VS_B_A","VS","B",0.2,780,21060780,TRUE,TRUE,TRUE,TRUE,TRUE,TRUE,TRUE,TRUE,""
"VS_B_A","VS","B",0.2,781,21060781,TRUE,TRUE,TRUE,TRUE,TRUE,TRUE,TRUE,TRUE,""
"VS_B_A","VS","B",0.2,782,21060782,TRUE,TRUE,TRUE,TRUE,TRUE,TRUE,TRUE,TRUE,""
"VS_B_A","VS","B",0.2,783,21060783,TRUE,TRUE,TRUE,TRUE,TRUE,TRUE,TRUE,TRUE,""
"VS_B_A","VS","B",0.2,784,21060784,TRUE,TRUE,TRUE,TRUE,TRUE,TRUE,TRUE,TRUE,""
"VS_B_A","VS","B",0.2,785,21060785,TRUE,TRUE,TRUE,TRUE,TRUE,TRUE,TRUE,TRUE,""
"VS_B_A","VS","B",0.2,786,21060786,TRUE,TRUE,TRUE,TRUE,TRUE,TRUE,TRUE,TRUE,""
"VS_B_A","VS","B",0.2,787,21060787,TRUE,TRUE,TRUE,TRUE,TRUE,TRUE,TRUE,TRUE,""
"VS_B_A","VS","B",0.2,788,21060788,TRUE,TRUE,TRUE,TRUE,TRUE,TRUE,TRUE,TRUE,""
"VS_B_A","VS","B",0.2,789,21060789,TRUE,TRUE,TRUE,TRUE,TRUE,TRUE,TRUE,TRUE,""
"VS_B_A","VS","B",0.2,790,21060790,TRUE,TRUE,TRUE,TRUE,TRUE,TRUE,TRUE,TRUE,""
"VS_B_A","VS","B",0.2,791,21060791,TRUE,TRUE,TRUE,TRUE,TRUE,TRUE,TRUE,TRUE,""
"VS_B_A","VS","B",0.2,792,21060792,TRUE,TRUE,TRUE,TRUE,TRUE,TRUE,TRUE,TRUE,""
"VS_B_A","VS","B",0.2,793,21060793,TRUE,TRUE,TRUE,TRUE,TRUE,TRUE,TRUE,TRUE,""
"VS_B_A","VS","B",0.2,794,21060794,TRUE,TRUE,TRUE,TRUE,TRUE,TRUE,TRUE,TRUE,""
"VS_B_A","VS","B",0.2,795,21060795,TRUE,TRUE,TRUE,TRUE,TRUE,TRUE,TRUE,TRUE,""
"VS_B_A","VS","B",0.2,796,21060796,TRUE,TRUE,TRUE,TRUE,TRUE,TRUE,TRUE,TRUE,""
"VS_B_A","VS","B",0.2,797,21060797,TRUE,TRUE,TRUE,TRUE,TRUE,TRUE,TRUE,TRUE,""
"VS_B_A","VS","B",0.2,798,21060798,TRUE,TRUE,TRUE,TRUE,TRUE,TRUE,TRUE,TRUE,""
"VS_B_A","VS","B",0.2,799,21060799,TRUE,TRUE,TRUE,TRUE,TRUE,TRUE,TRUE,TRUE,""
"VS_B_A","VS","B",0.2,800,21060800,TRUE,TRUE,TRUE,TRUE,TRUE,TRUE,TRUE,TRUE,""
"VS_B_A","VS","B",0.2,801,21060801,TRUE,TRUE,TRUE,TRUE,TRUE,TRUE,TRUE,TRUE,""
"VS_B_A","VS","B",0.2,802,21060802,TRUE,TRUE,TRUE,TRUE,TRUE,TRUE,TRUE,TRUE,""
"VS_B_A","VS","B",0.2,803,21060803,TRUE,TRUE,TRUE,TRUE,TRUE,TRUE,TRUE,TRUE,""
"VS_B_A","VS","B",0.2,804,21060804,TRUE,TRUE,TRUE,TRUE,TRUE,TRUE,TRUE,TRUE,""
"VS_B_A","VS","B",0.2,805,21060805,TRUE,TRUE,TRUE,TRUE,TRUE,TRUE,TRUE,TRUE,""
"VS_B_A","VS","B",0.2,806,21060806,TRUE,TRUE,TRUE,TRUE,TRUE,TRUE,TRUE,TRUE,""
"VS_B_A","VS","B",0.2,807,21060807,TRUE,TRUE,TRUE,TRUE,TRUE,TRUE,TRUE,TRUE,""
"VS_B_A","VS","B",0.2,808,21060808,TRUE,TRUE,TRUE,TRUE,TRUE,TRUE,TRUE,TRUE,""
"VS_B_A","VS","B",0.2,809,21060809,TRUE,TRUE,TRUE,TRUE,TRUE,TRUE,TRUE,TRUE,""
"VS_B_A","VS","B",0.2,810,21060810,TRUE,TRUE,TRUE,TRUE,TRUE,TRUE,TRUE,TRUE,""
"VS_B_A","VS","B",0.2,811,21060811,TRUE,TRUE,TRUE,TRUE,TRUE,TRUE,TRUE,TRUE,""
"VS_B_A","VS","B",0.2,812,21060812,TRUE,TRUE,TRUE,TRUE,TRUE,TRUE,TRUE,TRUE,""
"VS_B_A","VS","B",0.2,813,21060813,TRUE,TRUE,TRUE,TRUE,TRUE,TRUE,TRUE,TRUE,""
"VS_B_A","VS","B",0.2,814,21060814,TRUE,TRUE,TRUE,TRUE,TRUE,TRUE,TRUE,TRUE,""
"VS_B_A","VS","B",0.2,815,21060815,TRUE,TRUE,TRUE,TRUE,TRUE,TRUE,TRUE,TRUE,""
"VS_B_A","VS","B",0.2,816,21060816,TRUE,TRUE,TRUE,TRUE,TRUE,TRUE,TRUE,TRUE,""
"VS_B_A","VS","B",0.2,817,21060817,TRUE,TRUE,TRUE,TRUE,TRUE,TRUE,TRUE,TRUE,""
"VS_B_A","VS","B",0.2,818,21060818,TRUE,TRUE,TRUE,TRUE,TRUE,TRUE,TRUE,TRUE,""
"VS_B_A","VS","B",0.2,819,21060819,TRUE,TRUE,TRUE,TRUE,TRUE,TRUE,TRUE,TRUE,""
"VS_B_A","VS","B",0.2,820,21060820,TRUE,TRUE,TRUE,TRUE,TRUE,TRUE,TRUE,TRUE,""
"VS_B_A","VS","B",0.2,821,21060821,TRUE,TRUE,TRUE,TRUE,TRUE,TRUE,TRUE,TRUE,""
"VS_B_A","VS","B",0.2,822,21060822,TRUE,TRUE,TRUE,TRUE,TRUE,TRUE,TRUE,TRUE,""
"VS_B_A","VS","B",0.2,823,21060823,TRUE,TRUE,TRUE,TRUE,TRUE,TRUE,TRUE,TRUE,""
"VS_B_A","VS","B",0.2,824,21060824,TRUE,TRUE,TRUE,TRUE,TRUE,TRUE,TRUE,TRUE,""
"VS_B_A","VS","B",0.2,825,21060825,TRUE,TRUE,TRUE,TRUE,TRUE,TRUE,TRUE,TRUE,""
"VS_B_A","VS","B",0.2,826,21060826,TRUE,TRUE,TRUE,TRUE,TRUE,TRUE,TRUE,TRUE,""
"VS_B_A","VS","B",0.2,827,21060827,TRUE,TRUE,TRUE,TRUE,TRUE,TRUE,TRUE,TRUE,""
"VS_B_A","VS","B",0.2,828,21060828,TRUE,TRUE,TRUE,TRUE,TRUE,TRUE,TRUE,TRUE,""
"VS_B_A","VS","B",0.2,829,21060829,TRUE,TRUE,TRUE,TRUE,TRUE,TRUE,TRUE,TRUE,""
"VS_B_A","VS","B",0.2,830,21060830,TRUE,TRUE,TRUE,TRUE,TRUE,TRUE,TRUE,TRUE,""
"VS_B_A","VS","B",0.2,831,21060831,TRUE,TRUE,TRUE,TRUE,TRUE,TRUE,TRUE,TRUE,""
"VS_B_A","VS","B",0.2,832,21060832,TRUE,TRUE,TRUE,TRUE,TRUE,TRUE,TRUE,TRUE,""
"VS_B_A","VS","B",0.2,833,21060833,TRUE,TRUE,TRUE,TRUE,TRUE,TRUE,TRUE,TRUE,""
"VS_B_A","VS","B",0.2,834,21060834,TRUE,TRUE,TRUE,TRUE,TRUE,TRUE,TRUE,TRUE,""
"VS_B_A","VS","B",0.2,835,21060835,TRUE,TRUE,TRUE,TRUE,TRUE,TRUE,TRUE,TRUE,""
"VS_B_A","VS","B",0.2,836,21060836,TRUE,TRUE,TRUE,TRUE,TRUE,TRUE,TRUE,TRUE,""
"VS_B_A","VS","B",0.2,837,21060837,TRUE,TRUE,TRUE,TRUE,TRUE,TRUE,TRUE,TRUE,""
"VS_B_A","VS","B",0.2,838,21060838,TRUE,TRUE,TRUE,TRUE,TRUE,TRUE,TRUE,TRUE,""
"VS_B_A","VS","B",0.2,839,21060839,TRUE,TRUE,TRUE,TRUE,TRUE,TRUE,TRUE,TRUE,""
"VS_B_A","VS","B",0.2,840,21060840,TRUE,TRUE,TRUE,TRUE,TRUE,TRUE,TRUE,TRUE,""
"VS_B_A","VS","B",0.2,841,21060841,TRUE,TRUE,TRUE,TRUE,TRUE,TRUE,TRUE,TRUE,""
"VS_B_A","VS","B",0.2,842,21060842,TRUE,TRUE,TRUE,TRUE,TRUE,TRUE,TRUE,TRUE,""
"VS_B_A","VS","B",0.2,843,21060843,TRUE,TRUE,TRUE,TRUE,TRUE,TRUE,TRUE,TRUE,""
"VS_B_A","VS","B",0.2,844,21060844,TRUE,TRUE,TRUE,TRUE,TRUE,TRUE,TRUE,TRUE,""
"VS_B_A","VS","B",0.2,845,21060845,TRUE,TRUE,TRUE,TRUE,TRUE,TRUE,TRUE,TRUE,""
"VS_B_A","VS","B",0.2,846,21060846,TRUE,TRUE,TRUE,TRUE,TRUE,TRUE,TRUE,TRUE,""
"VS_B_A","VS","B",0.2,847,21060847,TRUE,TRUE,TRUE,TRUE,TRUE,TRUE,TRUE,TRUE,""
"VS_B_A","VS","B",0.2,848,21060848,TRUE,TRUE,TRUE,TRUE,TRUE,TRUE,TRUE,TRUE,""
"VS_B_A","VS","B",0.2,849,21060849,TRUE,TRUE,TRUE,TRUE,TRUE,TRUE,TRUE,TRUE,""
"VS_B_A","VS","B",0.2,850,21060850,TRUE,TRUE,TRUE,TRUE,TRUE,TRUE,TRUE,TRUE,""
"VS_B_A","VS","B",0.2,851,21060851,TRUE,TRUE,TRUE,TRUE,TRUE,TRUE,TRUE,TRUE,""
"VS_B_A","VS","B",0.2,852,21060852,TRUE,TRUE,TRUE,TRUE,TRUE,TRUE,TRUE,TRUE,""
"VS_B_A","VS","B",0.2,853,21060853,TRUE,TRUE,TRUE,TRUE,TRUE,TRUE,TRUE,TRUE,""
"VS_B_A","VS","B",0.2,854,21060854,TRUE,TRUE,TRUE,TRUE,TRUE,TRUE,TRUE,TRUE,""
"VS_B_A","VS","B",0.2,855,21060855,TRUE,TRUE,TRUE,TRUE,TRUE,TRUE,TRUE,TRUE,""
"VS_B_A","VS","B",0.2,856,21060856,TRUE,TRUE,TRUE,TRUE,TRUE,TRUE,TRUE,TRUE,""
"VS_B_A","VS","B",0.2,857,21060857,TRUE,TRUE,TRUE,TRUE,TRUE,TRUE,TRUE,TRUE,""
"VS_B_A","VS","B",0.2,858,21060858,TRUE,TRUE,TRUE,TRUE,TRUE,TRUE,TRUE,TRUE,""
"VS_B_A","VS","B",0.2,859,21060859,TRUE,TRUE,TRUE,TRUE,TRUE,TRUE,TRUE,TRUE,""
"VS_B_A","VS","B",0.2,860,21060860,TRUE,TRUE,TRUE,TRUE,TRUE,TRUE,TRUE,TRUE,""
"VS_B_A","VS","B",0.2,861,21060861,TRUE,TRUE,TRUE,TRUE,TRUE,TRUE,TRUE,TRUE,""
"VS_B_A","VS","B",0.2,862,21060862,TRUE,TRUE,TRUE,TRUE,TRUE,TRUE,TRUE,TRUE,""
"VS_B_A","VS","B",0.2,863,21060863,TRUE,TRUE,TRUE,TRUE,TRUE,TRUE,TRUE,TRUE,""
"VS_B_A","VS","B",0.2,864,21060864,TRUE,TRUE,TRUE,TRUE,TRUE,TRUE,TRUE,TRUE,""
"VS_B_A","VS","B",0.2,865,21060865,TRUE,TRUE,TRUE,TRUE,TRUE,TRUE,TRUE,TRUE,""
"VS_B_A","VS","B",0.2,866,21060866,TRUE,TRUE,TRUE,TRUE,TRUE,TRUE,TRUE,TRUE,""
"VS_B_A","VS","B",0.2,867,21060867,TRUE,TRUE,TRUE,TRUE,TRUE,TRUE,TRUE,TRUE,""
"VS_B_A","VS","B",0.2,868,21060868,TRUE,TRUE,TRUE,TRUE,TRUE,TRUE,TRUE,TRUE,""
"VS_B_A","VS","B",0.2,869,21060869,TRUE,TRUE,TRUE,TRUE,TRUE,TRUE,TRUE,TRUE,""
"VS_B_A","VS","B",0.2,870,21060870,TRUE,TRUE,TRUE,TRUE,TRUE,TRUE,TRUE,TRUE,""
"VS_B_A","VS","B",0.2,871,21060871,TRUE,TRUE,TRUE,TRUE,TRUE,TRUE,TRUE,TRUE,""
"VS_B_A","VS","B",0.2,872,21060872,TRUE,TRUE,TRUE,TRUE,TRUE,TRUE,TRUE,TRUE,""
"VS_B_A","VS","B",0.2,873,21060873,TRUE,TRUE,TRUE,TRUE,TRUE,TRUE,TRUE,TRUE,""
"VS_B_A","VS","B",0.2,874,21060874,TRUE,TRUE,TRUE,TRUE,TRUE,TRUE,TRUE,TRUE,""
"VS_B_A","VS","B",0.2,875,21060875,TRUE,TRUE,TRUE,TRUE,TRUE,TRUE,TRUE,TRUE,""
"VS_B_A","VS","B",0.2,876,21060876,TRUE,TRUE,TRUE,TRUE,TRUE,TRUE,TRUE,TRUE,""
"VS_B_A","VS","B",0.2,877,21060877,TRUE,TRUE,TRUE,TRUE,TRUE,TRUE,TRUE,TRUE,""
"VS_B_A","VS","B",0.2,878,21060878,TRUE,TRUE,TRUE,TRUE,TRUE,TRUE,TRUE,TRUE,""
"VS_B_A","VS","B",0.2,879,21060879,TRUE,TRUE,TRUE,TRUE,TRUE,TRUE,TRUE,TRUE,""
"VS_B_A","VS","B",0.2,880,21060880,TRUE,TRUE,TRUE,TRUE,TRUE,TRUE,TRUE,TRUE,""
"VS_B_A","VS","B",0.2,881,21060881,TRUE,TRUE,TRUE,TRUE,TRUE,TRUE,TRUE,TRUE,""
"VS_B_A","VS","B",0.2,882,21060882,TRUE,TRUE,TRUE,TRUE,TRUE,TRUE,TRUE,TRUE,""
"VS_B_A","VS","B",0.2,883,21060883,TRUE,TRUE,TRUE,TRUE,TRUE,TRUE,TRUE,TRUE,""
"VS_B_A","VS","B",0.2,884,21060884,TRUE,TRUE,TRUE,TRUE,TRUE,TRUE,TRUE,TRUE,""
"VS_B_A","VS","B",0.2,885,21060885,TRUE,TRUE,TRUE,TRUE,TRUE,TRUE,TRUE,TRUE,""
"VS_B_A","VS","B",0.2,886,21060886,TRUE,TRUE,TRUE,TRUE,TRUE,TRUE,TRUE,TRUE,""
"VS_B_A","VS","B",0.2,887,21060887,TRUE,TRUE,TRUE,TRUE,TRUE,TRUE,TRUE,TRUE,""
"VS_B_A","VS","B",0.2,888,21060888,TRUE,TRUE,TRUE,TRUE,TRUE,TRUE,TRUE,TRUE,""
"VS_B_A","VS","B",0.2,889,21060889,TRUE,TRUE,TRUE,TRUE,TRUE,TRUE,TRUE,TRUE,""
"VS_B_A","VS","B",0.2,890,21060890,TRUE,TRUE,TRUE,TRUE,TRUE,TRUE,TRUE,TRUE,""
"VS_B_A","VS","B",0.2,891,21060891,TRUE,TRUE,TRUE,TRUE,TRUE,TRUE,TRUE,TRUE,""
"VS_B_A","VS","B",0.2,892,21060892,TRUE,TRUE,TRUE,TRUE,TRUE,TRUE,TRUE,TRUE,""
"VS_B_A","VS","B",0.2,893,21060893,TRUE,TRUE,TRUE,TRUE,TRUE,TRUE,TRUE,TRUE,""
"VS_B_A","VS","B",0.2,894,21060894,TRUE,TRUE,TRUE,TRUE,TRUE,TRUE,TRUE,TRUE,""
"VS_B_A","VS","B",0.2,895,21060895,TRUE,TRUE,TRUE,TRUE,TRUE,TRUE,TRUE,TRUE,""
"VS_B_A","VS","B",0.2,896,21060896,TRUE,TRUE,TRUE,TRUE,TRUE,TRUE,TRUE,TRUE,""
"VS_B_A","VS","B",0.2,897,21060897,TRUE,TRUE,TRUE,TRUE,TRUE,TRUE,TRUE,TRUE,""
"VS_B_A","VS","B",0.2,898,21060898,TRUE,TRUE,TRUE,TRUE,TRUE,TRUE,TRUE,TRUE,""
"VS_B_A","VS","B",0.2,899,21060899,TRUE,TRUE,TRUE,TRUE,TRUE,TRUE,TRUE,TRUE,""
"VS_B_A","VS","B",0.2,900,21060900,TRUE,TRUE,TRUE,TRUE,TRUE,TRUE,TRUE,TRUE,""
"VS_B_A","VS","B",0.2,901,21060901,TRUE,TRUE,TRUE,TRUE,TRUE,TRUE,TRUE,TRUE,""
"VS_B_A","VS","B",0.2,902,21060902,TRUE,TRUE,TRUE,TRUE,TRUE,TRUE,TRUE,TRUE,""
"VS_B_A","VS","B",0.2,903,21060903,TRUE,TRUE,TRUE,TRUE,TRUE,TRUE,TRUE,TRUE,""
"VS_B_A","VS","B",0.2,904,21060904,TRUE,TRUE,TRUE,TRUE,TRUE,TRUE,TRUE,TRUE,""
"VS_B_A","VS","B",0.2,905,21060905,TRUE,TRUE,TRUE,TRUE,TRUE,TRUE,TRUE,TRUE,""
"VS_B_A","VS","B",0.2,906,21060906,TRUE,TRUE,TRUE,TRUE,TRUE,TRUE,TRUE,TRUE,""
"VS_B_A","VS","B",0.2,907,21060907,TRUE,TRUE,TRUE,TRUE,TRUE,TRUE,TRUE,TRUE,""
"VS_B_A","VS","B",0.2,908,21060908,TRUE,TRUE,TRUE,TRUE,TRUE,TRUE,TRUE,TRUE,""
"VS_B_A","VS","B",0.2,909,21060909,TRUE,TRUE,TRUE,TRUE,TRUE,TRUE,TRUE,TRUE,""
"VS_B_A","VS","B",0.2,910,21060910,TRUE,TRUE,TRUE,TRUE,TRUE,TRUE,TRUE,TRUE,""
"VS_B_A","VS","B",0.2,911,21060911,TRUE,TRUE,TRUE,TRUE,TRUE,TRUE,TRUE,TRUE,""
"VS_B_A","VS","B",0.2,912,21060912,TRUE,TRUE,TRUE,TRUE,TRUE,TRUE,TRUE,TRUE,""
"VS_B_A","VS","B",0.2,913,21060913,TRUE,TRUE,TRUE,TRUE,TRUE,TRUE,TRUE,TRUE,""
"VS_B_A","VS","B",0.2,914,21060914,TRUE,TRUE,TRUE,TRUE,TRUE,TRUE,TRUE,TRUE,""
"VS_B_A","VS","B",0.2,915,21060915,TRUE,TRUE,TRUE,TRUE,TRUE,TRUE,TRUE,TRUE,""
"VS_B_A","VS","B",0.2,916,21060916,TRUE,TRUE,TRUE,TRUE,TRUE,TRUE,TRUE,TRUE,""
"VS_B_A","VS","B",0.2,917,21060917,TRUE,TRUE,TRUE,TRUE,TRUE,TRUE,TRUE,TRUE,""
"VS_B_A","VS","B",0.2,918,21060918,TRUE,TRUE,TRUE,TRUE,TRUE,TRUE,TRUE,TRUE,""
"VS_B_A","VS","B",0.2,919,21060919,TRUE,TRUE,TRUE,TRUE,TRUE,TRUE,TRUE,TRUE,""
"VS_B_A","VS","B",0.2,920,21060920,TRUE,TRUE,TRUE,TRUE,TRUE,TRUE,TRUE,TRUE,""
"VS_B_A","VS","B",0.2,921,21060921,TRUE,TRUE,TRUE,TRUE,TRUE,TRUE,TRUE,TRUE,""
"VS_B_A","VS","B",0.2,922,21060922,TRUE,TRUE,TRUE,TRUE,TRUE,TRUE,TRUE,TRUE,""
"VS_B_A","VS","B",0.2,923,21060923,TRUE,TRUE,TRUE,TRUE,TRUE,TRUE,TRUE,TRUE,""
"VS_B_A","VS","B",0.2,924,21060924,TRUE,TRUE,TRUE,TRUE,TRUE,TRUE,TRUE,TRUE,""
"VS_B_A","VS","B",0.2,925,21060925,TRUE,TRUE,TRUE,TRUE,TRUE,TRUE,TRUE,TRUE,""
"VS_B_A","VS","B",0.2,926,21060926,TRUE,TRUE,TRUE,TRUE,TRUE,TRUE,TRUE,TRUE,""
"VS_B_A","VS","B",0.2,927,21060927,TRUE,TRUE,TRUE,TRUE,TRUE,TRUE,TRUE,TRUE,""
"VS_B_A","VS","B",0.2,928,21060928,TRUE,TRUE,TRUE,TRUE,TRUE,TRUE,TRUE,TRUE,""
"VS_B_A","VS","B",0.2,929,21060929,TRUE,TRUE,TRUE,TRUE,TRUE,TRUE,TRUE,TRUE,""
"VS_B_A","VS","B",0.2,930,21060930,TRUE,TRUE,TRUE,TRUE,TRUE,TRUE,TRUE,TRUE,""
"VS_B_A","VS","B",0.2,931,21060931,TRUE,TRUE,TRUE,TRUE,TRUE,TRUE,TRUE,TRUE,""
"VS_B_A","VS","B",0.2,932,21060932,TRUE,TRUE,TRUE,TRUE,TRUE,TRUE,TRUE,TRUE,""
"VS_B_A","VS","B",0.2,933,21060933,TRUE,TRUE,TRUE,TRUE,TRUE,TRUE,TRUE,TRUE,""
"VS_B_A","VS","B",0.2,934,21060934,TRUE,TRUE,TRUE,TRUE,TRUE,TRUE,TRUE,TRUE,""
"VS_B_A","VS","B",0.2,935,21060935,TRUE,TRUE,TRUE,TRUE,TRUE,TRUE,TRUE,TRUE,""
"VS_B_A","VS","B",0.2,936,21060936,TRUE,TRUE,TRUE,TRUE,TRUE,TRUE,TRUE,TRUE,""
"VS_B_A","VS","B",0.2,937,21060937,TRUE,TRUE,TRUE,TRUE,TRUE,TRUE,TRUE,TRUE,""
"VS_B_A","VS","B",0.2,938,21060938,TRUE,TRUE,TRUE,TRUE,TRUE,TRUE,TRUE,TRUE,""
"VS_B_A","VS","B",0.2,939,21060939,TRUE,TRUE,TRUE,TRUE,TRUE,TRUE,TRUE,TRUE,""
"VS_B_A","VS","B",0.2,940,21060940,TRUE,TRUE,TRUE,TRUE,TRUE,TRUE,TRUE,TRUE,""
"VS_B_A","VS","B",0.2,941,21060941,TRUE,TRUE,TRUE,TRUE,TRUE,TRUE,TRUE,TRUE,""
"VS_B_A","VS","B",0.2,942,21060942,TRUE,TRUE,TRUE,TRUE,TRUE,TRUE,TRUE,TRUE,""
"VS_B_A","VS","B",0.2,943,21060943,TRUE,TRUE,TRUE,TRUE,TRUE,TRUE,TRUE,TRUE,""
"VS_B_A","VS","B",0.2,944,21060944,TRUE,TRUE,TRUE,TRUE,TRUE,TRUE,TRUE,TRUE,""
"VS_B_A","VS","B",0.2,945,21060945,TRUE,TRUE,TRUE,TRUE,TRUE,TRUE,TRUE,TRUE,""
"VS_B_A","VS","B",0.2,946,21060946,TRUE,TRUE,TRUE,TRUE,TRUE,TRUE,TRUE,TRUE,""
"VS_B_A","VS","B",0.2,947,21060947,TRUE,TRUE,TRUE,TRUE,TRUE,TRUE,TRUE,TRUE,""
"VS_B_A","VS","B",0.2,948,21060948,TRUE,TRUE,TRUE,TRUE,TRUE,TRUE,TRUE,TRUE,""
"VS_B_A","VS","B",0.2,949,21060949,TRUE,TRUE,TRUE,TRUE,TRUE,TRUE,TRUE,TRUE,""
"VS_B_A","VS","B",0.2,950,21060950,TRUE,TRUE,TRUE,TRUE,TRUE,TRUE,TRUE,TRUE,""
"VS_B_A","VS","B",0.2,951,21060951,TRUE,TRUE,TRUE,TRUE,TRUE,TRUE,TRUE,TRUE,""
"VS_B_A","VS","B",0.2,952,21060952,TRUE,TRUE,TRUE,TRUE,TRUE,TRUE,TRUE,TRUE,""
"VS_B_A","VS","B",0.2,953,21060953,TRUE,TRUE,TRUE,TRUE,TRUE,TRUE,TRUE,TRUE,""
"VS_B_A","VS","B",0.2,954,21060954,TRUE,TRUE,TRUE,TRUE,TRUE,TRUE,TRUE,TRUE,""
"VS_B_A","VS","B",0.2,955,21060955,TRUE,TRUE,TRUE,TRUE,TRUE,TRUE,TRUE,TRUE,""
"VS_B_A","VS","B",0.2,956,21060956,TRUE,TRUE,TRUE,TRUE,TRUE,TRUE,TRUE,TRUE,""
"VS_B_A","VS","B",0.2,957,21060957,TRUE,TRUE,TRUE,TRUE,TRUE,TRUE,TRUE,TRUE,""
"VS_B_A","VS","B",0.2,958,21060958,TRUE,TRUE,TRUE,TRUE,TRUE,TRUE,TRUE,TRUE,""
"VS_B_A","VS","B",0.2,959,21060959,TRUE,TRUE,TRUE,TRUE,TRUE,TRUE,TRUE,TRUE,""
"VS_B_A","VS","B",0.2,960,21060960,TRUE,TRUE,TRUE,TRUE,TRUE,TRUE,TRUE,TRUE,""
"VS_B_A","VS","B",0.2,961,21060961,TRUE,TRUE,TRUE,TRUE,TRUE,TRUE,TRUE,TRUE,""
"VS_B_A","VS","B",0.2,962,21060962,TRUE,TRUE,TRUE,TRUE,TRUE,TRUE,TRUE,TRUE,""
"VS_B_A","VS","B",0.2,963,21060963,TRUE,TRUE,TRUE,TRUE,TRUE,TRUE,TRUE,TRUE,""
"VS_B_A","VS","B",0.2,964,21060964,TRUE,TRUE,TRUE,TRUE,TRUE,TRUE,TRUE,TRUE,""
"VS_B_A","VS","B",0.2,965,21060965,TRUE,TRUE,TRUE,TRUE,TRUE,TRUE,TRUE,TRUE,""
"VS_B_A","VS","B",0.2,966,21060966,TRUE,TRUE,TRUE,TRUE,TRUE,TRUE,TRUE,TRUE,""
"VS_B_A","VS","B",0.2,967,21060967,TRUE,TRUE,TRUE,TRUE,TRUE,TRUE,TRUE,TRUE,""
"VS_B_A","VS","B",0.2,968,21060968,TRUE,TRUE,TRUE,TRUE,TRUE,TRUE,TRUE,TRUE,""
"VS_B_A","VS","B",0.2,969,21060969,TRUE,TRUE,TRUE,TRUE,TRUE,TRUE,TRUE,TRUE,""
"VS_B_A","VS","B",0.2,970,21060970,TRUE,TRUE,TRUE,TRUE,TRUE,TRUE,TRUE,TRUE,""
"VS_B_A","VS","B",0.2,971,21060971,TRUE,TRUE,TRUE,TRUE,TRUE,TRUE,TRUE,TRUE,""
"VS_B_A","VS","B",0.2,972,21060972,TRUE,TRUE,TRUE,TRUE,TRUE,TRUE,TRUE,TRUE,""
"VS_B_A","VS","B",0.2,973,21060973,TRUE,TRUE,TRUE,TRUE,TRUE,TRUE,TRUE,TRUE,""
"VS_B_A","VS","B",0.2,974,21060974,TRUE,TRUE,TRUE,TRUE,TRUE,TRUE,TRUE,TRUE,""
"VS_B_A","VS","B",0.2,975,21060975,TRUE,TRUE,TRUE,TRUE,TRUE,TRUE,TRUE,TRUE,""
"VS_B_A","VS","B",0.2,976,21060976,TRUE,TRUE,TRUE,TRUE,TRUE,TRUE,TRUE,TRUE,""
"VS_B_A","VS","B",0.2,977,21060977,TRUE,TRUE,TRUE,TRUE,TRUE,TRUE,TRUE,TRUE,""
"VS_B_A","VS","B",0.2,978,21060978,TRUE,TRUE,TRUE,TRUE,TRUE,TRUE,TRUE,TRUE,""
"VS_B_A","VS","B",0.2,979,21060979,TRUE,TRUE,TRUE,TRUE,TRUE,TRUE,TRUE,TRUE,""
"VS_B_A","VS","B",0.2,980,21060980,TRUE,TRUE,TRUE,TRUE,TRUE,TRUE,TRUE,TRUE,""
"VS_B_A","VS","B",0.2,981,21060981,TRUE,TRUE,TRUE,TRUE,TRUE,TRUE,TRUE,TRUE,""
"VS_B_A","VS","B",0.2,982,21060982,TRUE,TRUE,TRUE,TRUE,TRUE,TRUE,TRUE,TRUE,""
"VS_B_A","VS","B",0.2,983,21060983,TRUE,TRUE,TRUE,TRUE,TRUE,TRUE,TRUE,TRUE,""
"VS_B_A","VS","B",0.2,984,21060984,TRUE,TRUE,TRUE,TRUE,TRUE,TRUE,TRUE,TRUE,""
"VS_B_A","VS","B",0.2,985,21060985,TRUE,TRUE,TRUE,TRUE,TRUE,TRUE,TRUE,TRUE,""
"VS_B_A","VS","B",0.2,986,21060986,TRUE,TRUE,TRUE,TRUE,TRUE,TRUE,TRUE,TRUE,""
"VS_B_A","VS","B",0.2,987,21060987,TRUE,TRUE,TRUE,TRUE,TRUE,TRUE,TRUE,TRUE,""
"VS_B_A","VS","B",0.2,988,21060988,TRUE,TRUE,TRUE,TRUE,TRUE,TRUE,TRUE,TRUE,""
"VS_B_A","VS","B",0.2,989,21060989,TRUE,TRUE,TRUE,TRUE,TRUE,TRUE,TRUE,TRUE,""
"VS_B_A","VS","B",0.2,990,21060990,TRUE,TRUE,TRUE,TRUE,TRUE,TRUE,TRUE,TRUE,""
"VS_B_A","VS","B",0.2,991,21060991,TRUE,TRUE,TRUE,TRUE,TRUE,TRUE,TRUE,TRUE,""
"VS_B_A","VS","B",0.2,992,21060992,TRUE,TRUE,TRUE,TRUE,TRUE,TRUE,TRUE,TRUE,""
"VS_B_A","VS","B",0.2,993,21060993,TRUE,TRUE,TRUE,TRUE,TRUE,TRUE,TRUE,TRUE,""
"VS_B_A","VS","B",0.2,994,21060994,TRUE,TRUE,TRUE,TRUE,TRUE,TRUE,TRUE,TRUE,""
"VS_B_A","VS","B",0.2,995,21060995,TRUE,TRUE,TRUE,TRUE,TRUE,TRUE,TRUE,TRUE,""
"VS_B_A","VS","B",0.2,996,21060996,TRUE,TRUE,TRUE,TRUE,TRUE,TRUE,TRUE,TRUE,""
"VS_B_A","VS","B",0.2,997,21060997,TRUE,TRUE,TRUE,TRUE,TRUE,TRUE,TRUE,TRUE,""
"VS_B_A","VS","B",0.2,998,21060998,TRUE,TRUE,TRUE,TRUE,TRUE,TRUE,TRUE,TRUE,""
"VS_B_A","VS","B",0.2,999,21060999,TRUE,TRUE,TRUE,TRUE,TRUE,TRUE,TRUE,TRUE,""
"VS_B_A","VS","B",0.2,1000,21061000,TRUE,TRUE,TRUE,TRUE,TRUE,TRUE,TRUE,TRUE,""
"VS_SH_N","VS","SH",0,1,21160001,TRUE,TRUE,TRUE,TRUE,TRUE,TRUE,TRUE,TRUE,""
"VS_SH_N","VS","SH",0,2,21160002,TRUE,TRUE,TRUE,TRUE,TRUE,TRUE,TRUE,TRUE,""
"VS_SH_N","VS","SH",0,3,21160003,TRUE,TRUE,TRUE,TRUE,TRUE,TRUE,TRUE,TRUE,""
"VS_SH_N","VS","SH",0,4,21160004,TRUE,TRUE,TRUE,TRUE,TRUE,TRUE,TRUE,TRUE,""
"VS_SH_N","VS","SH",0,5,21160005,TRUE,TRUE,TRUE,TRUE,TRUE,TRUE,TRUE,TRUE,""
"VS_SH_N","VS","SH",0,6,21160006,TRUE,TRUE,TRUE,TRUE,TRUE,TRUE,TRUE,TRUE,""
"VS_SH_N","VS","SH",0,7,21160007,TRUE,TRUE,TRUE,TRUE,TRUE,TRUE,TRUE,TRUE,""
"VS_SH_N","VS","SH",0,8,21160008,TRUE,TRUE,TRUE,TRUE,TRUE,TRUE,TRUE,TRUE,""
"VS_SH_N","VS","SH",0,9,21160009,TRUE,TRUE,TRUE,TRUE,TRUE,TRUE,TRUE,TRUE,""
"VS_SH_N","VS","SH",0,10,21160010,TRUE,TRUE,TRUE,TRUE,TRUE,TRUE,TRUE,TRUE,""
"VS_SH_N","VS","SH",0,11,21160011,TRUE,TRUE,TRUE,TRUE,TRUE,TRUE,TRUE,TRUE,""
"VS_SH_N","VS","SH",0,12,21160012,TRUE,TRUE,TRUE,TRUE,TRUE,TRUE,TRUE,TRUE,""
"VS_SH_N","VS","SH",0,13,21160013,TRUE,TRUE,TRUE,TRUE,TRUE,TRUE,TRUE,TRUE,""
"VS_SH_N","VS","SH",0,14,21160014,TRUE,TRUE,TRUE,TRUE,TRUE,TRUE,TRUE,TRUE,""
"VS_SH_N","VS","SH",0,15,21160015,TRUE,TRUE,TRUE,TRUE,TRUE,TRUE,TRUE,TRUE,""
"VS_SH_N","VS","SH",0,16,21160016,TRUE,TRUE,TRUE,TRUE,TRUE,TRUE,TRUE,TRUE,""
"VS_SH_N","VS","SH",0,17,21160017,TRUE,TRUE,TRUE,TRUE,TRUE,TRUE,TRUE,TRUE,""
"VS_SH_N","VS","SH",0,18,21160018,TRUE,TRUE,TRUE,TRUE,TRUE,TRUE,TRUE,TRUE,""
"VS_SH_N","VS","SH",0,19,21160019,TRUE,TRUE,TRUE,TRUE,TRUE,TRUE,TRUE,TRUE,""
"VS_SH_N","VS","SH",0,20,21160020,TRUE,TRUE,TRUE,TRUE,TRUE,TRUE,TRUE,TRUE,""
"VS_SH_N","VS","SH",0,21,21160021,TRUE,TRUE,TRUE,TRUE,TRUE,TRUE,TRUE,TRUE,""
"VS_SH_N","VS","SH",0,22,21160022,TRUE,TRUE,TRUE,TRUE,TRUE,TRUE,TRUE,TRUE,""
"VS_SH_N","VS","SH",0,23,21160023,TRUE,TRUE,TRUE,TRUE,TRUE,TRUE,TRUE,TRUE,""
"VS_SH_N","VS","SH",0,24,21160024,TRUE,TRUE,TRUE,TRUE,TRUE,TRUE,TRUE,TRUE,""
"VS_SH_N","VS","SH",0,25,21160025,TRUE,TRUE,TRUE,TRUE,TRUE,TRUE,TRUE,TRUE,""
"VS_SH_N","VS","SH",0,26,21160026,TRUE,TRUE,TRUE,TRUE,TRUE,TRUE,TRUE,TRUE,""
"VS_SH_N","VS","SH",0,27,21160027,TRUE,TRUE,TRUE,TRUE,TRUE,TRUE,TRUE,TRUE,""
"VS_SH_N","VS","SH",0,28,21160028,TRUE,TRUE,TRUE,TRUE,TRUE,TRUE,TRUE,TRUE,""
"VS_SH_N","VS","SH",0,29,21160029,TRUE,TRUE,TRUE,TRUE,TRUE,TRUE,TRUE,TRUE,""
"VS_SH_N","VS","SH",0,30,21160030,TRUE,TRUE,TRUE,TRUE,TRUE,TRUE,TRUE,TRUE,""
"VS_SH_N","VS","SH",0,31,21160031,TRUE,TRUE,TRUE,TRUE,TRUE,TRUE,TRUE,TRUE,""
"VS_SH_N","VS","SH",0,32,21160032,TRUE,TRUE,TRUE,TRUE,TRUE,TRUE,TRUE,TRUE,""
"VS_SH_N","VS","SH",0,33,21160033,TRUE,TRUE,TRUE,TRUE,TRUE,TRUE,TRUE,TRUE,""
"VS_SH_N","VS","SH",0,34,21160034,TRUE,TRUE,TRUE,TRUE,TRUE,TRUE,TRUE,TRUE,""
"VS_SH_N","VS","SH",0,35,21160035,TRUE,TRUE,TRUE,TRUE,TRUE,TRUE,TRUE,TRUE,""
"VS_SH_N","VS","SH",0,36,21160036,TRUE,TRUE,TRUE,TRUE,TRUE,TRUE,TRUE,TRUE,""
"VS_SH_N","VS","SH",0,37,21160037,TRUE,TRUE,TRUE,TRUE,TRUE,TRUE,TRUE,TRUE,""
"VS_SH_N","VS","SH",0,38,21160038,TRUE,TRUE,TRUE,TRUE,TRUE,TRUE,TRUE,TRUE,""
"VS_SH_N","VS","SH",0,39,21160039,TRUE,TRUE,TRUE,TRUE,TRUE,TRUE,TRUE,TRUE,""
"VS_SH_N","VS","SH",0,40,21160040,TRUE,TRUE,TRUE,TRUE,TRUE,TRUE,TRUE,TRUE,""
"VS_SH_N","VS","SH",0,41,21160041,TRUE,TRUE,TRUE,TRUE,TRUE,TRUE,TRUE,TRUE,""
"VS_SH_N","VS","SH",0,42,21160042,TRUE,TRUE,TRUE,TRUE,TRUE,TRUE,TRUE,TRUE,""
"VS_SH_N","VS","SH",0,43,21160043,TRUE,TRUE,TRUE,TRUE,TRUE,TRUE,TRUE,TRUE,""
"VS_SH_N","VS","SH",0,44,21160044,TRUE,TRUE,TRUE,TRUE,TRUE,TRUE,TRUE,TRUE,""
"VS_SH_N","VS","SH",0,45,21160045,TRUE,TRUE,TRUE,TRUE,TRUE,TRUE,TRUE,TRUE,""
"VS_SH_N","VS","SH",0,46,21160046,TRUE,TRUE,TRUE,TRUE,TRUE,TRUE,TRUE,TRUE,""
"VS_SH_N","VS","SH",0,47,21160047,TRUE,TRUE,TRUE,TRUE,TRUE,TRUE,TRUE,TRUE,""
"VS_SH_N","VS","SH",0,48,21160048,TRUE,TRUE,TRUE,TRUE,TRUE,TRUE,TRUE,TRUE,""
"VS_SH_N","VS","SH",0,49,21160049,TRUE,TRUE,TRUE,TRUE,TRUE,TRUE,TRUE,TRUE,""
"VS_SH_N","VS","SH",0,50,21160050,TRUE,TRUE,TRUE,TRUE,TRUE,TRUE,TRUE,TRUE,""
"VS_SH_N","VS","SH",0,51,21160051,TRUE,TRUE,TRUE,TRUE,TRUE,TRUE,TRUE,TRUE,""
"VS_SH_N","VS","SH",0,52,21160052,TRUE,TRUE,TRUE,TRUE,TRUE,TRUE,TRUE,TRUE,""
"VS_SH_N","VS","SH",0,53,21160053,TRUE,TRUE,TRUE,TRUE,TRUE,TRUE,TRUE,TRUE,""
"VS_SH_N","VS","SH",0,54,21160054,TRUE,TRUE,TRUE,TRUE,TRUE,TRUE,TRUE,TRUE,""
"VS_SH_N","VS","SH",0,55,21160055,TRUE,TRUE,TRUE,TRUE,TRUE,TRUE,TRUE,TRUE,""
"VS_SH_N","VS","SH",0,56,21160056,TRUE,TRUE,TRUE,TRUE,TRUE,TRUE,TRUE,TRUE,""
"VS_SH_N","VS","SH",0,57,21160057,TRUE,TRUE,TRUE,TRUE,TRUE,TRUE,TRUE,TRUE,""
"VS_SH_N","VS","SH",0,58,21160058,TRUE,TRUE,TRUE,TRUE,TRUE,TRUE,TRUE,TRUE,""
"VS_SH_N","VS","SH",0,59,21160059,TRUE,TRUE,TRUE,TRUE,TRUE,TRUE,TRUE,TRUE,""
"VS_SH_N","VS","SH",0,60,21160060,TRUE,TRUE,TRUE,TRUE,TRUE,TRUE,TRUE,TRUE,""
"VS_SH_N","VS","SH",0,61,21160061,TRUE,TRUE,TRUE,TRUE,TRUE,TRUE,TRUE,TRUE,""
"VS_SH_N","VS","SH",0,62,21160062,TRUE,TRUE,TRUE,TRUE,TRUE,TRUE,TRUE,TRUE,""
"VS_SH_N","VS","SH",0,63,21160063,TRUE,TRUE,TRUE,TRUE,TRUE,TRUE,TRUE,TRUE,""
"VS_SH_N","VS","SH",0,64,21160064,TRUE,TRUE,TRUE,TRUE,TRUE,TRUE,TRUE,TRUE,""
"VS_SH_N","VS","SH",0,65,21160065,TRUE,TRUE,TRUE,TRUE,TRUE,TRUE,TRUE,TRUE,""
"VS_SH_N","VS","SH",0,66,21160066,TRUE,TRUE,TRUE,TRUE,TRUE,TRUE,TRUE,TRUE,""
"VS_SH_N","VS","SH",0,67,21160067,TRUE,TRUE,TRUE,TRUE,TRUE,TRUE,TRUE,TRUE,""
"VS_SH_N","VS","SH",0,68,21160068,TRUE,TRUE,TRUE,TRUE,TRUE,TRUE,TRUE,TRUE,""
"VS_SH_N","VS","SH",0,69,21160069,TRUE,TRUE,TRUE,TRUE,TRUE,TRUE,TRUE,TRUE,""
"VS_SH_N","VS","SH",0,70,21160070,TRUE,TRUE,TRUE,TRUE,TRUE,TRUE,TRUE,TRUE,""
"VS_SH_N","VS","SH",0,71,21160071,TRUE,TRUE,TRUE,TRUE,TRUE,TRUE,TRUE,TRUE,""
"VS_SH_N","VS","SH",0,72,21160072,TRUE,TRUE,TRUE,TRUE,TRUE,TRUE,TRUE,TRUE,""
"VS_SH_N","VS","SH",0,73,21160073,TRUE,TRUE,TRUE,TRUE,TRUE,TRUE,TRUE,TRUE,""
"VS_SH_N","VS","SH",0,74,21160074,TRUE,TRUE,TRUE,TRUE,TRUE,TRUE,TRUE,TRUE,""
"VS_SH_N","VS","SH",0,75,21160075,TRUE,TRUE,TRUE,TRUE,TRUE,TRUE,TRUE,TRUE,""
"VS_SH_N","VS","SH",0,76,21160076,TRUE,TRUE,TRUE,TRUE,TRUE,TRUE,TRUE,TRUE,""
"VS_SH_N","VS","SH",0,77,21160077,TRUE,TRUE,TRUE,TRUE,TRUE,TRUE,TRUE,TRUE,""
"VS_SH_N","VS","SH",0,78,21160078,TRUE,TRUE,TRUE,TRUE,TRUE,TRUE,TRUE,TRUE,""
"VS_SH_N","VS","SH",0,79,21160079,TRUE,TRUE,TRUE,TRUE,TRUE,TRUE,TRUE,TRUE,""
"VS_SH_N","VS","SH",0,80,21160080,TRUE,TRUE,TRUE,TRUE,TRUE,TRUE,TRUE,TRUE,""
"VS_SH_N","VS","SH",0,81,21160081,TRUE,TRUE,TRUE,TRUE,TRUE,TRUE,TRUE,TRUE,""
"VS_SH_N","VS","SH",0,82,21160082,TRUE,TRUE,TRUE,TRUE,TRUE,TRUE,TRUE,TRUE,""
"VS_SH_N","VS","SH",0,83,21160083,TRUE,TRUE,TRUE,TRUE,TRUE,TRUE,TRUE,TRUE,""
"VS_SH_N","VS","SH",0,84,21160084,TRUE,TRUE,TRUE,TRUE,TRUE,TRUE,TRUE,TRUE,""
"VS_SH_N","VS","SH",0,85,21160085,TRUE,TRUE,TRUE,TRUE,TRUE,TRUE,TRUE,TRUE,""
"VS_SH_N","VS","SH",0,86,21160086,TRUE,TRUE,TRUE,TRUE,TRUE,TRUE,TRUE,TRUE,""
"VS_SH_N","VS","SH",0,87,21160087,TRUE,TRUE,TRUE,TRUE,TRUE,TRUE,TRUE,TRUE,""
"VS_SH_N","VS","SH",0,88,21160088,TRUE,TRUE,TRUE,TRUE,TRUE,TRUE,TRUE,TRUE,""
"VS_SH_N","VS","SH",0,89,21160089,TRUE,TRUE,TRUE,TRUE,TRUE,TRUE,TRUE,TRUE,""
"VS_SH_N","VS","SH",0,90,21160090,TRUE,TRUE,TRUE,TRUE,TRUE,TRUE,TRUE,TRUE,""
"VS_SH_N","VS","SH",0,91,21160091,TRUE,TRUE,TRUE,TRUE,TRUE,TRUE,TRUE,TRUE,""
"VS_SH_N","VS","SH",0,92,21160092,TRUE,TRUE,TRUE,TRUE,TRUE,TRUE,TRUE,TRUE,""
"VS_SH_N","VS","SH",0,93,21160093,TRUE,TRUE,TRUE,TRUE,TRUE,TRUE,TRUE,TRUE,""
"VS_SH_N","VS","SH",0,94,21160094,TRUE,TRUE,TRUE,TRUE,TRUE,TRUE,TRUE,TRUE,""
"VS_SH_N","VS","SH",0,95,21160095,TRUE,TRUE,TRUE,TRUE,TRUE,TRUE,TRUE,TRUE,""
"VS_SH_N","VS","SH",0,96,21160096,TRUE,TRUE,TRUE,TRUE,TRUE,TRUE,TRUE,TRUE,""
"VS_SH_N","VS","SH",0,97,21160097,TRUE,TRUE,TRUE,TRUE,TRUE,TRUE,TRUE,TRUE,""
"VS_SH_N","VS","SH",0,98,21160098,TRUE,TRUE,TRUE,TRUE,TRUE,TRUE,TRUE,TRUE,""
"VS_SH_N","VS","SH",0,99,21160099,TRUE,TRUE,TRUE,TRUE,TRUE,TRUE,TRUE,TRUE,""
"VS_SH_N","VS","SH",0,100,21160100,TRUE,TRUE,TRUE,TRUE,TRUE,TRUE,TRUE,TRUE,""
"VS_SH_N","VS","SH",0,101,21160101,TRUE,TRUE,TRUE,TRUE,TRUE,TRUE,TRUE,TRUE,""
"VS_SH_N","VS","SH",0,102,21160102,TRUE,TRUE,TRUE,TRUE,TRUE,TRUE,TRUE,TRUE,""
"VS_SH_N","VS","SH",0,103,21160103,TRUE,TRUE,TRUE,TRUE,TRUE,TRUE,TRUE,TRUE,""
"VS_SH_N","VS","SH",0,104,21160104,TRUE,TRUE,TRUE,TRUE,TRUE,TRUE,TRUE,TRUE,""
"VS_SH_N","VS","SH",0,105,21160105,TRUE,TRUE,TRUE,TRUE,TRUE,TRUE,TRUE,TRUE,""
"VS_SH_N","VS","SH",0,106,21160106,TRUE,TRUE,TRUE,TRUE,TRUE,TRUE,TRUE,TRUE,""
"VS_SH_N","VS","SH",0,107,21160107,TRUE,TRUE,TRUE,TRUE,TRUE,TRUE,TRUE,TRUE,""
"VS_SH_N","VS","SH",0,108,21160108,TRUE,TRUE,TRUE,TRUE,TRUE,TRUE,TRUE,TRUE,""
"VS_SH_N","VS","SH",0,109,21160109,TRUE,TRUE,TRUE,TRUE,TRUE,TRUE,TRUE,TRUE,""
"VS_SH_N","VS","SH",0,110,21160110,TRUE,TRUE,TRUE,TRUE,TRUE,TRUE,TRUE,TRUE,""
"VS_SH_N","VS","SH",0,111,21160111,TRUE,TRUE,TRUE,TRUE,TRUE,TRUE,TRUE,TRUE,""
"VS_SH_N","VS","SH",0,112,21160112,TRUE,TRUE,TRUE,TRUE,TRUE,TRUE,TRUE,TRUE,""
"VS_SH_N","VS","SH",0,113,21160113,TRUE,TRUE,TRUE,TRUE,TRUE,TRUE,TRUE,TRUE,""
"VS_SH_N","VS","SH",0,114,21160114,TRUE,TRUE,TRUE,TRUE,TRUE,TRUE,TRUE,TRUE,""
"VS_SH_N","VS","SH",0,115,21160115,TRUE,TRUE,TRUE,TRUE,TRUE,TRUE,TRUE,TRUE,""
"VS_SH_N","VS","SH",0,116,21160116,TRUE,TRUE,TRUE,TRUE,TRUE,TRUE,TRUE,TRUE,""
"VS_SH_N","VS","SH",0,117,21160117,TRUE,TRUE,TRUE,TRUE,TRUE,TRUE,TRUE,TRUE,""
"VS_SH_N","VS","SH",0,118,21160118,TRUE,TRUE,TRUE,TRUE,TRUE,TRUE,TRUE,TRUE,""
"VS_SH_N","VS","SH",0,119,21160119,TRUE,TRUE,TRUE,TRUE,TRUE,TRUE,TRUE,TRUE,""
"VS_SH_N","VS","SH",0,120,21160120,TRUE,TRUE,TRUE,TRUE,TRUE,TRUE,TRUE,TRUE,""
"VS_SH_N","VS","SH",0,121,21160121,TRUE,TRUE,TRUE,TRUE,TRUE,TRUE,TRUE,TRUE,""
"VS_SH_N","VS","SH",0,122,21160122,TRUE,TRUE,TRUE,TRUE,TRUE,TRUE,TRUE,TRUE,""
"VS_SH_N","VS","SH",0,123,21160123,TRUE,TRUE,TRUE,TRUE,TRUE,TRUE,TRUE,TRUE,""
"VS_SH_N","VS","SH",0,124,21160124,TRUE,TRUE,TRUE,TRUE,TRUE,TRUE,TRUE,TRUE,""
"VS_SH_N","VS","SH",0,125,21160125,TRUE,TRUE,TRUE,TRUE,TRUE,TRUE,TRUE,TRUE,""
"VS_SH_N","VS","SH",0,126,21160126,TRUE,TRUE,TRUE,TRUE,TRUE,TRUE,TRUE,TRUE,""
"VS_SH_N","VS","SH",0,127,21160127,TRUE,TRUE,TRUE,TRUE,TRUE,TRUE,TRUE,TRUE,""
"VS_SH_N","VS","SH",0,128,21160128,TRUE,TRUE,TRUE,TRUE,TRUE,TRUE,TRUE,TRUE,""
"VS_SH_N","VS","SH",0,129,21160129,TRUE,TRUE,TRUE,TRUE,TRUE,TRUE,TRUE,TRUE,""
"VS_SH_N","VS","SH",0,130,21160130,TRUE,TRUE,TRUE,TRUE,TRUE,TRUE,TRUE,TRUE,""
"VS_SH_N","VS","SH",0,131,21160131,TRUE,TRUE,TRUE,TRUE,TRUE,TRUE,TRUE,TRUE,""
"VS_SH_N","VS","SH",0,132,21160132,TRUE,TRUE,TRUE,TRUE,TRUE,TRUE,TRUE,TRUE,""
"VS_SH_N","VS","SH",0,133,21160133,TRUE,TRUE,TRUE,TRUE,TRUE,TRUE,TRUE,TRUE,""
"VS_SH_N","VS","SH",0,134,21160134,TRUE,TRUE,TRUE,TRUE,TRUE,TRUE,TRUE,TRUE,""
"VS_SH_N","VS","SH",0,135,21160135,TRUE,TRUE,TRUE,TRUE,TRUE,TRUE,TRUE,TRUE,""
"VS_SH_N","VS","SH",0,136,21160136,TRUE,TRUE,TRUE,TRUE,TRUE,TRUE,TRUE,TRUE,""
"VS_SH_N","VS","SH",0,137,21160137,TRUE,TRUE,TRUE,TRUE,TRUE,TRUE,TRUE,TRUE,""
"VS_SH_N","VS","SH",0,138,21160138,TRUE,TRUE,TRUE,TRUE,TRUE,TRUE,TRUE,TRUE,""
"VS_SH_N","VS","SH",0,139,21160139,TRUE,TRUE,TRUE,TRUE,TRUE,TRUE,TRUE,TRUE,""
"VS_SH_N","VS","SH",0,140,21160140,TRUE,TRUE,TRUE,TRUE,TRUE,TRUE,TRUE,TRUE,""
"VS_SH_N","VS","SH",0,141,21160141,TRUE,TRUE,TRUE,TRUE,TRUE,TRUE,TRUE,TRUE,""
"VS_SH_N","VS","SH",0,142,21160142,TRUE,TRUE,TRUE,TRUE,TRUE,TRUE,TRUE,TRUE,""
"VS_SH_N","VS","SH",0,143,21160143,TRUE,TRUE,TRUE,TRUE,TRUE,TRUE,TRUE,TRUE,""
"VS_SH_N","VS","SH",0,144,21160144,TRUE,TRUE,TRUE,TRUE,TRUE,TRUE,TRUE,TRUE,""
"VS_SH_N","VS","SH",0,145,21160145,TRUE,TRUE,TRUE,TRUE,TRUE,TRUE,TRUE,TRUE,""
"VS_SH_N","VS","SH",0,146,21160146,TRUE,TRUE,TRUE,TRUE,TRUE,TRUE,TRUE,TRUE,""
"VS_SH_N","VS","SH",0,147,21160147,TRUE,TRUE,TRUE,TRUE,TRUE,TRUE,TRUE,TRUE,""
"VS_SH_N","VS","SH",0,148,21160148,TRUE,TRUE,TRUE,TRUE,TRUE,TRUE,TRUE,TRUE,""
"VS_SH_N","VS","SH",0,149,21160149,TRUE,TRUE,TRUE,TRUE,TRUE,TRUE,TRUE,TRUE,""
"VS_SH_N","VS","SH",0,150,21160150,TRUE,TRUE,TRUE,TRUE,TRUE,TRUE,TRUE,TRUE,""
"VS_SH_N","VS","SH",0,151,21160151,TRUE,TRUE,TRUE,TRUE,TRUE,TRUE,TRUE,TRUE,""
"VS_SH_N","VS","SH",0,152,21160152,TRUE,TRUE,TRUE,TRUE,TRUE,TRUE,TRUE,TRUE,""
"VS_SH_N","VS","SH",0,153,21160153,TRUE,TRUE,TRUE,TRUE,TRUE,TRUE,TRUE,TRUE,""
"VS_SH_N","VS","SH",0,154,21160154,TRUE,TRUE,TRUE,TRUE,TRUE,TRUE,TRUE,TRUE,""
"VS_SH_N","VS","SH",0,155,21160155,TRUE,TRUE,TRUE,TRUE,TRUE,TRUE,TRUE,TRUE,""
"VS_SH_N","VS","SH",0,156,21160156,TRUE,TRUE,TRUE,TRUE,TRUE,TRUE,TRUE,TRUE,""
"VS_SH_N","VS","SH",0,157,21160157,TRUE,TRUE,TRUE,TRUE,TRUE,TRUE,TRUE,TRUE,""
"VS_SH_N","VS","SH",0,158,21160158,TRUE,TRUE,TRUE,TRUE,TRUE,TRUE,TRUE,TRUE,""
"VS_SH_N","VS","SH",0,159,21160159,TRUE,TRUE,TRUE,TRUE,TRUE,TRUE,TRUE,TRUE,""
"VS_SH_N","VS","SH",0,160,21160160,TRUE,TRUE,TRUE,TRUE,TRUE,TRUE,TRUE,TRUE,""
"VS_SH_N","VS","SH",0,161,21160161,TRUE,TRUE,TRUE,TRUE,TRUE,TRUE,TRUE,TRUE,""
"VS_SH_N","VS","SH",0,162,21160162,TRUE,TRUE,TRUE,TRUE,TRUE,TRUE,TRUE,TRUE,""
"VS_SH_N","VS","SH",0,163,21160163,TRUE,TRUE,TRUE,TRUE,TRUE,TRUE,TRUE,TRUE,""
"VS_SH_N","VS","SH",0,164,21160164,TRUE,TRUE,TRUE,TRUE,TRUE,TRUE,TRUE,TRUE,""
"VS_SH_N","VS","SH",0,165,21160165,TRUE,TRUE,TRUE,TRUE,TRUE,TRUE,TRUE,TRUE,""
"VS_SH_N","VS","SH",0,166,21160166,TRUE,TRUE,TRUE,TRUE,TRUE,TRUE,TRUE,TRUE,""
"VS_SH_N","VS","SH",0,167,21160167,TRUE,TRUE,TRUE,TRUE,TRUE,TRUE,TRUE,TRUE,""
"VS_SH_N","VS","SH",0,168,21160168,TRUE,TRUE,TRUE,TRUE,TRUE,TRUE,TRUE,TRUE,""
"VS_SH_N","VS","SH",0,169,21160169,TRUE,TRUE,TRUE,TRUE,TRUE,TRUE,TRUE,TRUE,""
"VS_SH_N","VS","SH",0,170,21160170,TRUE,TRUE,TRUE,TRUE,TRUE,TRUE,TRUE,TRUE,""
"VS_SH_N","VS","SH",0,171,21160171,TRUE,TRUE,TRUE,TRUE,TRUE,TRUE,TRUE,TRUE,""
"VS_SH_N","VS","SH",0,172,21160172,TRUE,TRUE,TRUE,TRUE,TRUE,TRUE,TRUE,TRUE,""
"VS_SH_N","VS","SH",0,173,21160173,TRUE,TRUE,TRUE,TRUE,TRUE,TRUE,TRUE,TRUE,""
"VS_SH_N","VS","SH",0,174,21160174,TRUE,TRUE,TRUE,TRUE,TRUE,TRUE,TRUE,TRUE,""
"VS_SH_N","VS","SH",0,175,21160175,TRUE,TRUE,TRUE,TRUE,TRUE,TRUE,TRUE,TRUE,""
"VS_SH_N","VS","SH",0,176,21160176,TRUE,TRUE,TRUE,TRUE,TRUE,TRUE,TRUE,TRUE,""
"VS_SH_N","VS","SH",0,177,21160177,TRUE,TRUE,TRUE,TRUE,TRUE,TRUE,TRUE,TRUE,""
"VS_SH_N","VS","SH",0,178,21160178,TRUE,TRUE,TRUE,TRUE,TRUE,TRUE,TRUE,TRUE,""
"VS_SH_N","VS","SH",0,179,21160179,TRUE,TRUE,TRUE,TRUE,TRUE,TRUE,TRUE,TRUE,""
"VS_SH_N","VS","SH",0,180,21160180,TRUE,TRUE,TRUE,TRUE,TRUE,TRUE,TRUE,TRUE,""
"VS_SH_N","VS","SH",0,181,21160181,TRUE,TRUE,TRUE,TRUE,TRUE,TRUE,TRUE,TRUE,""
"VS_SH_N","VS","SH",0,182,21160182,TRUE,TRUE,TRUE,TRUE,TRUE,TRUE,TRUE,TRUE,""
"VS_SH_N","VS","SH",0,183,21160183,TRUE,TRUE,TRUE,TRUE,TRUE,TRUE,TRUE,TRUE,""
"VS_SH_N","VS","SH",0,184,21160184,TRUE,TRUE,TRUE,TRUE,TRUE,TRUE,TRUE,TRUE,""
"VS_SH_N","VS","SH",0,185,21160185,TRUE,TRUE,TRUE,TRUE,TRUE,TRUE,TRUE,TRUE,""
"VS_SH_N","VS","SH",0,186,21160186,TRUE,TRUE,TRUE,TRUE,TRUE,TRUE,TRUE,TRUE,""
"VS_SH_N","VS","SH",0,187,21160187,TRUE,TRUE,TRUE,TRUE,TRUE,TRUE,TRUE,TRUE,""
"VS_SH_N","VS","SH",0,188,21160188,TRUE,TRUE,TRUE,TRUE,TRUE,TRUE,TRUE,TRUE,""
"VS_SH_N","VS","SH",0,189,21160189,TRUE,TRUE,TRUE,TRUE,TRUE,TRUE,TRUE,TRUE,""
"VS_SH_N","VS","SH",0,190,21160190,TRUE,TRUE,TRUE,TRUE,TRUE,TRUE,TRUE,TRUE,""
"VS_SH_N","VS","SH",0,191,21160191,TRUE,TRUE,TRUE,TRUE,TRUE,TRUE,TRUE,TRUE,""
"VS_SH_N","VS","SH",0,192,21160192,TRUE,TRUE,TRUE,TRUE,TRUE,TRUE,TRUE,TRUE,""
"VS_SH_N","VS","SH",0,193,21160193,TRUE,TRUE,TRUE,TRUE,TRUE,TRUE,TRUE,TRUE,""
"VS_SH_N","VS","SH",0,194,21160194,TRUE,TRUE,TRUE,TRUE,TRUE,TRUE,TRUE,TRUE,""
"VS_SH_N","VS","SH",0,195,21160195,TRUE,TRUE,TRUE,TRUE,TRUE,TRUE,TRUE,TRUE,""
"VS_SH_N","VS","SH",0,196,21160196,TRUE,TRUE,TRUE,TRUE,TRUE,TRUE,TRUE,TRUE,""
"VS_SH_N","VS","SH",0,197,21160197,TRUE,TRUE,TRUE,TRUE,TRUE,TRUE,TRUE,TRUE,""
"VS_SH_N","VS","SH",0,198,21160198,TRUE,TRUE,TRUE,TRUE,TRUE,TRUE,TRUE,TRUE,""
"VS_SH_N","VS","SH",0,199,21160199,TRUE,TRUE,TRUE,TRUE,TRUE,TRUE,TRUE,TRUE,""
"VS_SH_N","VS","SH",0,200,21160200,TRUE,TRUE,TRUE,TRUE,TRUE,TRUE,TRUE,TRUE,""
"VS_SH_N","VS","SH",0,201,21160201,TRUE,TRUE,TRUE,TRUE,TRUE,TRUE,TRUE,TRUE,""
"VS_SH_N","VS","SH",0,202,21160202,TRUE,TRUE,TRUE,TRUE,TRUE,TRUE,TRUE,TRUE,""
"VS_SH_N","VS","SH",0,203,21160203,TRUE,TRUE,TRUE,TRUE,TRUE,TRUE,TRUE,TRUE,""
"VS_SH_N","VS","SH",0,204,21160204,TRUE,TRUE,TRUE,TRUE,TRUE,TRUE,TRUE,TRUE,""
"VS_SH_N","VS","SH",0,205,21160205,TRUE,TRUE,TRUE,TRUE,TRUE,TRUE,TRUE,TRUE,""
"VS_SH_N","VS","SH",0,206,21160206,TRUE,TRUE,TRUE,TRUE,TRUE,TRUE,TRUE,TRUE,""
"VS_SH_N","VS","SH",0,207,21160207,TRUE,TRUE,TRUE,TRUE,TRUE,TRUE,TRUE,TRUE,""
"VS_SH_N","VS","SH",0,208,21160208,TRUE,TRUE,TRUE,TRUE,TRUE,TRUE,TRUE,TRUE,""
"VS_SH_N","VS","SH",0,209,21160209,TRUE,TRUE,TRUE,TRUE,TRUE,TRUE,TRUE,TRUE,""
"VS_SH_N","VS","SH",0,210,21160210,TRUE,TRUE,TRUE,TRUE,TRUE,TRUE,TRUE,TRUE,""
"VS_SH_N","VS","SH",0,211,21160211,TRUE,TRUE,TRUE,TRUE,TRUE,TRUE,TRUE,TRUE,""
"VS_SH_N","VS","SH",0,212,21160212,TRUE,TRUE,TRUE,TRUE,TRUE,TRUE,TRUE,TRUE,""
"VS_SH_N","VS","SH",0,213,21160213,TRUE,TRUE,TRUE,TRUE,TRUE,TRUE,TRUE,TRUE,""
"VS_SH_N","VS","SH",0,214,21160214,TRUE,TRUE,TRUE,TRUE,TRUE,TRUE,TRUE,TRUE,""
"VS_SH_N","VS","SH",0,215,21160215,TRUE,TRUE,TRUE,TRUE,TRUE,TRUE,TRUE,TRUE,""
"VS_SH_N","VS","SH",0,216,21160216,TRUE,TRUE,TRUE,TRUE,TRUE,TRUE,TRUE,TRUE,""
"VS_SH_N","VS","SH",0,217,21160217,TRUE,TRUE,TRUE,TRUE,TRUE,TRUE,TRUE,TRUE,""
"VS_SH_N","VS","SH",0,218,21160218,TRUE,TRUE,TRUE,TRUE,TRUE,TRUE,TRUE,TRUE,""
"VS_SH_N","VS","SH",0,219,21160219,TRUE,TRUE,TRUE,TRUE,TRUE,TRUE,TRUE,TRUE,""
"VS_SH_N","VS","SH",0,220,21160220,TRUE,TRUE,TRUE,TRUE,TRUE,TRUE,TRUE,TRUE,""
"VS_SH_N","VS","SH",0,221,21160221,TRUE,TRUE,TRUE,TRUE,TRUE,TRUE,TRUE,TRUE,""
"VS_SH_N","VS","SH",0,222,21160222,TRUE,TRUE,TRUE,TRUE,TRUE,TRUE,TRUE,TRUE,""
"VS_SH_N","VS","SH",0,223,21160223,TRUE,TRUE,TRUE,TRUE,TRUE,TRUE,TRUE,TRUE,""
"VS_SH_N","VS","SH",0,224,21160224,TRUE,TRUE,TRUE,TRUE,TRUE,TRUE,TRUE,TRUE,""
"VS_SH_N","VS","SH",0,225,21160225,TRUE,TRUE,TRUE,TRUE,TRUE,TRUE,TRUE,TRUE,""
"VS_SH_N","VS","SH",0,226,21160226,TRUE,TRUE,TRUE,TRUE,TRUE,TRUE,TRUE,TRUE,""
"VS_SH_N","VS","SH",0,227,21160227,TRUE,TRUE,TRUE,TRUE,TRUE,TRUE,TRUE,TRUE,""
"VS_SH_N","VS","SH",0,228,21160228,TRUE,TRUE,TRUE,TRUE,TRUE,TRUE,TRUE,TRUE,""
"VS_SH_N","VS","SH",0,229,21160229,TRUE,TRUE,TRUE,TRUE,TRUE,TRUE,TRUE,TRUE,""
"VS_SH_N","VS","SH",0,230,21160230,TRUE,TRUE,TRUE,TRUE,TRUE,TRUE,TRUE,TRUE,""
"VS_SH_N","VS","SH",0,231,21160231,TRUE,TRUE,TRUE,TRUE,TRUE,TRUE,TRUE,TRUE,""
"VS_SH_N","VS","SH",0,232,21160232,TRUE,TRUE,TRUE,TRUE,TRUE,TRUE,TRUE,TRUE,""
"VS_SH_N","VS","SH",0,233,21160233,TRUE,TRUE,TRUE,TRUE,TRUE,TRUE,TRUE,TRUE,""
"VS_SH_N","VS","SH",0,234,21160234,TRUE,TRUE,TRUE,TRUE,TRUE,TRUE,TRUE,TRUE,""
"VS_SH_N","VS","SH",0,235,21160235,TRUE,TRUE,TRUE,TRUE,TRUE,TRUE,TRUE,TRUE,""
"VS_SH_N","VS","SH",0,236,21160236,TRUE,TRUE,TRUE,TRUE,TRUE,TRUE,TRUE,TRUE,""
"VS_SH_N","VS","SH",0,237,21160237,TRUE,TRUE,TRUE,TRUE,TRUE,TRUE,TRUE,TRUE,""
"VS_SH_N","VS","SH",0,238,21160238,TRUE,TRUE,TRUE,TRUE,TRUE,TRUE,TRUE,TRUE,""
"VS_SH_N","VS","SH",0,239,21160239,TRUE,TRUE,TRUE,TRUE,TRUE,TRUE,TRUE,TRUE,""
"VS_SH_N","VS","SH",0,240,21160240,TRUE,TRUE,TRUE,TRUE,TRUE,TRUE,TRUE,TRUE,""
"VS_SH_N","VS","SH",0,241,21160241,TRUE,TRUE,TRUE,TRUE,TRUE,TRUE,TRUE,TRUE,""
"VS_SH_N","VS","SH",0,242,21160242,TRUE,TRUE,TRUE,TRUE,TRUE,TRUE,TRUE,TRUE,""
"VS_SH_N","VS","SH",0,243,21160243,TRUE,TRUE,TRUE,TRUE,TRUE,TRUE,TRUE,TRUE,""
"VS_SH_N","VS","SH",0,244,21160244,TRUE,TRUE,TRUE,TRUE,TRUE,TRUE,TRUE,TRUE,""
"VS_SH_N","VS","SH",0,245,21160245,TRUE,TRUE,TRUE,TRUE,TRUE,TRUE,TRUE,TRUE,""
"VS_SH_N","VS","SH",0,246,21160246,TRUE,TRUE,TRUE,TRUE,TRUE,TRUE,TRUE,TRUE,""
"VS_SH_N","VS","SH",0,247,21160247,TRUE,TRUE,TRUE,TRUE,TRUE,TRUE,TRUE,TRUE,""
"VS_SH_N","VS","SH",0,248,21160248,TRUE,TRUE,TRUE,TRUE,TRUE,TRUE,TRUE,TRUE,""
"VS_SH_N","VS","SH",0,249,21160249,TRUE,TRUE,TRUE,TRUE,TRUE,TRUE,TRUE,TRUE,""
"VS_SH_N","VS","SH",0,250,21160250,TRUE,TRUE,TRUE,TRUE,TRUE,TRUE,TRUE,TRUE,""
"VS_SH_N","VS","SH",0,251,21160251,TRUE,TRUE,TRUE,TRUE,TRUE,TRUE,TRUE,TRUE,""
"VS_SH_N","VS","SH",0,252,21160252,TRUE,TRUE,TRUE,TRUE,TRUE,TRUE,TRUE,TRUE,""
"VS_SH_N","VS","SH",0,253,21160253,TRUE,TRUE,TRUE,TRUE,TRUE,TRUE,TRUE,TRUE,""
"VS_SH_N","VS","SH",0,254,21160254,TRUE,TRUE,TRUE,TRUE,TRUE,TRUE,TRUE,TRUE,""
"VS_SH_N","VS","SH",0,255,21160255,TRUE,TRUE,TRUE,TRUE,TRUE,TRUE,TRUE,TRUE,""
"VS_SH_N","VS","SH",0,256,21160256,TRUE,TRUE,TRUE,TRUE,TRUE,TRUE,TRUE,TRUE,""
"VS_SH_N","VS","SH",0,257,21160257,TRUE,TRUE,TRUE,TRUE,TRUE,TRUE,TRUE,TRUE,""
"VS_SH_N","VS","SH",0,258,21160258,TRUE,TRUE,TRUE,TRUE,TRUE,TRUE,TRUE,TRUE,""
"VS_SH_N","VS","SH",0,259,21160259,TRUE,TRUE,TRUE,TRUE,TRUE,TRUE,TRUE,TRUE,""
"VS_SH_N","VS","SH",0,260,21160260,TRUE,TRUE,TRUE,TRUE,TRUE,TRUE,TRUE,TRUE,""
"VS_SH_N","VS","SH",0,261,21160261,TRUE,TRUE,TRUE,TRUE,TRUE,TRUE,TRUE,TRUE,""
"VS_SH_N","VS","SH",0,262,21160262,TRUE,TRUE,TRUE,TRUE,TRUE,TRUE,TRUE,TRUE,""
"VS_SH_N","VS","SH",0,263,21160263,TRUE,TRUE,TRUE,TRUE,TRUE,TRUE,TRUE,TRUE,""
"VS_SH_N","VS","SH",0,264,21160264,TRUE,TRUE,TRUE,TRUE,TRUE,TRUE,TRUE,TRUE,""
"VS_SH_N","VS","SH",0,265,21160265,TRUE,TRUE,TRUE,TRUE,TRUE,TRUE,TRUE,TRUE,""
"VS_SH_N","VS","SH",0,266,21160266,TRUE,TRUE,TRUE,TRUE,TRUE,TRUE,TRUE,TRUE,""
"VS_SH_N","VS","SH",0,267,21160267,TRUE,TRUE,TRUE,TRUE,TRUE,TRUE,TRUE,TRUE,""
"VS_SH_N","VS","SH",0,268,21160268,TRUE,TRUE,TRUE,TRUE,TRUE,TRUE,TRUE,TRUE,""
"VS_SH_N","VS","SH",0,269,21160269,TRUE,TRUE,TRUE,TRUE,TRUE,TRUE,TRUE,TRUE,""
"VS_SH_N","VS","SH",0,270,21160270,TRUE,TRUE,TRUE,TRUE,TRUE,TRUE,TRUE,TRUE,""
"VS_SH_N","VS","SH",0,271,21160271,TRUE,TRUE,TRUE,TRUE,TRUE,TRUE,TRUE,TRUE,""
"VS_SH_N","VS","SH",0,272,21160272,TRUE,TRUE,TRUE,TRUE,TRUE,TRUE,TRUE,TRUE,""
"VS_SH_N","VS","SH",0,273,21160273,TRUE,TRUE,TRUE,TRUE,TRUE,TRUE,TRUE,TRUE,""
"VS_SH_N","VS","SH",0,274,21160274,TRUE,TRUE,TRUE,TRUE,TRUE,TRUE,TRUE,TRUE,""
"VS_SH_N","VS","SH",0,275,21160275,TRUE,TRUE,TRUE,TRUE,TRUE,TRUE,TRUE,TRUE,""
"VS_SH_N","VS","SH",0,276,21160276,TRUE,TRUE,TRUE,TRUE,TRUE,TRUE,TRUE,TRUE,""
"VS_SH_N","VS","SH",0,277,21160277,TRUE,TRUE,TRUE,TRUE,TRUE,TRUE,TRUE,TRUE,""
"VS_SH_N","VS","SH",0,278,21160278,TRUE,TRUE,TRUE,TRUE,TRUE,TRUE,TRUE,TRUE,""
"VS_SH_N","VS","SH",0,279,21160279,TRUE,TRUE,TRUE,TRUE,TRUE,TRUE,TRUE,TRUE,""
"VS_SH_N","VS","SH",0,280,21160280,TRUE,TRUE,TRUE,TRUE,TRUE,TRUE,TRUE,TRUE,""
"VS_SH_N","VS","SH",0,281,21160281,TRUE,TRUE,TRUE,TRUE,TRUE,TRUE,TRUE,TRUE,""
"VS_SH_N","VS","SH",0,282,21160282,TRUE,TRUE,TRUE,TRUE,TRUE,TRUE,TRUE,TRUE,""
"VS_SH_N","VS","SH",0,283,21160283,TRUE,TRUE,TRUE,TRUE,TRUE,TRUE,TRUE,TRUE,""
"VS_SH_N","VS","SH",0,284,21160284,TRUE,TRUE,TRUE,TRUE,TRUE,TRUE,TRUE,TRUE,""
"VS_SH_N","VS","SH",0,285,21160285,TRUE,TRUE,TRUE,TRUE,TRUE,TRUE,TRUE,TRUE,""
"VS_SH_N","VS","SH",0,286,21160286,TRUE,TRUE,TRUE,TRUE,TRUE,TRUE,TRUE,TRUE,""
"VS_SH_N","VS","SH",0,287,21160287,TRUE,TRUE,TRUE,TRUE,TRUE,TRUE,TRUE,TRUE,""
"VS_SH_N","VS","SH",0,288,21160288,TRUE,TRUE,TRUE,TRUE,TRUE,TRUE,TRUE,TRUE,""
"VS_SH_N","VS","SH",0,289,21160289,TRUE,TRUE,TRUE,TRUE,TRUE,TRUE,TRUE,TRUE,""
"VS_SH_N","VS","SH",0,290,21160290,TRUE,TRUE,TRUE,TRUE,TRUE,TRUE,TRUE,TRUE,""
"VS_SH_N","VS","SH",0,291,21160291,TRUE,TRUE,TRUE,TRUE,TRUE,TRUE,TRUE,TRUE,""
"VS_SH_N","VS","SH",0,292,21160292,TRUE,TRUE,TRUE,TRUE,TRUE,TRUE,TRUE,TRUE,""
"VS_SH_N","VS","SH",0,293,21160293,TRUE,TRUE,TRUE,TRUE,TRUE,TRUE,TRUE,TRUE,""
"VS_SH_N","VS","SH",0,294,21160294,TRUE,TRUE,TRUE,TRUE,TRUE,TRUE,TRUE,TRUE,""
"VS_SH_N","VS","SH",0,295,21160295,TRUE,TRUE,TRUE,TRUE,TRUE,TRUE,TRUE,TRUE,""
"VS_SH_N","VS","SH",0,296,21160296,TRUE,TRUE,TRUE,TRUE,TRUE,TRUE,TRUE,TRUE,""
"VS_SH_N","VS","SH",0,297,21160297,TRUE,TRUE,TRUE,TRUE,TRUE,TRUE,TRUE,TRUE,""
"VS_SH_N","VS","SH",0,298,21160298,TRUE,TRUE,TRUE,TRUE,TRUE,TRUE,TRUE,TRUE,""
"VS_SH_N","VS","SH",0,299,21160299,TRUE,TRUE,TRUE,TRUE,TRUE,TRUE,TRUE,TRUE,""
"VS_SH_N","VS","SH",0,300,21160300,TRUE,TRUE,TRUE,TRUE,TRUE,TRUE,TRUE,TRUE,""
"VS_SH_N","VS","SH",0,301,21160301,TRUE,TRUE,TRUE,TRUE,TRUE,TRUE,TRUE,TRUE,""
"VS_SH_N","VS","SH",0,302,21160302,TRUE,TRUE,TRUE,TRUE,TRUE,TRUE,TRUE,TRUE,""
"VS_SH_N","VS","SH",0,303,21160303,TRUE,TRUE,TRUE,TRUE,TRUE,TRUE,TRUE,TRUE,""
"VS_SH_N","VS","SH",0,304,21160304,TRUE,TRUE,TRUE,TRUE,TRUE,TRUE,TRUE,TRUE,""
"VS_SH_N","VS","SH",0,305,21160305,TRUE,TRUE,TRUE,TRUE,TRUE,TRUE,TRUE,TRUE,""
"VS_SH_N","VS","SH",0,306,21160306,TRUE,TRUE,TRUE,TRUE,TRUE,TRUE,TRUE,TRUE,""
"VS_SH_N","VS","SH",0,307,21160307,TRUE,TRUE,TRUE,TRUE,TRUE,TRUE,TRUE,TRUE,""
"VS_SH_N","VS","SH",0,308,21160308,TRUE,TRUE,TRUE,TRUE,TRUE,TRUE,TRUE,TRUE,""
"VS_SH_N","VS","SH",0,309,21160309,TRUE,TRUE,TRUE,TRUE,TRUE,TRUE,TRUE,TRUE,""
"VS_SH_N","VS","SH",0,310,21160310,TRUE,TRUE,TRUE,TRUE,TRUE,TRUE,TRUE,TRUE,""
"VS_SH_N","VS","SH",0,311,21160311,TRUE,TRUE,TRUE,TRUE,TRUE,TRUE,TRUE,TRUE,""
"VS_SH_N","VS","SH",0,312,21160312,TRUE,TRUE,TRUE,TRUE,TRUE,TRUE,TRUE,TRUE,""
"VS_SH_N","VS","SH",0,313,21160313,TRUE,TRUE,TRUE,TRUE,TRUE,TRUE,TRUE,TRUE,""
"VS_SH_N","VS","SH",0,314,21160314,TRUE,TRUE,TRUE,TRUE,TRUE,TRUE,TRUE,TRUE,""
"VS_SH_N","VS","SH",0,315,21160315,TRUE,TRUE,TRUE,TRUE,TRUE,TRUE,TRUE,TRUE,""
"VS_SH_N","VS","SH",0,316,21160316,TRUE,TRUE,TRUE,TRUE,TRUE,TRUE,TRUE,TRUE,""
"VS_SH_N","VS","SH",0,317,21160317,TRUE,TRUE,TRUE,TRUE,TRUE,TRUE,TRUE,TRUE,""
"VS_SH_N","VS","SH",0,318,21160318,TRUE,TRUE,TRUE,TRUE,TRUE,TRUE,TRUE,TRUE,""
"VS_SH_N","VS","SH",0,319,21160319,TRUE,TRUE,TRUE,TRUE,TRUE,TRUE,TRUE,TRUE,""
"VS_SH_N","VS","SH",0,320,21160320,TRUE,TRUE,TRUE,TRUE,TRUE,TRUE,TRUE,TRUE,""
"VS_SH_N","VS","SH",0,321,21160321,TRUE,TRUE,TRUE,TRUE,TRUE,TRUE,TRUE,TRUE,""
"VS_SH_N","VS","SH",0,322,21160322,TRUE,TRUE,TRUE,TRUE,TRUE,TRUE,TRUE,TRUE,""
"VS_SH_N","VS","SH",0,323,21160323,TRUE,TRUE,TRUE,TRUE,TRUE,TRUE,TRUE,TRUE,""
"VS_SH_N","VS","SH",0,324,21160324,TRUE,TRUE,TRUE,TRUE,TRUE,TRUE,TRUE,TRUE,""
"VS_SH_N","VS","SH",0,325,21160325,TRUE,TRUE,TRUE,TRUE,TRUE,TRUE,TRUE,TRUE,""
"VS_SH_N","VS","SH",0,326,21160326,TRUE,TRUE,TRUE,TRUE,TRUE,TRUE,TRUE,TRUE,""
"VS_SH_N","VS","SH",0,327,21160327,TRUE,TRUE,TRUE,TRUE,TRUE,TRUE,TRUE,TRUE,""
"VS_SH_N","VS","SH",0,328,21160328,TRUE,TRUE,TRUE,TRUE,TRUE,TRUE,TRUE,TRUE,""
"VS_SH_N","VS","SH",0,329,21160329,TRUE,TRUE,TRUE,TRUE,TRUE,TRUE,TRUE,TRUE,""
"VS_SH_N","VS","SH",0,330,21160330,TRUE,TRUE,TRUE,TRUE,TRUE,TRUE,TRUE,TRUE,""
"VS_SH_N","VS","SH",0,331,21160331,TRUE,TRUE,TRUE,TRUE,TRUE,TRUE,TRUE,TRUE,""
"VS_SH_N","VS","SH",0,332,21160332,TRUE,TRUE,TRUE,TRUE,TRUE,TRUE,TRUE,TRUE,""
"VS_SH_N","VS","SH",0,333,21160333,TRUE,TRUE,TRUE,TRUE,TRUE,TRUE,TRUE,TRUE,""
"VS_SH_N","VS","SH",0,334,21160334,TRUE,TRUE,TRUE,TRUE,TRUE,TRUE,TRUE,TRUE,""
"VS_SH_N","VS","SH",0,335,21160335,TRUE,TRUE,TRUE,TRUE,TRUE,TRUE,TRUE,TRUE,""
"VS_SH_N","VS","SH",0,336,21160336,TRUE,TRUE,TRUE,TRUE,TRUE,TRUE,TRUE,TRUE,""
"VS_SH_N","VS","SH",0,337,21160337,TRUE,TRUE,TRUE,TRUE,TRUE,TRUE,TRUE,TRUE,""
"VS_SH_N","VS","SH",0,338,21160338,TRUE,TRUE,TRUE,TRUE,TRUE,TRUE,TRUE,TRUE,""
"VS_SH_N","VS","SH",0,339,21160339,TRUE,TRUE,TRUE,TRUE,TRUE,TRUE,TRUE,TRUE,""
"VS_SH_N","VS","SH",0,340,21160340,TRUE,TRUE,TRUE,TRUE,TRUE,TRUE,TRUE,TRUE,""
"VS_SH_N","VS","SH",0,341,21160341,TRUE,TRUE,TRUE,TRUE,TRUE,TRUE,TRUE,TRUE,""
"VS_SH_N","VS","SH",0,342,21160342,TRUE,TRUE,TRUE,TRUE,TRUE,TRUE,TRUE,TRUE,""
"VS_SH_N","VS","SH",0,343,21160343,TRUE,TRUE,TRUE,TRUE,TRUE,TRUE,TRUE,TRUE,""
"VS_SH_N","VS","SH",0,344,21160344,TRUE,TRUE,TRUE,TRUE,TRUE,TRUE,TRUE,TRUE,""
"VS_SH_N","VS","SH",0,345,21160345,TRUE,TRUE,TRUE,TRUE,TRUE,TRUE,TRUE,TRUE,""
"VS_SH_N","VS","SH",0,346,21160346,TRUE,TRUE,TRUE,TRUE,TRUE,TRUE,TRUE,TRUE,""
"VS_SH_N","VS","SH",0,347,21160347,TRUE,TRUE,TRUE,TRUE,TRUE,TRUE,TRUE,TRUE,""
"VS_SH_N","VS","SH",0,348,21160348,TRUE,TRUE,TRUE,TRUE,TRUE,TRUE,TRUE,TRUE,""
"VS_SH_N","VS","SH",0,349,21160349,TRUE,TRUE,TRUE,TRUE,TRUE,TRUE,TRUE,TRUE,""
"VS_SH_N","VS","SH",0,350,21160350,TRUE,TRUE,TRUE,TRUE,TRUE,TRUE,TRUE,TRUE,""
"VS_SH_N","VS","SH",0,351,21160351,TRUE,TRUE,TRUE,TRUE,TRUE,TRUE,TRUE,TRUE,""
"VS_SH_N","VS","SH",0,352,21160352,TRUE,TRUE,TRUE,TRUE,TRUE,TRUE,TRUE,TRUE,""
"VS_SH_N","VS","SH",0,353,21160353,TRUE,TRUE,TRUE,TRUE,TRUE,TRUE,TRUE,TRUE,""
"VS_SH_N","VS","SH",0,354,21160354,TRUE,TRUE,TRUE,TRUE,TRUE,TRUE,TRUE,TRUE,""
"VS_SH_N","VS","SH",0,355,21160355,TRUE,TRUE,TRUE,TRUE,TRUE,TRUE,TRUE,TRUE,""
"VS_SH_N","VS","SH",0,356,21160356,TRUE,TRUE,TRUE,TRUE,TRUE,TRUE,TRUE,TRUE,""
"VS_SH_N","VS","SH",0,357,21160357,TRUE,TRUE,TRUE,TRUE,TRUE,TRUE,TRUE,TRUE,""
"VS_SH_N","VS","SH",0,358,21160358,TRUE,TRUE,TRUE,TRUE,TRUE,TRUE,TRUE,TRUE,""
"VS_SH_N","VS","SH",0,359,21160359,TRUE,TRUE,TRUE,TRUE,TRUE,TRUE,TRUE,TRUE,""
"VS_SH_N","VS","SH",0,360,21160360,TRUE,TRUE,TRUE,TRUE,TRUE,TRUE,TRUE,TRUE,""
"VS_SH_N","VS","SH",0,361,21160361,TRUE,TRUE,TRUE,TRUE,TRUE,TRUE,TRUE,TRUE,""
"VS_SH_N","VS","SH",0,362,21160362,TRUE,TRUE,TRUE,TRUE,TRUE,TRUE,TRUE,TRUE,""
"VS_SH_N","VS","SH",0,363,21160363,TRUE,TRUE,TRUE,TRUE,TRUE,TRUE,TRUE,TRUE,""
"VS_SH_N","VS","SH",0,364,21160364,TRUE,TRUE,TRUE,TRUE,TRUE,TRUE,TRUE,TRUE,""
"VS_SH_N","VS","SH",0,365,21160365,TRUE,TRUE,TRUE,TRUE,TRUE,TRUE,TRUE,TRUE,""
"VS_SH_N","VS","SH",0,366,21160366,TRUE,TRUE,TRUE,TRUE,TRUE,TRUE,TRUE,TRUE,""
"VS_SH_N","VS","SH",0,367,21160367,TRUE,TRUE,TRUE,TRUE,TRUE,TRUE,TRUE,TRUE,""
"VS_SH_N","VS","SH",0,368,21160368,TRUE,TRUE,TRUE,TRUE,TRUE,TRUE,TRUE,TRUE,""
"VS_SH_N","VS","SH",0,369,21160369,TRUE,TRUE,TRUE,TRUE,TRUE,TRUE,TRUE,TRUE,""
"VS_SH_N","VS","SH",0,370,21160370,TRUE,TRUE,TRUE,TRUE,TRUE,TRUE,TRUE,TRUE,""
"VS_SH_N","VS","SH",0,371,21160371,TRUE,TRUE,TRUE,TRUE,TRUE,TRUE,TRUE,TRUE,""
"VS_SH_N","VS","SH",0,372,21160372,TRUE,TRUE,TRUE,TRUE,TRUE,TRUE,TRUE,TRUE,""
"VS_SH_N","VS","SH",0,373,21160373,TRUE,TRUE,TRUE,TRUE,TRUE,TRUE,TRUE,TRUE,""
"VS_SH_N","VS","SH",0,374,21160374,TRUE,TRUE,TRUE,TRUE,TRUE,TRUE,TRUE,TRUE,""
"VS_SH_N","VS","SH",0,375,21160375,TRUE,TRUE,TRUE,TRUE,TRUE,TRUE,TRUE,TRUE,""
"VS_SH_N","VS","SH",0,376,21160376,TRUE,TRUE,TRUE,TRUE,TRUE,TRUE,TRUE,TRUE,""
"VS_SH_N","VS","SH",0,377,21160377,TRUE,TRUE,TRUE,TRUE,TRUE,TRUE,TRUE,TRUE,""
"VS_SH_N","VS","SH",0,378,21160378,TRUE,TRUE,TRUE,TRUE,TRUE,TRUE,TRUE,TRUE,""
"VS_SH_N","VS","SH",0,379,21160379,TRUE,TRUE,TRUE,TRUE,TRUE,TRUE,TRUE,TRUE,""
"VS_SH_N","VS","SH",0,380,21160380,TRUE,TRUE,TRUE,TRUE,TRUE,TRUE,TRUE,TRUE,""
"VS_SH_N","VS","SH",0,381,21160381,TRUE,TRUE,TRUE,TRUE,TRUE,TRUE,TRUE,TRUE,""
"VS_SH_N","VS","SH",0,382,21160382,TRUE,TRUE,TRUE,TRUE,TRUE,TRUE,TRUE,TRUE,""
"VS_SH_N","VS","SH",0,383,21160383,TRUE,TRUE,TRUE,TRUE,TRUE,TRUE,TRUE,TRUE,""
"VS_SH_N","VS","SH",0,384,21160384,TRUE,TRUE,TRUE,TRUE,TRUE,TRUE,TRUE,TRUE,""
"VS_SH_N","VS","SH",0,385,21160385,TRUE,TRUE,TRUE,TRUE,TRUE,TRUE,TRUE,TRUE,""
"VS_SH_N","VS","SH",0,386,21160386,TRUE,TRUE,TRUE,TRUE,TRUE,TRUE,TRUE,TRUE,""
"VS_SH_N","VS","SH",0,387,21160387,TRUE,TRUE,TRUE,TRUE,TRUE,TRUE,TRUE,TRUE,""
"VS_SH_N","VS","SH",0,388,21160388,TRUE,TRUE,TRUE,TRUE,TRUE,TRUE,TRUE,TRUE,""
"VS_SH_N","VS","SH",0,389,21160389,TRUE,TRUE,TRUE,TRUE,TRUE,TRUE,TRUE,TRUE,""
"VS_SH_N","VS","SH",0,390,21160390,TRUE,TRUE,TRUE,TRUE,TRUE,TRUE,TRUE,TRUE,""
"VS_SH_N","VS","SH",0,391,21160391,TRUE,TRUE,TRUE,TRUE,TRUE,TRUE,TRUE,TRUE,""
"VS_SH_N","VS","SH",0,392,21160392,TRUE,TRUE,TRUE,TRUE,TRUE,TRUE,TRUE,TRUE,""
"VS_SH_N","VS","SH",0,393,21160393,TRUE,TRUE,TRUE,TRUE,TRUE,TRUE,TRUE,TRUE,""
"VS_SH_N","VS","SH",0,394,21160394,TRUE,TRUE,TRUE,TRUE,TRUE,TRUE,TRUE,TRUE,""
"VS_SH_N","VS","SH",0,395,21160395,TRUE,TRUE,TRUE,TRUE,TRUE,TRUE,TRUE,TRUE,""
"VS_SH_N","VS","SH",0,396,21160396,TRUE,TRUE,TRUE,TRUE,TRUE,TRUE,TRUE,TRUE,""
"VS_SH_N","VS","SH",0,397,21160397,TRUE,TRUE,TRUE,TRUE,TRUE,TRUE,TRUE,TRUE,""
"VS_SH_N","VS","SH",0,398,21160398,TRUE,TRUE,TRUE,TRUE,TRUE,TRUE,TRUE,TRUE,""
"VS_SH_N","VS","SH",0,399,21160399,TRUE,TRUE,TRUE,TRUE,TRUE,TRUE,TRUE,TRUE,""
"VS_SH_N","VS","SH",0,400,21160400,TRUE,TRUE,TRUE,TRUE,TRUE,TRUE,TRUE,TRUE,""
"VS_SH_N","VS","SH",0,401,21160401,TRUE,TRUE,TRUE,TRUE,TRUE,TRUE,TRUE,TRUE,""
"VS_SH_N","VS","SH",0,402,21160402,TRUE,TRUE,TRUE,TRUE,TRUE,TRUE,TRUE,TRUE,""
"VS_SH_N","VS","SH",0,403,21160403,TRUE,TRUE,TRUE,TRUE,TRUE,TRUE,TRUE,TRUE,""
"VS_SH_N","VS","SH",0,404,21160404,TRUE,TRUE,TRUE,TRUE,TRUE,TRUE,TRUE,TRUE,""
"VS_SH_N","VS","SH",0,405,21160405,TRUE,TRUE,TRUE,TRUE,TRUE,TRUE,TRUE,TRUE,""
"VS_SH_N","VS","SH",0,406,21160406,TRUE,TRUE,TRUE,TRUE,TRUE,TRUE,TRUE,TRUE,""
"VS_SH_N","VS","SH",0,407,21160407,TRUE,TRUE,TRUE,TRUE,TRUE,TRUE,TRUE,TRUE,""
"VS_SH_N","VS","SH",0,408,21160408,TRUE,TRUE,TRUE,TRUE,TRUE,TRUE,TRUE,TRUE,""
"VS_SH_N","VS","SH",0,409,21160409,TRUE,TRUE,TRUE,TRUE,TRUE,TRUE,TRUE,TRUE,""
"VS_SH_N","VS","SH",0,410,21160410,TRUE,TRUE,TRUE,TRUE,TRUE,TRUE,TRUE,TRUE,""
"VS_SH_N","VS","SH",0,411,21160411,TRUE,TRUE,TRUE,TRUE,TRUE,TRUE,TRUE,TRUE,""
"VS_SH_N","VS","SH",0,412,21160412,TRUE,TRUE,TRUE,TRUE,TRUE,TRUE,TRUE,TRUE,""
"VS_SH_N","VS","SH",0,413,21160413,TRUE,TRUE,TRUE,TRUE,TRUE,TRUE,TRUE,TRUE,""
"VS_SH_N","VS","SH",0,414,21160414,TRUE,TRUE,TRUE,TRUE,TRUE,TRUE,TRUE,TRUE,""
"VS_SH_N","VS","SH",0,415,21160415,TRUE,TRUE,TRUE,TRUE,TRUE,TRUE,TRUE,TRUE,""
"VS_SH_N","VS","SH",0,416,21160416,TRUE,TRUE,TRUE,TRUE,TRUE,TRUE,TRUE,TRUE,""
"VS_SH_N","VS","SH",0,417,21160417,TRUE,TRUE,TRUE,TRUE,TRUE,TRUE,TRUE,TRUE,""
"VS_SH_N","VS","SH",0,418,21160418,TRUE,TRUE,TRUE,TRUE,TRUE,TRUE,TRUE,TRUE,""
"VS_SH_N","VS","SH",0,419,21160419,TRUE,TRUE,TRUE,TRUE,TRUE,TRUE,TRUE,TRUE,""
"VS_SH_N","VS","SH",0,420,21160420,TRUE,TRUE,TRUE,TRUE,TRUE,TRUE,TRUE,TRUE,""
"VS_SH_N","VS","SH",0,421,21160421,TRUE,TRUE,TRUE,TRUE,TRUE,TRUE,TRUE,TRUE,""
"VS_SH_N","VS","SH",0,422,21160422,TRUE,TRUE,TRUE,TRUE,TRUE,TRUE,TRUE,TRUE,""
"VS_SH_N","VS","SH",0,423,21160423,TRUE,TRUE,TRUE,TRUE,TRUE,TRUE,TRUE,TRUE,""
"VS_SH_N","VS","SH",0,424,21160424,TRUE,TRUE,TRUE,TRUE,TRUE,TRUE,TRUE,TRUE,""
"VS_SH_N","VS","SH",0,425,21160425,TRUE,TRUE,TRUE,TRUE,TRUE,TRUE,TRUE,TRUE,""
"VS_SH_N","VS","SH",0,426,21160426,TRUE,TRUE,TRUE,TRUE,TRUE,TRUE,TRUE,TRUE,""
"VS_SH_N","VS","SH",0,427,21160427,TRUE,TRUE,TRUE,TRUE,TRUE,TRUE,TRUE,TRUE,""
"VS_SH_N","VS","SH",0,428,21160428,TRUE,TRUE,TRUE,TRUE,TRUE,TRUE,TRUE,TRUE,""
"VS_SH_N","VS","SH",0,429,21160429,TRUE,TRUE,TRUE,TRUE,TRUE,TRUE,TRUE,TRUE,""
"VS_SH_N","VS","SH",0,430,21160430,TRUE,TRUE,TRUE,TRUE,TRUE,TRUE,TRUE,TRUE,""
"VS_SH_N","VS","SH",0,431,21160431,TRUE,TRUE,TRUE,TRUE,TRUE,TRUE,TRUE,TRUE,""
"VS_SH_N","VS","SH",0,432,21160432,TRUE,TRUE,TRUE,TRUE,TRUE,TRUE,TRUE,TRUE,""
"VS_SH_N","VS","SH",0,433,21160433,TRUE,TRUE,TRUE,TRUE,TRUE,TRUE,TRUE,TRUE,""
"VS_SH_N","VS","SH",0,434,21160434,TRUE,TRUE,TRUE,TRUE,TRUE,TRUE,TRUE,TRUE,""
"VS_SH_N","VS","SH",0,435,21160435,TRUE,TRUE,TRUE,TRUE,TRUE,TRUE,TRUE,TRUE,""
"VS_SH_N","VS","SH",0,436,21160436,TRUE,TRUE,TRUE,TRUE,TRUE,TRUE,TRUE,TRUE,""
"VS_SH_N","VS","SH",0,437,21160437,TRUE,TRUE,TRUE,TRUE,TRUE,TRUE,TRUE,TRUE,""
"VS_SH_N","VS","SH",0,438,21160438,TRUE,TRUE,TRUE,TRUE,TRUE,TRUE,TRUE,TRUE,""
"VS_SH_N","VS","SH",0,439,21160439,TRUE,TRUE,TRUE,TRUE,TRUE,TRUE,TRUE,TRUE,""
"VS_SH_N","VS","SH",0,440,21160440,TRUE,TRUE,TRUE,TRUE,TRUE,TRUE,TRUE,TRUE,""
"VS_SH_N","VS","SH",0,441,21160441,TRUE,TRUE,TRUE,TRUE,TRUE,TRUE,TRUE,TRUE,""
"VS_SH_N","VS","SH",0,442,21160442,TRUE,TRUE,TRUE,TRUE,TRUE,TRUE,TRUE,TRUE,""
"VS_SH_N","VS","SH",0,443,21160443,TRUE,TRUE,TRUE,TRUE,TRUE,TRUE,TRUE,TRUE,""
"VS_SH_N","VS","SH",0,444,21160444,TRUE,TRUE,TRUE,TRUE,TRUE,TRUE,TRUE,TRUE,""
"VS_SH_N","VS","SH",0,445,21160445,TRUE,TRUE,TRUE,TRUE,TRUE,TRUE,TRUE,TRUE,""
"VS_SH_N","VS","SH",0,446,21160446,TRUE,TRUE,TRUE,TRUE,TRUE,TRUE,TRUE,TRUE,""
"VS_SH_N","VS","SH",0,447,21160447,TRUE,TRUE,TRUE,TRUE,TRUE,TRUE,TRUE,TRUE,""
"VS_SH_N","VS","SH",0,448,21160448,TRUE,TRUE,TRUE,TRUE,TRUE,TRUE,TRUE,TRUE,""
"VS_SH_N","VS","SH",0,449,21160449,TRUE,TRUE,TRUE,TRUE,TRUE,TRUE,TRUE,TRUE,""
"VS_SH_N","VS","SH",0,450,21160450,TRUE,TRUE,TRUE,TRUE,TRUE,TRUE,TRUE,TRUE,""
"VS_SH_N","VS","SH",0,451,21160451,TRUE,TRUE,TRUE,TRUE,TRUE,TRUE,TRUE,TRUE,""
"VS_SH_N","VS","SH",0,452,21160452,TRUE,TRUE,TRUE,TRUE,TRUE,TRUE,TRUE,TRUE,""
"VS_SH_N","VS","SH",0,453,21160453,TRUE,TRUE,TRUE,TRUE,TRUE,TRUE,TRUE,TRUE,""
"VS_SH_N","VS","SH",0,454,21160454,TRUE,TRUE,TRUE,TRUE,TRUE,TRUE,TRUE,TRUE,""
"VS_SH_N","VS","SH",0,455,21160455,TRUE,TRUE,TRUE,TRUE,TRUE,TRUE,TRUE,TRUE,""
"VS_SH_N","VS","SH",0,456,21160456,TRUE,TRUE,TRUE,TRUE,TRUE,TRUE,TRUE,TRUE,""
"VS_SH_N","VS","SH",0,457,21160457,TRUE,TRUE,TRUE,TRUE,TRUE,TRUE,TRUE,TRUE,""
"VS_SH_N","VS","SH",0,458,21160458,TRUE,TRUE,TRUE,TRUE,TRUE,TRUE,TRUE,TRUE,""
"VS_SH_N","VS","SH",0,459,21160459,TRUE,TRUE,TRUE,TRUE,TRUE,TRUE,TRUE,TRUE,""
"VS_SH_N","VS","SH",0,460,21160460,TRUE,TRUE,TRUE,TRUE,TRUE,TRUE,TRUE,TRUE,""
"VS_SH_N","VS","SH",0,461,21160461,TRUE,TRUE,TRUE,TRUE,TRUE,TRUE,TRUE,TRUE,""
"VS_SH_N","VS","SH",0,462,21160462,TRUE,TRUE,TRUE,TRUE,TRUE,TRUE,TRUE,TRUE,""
"VS_SH_N","VS","SH",0,463,21160463,TRUE,TRUE,TRUE,TRUE,TRUE,TRUE,TRUE,TRUE,""
"VS_SH_N","VS","SH",0,464,21160464,TRUE,TRUE,TRUE,TRUE,TRUE,TRUE,TRUE,TRUE,""
"VS_SH_N","VS","SH",0,465,21160465,TRUE,TRUE,TRUE,TRUE,TRUE,TRUE,TRUE,TRUE,""
"VS_SH_N","VS","SH",0,466,21160466,TRUE,TRUE,TRUE,TRUE,TRUE,TRUE,TRUE,TRUE,""
"VS_SH_N","VS","SH",0,467,21160467,TRUE,TRUE,TRUE,TRUE,TRUE,TRUE,TRUE,TRUE,""
"VS_SH_N","VS","SH",0,468,21160468,TRUE,TRUE,TRUE,TRUE,TRUE,TRUE,TRUE,TRUE,""
"VS_SH_N","VS","SH",0,469,21160469,TRUE,TRUE,TRUE,TRUE,TRUE,TRUE,TRUE,TRUE,""
"VS_SH_N","VS","SH",0,470,21160470,TRUE,TRUE,TRUE,TRUE,TRUE,TRUE,TRUE,TRUE,""
"VS_SH_N","VS","SH",0,471,21160471,TRUE,TRUE,TRUE,TRUE,TRUE,TRUE,TRUE,TRUE,""
"VS_SH_N","VS","SH",0,472,21160472,TRUE,TRUE,TRUE,TRUE,TRUE,TRUE,TRUE,TRUE,""
"VS_SH_N","VS","SH",0,473,21160473,TRUE,TRUE,TRUE,TRUE,TRUE,TRUE,TRUE,TRUE,""
"VS_SH_N","VS","SH",0,474,21160474,TRUE,TRUE,TRUE,TRUE,TRUE,TRUE,TRUE,TRUE,""
"VS_SH_N","VS","SH",0,475,21160475,TRUE,TRUE,TRUE,TRUE,TRUE,TRUE,TRUE,TRUE,""
"VS_SH_N","VS","SH",0,476,21160476,TRUE,TRUE,TRUE,TRUE,TRUE,TRUE,TRUE,TRUE,""
"VS_SH_N","VS","SH",0,477,21160477,TRUE,TRUE,TRUE,TRUE,TRUE,TRUE,TRUE,TRUE,""
"VS_SH_N","VS","SH",0,478,21160478,TRUE,TRUE,TRUE,TRUE,TRUE,TRUE,TRUE,TRUE,""
"VS_SH_N","VS","SH",0,479,21160479,TRUE,TRUE,TRUE,TRUE,TRUE,TRUE,TRUE,TRUE,""
"VS_SH_N","VS","SH",0,480,21160480,TRUE,TRUE,TRUE,TRUE,TRUE,TRUE,TRUE,TRUE,""
"VS_SH_N","VS","SH",0,481,21160481,TRUE,TRUE,TRUE,TRUE,TRUE,TRUE,TRUE,TRUE,""
"VS_SH_N","VS","SH",0,482,21160482,TRUE,TRUE,TRUE,TRUE,TRUE,TRUE,TRUE,TRUE,""
"VS_SH_N","VS","SH",0,483,21160483,TRUE,TRUE,TRUE,TRUE,TRUE,TRUE,TRUE,TRUE,""
"VS_SH_N","VS","SH",0,484,21160484,TRUE,TRUE,TRUE,TRUE,TRUE,TRUE,TRUE,TRUE,""
"VS_SH_N","VS","SH",0,485,21160485,TRUE,TRUE,TRUE,TRUE,TRUE,TRUE,TRUE,TRUE,""
"VS_SH_N","VS","SH",0,486,21160486,TRUE,TRUE,TRUE,TRUE,TRUE,TRUE,TRUE,TRUE,""
"VS_SH_N","VS","SH",0,487,21160487,TRUE,TRUE,TRUE,TRUE,TRUE,TRUE,TRUE,TRUE,""
"VS_SH_N","VS","SH",0,488,21160488,TRUE,TRUE,TRUE,TRUE,TRUE,TRUE,TRUE,TRUE,""
"VS_SH_N","VS","SH",0,489,21160489,TRUE,TRUE,TRUE,TRUE,TRUE,TRUE,TRUE,TRUE,""
"VS_SH_N","VS","SH",0,490,21160490,TRUE,TRUE,TRUE,TRUE,TRUE,TRUE,TRUE,TRUE,""
"VS_SH_N","VS","SH",0,491,21160491,TRUE,TRUE,TRUE,TRUE,TRUE,TRUE,TRUE,TRUE,""
"VS_SH_N","VS","SH",0,492,21160492,TRUE,TRUE,TRUE,TRUE,TRUE,TRUE,TRUE,TRUE,""
"VS_SH_N","VS","SH",0,493,21160493,TRUE,TRUE,TRUE,TRUE,TRUE,TRUE,TRUE,TRUE,""
"VS_SH_N","VS","SH",0,494,21160494,TRUE,TRUE,TRUE,TRUE,TRUE,TRUE,TRUE,TRUE,""
"VS_SH_N","VS","SH",0,495,21160495,TRUE,TRUE,TRUE,TRUE,TRUE,TRUE,TRUE,TRUE,""
"VS_SH_N","VS","SH",0,496,21160496,TRUE,TRUE,TRUE,TRUE,TRUE,TRUE,TRUE,TRUE,""
"VS_SH_N","VS","SH",0,497,21160497,TRUE,TRUE,TRUE,TRUE,TRUE,TRUE,TRUE,TRUE,""
"VS_SH_N","VS","SH",0,498,21160498,TRUE,TRUE,TRUE,TRUE,TRUE,TRUE,TRUE,TRUE,""
"VS_SH_N","VS","SH",0,499,21160499,TRUE,TRUE,TRUE,TRUE,TRUE,TRUE,TRUE,TRUE,""
"VS_SH_N","VS","SH",0,500,21160500,TRUE,TRUE,TRUE,TRUE,TRUE,TRUE,TRUE,TRUE,""
"VS_SH_N","VS","SH",0,501,21160501,TRUE,TRUE,TRUE,TRUE,TRUE,TRUE,TRUE,TRUE,""
"VS_SH_N","VS","SH",0,502,21160502,TRUE,TRUE,TRUE,TRUE,TRUE,TRUE,TRUE,TRUE,""
"VS_SH_N","VS","SH",0,503,21160503,TRUE,TRUE,TRUE,TRUE,TRUE,TRUE,TRUE,TRUE,""
"VS_SH_N","VS","SH",0,504,21160504,TRUE,TRUE,TRUE,TRUE,TRUE,TRUE,TRUE,TRUE,""
"VS_SH_N","VS","SH",0,505,21160505,TRUE,TRUE,TRUE,TRUE,TRUE,TRUE,TRUE,TRUE,""
"VS_SH_N","VS","SH",0,506,21160506,TRUE,TRUE,TRUE,TRUE,TRUE,TRUE,TRUE,TRUE,""
"VS_SH_N","VS","SH",0,507,21160507,TRUE,TRUE,TRUE,TRUE,TRUE,TRUE,TRUE,TRUE,""
"VS_SH_N","VS","SH",0,508,21160508,TRUE,TRUE,TRUE,TRUE,TRUE,TRUE,TRUE,TRUE,""
"VS_SH_N","VS","SH",0,509,21160509,TRUE,TRUE,TRUE,TRUE,TRUE,TRUE,TRUE,TRUE,""
"VS_SH_N","VS","SH",0,510,21160510,TRUE,TRUE,TRUE,TRUE,TRUE,TRUE,TRUE,TRUE,""
"VS_SH_N","VS","SH",0,511,21160511,TRUE,TRUE,TRUE,TRUE,TRUE,TRUE,TRUE,TRUE,""
"VS_SH_N","VS","SH",0,512,21160512,TRUE,TRUE,TRUE,TRUE,TRUE,TRUE,TRUE,TRUE,""
"VS_SH_N","VS","SH",0,513,21160513,TRUE,TRUE,TRUE,TRUE,TRUE,TRUE,TRUE,TRUE,""
"VS_SH_N","VS","SH",0,514,21160514,TRUE,TRUE,TRUE,TRUE,TRUE,TRUE,TRUE,TRUE,""
"VS_SH_N","VS","SH",0,515,21160515,TRUE,TRUE,TRUE,TRUE,TRUE,TRUE,TRUE,TRUE,""
"VS_SH_N","VS","SH",0,516,21160516,TRUE,TRUE,TRUE,TRUE,TRUE,TRUE,TRUE,TRUE,""
"VS_SH_N","VS","SH",0,517,21160517,TRUE,TRUE,TRUE,TRUE,TRUE,TRUE,TRUE,TRUE,""
"VS_SH_N","VS","SH",0,518,21160518,TRUE,TRUE,TRUE,TRUE,TRUE,TRUE,TRUE,TRUE,""
"VS_SH_N","VS","SH",0,519,21160519,TRUE,TRUE,TRUE,TRUE,TRUE,TRUE,TRUE,TRUE,""
"VS_SH_N","VS","SH",0,520,21160520,TRUE,TRUE,TRUE,TRUE,TRUE,TRUE,TRUE,TRUE,""
"VS_SH_N","VS","SH",0,521,21160521,TRUE,TRUE,TRUE,TRUE,TRUE,TRUE,TRUE,TRUE,""
"VS_SH_N","VS","SH",0,522,21160522,TRUE,TRUE,TRUE,TRUE,TRUE,TRUE,TRUE,TRUE,""
"VS_SH_N","VS","SH",0,523,21160523,TRUE,TRUE,TRUE,TRUE,TRUE,TRUE,TRUE,TRUE,""
"VS_SH_N","VS","SH",0,524,21160524,TRUE,TRUE,TRUE,TRUE,TRUE,TRUE,TRUE,TRUE,""
"VS_SH_N","VS","SH",0,525,21160525,TRUE,TRUE,TRUE,TRUE,TRUE,TRUE,TRUE,TRUE,""
"VS_SH_N","VS","SH",0,526,21160526,TRUE,TRUE,TRUE,TRUE,TRUE,TRUE,TRUE,TRUE,""
"VS_SH_N","VS","SH",0,527,21160527,TRUE,TRUE,TRUE,TRUE,TRUE,TRUE,TRUE,TRUE,""
"VS_SH_N","VS","SH",0,528,21160528,TRUE,TRUE,TRUE,TRUE,TRUE,TRUE,TRUE,TRUE,""
"VS_SH_N","VS","SH",0,529,21160529,TRUE,TRUE,TRUE,TRUE,TRUE,TRUE,TRUE,TRUE,""
"VS_SH_N","VS","SH",0,530,21160530,TRUE,TRUE,TRUE,TRUE,TRUE,TRUE,TRUE,TRUE,""
"VS_SH_N","VS","SH",0,531,21160531,TRUE,TRUE,TRUE,TRUE,TRUE,TRUE,TRUE,TRUE,""
"VS_SH_N","VS","SH",0,532,21160532,TRUE,TRUE,TRUE,TRUE,TRUE,TRUE,TRUE,TRUE,""
"VS_SH_N","VS","SH",0,533,21160533,TRUE,TRUE,TRUE,TRUE,TRUE,TRUE,TRUE,TRUE,""
"VS_SH_N","VS","SH",0,534,21160534,TRUE,TRUE,TRUE,TRUE,TRUE,TRUE,TRUE,TRUE,""
"VS_SH_N","VS","SH",0,535,21160535,TRUE,TRUE,TRUE,TRUE,TRUE,TRUE,TRUE,TRUE,""
"VS_SH_N","VS","SH",0,536,21160536,TRUE,TRUE,TRUE,TRUE,TRUE,TRUE,TRUE,TRUE,""
"VS_SH_N","VS","SH",0,537,21160537,TRUE,TRUE,TRUE,TRUE,TRUE,TRUE,TRUE,TRUE,""
"VS_SH_N","VS","SH",0,538,21160538,TRUE,TRUE,TRUE,TRUE,TRUE,TRUE,TRUE,TRUE,""
"VS_SH_N","VS","SH",0,539,21160539,TRUE,TRUE,TRUE,TRUE,TRUE,TRUE,TRUE,TRUE,""
"VS_SH_N","VS","SH",0,540,21160540,TRUE,TRUE,TRUE,TRUE,TRUE,TRUE,TRUE,TRUE,""
"VS_SH_N","VS","SH",0,541,21160541,TRUE,TRUE,TRUE,TRUE,TRUE,TRUE,TRUE,TRUE,""
"VS_SH_N","VS","SH",0,542,21160542,TRUE,TRUE,TRUE,TRUE,TRUE,TRUE,TRUE,TRUE,""
"VS_SH_N","VS","SH",0,543,21160543,TRUE,TRUE,TRUE,TRUE,TRUE,TRUE,TRUE,TRUE,""
"VS_SH_N","VS","SH",0,544,21160544,TRUE,TRUE,TRUE,TRUE,TRUE,TRUE,TRUE,TRUE,""
"VS_SH_N","VS","SH",0,545,21160545,TRUE,TRUE,TRUE,TRUE,TRUE,TRUE,TRUE,TRUE,""
"VS_SH_N","VS","SH",0,546,21160546,TRUE,TRUE,TRUE,TRUE,TRUE,TRUE,TRUE,TRUE,""
"VS_SH_N","VS","SH",0,547,21160547,TRUE,TRUE,TRUE,TRUE,TRUE,TRUE,TRUE,TRUE,""
"VS_SH_N","VS","SH",0,548,21160548,TRUE,TRUE,TRUE,TRUE,TRUE,TRUE,TRUE,TRUE,""
"VS_SH_N","VS","SH",0,549,21160549,TRUE,TRUE,TRUE,TRUE,TRUE,TRUE,TRUE,TRUE,""
"VS_SH_N","VS","SH",0,550,21160550,TRUE,TRUE,TRUE,TRUE,TRUE,TRUE,TRUE,TRUE,""
"VS_SH_N","VS","SH",0,551,21160551,TRUE,TRUE,TRUE,TRUE,TRUE,TRUE,TRUE,TRUE,""
"VS_SH_N","VS","SH",0,552,21160552,TRUE,TRUE,TRUE,TRUE,TRUE,TRUE,TRUE,TRUE,""
"VS_SH_N","VS","SH",0,553,21160553,TRUE,TRUE,TRUE,TRUE,TRUE,TRUE,TRUE,TRUE,""
"VS_SH_N","VS","SH",0,554,21160554,TRUE,TRUE,TRUE,TRUE,TRUE,TRUE,TRUE,TRUE,""
"VS_SH_N","VS","SH",0,555,21160555,TRUE,TRUE,TRUE,TRUE,TRUE,TRUE,TRUE,TRUE,""
"VS_SH_N","VS","SH",0,556,21160556,TRUE,TRUE,TRUE,TRUE,TRUE,TRUE,TRUE,TRUE,""
"VS_SH_N","VS","SH",0,557,21160557,TRUE,TRUE,TRUE,TRUE,TRUE,TRUE,TRUE,TRUE,""
"VS_SH_N","VS","SH",0,558,21160558,TRUE,TRUE,TRUE,TRUE,TRUE,TRUE,TRUE,TRUE,""
"VS_SH_N","VS","SH",0,559,21160559,TRUE,TRUE,TRUE,TRUE,TRUE,TRUE,TRUE,TRUE,""
"VS_SH_N","VS","SH",0,560,21160560,TRUE,TRUE,TRUE,TRUE,TRUE,TRUE,TRUE,TRUE,""
"VS_SH_N","VS","SH",0,561,21160561,TRUE,TRUE,TRUE,TRUE,TRUE,TRUE,TRUE,TRUE,""
"VS_SH_N","VS","SH",0,562,21160562,TRUE,TRUE,TRUE,TRUE,TRUE,TRUE,TRUE,TRUE,""
"VS_SH_N","VS","SH",0,563,21160563,TRUE,TRUE,TRUE,TRUE,TRUE,TRUE,TRUE,TRUE,""
"VS_SH_N","VS","SH",0,564,21160564,TRUE,TRUE,TRUE,TRUE,TRUE,TRUE,TRUE,TRUE,""
"VS_SH_N","VS","SH",0,565,21160565,TRUE,TRUE,TRUE,TRUE,TRUE,TRUE,TRUE,TRUE,""
"VS_SH_N","VS","SH",0,566,21160566,TRUE,TRUE,TRUE,TRUE,TRUE,TRUE,TRUE,TRUE,""
"VS_SH_N","VS","SH",0,567,21160567,TRUE,TRUE,TRUE,TRUE,TRUE,TRUE,TRUE,TRUE,""
"VS_SH_N","VS","SH",0,568,21160568,TRUE,TRUE,TRUE,TRUE,TRUE,TRUE,TRUE,TRUE,""
"VS_SH_N","VS","SH",0,569,21160569,TRUE,TRUE,TRUE,TRUE,TRUE,TRUE,TRUE,TRUE,""
"VS_SH_N","VS","SH",0,570,21160570,TRUE,TRUE,TRUE,TRUE,TRUE,TRUE,TRUE,TRUE,""
"VS_SH_N","VS","SH",0,571,21160571,TRUE,TRUE,TRUE,TRUE,TRUE,TRUE,TRUE,TRUE,""
"VS_SH_N","VS","SH",0,572,21160572,TRUE,TRUE,TRUE,TRUE,TRUE,TRUE,TRUE,TRUE,""
"VS_SH_N","VS","SH",0,573,21160573,TRUE,TRUE,TRUE,TRUE,TRUE,TRUE,TRUE,TRUE,""
"VS_SH_N","VS","SH",0,574,21160574,TRUE,TRUE,TRUE,TRUE,TRUE,TRUE,TRUE,TRUE,""
"VS_SH_N","VS","SH",0,575,21160575,TRUE,TRUE,TRUE,TRUE,TRUE,TRUE,TRUE,TRUE,""
"VS_SH_N","VS","SH",0,576,21160576,TRUE,TRUE,TRUE,TRUE,TRUE,TRUE,TRUE,TRUE,""
"VS_SH_N","VS","SH",0,577,21160577,TRUE,TRUE,TRUE,TRUE,TRUE,TRUE,TRUE,TRUE,""
"VS_SH_N","VS","SH",0,578,21160578,TRUE,TRUE,TRUE,TRUE,TRUE,TRUE,TRUE,TRUE,""
"VS_SH_N","VS","SH",0,579,21160579,TRUE,TRUE,TRUE,TRUE,TRUE,TRUE,TRUE,TRUE,""
"VS_SH_N","VS","SH",0,580,21160580,TRUE,TRUE,TRUE,TRUE,TRUE,TRUE,TRUE,TRUE,""
"VS_SH_N","VS","SH",0,581,21160581,TRUE,TRUE,TRUE,TRUE,TRUE,TRUE,TRUE,TRUE,""
"VS_SH_N","VS","SH",0,582,21160582,TRUE,TRUE,TRUE,TRUE,TRUE,TRUE,TRUE,TRUE,""
"VS_SH_N","VS","SH",0,583,21160583,TRUE,TRUE,TRUE,TRUE,TRUE,TRUE,TRUE,TRUE,""
"VS_SH_N","VS","SH",0,584,21160584,TRUE,TRUE,TRUE,TRUE,TRUE,TRUE,TRUE,TRUE,""
"VS_SH_N","VS","SH",0,585,21160585,TRUE,TRUE,TRUE,TRUE,TRUE,TRUE,TRUE,TRUE,""
"VS_SH_N","VS","SH",0,586,21160586,TRUE,TRUE,TRUE,TRUE,TRUE,TRUE,TRUE,TRUE,""
"VS_SH_N","VS","SH",0,587,21160587,TRUE,TRUE,TRUE,TRUE,TRUE,TRUE,TRUE,TRUE,""
"VS_SH_N","VS","SH",0,588,21160588,TRUE,TRUE,TRUE,TRUE,TRUE,TRUE,TRUE,TRUE,""
"VS_SH_N","VS","SH",0,589,21160589,TRUE,TRUE,TRUE,TRUE,TRUE,TRUE,TRUE,TRUE,""
"VS_SH_N","VS","SH",0,590,21160590,TRUE,TRUE,TRUE,TRUE,TRUE,TRUE,TRUE,TRUE,""
"VS_SH_N","VS","SH",0,591,21160591,TRUE,TRUE,TRUE,TRUE,TRUE,TRUE,TRUE,TRUE,""
"VS_SH_N","VS","SH",0,592,21160592,TRUE,TRUE,TRUE,TRUE,TRUE,TRUE,TRUE,TRUE,""
"VS_SH_N","VS","SH",0,593,21160593,TRUE,TRUE,TRUE,TRUE,TRUE,TRUE,TRUE,TRUE,""
"VS_SH_N","VS","SH",0,594,21160594,TRUE,TRUE,TRUE,TRUE,TRUE,TRUE,TRUE,TRUE,""
"VS_SH_N","VS","SH",0,595,21160595,TRUE,TRUE,TRUE,TRUE,TRUE,TRUE,TRUE,TRUE,""
"VS_SH_N","VS","SH",0,596,21160596,TRUE,TRUE,TRUE,TRUE,TRUE,TRUE,TRUE,TRUE,""
"VS_SH_N","VS","SH",0,597,21160597,TRUE,TRUE,TRUE,TRUE,TRUE,TRUE,TRUE,TRUE,""
"VS_SH_N","VS","SH",0,598,21160598,TRUE,TRUE,TRUE,TRUE,TRUE,TRUE,TRUE,TRUE,""
"VS_SH_N","VS","SH",0,599,21160599,TRUE,TRUE,TRUE,TRUE,TRUE,TRUE,TRUE,TRUE,""
"VS_SH_N","VS","SH",0,600,21160600,TRUE,TRUE,TRUE,TRUE,TRUE,TRUE,TRUE,TRUE,""
"VS_SH_N","VS","SH",0,601,21160601,TRUE,TRUE,TRUE,TRUE,TRUE,TRUE,TRUE,TRUE,""
"VS_SH_N","VS","SH",0,602,21160602,TRUE,TRUE,TRUE,TRUE,TRUE,TRUE,TRUE,TRUE,""
"VS_SH_N","VS","SH",0,603,21160603,TRUE,TRUE,TRUE,TRUE,TRUE,TRUE,TRUE,TRUE,""
"VS_SH_N","VS","SH",0,604,21160604,TRUE,TRUE,TRUE,TRUE,TRUE,TRUE,TRUE,TRUE,""
"VS_SH_N","VS","SH",0,605,21160605,TRUE,TRUE,TRUE,TRUE,TRUE,TRUE,TRUE,TRUE,""
"VS_SH_N","VS","SH",0,606,21160606,TRUE,TRUE,TRUE,TRUE,TRUE,TRUE,TRUE,TRUE,""
"VS_SH_N","VS","SH",0,607,21160607,TRUE,TRUE,TRUE,TRUE,TRUE,TRUE,TRUE,TRUE,""
"VS_SH_N","VS","SH",0,608,21160608,TRUE,TRUE,TRUE,TRUE,TRUE,TRUE,TRUE,TRUE,""
"VS_SH_N","VS","SH",0,609,21160609,TRUE,TRUE,TRUE,TRUE,TRUE,TRUE,TRUE,TRUE,""
"VS_SH_N","VS","SH",0,610,21160610,TRUE,TRUE,TRUE,TRUE,TRUE,TRUE,TRUE,TRUE,""
"VS_SH_N","VS","SH",0,611,21160611,TRUE,TRUE,TRUE,TRUE,TRUE,TRUE,TRUE,TRUE,""
"VS_SH_N","VS","SH",0,612,21160612,TRUE,TRUE,TRUE,TRUE,TRUE,TRUE,TRUE,TRUE,""
"VS_SH_N","VS","SH",0,613,21160613,TRUE,TRUE,TRUE,TRUE,TRUE,TRUE,TRUE,TRUE,""
"VS_SH_N","VS","SH",0,614,21160614,TRUE,TRUE,TRUE,TRUE,TRUE,TRUE,TRUE,TRUE,""
"VS_SH_N","VS","SH",0,615,21160615,TRUE,TRUE,TRUE,TRUE,TRUE,TRUE,TRUE,TRUE,""
"VS_SH_N","VS","SH",0,616,21160616,TRUE,TRUE,TRUE,TRUE,TRUE,TRUE,TRUE,TRUE,""
"VS_SH_N","VS","SH",0,617,21160617,TRUE,TRUE,TRUE,TRUE,TRUE,TRUE,TRUE,TRUE,""
"VS_SH_N","VS","SH",0,618,21160618,TRUE,TRUE,TRUE,TRUE,TRUE,TRUE,TRUE,TRUE,""
"VS_SH_N","VS","SH",0,619,21160619,TRUE,TRUE,TRUE,TRUE,TRUE,TRUE,TRUE,TRUE,""
"VS_SH_N","VS","SH",0,620,21160620,TRUE,TRUE,TRUE,TRUE,TRUE,TRUE,TRUE,TRUE,""
"VS_SH_N","VS","SH",0,621,21160621,TRUE,TRUE,TRUE,TRUE,TRUE,TRUE,TRUE,TRUE,""
"VS_SH_N","VS","SH",0,622,21160622,TRUE,TRUE,TRUE,TRUE,TRUE,TRUE,TRUE,TRUE,""
"VS_SH_N","VS","SH",0,623,21160623,TRUE,TRUE,TRUE,TRUE,TRUE,TRUE,TRUE,TRUE,""
"VS_SH_N","VS","SH",0,624,21160624,TRUE,TRUE,TRUE,TRUE,TRUE,TRUE,TRUE,TRUE,""
"VS_SH_N","VS","SH",0,625,21160625,TRUE,TRUE,TRUE,TRUE,TRUE,TRUE,TRUE,TRUE,""
"VS_SH_N","VS","SH",0,626,21160626,TRUE,TRUE,TRUE,TRUE,TRUE,TRUE,TRUE,TRUE,""
"VS_SH_N","VS","SH",0,627,21160627,TRUE,TRUE,TRUE,TRUE,TRUE,TRUE,TRUE,TRUE,""
"VS_SH_N","VS","SH",0,628,21160628,TRUE,TRUE,TRUE,TRUE,TRUE,TRUE,TRUE,TRUE,""
"VS_SH_N","VS","SH",0,629,21160629,TRUE,TRUE,TRUE,TRUE,TRUE,TRUE,TRUE,TRUE,""
"VS_SH_N","VS","SH",0,630,21160630,TRUE,TRUE,TRUE,TRUE,TRUE,TRUE,TRUE,TRUE,""
"VS_SH_N","VS","SH",0,631,21160631,TRUE,TRUE,TRUE,TRUE,TRUE,TRUE,TRUE,TRUE,""
"VS_SH_N","VS","SH",0,632,21160632,TRUE,TRUE,TRUE,TRUE,TRUE,TRUE,TRUE,TRUE,""
"VS_SH_N","VS","SH",0,633,21160633,TRUE,TRUE,TRUE,TRUE,TRUE,TRUE,TRUE,TRUE,""
"VS_SH_N","VS","SH",0,634,21160634,TRUE,TRUE,TRUE,TRUE,TRUE,TRUE,TRUE,TRUE,""
"VS_SH_N","VS","SH",0,635,21160635,TRUE,TRUE,TRUE,TRUE,TRUE,TRUE,TRUE,TRUE,""
"VS_SH_N","VS","SH",0,636,21160636,TRUE,TRUE,TRUE,TRUE,TRUE,TRUE,TRUE,TRUE,""
"VS_SH_N","VS","SH",0,637,21160637,TRUE,TRUE,TRUE,TRUE,TRUE,TRUE,TRUE,TRUE,""
"VS_SH_N","VS","SH",0,638,21160638,TRUE,TRUE,TRUE,TRUE,TRUE,TRUE,TRUE,TRUE,""
"VS_SH_N","VS","SH",0,639,21160639,TRUE,TRUE,TRUE,TRUE,TRUE,TRUE,TRUE,TRUE,""
"VS_SH_N","VS","SH",0,640,21160640,TRUE,TRUE,TRUE,TRUE,TRUE,TRUE,TRUE,TRUE,""
"VS_SH_N","VS","SH",0,641,21160641,TRUE,TRUE,TRUE,TRUE,TRUE,TRUE,TRUE,TRUE,""
"VS_SH_N","VS","SH",0,642,21160642,TRUE,TRUE,TRUE,TRUE,TRUE,TRUE,TRUE,TRUE,""
"VS_SH_N","VS","SH",0,643,21160643,TRUE,TRUE,TRUE,TRUE,TRUE,TRUE,TRUE,TRUE,""
"VS_SH_N","VS","SH",0,644,21160644,TRUE,TRUE,TRUE,TRUE,TRUE,TRUE,TRUE,TRUE,""
"VS_SH_N","VS","SH",0,645,21160645,TRUE,TRUE,TRUE,TRUE,TRUE,TRUE,TRUE,TRUE,""
"VS_SH_N","VS","SH",0,646,21160646,TRUE,TRUE,TRUE,TRUE,TRUE,TRUE,TRUE,TRUE,""
"VS_SH_N","VS","SH",0,647,21160647,TRUE,TRUE,TRUE,TRUE,TRUE,TRUE,TRUE,TRUE,""
"VS_SH_N","VS","SH",0,648,21160648,TRUE,TRUE,TRUE,TRUE,TRUE,TRUE,TRUE,TRUE,""
"VS_SH_N","VS","SH",0,649,21160649,TRUE,TRUE,TRUE,TRUE,TRUE,TRUE,TRUE,TRUE,""
"VS_SH_N","VS","SH",0,650,21160650,TRUE,TRUE,TRUE,TRUE,TRUE,TRUE,TRUE,TRUE,""
"VS_SH_N","VS","SH",0,651,21160651,TRUE,TRUE,TRUE,TRUE,TRUE,TRUE,TRUE,TRUE,""
"VS_SH_N","VS","SH",0,652,21160652,TRUE,TRUE,TRUE,TRUE,TRUE,TRUE,TRUE,TRUE,""
"VS_SH_N","VS","SH",0,653,21160653,TRUE,TRUE,TRUE,TRUE,TRUE,TRUE,TRUE,TRUE,""
"VS_SH_N","VS","SH",0,654,21160654,TRUE,TRUE,TRUE,TRUE,TRUE,TRUE,TRUE,TRUE,""
"VS_SH_N","VS","SH",0,655,21160655,TRUE,TRUE,TRUE,TRUE,TRUE,TRUE,TRUE,TRUE,""
"VS_SH_N","VS","SH",0,656,21160656,TRUE,TRUE,TRUE,TRUE,TRUE,TRUE,TRUE,TRUE,""
"VS_SH_N","VS","SH",0,657,21160657,TRUE,TRUE,TRUE,TRUE,TRUE,TRUE,TRUE,TRUE,""
"VS_SH_N","VS","SH",0,658,21160658,TRUE,TRUE,TRUE,TRUE,TRUE,TRUE,TRUE,TRUE,""
"VS_SH_N","VS","SH",0,659,21160659,TRUE,TRUE,TRUE,TRUE,TRUE,TRUE,TRUE,TRUE,""
"VS_SH_N","VS","SH",0,660,21160660,TRUE,TRUE,TRUE,TRUE,TRUE,TRUE,TRUE,TRUE,""
"VS_SH_N","VS","SH",0,661,21160661,TRUE,TRUE,TRUE,TRUE,TRUE,TRUE,TRUE,TRUE,""
"VS_SH_N","VS","SH",0,662,21160662,TRUE,TRUE,TRUE,TRUE,TRUE,TRUE,TRUE,TRUE,""
"VS_SH_N","VS","SH",0,663,21160663,TRUE,TRUE,TRUE,TRUE,TRUE,TRUE,TRUE,TRUE,""
"VS_SH_N","VS","SH",0,664,21160664,TRUE,TRUE,TRUE,TRUE,TRUE,TRUE,TRUE,TRUE,""
"VS_SH_N","VS","SH",0,665,21160665,TRUE,TRUE,TRUE,TRUE,TRUE,TRUE,TRUE,TRUE,""
"VS_SH_N","VS","SH",0,666,21160666,TRUE,TRUE,TRUE,TRUE,TRUE,TRUE,TRUE,TRUE,""
"VS_SH_N","VS","SH",0,667,21160667,TRUE,TRUE,TRUE,TRUE,TRUE,TRUE,TRUE,TRUE,""
"VS_SH_N","VS","SH",0,668,21160668,TRUE,TRUE,TRUE,TRUE,TRUE,TRUE,TRUE,TRUE,""
"VS_SH_N","VS","SH",0,669,21160669,TRUE,TRUE,TRUE,TRUE,TRUE,TRUE,TRUE,TRUE,""
"VS_SH_N","VS","SH",0,670,21160670,TRUE,TRUE,TRUE,TRUE,TRUE,TRUE,TRUE,TRUE,""
"VS_SH_N","VS","SH",0,671,21160671,TRUE,TRUE,TRUE,TRUE,TRUE,TRUE,TRUE,TRUE,""
"VS_SH_N","VS","SH",0,672,21160672,TRUE,TRUE,TRUE,TRUE,TRUE,TRUE,TRUE,TRUE,""
"VS_SH_N","VS","SH",0,673,21160673,TRUE,TRUE,TRUE,TRUE,TRUE,TRUE,TRUE,TRUE,""
"VS_SH_N","VS","SH",0,674,21160674,TRUE,TRUE,TRUE,TRUE,TRUE,TRUE,TRUE,TRUE,""
"VS_SH_N","VS","SH",0,675,21160675,TRUE,TRUE,TRUE,TRUE,TRUE,TRUE,TRUE,TRUE,""
"VS_SH_N","VS","SH",0,676,21160676,TRUE,TRUE,TRUE,TRUE,TRUE,TRUE,TRUE,TRUE,""
"VS_SH_N","VS","SH",0,677,21160677,TRUE,TRUE,TRUE,TRUE,TRUE,TRUE,TRUE,TRUE,""
"VS_SH_N","VS","SH",0,678,21160678,TRUE,TRUE,TRUE,TRUE,TRUE,TRUE,TRUE,TRUE,""
"VS_SH_N","VS","SH",0,679,21160679,TRUE,TRUE,TRUE,TRUE,TRUE,TRUE,TRUE,TRUE,""
"VS_SH_N","VS","SH",0,680,21160680,TRUE,TRUE,TRUE,TRUE,TRUE,TRUE,TRUE,TRUE,""
"VS_SH_N","VS","SH",0,681,21160681,TRUE,TRUE,TRUE,TRUE,TRUE,TRUE,TRUE,TRUE,""
"VS_SH_N","VS","SH",0,682,21160682,TRUE,TRUE,TRUE,TRUE,TRUE,TRUE,TRUE,TRUE,""
"VS_SH_N","VS","SH",0,683,21160683,TRUE,TRUE,TRUE,TRUE,TRUE,TRUE,TRUE,TRUE,""
"VS_SH_N","VS","SH",0,684,21160684,TRUE,TRUE,TRUE,TRUE,TRUE,TRUE,TRUE,TRUE,""
"VS_SH_N","VS","SH",0,685,21160685,TRUE,TRUE,TRUE,TRUE,TRUE,TRUE,TRUE,TRUE,""
"VS_SH_N","VS","SH",0,686,21160686,TRUE,TRUE,TRUE,TRUE,TRUE,TRUE,TRUE,TRUE,""
"VS_SH_N","VS","SH",0,687,21160687,TRUE,TRUE,TRUE,TRUE,TRUE,TRUE,TRUE,TRUE,""
"VS_SH_N","VS","SH",0,688,21160688,TRUE,TRUE,TRUE,TRUE,TRUE,TRUE,TRUE,TRUE,""
"VS_SH_N","VS","SH",0,689,21160689,TRUE,TRUE,TRUE,TRUE,TRUE,TRUE,TRUE,TRUE,""
"VS_SH_N","VS","SH",0,690,21160690,TRUE,TRUE,TRUE,TRUE,TRUE,TRUE,TRUE,TRUE,""
"VS_SH_N","VS","SH",0,691,21160691,TRUE,TRUE,TRUE,TRUE,TRUE,TRUE,TRUE,TRUE,""
"VS_SH_N","VS","SH",0,692,21160692,TRUE,TRUE,TRUE,TRUE,TRUE,TRUE,TRUE,TRUE,""
"VS_SH_N","VS","SH",0,693,21160693,TRUE,TRUE,TRUE,TRUE,TRUE,TRUE,TRUE,TRUE,""
"VS_SH_N","VS","SH",0,694,21160694,TRUE,TRUE,TRUE,TRUE,TRUE,TRUE,TRUE,TRUE,""
"VS_SH_N","VS","SH",0,695,21160695,TRUE,TRUE,TRUE,TRUE,TRUE,TRUE,TRUE,TRUE,""
"VS_SH_N","VS","SH",0,696,21160696,TRUE,TRUE,TRUE,TRUE,TRUE,TRUE,TRUE,TRUE,""
"VS_SH_N","VS","SH",0,697,21160697,TRUE,TRUE,TRUE,TRUE,TRUE,TRUE,TRUE,TRUE,""
"VS_SH_N","VS","SH",0,698,21160698,TRUE,TRUE,TRUE,TRUE,TRUE,TRUE,TRUE,TRUE,""
"VS_SH_N","VS","SH",0,699,21160699,TRUE,TRUE,TRUE,TRUE,TRUE,TRUE,TRUE,TRUE,""
"VS_SH_N","VS","SH",0,700,21160700,TRUE,TRUE,TRUE,TRUE,TRUE,TRUE,TRUE,TRUE,""
"VS_SH_N","VS","SH",0,701,21160701,TRUE,TRUE,TRUE,TRUE,TRUE,TRUE,TRUE,TRUE,""
"VS_SH_N","VS","SH",0,702,21160702,TRUE,TRUE,TRUE,TRUE,TRUE,TRUE,TRUE,TRUE,""
"VS_SH_N","VS","SH",0,703,21160703,TRUE,TRUE,TRUE,TRUE,TRUE,TRUE,TRUE,TRUE,""
"VS_SH_N","VS","SH",0,704,21160704,TRUE,TRUE,TRUE,TRUE,TRUE,TRUE,TRUE,TRUE,""
"VS_SH_N","VS","SH",0,705,21160705,TRUE,TRUE,TRUE,TRUE,TRUE,TRUE,TRUE,TRUE,""
"VS_SH_N","VS","SH",0,706,21160706,TRUE,TRUE,TRUE,TRUE,TRUE,TRUE,TRUE,TRUE,""
"VS_SH_N","VS","SH",0,707,21160707,TRUE,TRUE,TRUE,TRUE,TRUE,TRUE,TRUE,TRUE,""
"VS_SH_N","VS","SH",0,708,21160708,TRUE,TRUE,TRUE,TRUE,TRUE,TRUE,TRUE,TRUE,""
"VS_SH_N","VS","SH",0,709,21160709,TRUE,TRUE,TRUE,TRUE,TRUE,TRUE,TRUE,TRUE,""
"VS_SH_N","VS","SH",0,710,21160710,TRUE,TRUE,TRUE,TRUE,TRUE,TRUE,TRUE,TRUE,""
"VS_SH_N","VS","SH",0,711,21160711,TRUE,TRUE,TRUE,TRUE,TRUE,TRUE,TRUE,TRUE,""
"VS_SH_N","VS","SH",0,712,21160712,TRUE,TRUE,TRUE,TRUE,TRUE,TRUE,TRUE,TRUE,""
"VS_SH_N","VS","SH",0,713,21160713,TRUE,TRUE,TRUE,TRUE,TRUE,TRUE,TRUE,TRUE,""
"VS_SH_N","VS","SH",0,714,21160714,TRUE,TRUE,TRUE,TRUE,TRUE,TRUE,TRUE,TRUE,""
"VS_SH_N","VS","SH",0,715,21160715,TRUE,TRUE,TRUE,TRUE,TRUE,TRUE,TRUE,TRUE,""
"VS_SH_N","VS","SH",0,716,21160716,TRUE,TRUE,TRUE,TRUE,TRUE,TRUE,TRUE,TRUE,""
"VS_SH_N","VS","SH",0,717,21160717,TRUE,TRUE,TRUE,TRUE,TRUE,TRUE,TRUE,TRUE,""
"VS_SH_N","VS","SH",0,718,21160718,TRUE,TRUE,TRUE,TRUE,TRUE,TRUE,TRUE,TRUE,""
"VS_SH_N","VS","SH",0,719,21160719,TRUE,TRUE,TRUE,TRUE,TRUE,TRUE,TRUE,TRUE,""
"VS_SH_N","VS","SH",0,720,21160720,TRUE,TRUE,TRUE,TRUE,TRUE,TRUE,TRUE,TRUE,""
"VS_SH_N","VS","SH",0,721,21160721,TRUE,TRUE,TRUE,TRUE,TRUE,TRUE,TRUE,TRUE,""
"VS_SH_N","VS","SH",0,722,21160722,TRUE,TRUE,TRUE,TRUE,TRUE,TRUE,TRUE,TRUE,""
"VS_SH_N","VS","SH",0,723,21160723,TRUE,TRUE,TRUE,TRUE,TRUE,TRUE,TRUE,TRUE,""
"VS_SH_N","VS","SH",0,724,21160724,TRUE,TRUE,TRUE,TRUE,TRUE,TRUE,TRUE,TRUE,""
"VS_SH_N","VS","SH",0,725,21160725,TRUE,TRUE,TRUE,TRUE,TRUE,TRUE,TRUE,TRUE,""
"VS_SH_N","VS","SH",0,726,21160726,TRUE,TRUE,TRUE,TRUE,TRUE,TRUE,TRUE,TRUE,""
"VS_SH_N","VS","SH",0,727,21160727,TRUE,TRUE,TRUE,TRUE,TRUE,TRUE,TRUE,TRUE,""
"VS_SH_N","VS","SH",0,728,21160728,TRUE,TRUE,TRUE,TRUE,TRUE,TRUE,TRUE,TRUE,""
"VS_SH_N","VS","SH",0,729,21160729,TRUE,TRUE,TRUE,TRUE,TRUE,TRUE,TRUE,TRUE,""
"VS_SH_N","VS","SH",0,730,21160730,TRUE,TRUE,TRUE,TRUE,TRUE,TRUE,TRUE,TRUE,""
"VS_SH_N","VS","SH",0,731,21160731,TRUE,TRUE,TRUE,TRUE,TRUE,TRUE,TRUE,TRUE,""
"VS_SH_N","VS","SH",0,732,21160732,TRUE,TRUE,TRUE,TRUE,TRUE,TRUE,TRUE,TRUE,""
"VS_SH_N","VS","SH",0,733,21160733,TRUE,TRUE,TRUE,TRUE,TRUE,TRUE,TRUE,TRUE,""
"VS_SH_N","VS","SH",0,734,21160734,TRUE,TRUE,TRUE,TRUE,TRUE,TRUE,TRUE,TRUE,""
"VS_SH_N","VS","SH",0,735,21160735,TRUE,TRUE,TRUE,TRUE,TRUE,TRUE,TRUE,TRUE,""
"VS_SH_N","VS","SH",0,736,21160736,TRUE,TRUE,TRUE,TRUE,TRUE,TRUE,TRUE,TRUE,""
"VS_SH_N","VS","SH",0,737,21160737,TRUE,TRUE,TRUE,TRUE,TRUE,TRUE,TRUE,TRUE,""
"VS_SH_N","VS","SH",0,738,21160738,TRUE,TRUE,TRUE,TRUE,TRUE,TRUE,TRUE,TRUE,""
"VS_SH_N","VS","SH",0,739,21160739,TRUE,TRUE,TRUE,TRUE,TRUE,TRUE,TRUE,TRUE,""
"VS_SH_N","VS","SH",0,740,21160740,TRUE,TRUE,TRUE,TRUE,TRUE,TRUE,TRUE,TRUE,""
"VS_SH_N","VS","SH",0,741,21160741,TRUE,TRUE,TRUE,TRUE,TRUE,TRUE,TRUE,TRUE,""
"VS_SH_N","VS","SH",0,742,21160742,TRUE,TRUE,TRUE,TRUE,TRUE,TRUE,TRUE,TRUE,""
"VS_SH_N","VS","SH",0,743,21160743,TRUE,TRUE,TRUE,TRUE,TRUE,TRUE,TRUE,TRUE,""
"VS_SH_N","VS","SH",0,744,21160744,TRUE,TRUE,TRUE,TRUE,TRUE,TRUE,TRUE,TRUE,""
"VS_SH_N","VS","SH",0,745,21160745,TRUE,TRUE,TRUE,TRUE,TRUE,TRUE,TRUE,TRUE,""
"VS_SH_N","VS","SH",0,746,21160746,TRUE,TRUE,TRUE,TRUE,TRUE,TRUE,TRUE,TRUE,""
"VS_SH_N","VS","SH",0,747,21160747,TRUE,TRUE,TRUE,TRUE,TRUE,TRUE,TRUE,TRUE,""
"VS_SH_N","VS","SH",0,748,21160748,TRUE,TRUE,TRUE,TRUE,TRUE,TRUE,TRUE,TRUE,""
"VS_SH_N","VS","SH",0,749,21160749,TRUE,TRUE,TRUE,TRUE,TRUE,TRUE,TRUE,TRUE,""
"VS_SH_N","VS","SH",0,750,21160750,TRUE,TRUE,TRUE,TRUE,TRUE,TRUE,TRUE,TRUE,""
"VS_SH_N","VS","SH",0,751,21160751,TRUE,TRUE,TRUE,TRUE,TRUE,TRUE,TRUE,TRUE,""
"VS_SH_N","VS","SH",0,752,21160752,TRUE,TRUE,TRUE,TRUE,TRUE,TRUE,TRUE,TRUE,""
"VS_SH_N","VS","SH",0,753,21160753,TRUE,TRUE,TRUE,TRUE,TRUE,TRUE,TRUE,TRUE,""
"VS_SH_N","VS","SH",0,754,21160754,TRUE,TRUE,TRUE,TRUE,TRUE,TRUE,TRUE,TRUE,""
"VS_SH_N","VS","SH",0,755,21160755,TRUE,TRUE,TRUE,TRUE,TRUE,TRUE,TRUE,TRUE,""
"VS_SH_N","VS","SH",0,756,21160756,TRUE,TRUE,TRUE,TRUE,TRUE,TRUE,TRUE,TRUE,""
"VS_SH_N","VS","SH",0,757,21160757,TRUE,TRUE,TRUE,TRUE,TRUE,TRUE,TRUE,TRUE,""
"VS_SH_N","VS","SH",0,758,21160758,TRUE,TRUE,TRUE,TRUE,TRUE,TRUE,TRUE,TRUE,""
"VS_SH_N","VS","SH",0,759,21160759,TRUE,TRUE,TRUE,TRUE,TRUE,TRUE,TRUE,TRUE,""
"VS_SH_N","VS","SH",0,760,21160760,TRUE,TRUE,TRUE,TRUE,TRUE,TRUE,TRUE,TRUE,""
"VS_SH_N","VS","SH",0,761,21160761,TRUE,TRUE,TRUE,TRUE,TRUE,TRUE,TRUE,TRUE,""
"VS_SH_N","VS","SH",0,762,21160762,TRUE,TRUE,TRUE,TRUE,TRUE,TRUE,TRUE,TRUE,""
"VS_SH_N","VS","SH",0,763,21160763,TRUE,TRUE,TRUE,TRUE,TRUE,TRUE,TRUE,TRUE,""
"VS_SH_N","VS","SH",0,764,21160764,TRUE,TRUE,TRUE,TRUE,TRUE,TRUE,TRUE,TRUE,""
"VS_SH_N","VS","SH",0,765,21160765,TRUE,TRUE,TRUE,TRUE,TRUE,TRUE,TRUE,TRUE,""
"VS_SH_N","VS","SH",0,766,21160766,TRUE,TRUE,TRUE,TRUE,TRUE,TRUE,TRUE,TRUE,""
"VS_SH_N","VS","SH",0,767,21160767,TRUE,TRUE,TRUE,TRUE,TRUE,TRUE,TRUE,TRUE,""
"VS_SH_N","VS","SH",0,768,21160768,TRUE,TRUE,TRUE,TRUE,TRUE,TRUE,TRUE,TRUE,""
"VS_SH_N","VS","SH",0,769,21160769,TRUE,TRUE,TRUE,TRUE,TRUE,TRUE,TRUE,TRUE,""
"VS_SH_N","VS","SH",0,770,21160770,TRUE,TRUE,TRUE,TRUE,TRUE,TRUE,TRUE,TRUE,""
"VS_SH_N","VS","SH",0,771,21160771,TRUE,TRUE,TRUE,TRUE,TRUE,TRUE,TRUE,TRUE,""
"VS_SH_N","VS","SH",0,772,21160772,TRUE,TRUE,TRUE,TRUE,TRUE,TRUE,TRUE,TRUE,""
"VS_SH_N","VS","SH",0,773,21160773,TRUE,TRUE,TRUE,TRUE,TRUE,TRUE,TRUE,TRUE,""
"VS_SH_N","VS","SH",0,774,21160774,TRUE,TRUE,TRUE,TRUE,TRUE,TRUE,TRUE,TRUE,""
"VS_SH_N","VS","SH",0,775,21160775,TRUE,TRUE,TRUE,TRUE,TRUE,TRUE,TRUE,TRUE,""
"VS_SH_N","VS","SH",0,776,21160776,TRUE,TRUE,TRUE,TRUE,TRUE,TRUE,TRUE,TRUE,""
"VS_SH_N","VS","SH",0,777,21160777,TRUE,TRUE,TRUE,TRUE,TRUE,TRUE,TRUE,TRUE,""
"VS_SH_N","VS","SH",0,778,21160778,TRUE,TRUE,TRUE,TRUE,TRUE,TRUE,TRUE,TRUE,""
"VS_SH_N","VS","SH",0,779,21160779,TRUE,TRUE,TRUE,TRUE,TRUE,TRUE,TRUE,TRUE,""
"VS_SH_N","VS","SH",0,780,21160780,TRUE,TRUE,TRUE,TRUE,TRUE,TRUE,TRUE,TRUE,""
"VS_SH_N","VS","SH",0,781,21160781,TRUE,TRUE,TRUE,TRUE,TRUE,TRUE,TRUE,TRUE,""
"VS_SH_N","VS","SH",0,782,21160782,TRUE,TRUE,TRUE,TRUE,TRUE,TRUE,TRUE,TRUE,""
"VS_SH_N","VS","SH",0,783,21160783,TRUE,TRUE,TRUE,TRUE,TRUE,TRUE,TRUE,TRUE,""
"VS_SH_N","VS","SH",0,784,21160784,TRUE,TRUE,TRUE,TRUE,TRUE,TRUE,TRUE,TRUE,""
"VS_SH_N","VS","SH",0,785,21160785,TRUE,TRUE,TRUE,TRUE,TRUE,TRUE,TRUE,TRUE,""
"VS_SH_N","VS","SH",0,786,21160786,TRUE,TRUE,TRUE,TRUE,TRUE,TRUE,TRUE,TRUE,""
"VS_SH_N","VS","SH",0,787,21160787,TRUE,TRUE,TRUE,TRUE,TRUE,TRUE,TRUE,TRUE,""
"VS_SH_N","VS","SH",0,788,21160788,TRUE,TRUE,TRUE,TRUE,TRUE,TRUE,TRUE,TRUE,""
"VS_SH_N","VS","SH",0,789,21160789,TRUE,TRUE,TRUE,TRUE,TRUE,TRUE,TRUE,TRUE,""
"VS_SH_N","VS","SH",0,790,21160790,TRUE,TRUE,TRUE,TRUE,TRUE,TRUE,TRUE,TRUE,""
"VS_SH_N","VS","SH",0,791,21160791,TRUE,TRUE,TRUE,TRUE,TRUE,TRUE,TRUE,TRUE,""
"VS_SH_N","VS","SH",0,792,21160792,TRUE,TRUE,TRUE,TRUE,TRUE,TRUE,TRUE,TRUE,""
"VS_SH_N","VS","SH",0,793,21160793,TRUE,TRUE,TRUE,TRUE,TRUE,TRUE,TRUE,TRUE,""
"VS_SH_N","VS","SH",0,794,21160794,TRUE,TRUE,TRUE,TRUE,TRUE,TRUE,TRUE,TRUE,""
"VS_SH_N","VS","SH",0,795,21160795,TRUE,TRUE,TRUE,TRUE,TRUE,TRUE,TRUE,TRUE,""
"VS_SH_N","VS","SH",0,796,21160796,TRUE,TRUE,TRUE,TRUE,TRUE,TRUE,TRUE,TRUE,""
"VS_SH_N","VS","SH",0,797,21160797,TRUE,TRUE,TRUE,TRUE,TRUE,TRUE,TRUE,TRUE,""
"VS_SH_N","VS","SH",0,798,21160798,TRUE,TRUE,TRUE,TRUE,TRUE,TRUE,TRUE,TRUE,""
"VS_SH_N","VS","SH",0,799,21160799,TRUE,TRUE,TRUE,TRUE,TRUE,TRUE,TRUE,TRUE,""
"VS_SH_N","VS","SH",0,800,21160800,TRUE,TRUE,TRUE,TRUE,TRUE,TRUE,TRUE,TRUE,""
"VS_SH_N","VS","SH",0,801,21160801,TRUE,TRUE,TRUE,TRUE,TRUE,TRUE,TRUE,TRUE,""
"VS_SH_N","VS","SH",0,802,21160802,TRUE,TRUE,TRUE,TRUE,TRUE,TRUE,TRUE,TRUE,""
"VS_SH_N","VS","SH",0,803,21160803,TRUE,TRUE,TRUE,TRUE,TRUE,TRUE,TRUE,TRUE,""
"VS_SH_N","VS","SH",0,804,21160804,TRUE,TRUE,TRUE,TRUE,TRUE,TRUE,TRUE,TRUE,""
"VS_SH_N","VS","SH",0,805,21160805,TRUE,TRUE,TRUE,TRUE,TRUE,TRUE,TRUE,TRUE,""
"VS_SH_N","VS","SH",0,806,21160806,TRUE,TRUE,TRUE,TRUE,TRUE,TRUE,TRUE,TRUE,""
"VS_SH_N","VS","SH",0,807,21160807,TRUE,TRUE,TRUE,TRUE,TRUE,TRUE,TRUE,TRUE,""
"VS_SH_N","VS","SH",0,808,21160808,TRUE,TRUE,TRUE,TRUE,TRUE,TRUE,TRUE,TRUE,""
"VS_SH_N","VS","SH",0,809,21160809,TRUE,TRUE,TRUE,TRUE,TRUE,TRUE,TRUE,TRUE,""
"VS_SH_N","VS","SH",0,810,21160810,TRUE,TRUE,TRUE,TRUE,TRUE,TRUE,TRUE,TRUE,""
"VS_SH_N","VS","SH",0,811,21160811,TRUE,TRUE,TRUE,TRUE,TRUE,TRUE,TRUE,TRUE,""
"VS_SH_N","VS","SH",0,812,21160812,TRUE,TRUE,TRUE,TRUE,TRUE,TRUE,TRUE,TRUE,""
"VS_SH_N","VS","SH",0,813,21160813,TRUE,TRUE,TRUE,TRUE,TRUE,TRUE,TRUE,TRUE,""
"VS_SH_N","VS","SH",0,814,21160814,TRUE,TRUE,TRUE,TRUE,TRUE,TRUE,TRUE,TRUE,""
"VS_SH_N","VS","SH",0,815,21160815,TRUE,TRUE,TRUE,TRUE,TRUE,TRUE,TRUE,TRUE,""
"VS_SH_N","VS","SH",0,816,21160816,TRUE,TRUE,TRUE,TRUE,TRUE,TRUE,TRUE,TRUE,""
"VS_SH_N","VS","SH",0,817,21160817,TRUE,TRUE,TRUE,TRUE,TRUE,TRUE,TRUE,TRUE,""
"VS_SH_N","VS","SH",0,818,21160818,TRUE,TRUE,TRUE,TRUE,TRUE,TRUE,TRUE,TRUE,""
"VS_SH_N","VS","SH",0,819,21160819,TRUE,TRUE,TRUE,TRUE,TRUE,TRUE,TRUE,TRUE,""
"VS_SH_N","VS","SH",0,820,21160820,TRUE,TRUE,TRUE,TRUE,TRUE,TRUE,TRUE,TRUE,""
"VS_SH_N","VS","SH",0,821,21160821,TRUE,TRUE,TRUE,TRUE,TRUE,TRUE,TRUE,TRUE,""
"VS_SH_N","VS","SH",0,822,21160822,TRUE,TRUE,TRUE,TRUE,TRUE,TRUE,TRUE,TRUE,""
"VS_SH_N","VS","SH",0,823,21160823,TRUE,TRUE,TRUE,TRUE,TRUE,TRUE,TRUE,TRUE,""
"VS_SH_N","VS","SH",0,824,21160824,TRUE,TRUE,TRUE,TRUE,TRUE,TRUE,TRUE,TRUE,""
"VS_SH_N","VS","SH",0,825,21160825,TRUE,TRUE,TRUE,TRUE,TRUE,TRUE,TRUE,TRUE,""
"VS_SH_N","VS","SH",0,826,21160826,TRUE,TRUE,TRUE,TRUE,TRUE,TRUE,TRUE,TRUE,""
"VS_SH_N","VS","SH",0,827,21160827,TRUE,TRUE,TRUE,TRUE,TRUE,TRUE,TRUE,TRUE,""
"VS_SH_N","VS","SH",0,828,21160828,TRUE,TRUE,TRUE,TRUE,TRUE,TRUE,TRUE,TRUE,""
"VS_SH_N","VS","SH",0,829,21160829,TRUE,TRUE,TRUE,TRUE,TRUE,TRUE,TRUE,TRUE,""
"VS_SH_N","VS","SH",0,830,21160830,TRUE,TRUE,TRUE,TRUE,TRUE,TRUE,TRUE,TRUE,""
"VS_SH_N","VS","SH",0,831,21160831,TRUE,TRUE,TRUE,TRUE,TRUE,TRUE,TRUE,TRUE,""
"VS_SH_N","VS","SH",0,832,21160832,TRUE,TRUE,TRUE,TRUE,TRUE,TRUE,TRUE,TRUE,""
"VS_SH_N","VS","SH",0,833,21160833,TRUE,TRUE,TRUE,TRUE,TRUE,TRUE,TRUE,TRUE,""
"VS_SH_N","VS","SH",0,834,21160834,TRUE,TRUE,TRUE,TRUE,TRUE,TRUE,TRUE,TRUE,""
"VS_SH_N","VS","SH",0,835,21160835,TRUE,TRUE,TRUE,TRUE,TRUE,TRUE,TRUE,TRUE,""
"VS_SH_N","VS","SH",0,836,21160836,TRUE,TRUE,TRUE,TRUE,TRUE,TRUE,TRUE,TRUE,""
"VS_SH_N","VS","SH",0,837,21160837,TRUE,TRUE,TRUE,TRUE,TRUE,TRUE,TRUE,TRUE,""
"VS_SH_N","VS","SH",0,838,21160838,TRUE,TRUE,TRUE,TRUE,TRUE,TRUE,TRUE,TRUE,""
"VS_SH_N","VS","SH",0,839,21160839,TRUE,TRUE,TRUE,TRUE,TRUE,TRUE,TRUE,TRUE,""
"VS_SH_N","VS","SH",0,840,21160840,TRUE,TRUE,TRUE,TRUE,TRUE,TRUE,TRUE,TRUE,""
"VS_SH_N","VS","SH",0,841,21160841,TRUE,TRUE,TRUE,TRUE,TRUE,TRUE,TRUE,TRUE,""
"VS_SH_N","VS","SH",0,842,21160842,TRUE,TRUE,TRUE,TRUE,TRUE,TRUE,TRUE,TRUE,""
"VS_SH_N","VS","SH",0,843,21160843,TRUE,TRUE,TRUE,TRUE,TRUE,TRUE,TRUE,TRUE,""
"VS_SH_N","VS","SH",0,844,21160844,TRUE,TRUE,TRUE,TRUE,TRUE,TRUE,TRUE,TRUE,""
"VS_SH_N","VS","SH",0,845,21160845,TRUE,TRUE,TRUE,TRUE,TRUE,TRUE,TRUE,TRUE,""
"VS_SH_N","VS","SH",0,846,21160846,TRUE,TRUE,TRUE,TRUE,TRUE,TRUE,TRUE,TRUE,""
"VS_SH_N","VS","SH",0,847,21160847,TRUE,TRUE,TRUE,TRUE,TRUE,TRUE,TRUE,TRUE,""
"VS_SH_N","VS","SH",0,848,21160848,TRUE,TRUE,TRUE,TRUE,TRUE,TRUE,TRUE,TRUE,""
"VS_SH_N","VS","SH",0,849,21160849,TRUE,TRUE,TRUE,TRUE,TRUE,TRUE,TRUE,TRUE,""
"VS_SH_N","VS","SH",0,850,21160850,TRUE,TRUE,TRUE,TRUE,TRUE,TRUE,TRUE,TRUE,""
"VS_SH_N","VS","SH",0,851,21160851,TRUE,TRUE,TRUE,TRUE,TRUE,TRUE,TRUE,TRUE,""
"VS_SH_N","VS","SH",0,852,21160852,TRUE,TRUE,TRUE,TRUE,TRUE,TRUE,TRUE,TRUE,""
"VS_SH_N","VS","SH",0,853,21160853,TRUE,TRUE,TRUE,TRUE,TRUE,TRUE,TRUE,TRUE,""
"VS_SH_N","VS","SH",0,854,21160854,TRUE,TRUE,TRUE,TRUE,TRUE,TRUE,TRUE,TRUE,""
"VS_SH_N","VS","SH",0,855,21160855,TRUE,TRUE,TRUE,TRUE,TRUE,TRUE,TRUE,TRUE,""
"VS_SH_N","VS","SH",0,856,21160856,TRUE,TRUE,TRUE,TRUE,TRUE,TRUE,TRUE,TRUE,""
"VS_SH_N","VS","SH",0,857,21160857,TRUE,TRUE,TRUE,TRUE,TRUE,TRUE,TRUE,TRUE,""
"VS_SH_N","VS","SH",0,858,21160858,TRUE,TRUE,TRUE,TRUE,TRUE,TRUE,TRUE,TRUE,""
"VS_SH_N","VS","SH",0,859,21160859,TRUE,TRUE,TRUE,TRUE,TRUE,TRUE,TRUE,TRUE,""
"VS_SH_N","VS","SH",0,860,21160860,TRUE,TRUE,TRUE,TRUE,TRUE,TRUE,TRUE,TRUE,""
"VS_SH_N","VS","SH",0,861,21160861,TRUE,TRUE,TRUE,TRUE,TRUE,TRUE,TRUE,TRUE,""
"VS_SH_N","VS","SH",0,862,21160862,TRUE,TRUE,TRUE,TRUE,TRUE,TRUE,TRUE,TRUE,""
"VS_SH_N","VS","SH",0,863,21160863,TRUE,TRUE,TRUE,TRUE,TRUE,TRUE,TRUE,TRUE,""
"VS_SH_N","VS","SH",0,864,21160864,TRUE,TRUE,TRUE,TRUE,TRUE,TRUE,TRUE,TRUE,""
"VS_SH_N","VS","SH",0,865,21160865,TRUE,TRUE,TRUE,TRUE,TRUE,TRUE,TRUE,TRUE,""
"VS_SH_N","VS","SH",0,866,21160866,TRUE,TRUE,TRUE,TRUE,TRUE,TRUE,TRUE,TRUE,""
"VS_SH_N","VS","SH",0,867,21160867,TRUE,TRUE,TRUE,TRUE,TRUE,TRUE,TRUE,TRUE,""
"VS_SH_N","VS","SH",0,868,21160868,TRUE,TRUE,TRUE,TRUE,TRUE,TRUE,TRUE,TRUE,""
"VS_SH_N","VS","SH",0,869,21160869,TRUE,TRUE,TRUE,TRUE,TRUE,TRUE,TRUE,TRUE,""
"VS_SH_N","VS","SH",0,870,21160870,TRUE,TRUE,TRUE,TRUE,TRUE,TRUE,TRUE,TRUE,""
"VS_SH_N","VS","SH",0,871,21160871,TRUE,TRUE,TRUE,TRUE,TRUE,TRUE,TRUE,TRUE,""
"VS_SH_N","VS","SH",0,872,21160872,TRUE,TRUE,TRUE,TRUE,TRUE,TRUE,TRUE,TRUE,""
"VS_SH_N","VS","SH",0,873,21160873,TRUE,TRUE,TRUE,TRUE,TRUE,TRUE,TRUE,TRUE,""
"VS_SH_N","VS","SH",0,874,21160874,TRUE,TRUE,TRUE,TRUE,TRUE,TRUE,TRUE,TRUE,""
"VS_SH_N","VS","SH",0,875,21160875,TRUE,TRUE,TRUE,TRUE,TRUE,TRUE,TRUE,TRUE,""
"VS_SH_N","VS","SH",0,876,21160876,TRUE,TRUE,TRUE,TRUE,TRUE,TRUE,TRUE,TRUE,""
"VS_SH_N","VS","SH",0,877,21160877,TRUE,TRUE,TRUE,TRUE,TRUE,TRUE,TRUE,TRUE,""
"VS_SH_N","VS","SH",0,878,21160878,TRUE,TRUE,TRUE,TRUE,TRUE,TRUE,TRUE,TRUE,""
"VS_SH_N","VS","SH",0,879,21160879,TRUE,TRUE,TRUE,TRUE,TRUE,TRUE,TRUE,TRUE,""
"VS_SH_N","VS","SH",0,880,21160880,TRUE,TRUE,TRUE,TRUE,TRUE,TRUE,TRUE,TRUE,""
"VS_SH_N","VS","SH",0,881,21160881,TRUE,TRUE,TRUE,TRUE,TRUE,TRUE,TRUE,TRUE,""
"VS_SH_N","VS","SH",0,882,21160882,TRUE,TRUE,TRUE,TRUE,TRUE,TRUE,TRUE,TRUE,""
"VS_SH_N","VS","SH",0,883,21160883,TRUE,TRUE,TRUE,TRUE,TRUE,TRUE,TRUE,TRUE,""
"VS_SH_N","VS","SH",0,884,21160884,TRUE,TRUE,TRUE,TRUE,TRUE,TRUE,TRUE,TRUE,""
"VS_SH_N","VS","SH",0,885,21160885,TRUE,TRUE,TRUE,TRUE,TRUE,TRUE,TRUE,TRUE,""
"VS_SH_N","VS","SH",0,886,21160886,TRUE,TRUE,TRUE,TRUE,TRUE,TRUE,TRUE,TRUE,""
"VS_SH_N","VS","SH",0,887,21160887,TRUE,TRUE,TRUE,TRUE,TRUE,TRUE,TRUE,TRUE,""
"VS_SH_N","VS","SH",0,888,21160888,TRUE,TRUE,TRUE,TRUE,TRUE,TRUE,TRUE,TRUE,""
"VS_SH_N","VS","SH",0,889,21160889,TRUE,TRUE,TRUE,TRUE,TRUE,TRUE,TRUE,TRUE,""
"VS_SH_N","VS","SH",0,890,21160890,TRUE,TRUE,TRUE,TRUE,TRUE,TRUE,TRUE,TRUE,""
"VS_SH_N","VS","SH",0,891,21160891,TRUE,TRUE,TRUE,TRUE,TRUE,TRUE,TRUE,TRUE,""
"VS_SH_N","VS","SH",0,892,21160892,TRUE,TRUE,TRUE,TRUE,TRUE,TRUE,TRUE,TRUE,""
"VS_SH_N","VS","SH",0,893,21160893,TRUE,TRUE,TRUE,TRUE,TRUE,TRUE,TRUE,TRUE,""
"VS_SH_N","VS","SH",0,894,21160894,TRUE,TRUE,TRUE,TRUE,TRUE,TRUE,TRUE,TRUE,""
"VS_SH_N","VS","SH",0,895,21160895,TRUE,TRUE,TRUE,TRUE,TRUE,TRUE,TRUE,TRUE,""
"VS_SH_N","VS","SH",0,896,21160896,TRUE,TRUE,TRUE,TRUE,TRUE,TRUE,TRUE,TRUE,""
"VS_SH_N","VS","SH",0,897,21160897,TRUE,TRUE,TRUE,TRUE,TRUE,TRUE,TRUE,TRUE,""
"VS_SH_N","VS","SH",0,898,21160898,TRUE,TRUE,TRUE,TRUE,TRUE,TRUE,TRUE,TRUE,""
"VS_SH_N","VS","SH",0,899,21160899,TRUE,TRUE,TRUE,TRUE,TRUE,TRUE,TRUE,TRUE,""
"VS_SH_N","VS","SH",0,900,21160900,TRUE,TRUE,TRUE,TRUE,TRUE,TRUE,TRUE,TRUE,""
"VS_SH_N","VS","SH",0,901,21160901,TRUE,TRUE,TRUE,TRUE,TRUE,TRUE,TRUE,TRUE,""
"VS_SH_N","VS","SH",0,902,21160902,TRUE,TRUE,TRUE,TRUE,TRUE,TRUE,TRUE,TRUE,""
"VS_SH_N","VS","SH",0,903,21160903,TRUE,TRUE,TRUE,TRUE,TRUE,TRUE,TRUE,TRUE,""
"VS_SH_N","VS","SH",0,904,21160904,TRUE,TRUE,TRUE,TRUE,TRUE,TRUE,TRUE,TRUE,""
"VS_SH_N","VS","SH",0,905,21160905,TRUE,TRUE,TRUE,TRUE,TRUE,TRUE,TRUE,TRUE,""
"VS_SH_N","VS","SH",0,906,21160906,TRUE,TRUE,TRUE,TRUE,TRUE,TRUE,TRUE,TRUE,""
"VS_SH_N","VS","SH",0,907,21160907,TRUE,TRUE,TRUE,TRUE,TRUE,TRUE,TRUE,TRUE,""
"VS_SH_N","VS","SH",0,908,21160908,TRUE,TRUE,TRUE,TRUE,TRUE,TRUE,TRUE,TRUE,""
"VS_SH_N","VS","SH",0,909,21160909,TRUE,TRUE,TRUE,TRUE,TRUE,TRUE,TRUE,TRUE,""
"VS_SH_N","VS","SH",0,910,21160910,TRUE,TRUE,TRUE,TRUE,TRUE,TRUE,TRUE,TRUE,""
"VS_SH_N","VS","SH",0,911,21160911,TRUE,TRUE,TRUE,TRUE,TRUE,TRUE,TRUE,TRUE,""
"VS_SH_N","VS","SH",0,912,21160912,TRUE,TRUE,TRUE,TRUE,TRUE,TRUE,TRUE,TRUE,""
"VS_SH_N","VS","SH",0,913,21160913,TRUE,TRUE,TRUE,TRUE,TRUE,TRUE,TRUE,TRUE,""
"VS_SH_N","VS","SH",0,914,21160914,TRUE,TRUE,TRUE,TRUE,TRUE,TRUE,TRUE,TRUE,""
"VS_SH_N","VS","SH",0,915,21160915,TRUE,TRUE,TRUE,TRUE,TRUE,TRUE,TRUE,TRUE,""
"VS_SH_N","VS","SH",0,916,21160916,TRUE,TRUE,TRUE,TRUE,TRUE,TRUE,TRUE,TRUE,""
"VS_SH_N","VS","SH",0,917,21160917,TRUE,TRUE,TRUE,TRUE,TRUE,TRUE,TRUE,TRUE,""
"VS_SH_N","VS","SH",0,918,21160918,TRUE,TRUE,TRUE,TRUE,TRUE,TRUE,TRUE,TRUE,""
"VS_SH_N","VS","SH",0,919,21160919,TRUE,TRUE,TRUE,TRUE,TRUE,TRUE,TRUE,TRUE,""
"VS_SH_N","VS","SH",0,920,21160920,TRUE,TRUE,TRUE,TRUE,TRUE,TRUE,TRUE,TRUE,""
"VS_SH_N","VS","SH",0,921,21160921,TRUE,TRUE,TRUE,TRUE,TRUE,TRUE,TRUE,TRUE,""
"VS_SH_N","VS","SH",0,922,21160922,TRUE,TRUE,TRUE,TRUE,TRUE,TRUE,TRUE,TRUE,""
"VS_SH_N","VS","SH",0,923,21160923,TRUE,TRUE,TRUE,TRUE,TRUE,TRUE,TRUE,TRUE,""
"VS_SH_N","VS","SH",0,924,21160924,TRUE,TRUE,TRUE,TRUE,TRUE,TRUE,TRUE,TRUE,""
"VS_SH_N","VS","SH",0,925,21160925,TRUE,TRUE,TRUE,TRUE,TRUE,TRUE,TRUE,TRUE,""
"VS_SH_N","VS","SH",0,926,21160926,TRUE,TRUE,TRUE,TRUE,TRUE,TRUE,TRUE,TRUE,""
"VS_SH_N","VS","SH",0,927,21160927,TRUE,TRUE,TRUE,TRUE,TRUE,TRUE,TRUE,TRUE,""
"VS_SH_N","VS","SH",0,928,21160928,TRUE,TRUE,TRUE,TRUE,TRUE,TRUE,TRUE,TRUE,""
"VS_SH_N","VS","SH",0,929,21160929,TRUE,TRUE,TRUE,TRUE,TRUE,TRUE,TRUE,TRUE,""
"VS_SH_N","VS","SH",0,930,21160930,TRUE,TRUE,TRUE,TRUE,TRUE,TRUE,TRUE,TRUE,""
"VS_SH_N","VS","SH",0,931,21160931,TRUE,TRUE,TRUE,TRUE,TRUE,TRUE,TRUE,TRUE,""
"VS_SH_N","VS","SH",0,932,21160932,TRUE,TRUE,TRUE,TRUE,TRUE,TRUE,TRUE,TRUE,""
"VS_SH_N","VS","SH",0,933,21160933,TRUE,TRUE,TRUE,TRUE,TRUE,TRUE,TRUE,TRUE,""
"VS_SH_N","VS","SH",0,934,21160934,TRUE,TRUE,TRUE,TRUE,TRUE,TRUE,TRUE,TRUE,""
"VS_SH_N","VS","SH",0,935,21160935,TRUE,TRUE,TRUE,TRUE,TRUE,TRUE,TRUE,TRUE,""
"VS_SH_N","VS","SH",0,936,21160936,TRUE,TRUE,TRUE,TRUE,TRUE,TRUE,TRUE,TRUE,""
"VS_SH_N","VS","SH",0,937,21160937,TRUE,TRUE,TRUE,TRUE,TRUE,TRUE,TRUE,TRUE,""
"VS_SH_N","VS","SH",0,938,21160938,TRUE,TRUE,TRUE,TRUE,TRUE,TRUE,TRUE,TRUE,""
"VS_SH_N","VS","SH",0,939,21160939,TRUE,TRUE,TRUE,TRUE,TRUE,TRUE,TRUE,TRUE,""
"VS_SH_N","VS","SH",0,940,21160940,TRUE,TRUE,TRUE,TRUE,TRUE,TRUE,TRUE,TRUE,""
"VS_SH_N","VS","SH",0,941,21160941,TRUE,TRUE,TRUE,TRUE,TRUE,TRUE,TRUE,TRUE,""
"VS_SH_N","VS","SH",0,942,21160942,TRUE,TRUE,TRUE,TRUE,TRUE,TRUE,TRUE,TRUE,""
"VS_SH_N","VS","SH",0,943,21160943,TRUE,TRUE,TRUE,TRUE,TRUE,TRUE,TRUE,TRUE,""
"VS_SH_N","VS","SH",0,944,21160944,TRUE,TRUE,TRUE,TRUE,TRUE,TRUE,TRUE,TRUE,""
"VS_SH_N","VS","SH",0,945,21160945,TRUE,TRUE,TRUE,TRUE,TRUE,TRUE,TRUE,TRUE,""
"VS_SH_N","VS","SH",0,946,21160946,TRUE,TRUE,TRUE,TRUE,TRUE,TRUE,TRUE,TRUE,""
"VS_SH_N","VS","SH",0,947,21160947,TRUE,TRUE,TRUE,TRUE,TRUE,TRUE,TRUE,TRUE,""
"VS_SH_N","VS","SH",0,948,21160948,TRUE,TRUE,TRUE,TRUE,TRUE,TRUE,TRUE,TRUE,""
"VS_SH_N","VS","SH",0,949,21160949,TRUE,TRUE,TRUE,TRUE,TRUE,TRUE,TRUE,TRUE,""
"VS_SH_N","VS","SH",0,950,21160950,TRUE,TRUE,TRUE,TRUE,TRUE,TRUE,TRUE,TRUE,""
"VS_SH_N","VS","SH",0,951,21160951,TRUE,TRUE,TRUE,TRUE,TRUE,TRUE,TRUE,TRUE,""
"VS_SH_N","VS","SH",0,952,21160952,TRUE,TRUE,TRUE,TRUE,TRUE,TRUE,TRUE,TRUE,""
"VS_SH_N","VS","SH",0,953,21160953,TRUE,TRUE,TRUE,TRUE,TRUE,TRUE,TRUE,TRUE,""
"VS_SH_N","VS","SH",0,954,21160954,TRUE,TRUE,TRUE,TRUE,TRUE,TRUE,TRUE,TRUE,""
"VS_SH_N","VS","SH",0,955,21160955,TRUE,TRUE,TRUE,TRUE,TRUE,TRUE,TRUE,TRUE,""
"VS_SH_N","VS","SH",0,956,21160956,TRUE,TRUE,TRUE,TRUE,TRUE,TRUE,TRUE,TRUE,""
"VS_SH_N","VS","SH",0,957,21160957,TRUE,TRUE,TRUE,TRUE,TRUE,TRUE,TRUE,TRUE,""
"VS_SH_N","VS","SH",0,958,21160958,TRUE,TRUE,TRUE,TRUE,TRUE,TRUE,TRUE,TRUE,""
"VS_SH_N","VS","SH",0,959,21160959,TRUE,TRUE,TRUE,TRUE,TRUE,TRUE,TRUE,TRUE,""
"VS_SH_N","VS","SH",0,960,21160960,TRUE,TRUE,TRUE,TRUE,TRUE,TRUE,TRUE,TRUE,""
"VS_SH_N","VS","SH",0,961,21160961,TRUE,TRUE,TRUE,TRUE,TRUE,TRUE,TRUE,TRUE,""
"VS_SH_N","VS","SH",0,962,21160962,TRUE,TRUE,TRUE,TRUE,TRUE,TRUE,TRUE,TRUE,""
"VS_SH_N","VS","SH",0,963,21160963,TRUE,TRUE,TRUE,TRUE,TRUE,TRUE,TRUE,TRUE,""
"VS_SH_N","VS","SH",0,964,21160964,TRUE,TRUE,TRUE,TRUE,TRUE,TRUE,TRUE,TRUE,""
"VS_SH_N","VS","SH",0,965,21160965,TRUE,TRUE,TRUE,TRUE,TRUE,TRUE,TRUE,TRUE,""
"VS_SH_N","VS","SH",0,966,21160966,TRUE,TRUE,TRUE,TRUE,TRUE,TRUE,TRUE,TRUE,""
"VS_SH_N","VS","SH",0,967,21160967,TRUE,TRUE,TRUE,TRUE,TRUE,TRUE,TRUE,TRUE,""
"VS_SH_N","VS","SH",0,968,21160968,TRUE,TRUE,TRUE,TRUE,TRUE,TRUE,TRUE,TRUE,""
"VS_SH_N","VS","SH",0,969,21160969,TRUE,TRUE,TRUE,TRUE,TRUE,TRUE,TRUE,TRUE,""
"VS_SH_N","VS","SH",0,970,21160970,TRUE,TRUE,TRUE,TRUE,TRUE,TRUE,TRUE,TRUE,""
"VS_SH_N","VS","SH",0,971,21160971,TRUE,TRUE,TRUE,TRUE,TRUE,TRUE,TRUE,TRUE,""
"VS_SH_N","VS","SH",0,972,21160972,TRUE,TRUE,TRUE,TRUE,TRUE,TRUE,TRUE,TRUE,""
"VS_SH_N","VS","SH",0,973,21160973,TRUE,TRUE,TRUE,TRUE,TRUE,TRUE,TRUE,TRUE,""
"VS_SH_N","VS","SH",0,974,21160974,TRUE,TRUE,TRUE,TRUE,TRUE,TRUE,TRUE,TRUE,""
"VS_SH_N","VS","SH",0,975,21160975,TRUE,TRUE,TRUE,TRUE,TRUE,TRUE,TRUE,TRUE,""
"VS_SH_N","VS","SH",0,976,21160976,TRUE,TRUE,TRUE,TRUE,TRUE,TRUE,TRUE,TRUE,""
"VS_SH_N","VS","SH",0,977,21160977,TRUE,TRUE,TRUE,TRUE,TRUE,TRUE,TRUE,TRUE,""
"VS_SH_N","VS","SH",0,978,21160978,TRUE,TRUE,TRUE,TRUE,TRUE,TRUE,TRUE,TRUE,""
"VS_SH_N","VS","SH",0,979,21160979,TRUE,TRUE,TRUE,TRUE,TRUE,TRUE,TRUE,TRUE,""
"VS_SH_N","VS","SH",0,980,21160980,TRUE,TRUE,TRUE,TRUE,TRUE,TRUE,TRUE,TRUE,""
"VS_SH_N","VS","SH",0,981,21160981,TRUE,TRUE,TRUE,TRUE,TRUE,TRUE,TRUE,TRUE,""
"VS_SH_N","VS","SH",0,982,21160982,TRUE,TRUE,TRUE,TRUE,TRUE,TRUE,TRUE,TRUE,""
"VS_SH_N","VS","SH",0,983,21160983,TRUE,TRUE,TRUE,TRUE,TRUE,TRUE,TRUE,TRUE,""
"VS_SH_N","VS","SH",0,984,21160984,TRUE,TRUE,TRUE,TRUE,TRUE,TRUE,TRUE,TRUE,""
"VS_SH_N","VS","SH",0,985,21160985,TRUE,TRUE,TRUE,TRUE,TRUE,TRUE,TRUE,TRUE,""
"VS_SH_N","VS","SH",0,986,21160986,TRUE,TRUE,TRUE,TRUE,TRUE,TRUE,TRUE,TRUE,""
"VS_SH_N","VS","SH",0,987,21160987,TRUE,TRUE,TRUE,TRUE,TRUE,TRUE,TRUE,TRUE,""
"VS_SH_N","VS","SH",0,988,21160988,TRUE,TRUE,TRUE,TRUE,TRUE,TRUE,TRUE,TRUE,""
"VS_SH_N","VS","SH",0,989,21160989,TRUE,TRUE,TRUE,TRUE,TRUE,TRUE,TRUE,TRUE,""
"VS_SH_N","VS","SH",0,990,21160990,TRUE,TRUE,TRUE,TRUE,TRUE,TRUE,TRUE,TRUE,""
"VS_SH_N","VS","SH",0,991,21160991,TRUE,TRUE,TRUE,TRUE,TRUE,TRUE,TRUE,TRUE,""
"VS_SH_N","VS","SH",0,992,21160992,TRUE,TRUE,TRUE,TRUE,TRUE,TRUE,TRUE,TRUE,""
"VS_SH_N","VS","SH",0,993,21160993,TRUE,TRUE,TRUE,TRUE,TRUE,TRUE,TRUE,TRUE,""
"VS_SH_N","VS","SH",0,994,21160994,TRUE,TRUE,TRUE,TRUE,TRUE,TRUE,TRUE,TRUE,""
"VS_SH_N","VS","SH",0,995,21160995,TRUE,TRUE,TRUE,TRUE,TRUE,TRUE,TRUE,TRUE,""
"VS_SH_N","VS","SH",0,996,21160996,TRUE,TRUE,TRUE,TRUE,TRUE,TRUE,TRUE,TRUE,""
"VS_SH_N","VS","SH",0,997,21160997,TRUE,TRUE,TRUE,TRUE,TRUE,TRUE,TRUE,TRUE,""
"VS_SH_N","VS","SH",0,998,21160998,TRUE,TRUE,TRUE,TRUE,TRUE,TRUE,TRUE,TRUE,""
"VS_SH_N","VS","SH",0,999,21160999,TRUE,TRUE,TRUE,TRUE,TRUE,TRUE,TRUE,TRUE,""
"VS_SH_N","VS","SH",0,1000,21161000,TRUE,TRUE,TRUE,TRUE,TRUE,TRUE,TRUE,TRUE,""
"VS_SH_A","VS","SH",0.2,1,21260001,TRUE,TRUE,TRUE,TRUE,TRUE,TRUE,TRUE,TRUE,""
"VS_SH_A","VS","SH",0.2,2,21260002,TRUE,TRUE,TRUE,TRUE,TRUE,TRUE,TRUE,TRUE,""
"VS_SH_A","VS","SH",0.2,3,21260003,TRUE,TRUE,TRUE,TRUE,TRUE,TRUE,TRUE,TRUE,""
"VS_SH_A","VS","SH",0.2,4,21260004,TRUE,TRUE,TRUE,TRUE,TRUE,TRUE,TRUE,TRUE,""
"VS_SH_A","VS","SH",0.2,5,21260005,TRUE,TRUE,TRUE,TRUE,TRUE,TRUE,TRUE,TRUE,""
"VS_SH_A","VS","SH",0.2,6,21260006,TRUE,TRUE,TRUE,TRUE,TRUE,TRUE,TRUE,TRUE,""
"VS_SH_A","VS","SH",0.2,7,21260007,TRUE,TRUE,TRUE,TRUE,TRUE,TRUE,TRUE,TRUE,""
"VS_SH_A","VS","SH",0.2,8,21260008,TRUE,TRUE,TRUE,TRUE,TRUE,TRUE,TRUE,TRUE,""
"VS_SH_A","VS","SH",0.2,9,21260009,TRUE,TRUE,TRUE,TRUE,TRUE,TRUE,TRUE,TRUE,""
"VS_SH_A","VS","SH",0.2,10,21260010,TRUE,TRUE,TRUE,TRUE,TRUE,TRUE,TRUE,TRUE,""
"VS_SH_A","VS","SH",0.2,11,21260011,TRUE,TRUE,TRUE,TRUE,TRUE,TRUE,TRUE,TRUE,""
"VS_SH_A","VS","SH",0.2,12,21260012,TRUE,TRUE,TRUE,TRUE,TRUE,TRUE,TRUE,TRUE,""
"VS_SH_A","VS","SH",0.2,13,21260013,TRUE,TRUE,TRUE,TRUE,TRUE,TRUE,TRUE,TRUE,""
"VS_SH_A","VS","SH",0.2,14,21260014,TRUE,TRUE,TRUE,TRUE,TRUE,TRUE,TRUE,TRUE,""
"VS_SH_A","VS","SH",0.2,15,21260015,TRUE,TRUE,TRUE,TRUE,TRUE,TRUE,TRUE,TRUE,""
"VS_SH_A","VS","SH",0.2,16,21260016,TRUE,TRUE,TRUE,TRUE,TRUE,TRUE,TRUE,TRUE,""
"VS_SH_A","VS","SH",0.2,17,21260017,TRUE,TRUE,TRUE,TRUE,TRUE,TRUE,TRUE,TRUE,""
"VS_SH_A","VS","SH",0.2,18,21260018,TRUE,TRUE,TRUE,TRUE,TRUE,TRUE,TRUE,TRUE,""
"VS_SH_A","VS","SH",0.2,19,21260019,TRUE,TRUE,TRUE,TRUE,TRUE,TRUE,TRUE,TRUE,""
"VS_SH_A","VS","SH",0.2,20,21260020,TRUE,TRUE,TRUE,TRUE,TRUE,TRUE,TRUE,TRUE,""
"VS_SH_A","VS","SH",0.2,21,21260021,TRUE,TRUE,TRUE,TRUE,TRUE,TRUE,TRUE,TRUE,""
"VS_SH_A","VS","SH",0.2,22,21260022,TRUE,TRUE,TRUE,TRUE,TRUE,TRUE,TRUE,TRUE,""
"VS_SH_A","VS","SH",0.2,23,21260023,TRUE,TRUE,TRUE,TRUE,TRUE,TRUE,TRUE,TRUE,""
"VS_SH_A","VS","SH",0.2,24,21260024,TRUE,TRUE,TRUE,TRUE,TRUE,TRUE,TRUE,TRUE,""
"VS_SH_A","VS","SH",0.2,25,21260025,TRUE,TRUE,TRUE,TRUE,TRUE,TRUE,TRUE,TRUE,""
"VS_SH_A","VS","SH",0.2,26,21260026,TRUE,TRUE,TRUE,TRUE,TRUE,TRUE,TRUE,TRUE,""
"VS_SH_A","VS","SH",0.2,27,21260027,TRUE,TRUE,TRUE,TRUE,TRUE,TRUE,TRUE,TRUE,""
"VS_SH_A","VS","SH",0.2,28,21260028,TRUE,TRUE,TRUE,TRUE,TRUE,TRUE,TRUE,TRUE,""
"VS_SH_A","VS","SH",0.2,29,21260029,TRUE,TRUE,TRUE,TRUE,TRUE,TRUE,TRUE,TRUE,""
"VS_SH_A","VS","SH",0.2,30,21260030,TRUE,TRUE,TRUE,TRUE,TRUE,TRUE,TRUE,TRUE,""
"VS_SH_A","VS","SH",0.2,31,21260031,TRUE,TRUE,TRUE,TRUE,TRUE,TRUE,TRUE,TRUE,""
"VS_SH_A","VS","SH",0.2,32,21260032,TRUE,TRUE,TRUE,TRUE,TRUE,TRUE,TRUE,TRUE,""
"VS_SH_A","VS","SH",0.2,33,21260033,TRUE,TRUE,TRUE,TRUE,TRUE,TRUE,TRUE,TRUE,""
"VS_SH_A","VS","SH",0.2,34,21260034,TRUE,TRUE,TRUE,TRUE,TRUE,TRUE,TRUE,TRUE,""
"VS_SH_A","VS","SH",0.2,35,21260035,TRUE,TRUE,TRUE,TRUE,TRUE,TRUE,TRUE,TRUE,""
"VS_SH_A","VS","SH",0.2,36,21260036,TRUE,TRUE,TRUE,TRUE,TRUE,TRUE,TRUE,TRUE,""
"VS_SH_A","VS","SH",0.2,37,21260037,TRUE,TRUE,TRUE,TRUE,TRUE,TRUE,TRUE,TRUE,""
"VS_SH_A","VS","SH",0.2,38,21260038,TRUE,TRUE,TRUE,TRUE,TRUE,TRUE,TRUE,TRUE,""
"VS_SH_A","VS","SH",0.2,39,21260039,TRUE,TRUE,TRUE,TRUE,TRUE,TRUE,TRUE,TRUE,""
"VS_SH_A","VS","SH",0.2,40,21260040,TRUE,TRUE,TRUE,TRUE,TRUE,TRUE,TRUE,TRUE,""
"VS_SH_A","VS","SH",0.2,41,21260041,TRUE,TRUE,TRUE,TRUE,TRUE,TRUE,TRUE,TRUE,""
"VS_SH_A","VS","SH",0.2,42,21260042,TRUE,TRUE,TRUE,TRUE,TRUE,TRUE,TRUE,TRUE,""
"VS_SH_A","VS","SH",0.2,43,21260043,TRUE,TRUE,TRUE,TRUE,TRUE,TRUE,TRUE,TRUE,""
"VS_SH_A","VS","SH",0.2,44,21260044,TRUE,TRUE,TRUE,TRUE,TRUE,TRUE,TRUE,TRUE,""
"VS_SH_A","VS","SH",0.2,45,21260045,TRUE,TRUE,TRUE,TRUE,TRUE,TRUE,TRUE,TRUE,""
"VS_SH_A","VS","SH",0.2,46,21260046,TRUE,TRUE,TRUE,TRUE,TRUE,TRUE,TRUE,TRUE,""
"VS_SH_A","VS","SH",0.2,47,21260047,TRUE,TRUE,TRUE,TRUE,TRUE,TRUE,TRUE,TRUE,""
"VS_SH_A","VS","SH",0.2,48,21260048,TRUE,TRUE,TRUE,TRUE,TRUE,TRUE,TRUE,TRUE,""
"VS_SH_A","VS","SH",0.2,49,21260049,TRUE,TRUE,TRUE,TRUE,TRUE,TRUE,TRUE,TRUE,""
"VS_SH_A","VS","SH",0.2,50,21260050,TRUE,TRUE,TRUE,TRUE,TRUE,TRUE,TRUE,TRUE,""
"VS_SH_A","VS","SH",0.2,51,21260051,TRUE,TRUE,TRUE,TRUE,TRUE,TRUE,TRUE,TRUE,""
"VS_SH_A","VS","SH",0.2,52,21260052,TRUE,TRUE,TRUE,TRUE,TRUE,TRUE,TRUE,TRUE,""
"VS_SH_A","VS","SH",0.2,53,21260053,TRUE,TRUE,TRUE,TRUE,TRUE,TRUE,TRUE,TRUE,""
"VS_SH_A","VS","SH",0.2,54,21260054,TRUE,TRUE,TRUE,TRUE,TRUE,TRUE,TRUE,TRUE,""
"VS_SH_A","VS","SH",0.2,55,21260055,TRUE,TRUE,TRUE,TRUE,TRUE,TRUE,TRUE,TRUE,""
"VS_SH_A","VS","SH",0.2,56,21260056,TRUE,TRUE,TRUE,TRUE,TRUE,TRUE,TRUE,TRUE,""
"VS_SH_A","VS","SH",0.2,57,21260057,TRUE,TRUE,TRUE,TRUE,TRUE,TRUE,TRUE,TRUE,""
"VS_SH_A","VS","SH",0.2,58,21260058,TRUE,TRUE,TRUE,TRUE,TRUE,TRUE,TRUE,TRUE,""
"VS_SH_A","VS","SH",0.2,59,21260059,TRUE,TRUE,TRUE,TRUE,TRUE,TRUE,TRUE,TRUE,""
"VS_SH_A","VS","SH",0.2,60,21260060,TRUE,TRUE,TRUE,TRUE,TRUE,TRUE,TRUE,TRUE,""
"VS_SH_A","VS","SH",0.2,61,21260061,TRUE,TRUE,TRUE,TRUE,TRUE,TRUE,TRUE,TRUE,""
"VS_SH_A","VS","SH",0.2,62,21260062,TRUE,TRUE,TRUE,TRUE,TRUE,TRUE,TRUE,TRUE,""
"VS_SH_A","VS","SH",0.2,63,21260063,TRUE,TRUE,TRUE,TRUE,TRUE,TRUE,TRUE,TRUE,""
"VS_SH_A","VS","SH",0.2,64,21260064,TRUE,TRUE,TRUE,TRUE,TRUE,TRUE,TRUE,TRUE,""
"VS_SH_A","VS","SH",0.2,65,21260065,TRUE,TRUE,TRUE,TRUE,TRUE,TRUE,TRUE,TRUE,""
"VS_SH_A","VS","SH",0.2,66,21260066,TRUE,TRUE,TRUE,TRUE,TRUE,TRUE,TRUE,TRUE,""
"VS_SH_A","VS","SH",0.2,67,21260067,TRUE,TRUE,TRUE,TRUE,TRUE,TRUE,TRUE,TRUE,""
"VS_SH_A","VS","SH",0.2,68,21260068,TRUE,TRUE,TRUE,TRUE,TRUE,TRUE,TRUE,TRUE,""
"VS_SH_A","VS","SH",0.2,69,21260069,TRUE,TRUE,TRUE,TRUE,TRUE,TRUE,TRUE,TRUE,""
"VS_SH_A","VS","SH",0.2,70,21260070,TRUE,TRUE,TRUE,TRUE,TRUE,TRUE,TRUE,TRUE,""
"VS_SH_A","VS","SH",0.2,71,21260071,TRUE,TRUE,TRUE,TRUE,TRUE,TRUE,TRUE,TRUE,""
"VS_SH_A","VS","SH",0.2,72,21260072,TRUE,TRUE,TRUE,TRUE,TRUE,TRUE,TRUE,TRUE,""
"VS_SH_A","VS","SH",0.2,73,21260073,TRUE,TRUE,TRUE,TRUE,TRUE,TRUE,TRUE,TRUE,""
"VS_SH_A","VS","SH",0.2,74,21260074,TRUE,TRUE,TRUE,TRUE,TRUE,TRUE,TRUE,TRUE,""
"VS_SH_A","VS","SH",0.2,75,21260075,TRUE,TRUE,TRUE,TRUE,TRUE,TRUE,TRUE,TRUE,""
"VS_SH_A","VS","SH",0.2,76,21260076,TRUE,TRUE,TRUE,TRUE,TRUE,TRUE,TRUE,TRUE,""
"VS_SH_A","VS","SH",0.2,77,21260077,TRUE,TRUE,TRUE,TRUE,TRUE,TRUE,TRUE,TRUE,""
"VS_SH_A","VS","SH",0.2,78,21260078,TRUE,TRUE,TRUE,TRUE,TRUE,TRUE,TRUE,TRUE,""
"VS_SH_A","VS","SH",0.2,79,21260079,TRUE,TRUE,TRUE,TRUE,TRUE,TRUE,TRUE,TRUE,""
"VS_SH_A","VS","SH",0.2,80,21260080,TRUE,TRUE,TRUE,TRUE,TRUE,TRUE,TRUE,TRUE,""
"VS_SH_A","VS","SH",0.2,81,21260081,TRUE,TRUE,TRUE,TRUE,TRUE,TRUE,TRUE,TRUE,""
"VS_SH_A","VS","SH",0.2,82,21260082,TRUE,TRUE,TRUE,TRUE,TRUE,TRUE,TRUE,TRUE,""
"VS_SH_A","VS","SH",0.2,83,21260083,TRUE,TRUE,TRUE,TRUE,TRUE,TRUE,TRUE,TRUE,""
"VS_SH_A","VS","SH",0.2,84,21260084,TRUE,TRUE,TRUE,TRUE,TRUE,TRUE,TRUE,TRUE,""
"VS_SH_A","VS","SH",0.2,85,21260085,TRUE,TRUE,TRUE,TRUE,TRUE,TRUE,TRUE,TRUE,""
"VS_SH_A","VS","SH",0.2,86,21260086,TRUE,TRUE,TRUE,TRUE,TRUE,TRUE,TRUE,TRUE,""
"VS_SH_A","VS","SH",0.2,87,21260087,TRUE,TRUE,TRUE,TRUE,TRUE,TRUE,TRUE,TRUE,""
"VS_SH_A","VS","SH",0.2,88,21260088,TRUE,TRUE,TRUE,TRUE,TRUE,TRUE,TRUE,TRUE,""
"VS_SH_A","VS","SH",0.2,89,21260089,TRUE,TRUE,TRUE,TRUE,TRUE,TRUE,TRUE,TRUE,""
"VS_SH_A","VS","SH",0.2,90,21260090,TRUE,TRUE,TRUE,TRUE,TRUE,TRUE,TRUE,TRUE,""
"VS_SH_A","VS","SH",0.2,91,21260091,TRUE,TRUE,TRUE,TRUE,TRUE,TRUE,TRUE,TRUE,""
"VS_SH_A","VS","SH",0.2,92,21260092,TRUE,TRUE,TRUE,TRUE,TRUE,TRUE,TRUE,TRUE,""
"VS_SH_A","VS","SH",0.2,93,21260093,TRUE,TRUE,TRUE,TRUE,TRUE,TRUE,TRUE,TRUE,""
"VS_SH_A","VS","SH",0.2,94,21260094,TRUE,TRUE,TRUE,TRUE,TRUE,TRUE,TRUE,TRUE,""
"VS_SH_A","VS","SH",0.2,95,21260095,TRUE,TRUE,TRUE,TRUE,TRUE,TRUE,TRUE,TRUE,""
"VS_SH_A","VS","SH",0.2,96,21260096,TRUE,TRUE,TRUE,TRUE,TRUE,TRUE,TRUE,TRUE,""
"VS_SH_A","VS","SH",0.2,97,21260097,TRUE,TRUE,TRUE,TRUE,TRUE,TRUE,TRUE,TRUE,""
"VS_SH_A","VS","SH",0.2,98,21260098,TRUE,TRUE,TRUE,TRUE,TRUE,TRUE,TRUE,TRUE,""
"VS_SH_A","VS","SH",0.2,99,21260099,TRUE,TRUE,TRUE,TRUE,TRUE,TRUE,TRUE,TRUE,""
"VS_SH_A","VS","SH",0.2,100,21260100,TRUE,TRUE,TRUE,TRUE,TRUE,TRUE,TRUE,TRUE,""
"VS_SH_A","VS","SH",0.2,101,21260101,TRUE,TRUE,TRUE,TRUE,TRUE,TRUE,TRUE,TRUE,""
"VS_SH_A","VS","SH",0.2,102,21260102,TRUE,TRUE,TRUE,TRUE,TRUE,TRUE,TRUE,TRUE,""
"VS_SH_A","VS","SH",0.2,103,21260103,TRUE,TRUE,TRUE,TRUE,TRUE,TRUE,TRUE,TRUE,""
"VS_SH_A","VS","SH",0.2,104,21260104,TRUE,TRUE,TRUE,TRUE,TRUE,TRUE,TRUE,TRUE,""
"VS_SH_A","VS","SH",0.2,105,21260105,TRUE,TRUE,TRUE,TRUE,TRUE,TRUE,TRUE,TRUE,""
"VS_SH_A","VS","SH",0.2,106,21260106,TRUE,TRUE,TRUE,TRUE,TRUE,TRUE,TRUE,TRUE,""
"VS_SH_A","VS","SH",0.2,107,21260107,TRUE,TRUE,TRUE,TRUE,TRUE,TRUE,TRUE,TRUE,""
"VS_SH_A","VS","SH",0.2,108,21260108,TRUE,TRUE,TRUE,TRUE,TRUE,TRUE,TRUE,TRUE,""
"VS_SH_A","VS","SH",0.2,109,21260109,TRUE,TRUE,TRUE,TRUE,TRUE,TRUE,TRUE,TRUE,""
"VS_SH_A","VS","SH",0.2,110,21260110,TRUE,TRUE,TRUE,TRUE,TRUE,TRUE,TRUE,TRUE,""
"VS_SH_A","VS","SH",0.2,111,21260111,TRUE,TRUE,TRUE,TRUE,TRUE,TRUE,TRUE,TRUE,""
"VS_SH_A","VS","SH",0.2,112,21260112,TRUE,TRUE,TRUE,TRUE,TRUE,TRUE,TRUE,TRUE,""
"VS_SH_A","VS","SH",0.2,113,21260113,TRUE,TRUE,TRUE,TRUE,TRUE,TRUE,TRUE,TRUE,""
"VS_SH_A","VS","SH",0.2,114,21260114,TRUE,TRUE,TRUE,TRUE,TRUE,TRUE,TRUE,TRUE,""
"VS_SH_A","VS","SH",0.2,115,21260115,TRUE,TRUE,TRUE,TRUE,TRUE,TRUE,TRUE,TRUE,""
"VS_SH_A","VS","SH",0.2,116,21260116,TRUE,TRUE,TRUE,TRUE,TRUE,TRUE,TRUE,TRUE,""
"VS_SH_A","VS","SH",0.2,117,21260117,TRUE,TRUE,TRUE,TRUE,TRUE,TRUE,TRUE,TRUE,""
"VS_SH_A","VS","SH",0.2,118,21260118,TRUE,TRUE,TRUE,TRUE,TRUE,TRUE,TRUE,TRUE,""
"VS_SH_A","VS","SH",0.2,119,21260119,TRUE,TRUE,TRUE,TRUE,TRUE,TRUE,TRUE,TRUE,""
"VS_SH_A","VS","SH",0.2,120,21260120,TRUE,TRUE,TRUE,TRUE,TRUE,TRUE,TRUE,TRUE,""
"VS_SH_A","VS","SH",0.2,121,21260121,TRUE,TRUE,TRUE,TRUE,TRUE,TRUE,TRUE,TRUE,""
"VS_SH_A","VS","SH",0.2,122,21260122,TRUE,TRUE,TRUE,TRUE,TRUE,TRUE,TRUE,TRUE,""
"VS_SH_A","VS","SH",0.2,123,21260123,TRUE,TRUE,TRUE,TRUE,TRUE,TRUE,TRUE,TRUE,""
"VS_SH_A","VS","SH",0.2,124,21260124,TRUE,TRUE,TRUE,TRUE,TRUE,TRUE,TRUE,TRUE,""
"VS_SH_A","VS","SH",0.2,125,21260125,TRUE,TRUE,TRUE,TRUE,TRUE,TRUE,TRUE,TRUE,""
"VS_SH_A","VS","SH",0.2,126,21260126,TRUE,TRUE,TRUE,TRUE,TRUE,TRUE,TRUE,TRUE,""
"VS_SH_A","VS","SH",0.2,127,21260127,TRUE,TRUE,TRUE,TRUE,TRUE,TRUE,TRUE,TRUE,""
"VS_SH_A","VS","SH",0.2,128,21260128,TRUE,TRUE,TRUE,TRUE,TRUE,TRUE,TRUE,TRUE,""
"VS_SH_A","VS","SH",0.2,129,21260129,TRUE,TRUE,TRUE,TRUE,TRUE,TRUE,TRUE,TRUE,""
"VS_SH_A","VS","SH",0.2,130,21260130,TRUE,TRUE,TRUE,TRUE,TRUE,TRUE,TRUE,TRUE,""
"VS_SH_A","VS","SH",0.2,131,21260131,TRUE,TRUE,TRUE,TRUE,TRUE,TRUE,TRUE,TRUE,""
"VS_SH_A","VS","SH",0.2,132,21260132,TRUE,TRUE,TRUE,TRUE,TRUE,TRUE,TRUE,TRUE,""
"VS_SH_A","VS","SH",0.2,133,21260133,TRUE,TRUE,TRUE,TRUE,TRUE,TRUE,TRUE,TRUE,""
"VS_SH_A","VS","SH",0.2,134,21260134,TRUE,TRUE,TRUE,TRUE,TRUE,TRUE,TRUE,TRUE,""
"VS_SH_A","VS","SH",0.2,135,21260135,TRUE,TRUE,TRUE,TRUE,TRUE,TRUE,TRUE,TRUE,""
"VS_SH_A","VS","SH",0.2,136,21260136,TRUE,TRUE,TRUE,TRUE,TRUE,TRUE,TRUE,TRUE,""
"VS_SH_A","VS","SH",0.2,137,21260137,TRUE,TRUE,TRUE,TRUE,TRUE,TRUE,TRUE,TRUE,""
"VS_SH_A","VS","SH",0.2,138,21260138,TRUE,TRUE,TRUE,TRUE,TRUE,TRUE,TRUE,TRUE,""
"VS_SH_A","VS","SH",0.2,139,21260139,TRUE,TRUE,TRUE,TRUE,TRUE,TRUE,TRUE,TRUE,""
"VS_SH_A","VS","SH",0.2,140,21260140,TRUE,TRUE,TRUE,TRUE,TRUE,TRUE,TRUE,TRUE,""
"VS_SH_A","VS","SH",0.2,141,21260141,TRUE,TRUE,TRUE,TRUE,TRUE,TRUE,TRUE,TRUE,""
"VS_SH_A","VS","SH",0.2,142,21260142,TRUE,TRUE,TRUE,TRUE,TRUE,TRUE,TRUE,TRUE,""
"VS_SH_A","VS","SH",0.2,143,21260143,TRUE,TRUE,TRUE,TRUE,TRUE,TRUE,TRUE,TRUE,""
"VS_SH_A","VS","SH",0.2,144,21260144,TRUE,TRUE,TRUE,TRUE,TRUE,TRUE,TRUE,TRUE,""
"VS_SH_A","VS","SH",0.2,145,21260145,TRUE,TRUE,TRUE,TRUE,TRUE,TRUE,TRUE,TRUE,""
"VS_SH_A","VS","SH",0.2,146,21260146,TRUE,TRUE,TRUE,TRUE,TRUE,TRUE,TRUE,TRUE,""
"VS_SH_A","VS","SH",0.2,147,21260147,TRUE,TRUE,TRUE,TRUE,TRUE,TRUE,TRUE,TRUE,""
"VS_SH_A","VS","SH",0.2,148,21260148,TRUE,TRUE,TRUE,TRUE,TRUE,TRUE,TRUE,TRUE,""
"VS_SH_A","VS","SH",0.2,149,21260149,TRUE,TRUE,TRUE,TRUE,TRUE,TRUE,TRUE,TRUE,""
"VS_SH_A","VS","SH",0.2,150,21260150,TRUE,TRUE,TRUE,TRUE,TRUE,TRUE,TRUE,TRUE,""
"VS_SH_A","VS","SH",0.2,151,21260151,TRUE,TRUE,TRUE,TRUE,TRUE,TRUE,TRUE,TRUE,""
"VS_SH_A","VS","SH",0.2,152,21260152,TRUE,TRUE,TRUE,TRUE,TRUE,TRUE,TRUE,TRUE,""
"VS_SH_A","VS","SH",0.2,153,21260153,TRUE,TRUE,TRUE,TRUE,TRUE,TRUE,TRUE,TRUE,""
"VS_SH_A","VS","SH",0.2,154,21260154,TRUE,TRUE,TRUE,TRUE,TRUE,TRUE,TRUE,TRUE,""
"VS_SH_A","VS","SH",0.2,155,21260155,TRUE,TRUE,TRUE,TRUE,TRUE,TRUE,TRUE,TRUE,""
"VS_SH_A","VS","SH",0.2,156,21260156,TRUE,TRUE,TRUE,TRUE,TRUE,TRUE,TRUE,TRUE,""
"VS_SH_A","VS","SH",0.2,157,21260157,TRUE,TRUE,TRUE,TRUE,TRUE,TRUE,TRUE,TRUE,""
"VS_SH_A","VS","SH",0.2,158,21260158,TRUE,TRUE,TRUE,TRUE,TRUE,TRUE,TRUE,TRUE,""
"VS_SH_A","VS","SH",0.2,159,21260159,TRUE,TRUE,TRUE,TRUE,TRUE,TRUE,TRUE,TRUE,""
"VS_SH_A","VS","SH",0.2,160,21260160,TRUE,TRUE,TRUE,TRUE,TRUE,TRUE,TRUE,TRUE,""
"VS_SH_A","VS","SH",0.2,161,21260161,TRUE,TRUE,TRUE,TRUE,TRUE,TRUE,TRUE,TRUE,""
"VS_SH_A","VS","SH",0.2,162,21260162,TRUE,TRUE,TRUE,TRUE,TRUE,TRUE,TRUE,TRUE,""
"VS_SH_A","VS","SH",0.2,163,21260163,TRUE,TRUE,TRUE,TRUE,TRUE,TRUE,TRUE,TRUE,""
"VS_SH_A","VS","SH",0.2,164,21260164,TRUE,TRUE,TRUE,TRUE,TRUE,TRUE,TRUE,TRUE,""
"VS_SH_A","VS","SH",0.2,165,21260165,TRUE,TRUE,TRUE,TRUE,TRUE,TRUE,TRUE,TRUE,""
"VS_SH_A","VS","SH",0.2,166,21260166,TRUE,TRUE,TRUE,TRUE,TRUE,TRUE,TRUE,TRUE,""
"VS_SH_A","VS","SH",0.2,167,21260167,TRUE,TRUE,TRUE,TRUE,TRUE,TRUE,TRUE,TRUE,""
"VS_SH_A","VS","SH",0.2,168,21260168,TRUE,TRUE,TRUE,TRUE,TRUE,TRUE,TRUE,TRUE,""
"VS_SH_A","VS","SH",0.2,169,21260169,TRUE,TRUE,TRUE,TRUE,TRUE,TRUE,TRUE,TRUE,""
"VS_SH_A","VS","SH",0.2,170,21260170,TRUE,TRUE,TRUE,TRUE,TRUE,TRUE,TRUE,TRUE,""
"VS_SH_A","VS","SH",0.2,171,21260171,TRUE,TRUE,TRUE,TRUE,TRUE,TRUE,TRUE,TRUE,""
"VS_SH_A","VS","SH",0.2,172,21260172,TRUE,TRUE,TRUE,TRUE,TRUE,TRUE,TRUE,TRUE,""
"VS_SH_A","VS","SH",0.2,173,21260173,TRUE,TRUE,TRUE,TRUE,TRUE,TRUE,TRUE,TRUE,""
"VS_SH_A","VS","SH",0.2,174,21260174,TRUE,TRUE,TRUE,TRUE,TRUE,TRUE,TRUE,TRUE,""
"VS_SH_A","VS","SH",0.2,175,21260175,TRUE,TRUE,TRUE,TRUE,TRUE,TRUE,TRUE,TRUE,""
"VS_SH_A","VS","SH",0.2,176,21260176,TRUE,TRUE,TRUE,TRUE,TRUE,TRUE,TRUE,TRUE,""
"VS_SH_A","VS","SH",0.2,177,21260177,TRUE,TRUE,TRUE,TRUE,TRUE,TRUE,TRUE,TRUE,""
"VS_SH_A","VS","SH",0.2,178,21260178,TRUE,TRUE,TRUE,TRUE,TRUE,TRUE,TRUE,TRUE,""
"VS_SH_A","VS","SH",0.2,179,21260179,TRUE,TRUE,TRUE,TRUE,TRUE,TRUE,TRUE,TRUE,""
"VS_SH_A","VS","SH",0.2,180,21260180,TRUE,TRUE,TRUE,TRUE,TRUE,TRUE,TRUE,TRUE,""
"VS_SH_A","VS","SH",0.2,181,21260181,TRUE,TRUE,TRUE,TRUE,TRUE,TRUE,TRUE,TRUE,""
"VS_SH_A","VS","SH",0.2,182,21260182,TRUE,TRUE,TRUE,TRUE,TRUE,TRUE,TRUE,TRUE,""
"VS_SH_A","VS","SH",0.2,183,21260183,TRUE,TRUE,TRUE,TRUE,TRUE,TRUE,TRUE,TRUE,""
"VS_SH_A","VS","SH",0.2,184,21260184,TRUE,TRUE,TRUE,TRUE,TRUE,TRUE,TRUE,TRUE,""
"VS_SH_A","VS","SH",0.2,185,21260185,TRUE,TRUE,TRUE,TRUE,TRUE,TRUE,TRUE,TRUE,""
"VS_SH_A","VS","SH",0.2,186,21260186,TRUE,TRUE,TRUE,TRUE,TRUE,TRUE,TRUE,TRUE,""
"VS_SH_A","VS","SH",0.2,187,21260187,TRUE,TRUE,TRUE,TRUE,TRUE,TRUE,TRUE,TRUE,""
"VS_SH_A","VS","SH",0.2,188,21260188,TRUE,TRUE,TRUE,TRUE,TRUE,TRUE,TRUE,TRUE,""
"VS_SH_A","VS","SH",0.2,189,21260189,TRUE,TRUE,TRUE,TRUE,TRUE,TRUE,TRUE,TRUE,""
"VS_SH_A","VS","SH",0.2,190,21260190,TRUE,TRUE,TRUE,TRUE,TRUE,TRUE,TRUE,TRUE,""
"VS_SH_A","VS","SH",0.2,191,21260191,TRUE,TRUE,TRUE,TRUE,TRUE,TRUE,TRUE,TRUE,""
"VS_SH_A","VS","SH",0.2,192,21260192,TRUE,TRUE,TRUE,TRUE,TRUE,TRUE,TRUE,TRUE,""
"VS_SH_A","VS","SH",0.2,193,21260193,TRUE,TRUE,TRUE,TRUE,TRUE,TRUE,TRUE,TRUE,""
"VS_SH_A","VS","SH",0.2,194,21260194,TRUE,TRUE,TRUE,TRUE,TRUE,TRUE,TRUE,TRUE,""
"VS_SH_A","VS","SH",0.2,195,21260195,TRUE,TRUE,TRUE,TRUE,TRUE,TRUE,TRUE,TRUE,""
"VS_SH_A","VS","SH",0.2,196,21260196,TRUE,TRUE,TRUE,TRUE,TRUE,TRUE,TRUE,TRUE,""
"VS_SH_A","VS","SH",0.2,197,21260197,TRUE,TRUE,TRUE,TRUE,TRUE,TRUE,TRUE,TRUE,""
"VS_SH_A","VS","SH",0.2,198,21260198,TRUE,TRUE,TRUE,TRUE,TRUE,TRUE,TRUE,TRUE,""
"VS_SH_A","VS","SH",0.2,199,21260199,TRUE,TRUE,TRUE,TRUE,TRUE,TRUE,TRUE,TRUE,""
"VS_SH_A","VS","SH",0.2,200,21260200,TRUE,TRUE,TRUE,TRUE,TRUE,TRUE,TRUE,TRUE,""
"VS_SH_A","VS","SH",0.2,201,21260201,TRUE,TRUE,TRUE,TRUE,TRUE,TRUE,TRUE,TRUE,""
"VS_SH_A","VS","SH",0.2,202,21260202,TRUE,TRUE,TRUE,TRUE,TRUE,TRUE,TRUE,TRUE,""
"VS_SH_A","VS","SH",0.2,203,21260203,TRUE,TRUE,TRUE,TRUE,TRUE,TRUE,TRUE,TRUE,""
"VS_SH_A","VS","SH",0.2,204,21260204,TRUE,TRUE,TRUE,TRUE,TRUE,TRUE,TRUE,TRUE,""
"VS_SH_A","VS","SH",0.2,205,21260205,TRUE,TRUE,TRUE,TRUE,TRUE,TRUE,TRUE,TRUE,""
"VS_SH_A","VS","SH",0.2,206,21260206,TRUE,TRUE,TRUE,TRUE,TRUE,TRUE,TRUE,TRUE,""
"VS_SH_A","VS","SH",0.2,207,21260207,TRUE,TRUE,TRUE,TRUE,TRUE,TRUE,TRUE,TRUE,""
"VS_SH_A","VS","SH",0.2,208,21260208,TRUE,TRUE,TRUE,TRUE,TRUE,TRUE,TRUE,TRUE,""
"VS_SH_A","VS","SH",0.2,209,21260209,TRUE,TRUE,TRUE,TRUE,TRUE,TRUE,TRUE,TRUE,""
"VS_SH_A","VS","SH",0.2,210,21260210,TRUE,TRUE,TRUE,TRUE,TRUE,TRUE,TRUE,TRUE,""
"VS_SH_A","VS","SH",0.2,211,21260211,TRUE,TRUE,TRUE,TRUE,TRUE,TRUE,TRUE,TRUE,""
"VS_SH_A","VS","SH",0.2,212,21260212,TRUE,TRUE,TRUE,TRUE,TRUE,TRUE,TRUE,TRUE,""
"VS_SH_A","VS","SH",0.2,213,21260213,TRUE,TRUE,TRUE,TRUE,TRUE,TRUE,TRUE,TRUE,""
"VS_SH_A","VS","SH",0.2,214,21260214,TRUE,TRUE,TRUE,TRUE,TRUE,TRUE,TRUE,TRUE,""
"VS_SH_A","VS","SH",0.2,215,21260215,TRUE,TRUE,TRUE,TRUE,TRUE,TRUE,TRUE,TRUE,""
"VS_SH_A","VS","SH",0.2,216,21260216,TRUE,TRUE,TRUE,TRUE,TRUE,TRUE,TRUE,TRUE,""
"VS_SH_A","VS","SH",0.2,217,21260217,TRUE,TRUE,TRUE,TRUE,TRUE,TRUE,TRUE,TRUE,""
"VS_SH_A","VS","SH",0.2,218,21260218,TRUE,TRUE,TRUE,TRUE,TRUE,TRUE,TRUE,TRUE,""
"VS_SH_A","VS","SH",0.2,219,21260219,TRUE,TRUE,TRUE,TRUE,TRUE,TRUE,TRUE,TRUE,""
"VS_SH_A","VS","SH",0.2,220,21260220,TRUE,TRUE,TRUE,TRUE,TRUE,TRUE,TRUE,TRUE,""
"VS_SH_A","VS","SH",0.2,221,21260221,TRUE,TRUE,TRUE,TRUE,TRUE,TRUE,TRUE,TRUE,""
"VS_SH_A","VS","SH",0.2,222,21260222,TRUE,TRUE,TRUE,TRUE,TRUE,TRUE,TRUE,TRUE,""
"VS_SH_A","VS","SH",0.2,223,21260223,TRUE,TRUE,TRUE,TRUE,TRUE,TRUE,TRUE,TRUE,""
"VS_SH_A","VS","SH",0.2,224,21260224,TRUE,TRUE,TRUE,TRUE,TRUE,TRUE,TRUE,TRUE,""
"VS_SH_A","VS","SH",0.2,225,21260225,TRUE,TRUE,TRUE,TRUE,TRUE,TRUE,TRUE,TRUE,""
"VS_SH_A","VS","SH",0.2,226,21260226,TRUE,TRUE,TRUE,TRUE,TRUE,TRUE,TRUE,TRUE,""
"VS_SH_A","VS","SH",0.2,227,21260227,TRUE,TRUE,TRUE,TRUE,TRUE,TRUE,TRUE,TRUE,""
"VS_SH_A","VS","SH",0.2,228,21260228,TRUE,TRUE,TRUE,TRUE,TRUE,TRUE,TRUE,TRUE,""
"VS_SH_A","VS","SH",0.2,229,21260229,TRUE,TRUE,TRUE,TRUE,TRUE,TRUE,TRUE,TRUE,""
"VS_SH_A","VS","SH",0.2,230,21260230,TRUE,TRUE,TRUE,TRUE,TRUE,TRUE,TRUE,TRUE,""
"VS_SH_A","VS","SH",0.2,231,21260231,TRUE,TRUE,TRUE,TRUE,TRUE,TRUE,TRUE,TRUE,""
"VS_SH_A","VS","SH",0.2,232,21260232,TRUE,TRUE,TRUE,TRUE,TRUE,TRUE,TRUE,TRUE,""
"VS_SH_A","VS","SH",0.2,233,21260233,TRUE,TRUE,TRUE,TRUE,TRUE,TRUE,TRUE,TRUE,""
"VS_SH_A","VS","SH",0.2,234,21260234,TRUE,TRUE,TRUE,TRUE,TRUE,TRUE,TRUE,TRUE,""
"VS_SH_A","VS","SH",0.2,235,21260235,TRUE,TRUE,TRUE,TRUE,TRUE,TRUE,TRUE,TRUE,""
"VS_SH_A","VS","SH",0.2,236,21260236,TRUE,TRUE,TRUE,TRUE,TRUE,TRUE,TRUE,TRUE,""
"VS_SH_A","VS","SH",0.2,237,21260237,TRUE,TRUE,TRUE,TRUE,TRUE,TRUE,TRUE,TRUE,""
"VS_SH_A","VS","SH",0.2,238,21260238,TRUE,TRUE,TRUE,TRUE,TRUE,TRUE,TRUE,TRUE,""
"VS_SH_A","VS","SH",0.2,239,21260239,TRUE,TRUE,TRUE,TRUE,TRUE,TRUE,TRUE,TRUE,""
"VS_SH_A","VS","SH",0.2,240,21260240,TRUE,TRUE,TRUE,TRUE,TRUE,TRUE,TRUE,TRUE,""
"VS_SH_A","VS","SH",0.2,241,21260241,TRUE,TRUE,TRUE,TRUE,TRUE,TRUE,TRUE,TRUE,""
"VS_SH_A","VS","SH",0.2,242,21260242,TRUE,TRUE,TRUE,TRUE,TRUE,TRUE,TRUE,TRUE,""
"VS_SH_A","VS","SH",0.2,243,21260243,TRUE,TRUE,TRUE,TRUE,TRUE,TRUE,TRUE,TRUE,""
"VS_SH_A","VS","SH",0.2,244,21260244,TRUE,TRUE,TRUE,TRUE,TRUE,TRUE,TRUE,TRUE,""
"VS_SH_A","VS","SH",0.2,245,21260245,TRUE,TRUE,TRUE,TRUE,TRUE,TRUE,TRUE,TRUE,""
"VS_SH_A","VS","SH",0.2,246,21260246,TRUE,TRUE,TRUE,TRUE,TRUE,TRUE,TRUE,TRUE,""
"VS_SH_A","VS","SH",0.2,247,21260247,TRUE,TRUE,TRUE,TRUE,TRUE,TRUE,TRUE,TRUE,""
"VS_SH_A","VS","SH",0.2,248,21260248,TRUE,TRUE,TRUE,TRUE,TRUE,TRUE,TRUE,TRUE,""
"VS_SH_A","VS","SH",0.2,249,21260249,TRUE,TRUE,TRUE,TRUE,TRUE,TRUE,TRUE,TRUE,""
"VS_SH_A","VS","SH",0.2,250,21260250,TRUE,TRUE,TRUE,TRUE,TRUE,TRUE,TRUE,TRUE,""
"VS_SH_A","VS","SH",0.2,251,21260251,TRUE,TRUE,TRUE,TRUE,TRUE,TRUE,TRUE,TRUE,""
"VS_SH_A","VS","SH",0.2,252,21260252,TRUE,TRUE,TRUE,TRUE,TRUE,TRUE,TRUE,TRUE,""
"VS_SH_A","VS","SH",0.2,253,21260253,TRUE,TRUE,TRUE,TRUE,TRUE,TRUE,TRUE,TRUE,""
"VS_SH_A","VS","SH",0.2,254,21260254,TRUE,TRUE,TRUE,TRUE,TRUE,TRUE,TRUE,TRUE,""
"VS_SH_A","VS","SH",0.2,255,21260255,TRUE,TRUE,TRUE,TRUE,TRUE,TRUE,TRUE,TRUE,""
"VS_SH_A","VS","SH",0.2,256,21260256,TRUE,TRUE,TRUE,TRUE,TRUE,TRUE,TRUE,TRUE,""
"VS_SH_A","VS","SH",0.2,257,21260257,TRUE,TRUE,TRUE,TRUE,TRUE,TRUE,TRUE,TRUE,""
"VS_SH_A","VS","SH",0.2,258,21260258,TRUE,TRUE,TRUE,TRUE,TRUE,TRUE,TRUE,TRUE,""
"VS_SH_A","VS","SH",0.2,259,21260259,TRUE,TRUE,TRUE,TRUE,TRUE,TRUE,TRUE,TRUE,""
"VS_SH_A","VS","SH",0.2,260,21260260,TRUE,TRUE,TRUE,TRUE,TRUE,TRUE,TRUE,TRUE,""
"VS_SH_A","VS","SH",0.2,261,21260261,TRUE,TRUE,TRUE,TRUE,TRUE,TRUE,TRUE,TRUE,""
"VS_SH_A","VS","SH",0.2,262,21260262,TRUE,TRUE,TRUE,TRUE,TRUE,TRUE,TRUE,TRUE,""
"VS_SH_A","VS","SH",0.2,263,21260263,TRUE,TRUE,TRUE,TRUE,TRUE,TRUE,TRUE,TRUE,""
"VS_SH_A","VS","SH",0.2,264,21260264,TRUE,TRUE,TRUE,TRUE,TRUE,TRUE,TRUE,TRUE,""
"VS_SH_A","VS","SH",0.2,265,21260265,TRUE,TRUE,TRUE,TRUE,TRUE,TRUE,TRUE,TRUE,""
"VS_SH_A","VS","SH",0.2,266,21260266,TRUE,TRUE,TRUE,TRUE,TRUE,TRUE,TRUE,TRUE,""
"VS_SH_A","VS","SH",0.2,267,21260267,TRUE,TRUE,TRUE,TRUE,TRUE,TRUE,TRUE,TRUE,""
"VS_SH_A","VS","SH",0.2,268,21260268,TRUE,TRUE,TRUE,TRUE,TRUE,TRUE,TRUE,TRUE,""
"VS_SH_A","VS","SH",0.2,269,21260269,TRUE,TRUE,TRUE,TRUE,TRUE,TRUE,TRUE,TRUE,""
"VS_SH_A","VS","SH",0.2,270,21260270,TRUE,TRUE,TRUE,TRUE,TRUE,TRUE,TRUE,TRUE,""
"VS_SH_A","VS","SH",0.2,271,21260271,TRUE,TRUE,TRUE,TRUE,TRUE,TRUE,TRUE,TRUE,""
"VS_SH_A","VS","SH",0.2,272,21260272,TRUE,TRUE,TRUE,TRUE,TRUE,TRUE,TRUE,TRUE,""
"VS_SH_A","VS","SH",0.2,273,21260273,TRUE,TRUE,TRUE,TRUE,TRUE,TRUE,TRUE,TRUE,""
"VS_SH_A","VS","SH",0.2,274,21260274,TRUE,TRUE,TRUE,TRUE,TRUE,TRUE,TRUE,TRUE,""
"VS_SH_A","VS","SH",0.2,275,21260275,TRUE,TRUE,TRUE,TRUE,TRUE,TRUE,TRUE,TRUE,""
"VS_SH_A","VS","SH",0.2,276,21260276,TRUE,TRUE,TRUE,TRUE,TRUE,TRUE,TRUE,TRUE,""
"VS_SH_A","VS","SH",0.2,277,21260277,TRUE,TRUE,TRUE,TRUE,TRUE,TRUE,TRUE,TRUE,""
"VS_SH_A","VS","SH",0.2,278,21260278,TRUE,TRUE,TRUE,TRUE,TRUE,TRUE,TRUE,TRUE,""
"VS_SH_A","VS","SH",0.2,279,21260279,TRUE,TRUE,TRUE,TRUE,TRUE,TRUE,TRUE,TRUE,""
"VS_SH_A","VS","SH",0.2,280,21260280,TRUE,TRUE,TRUE,TRUE,TRUE,TRUE,TRUE,TRUE,""
"VS_SH_A","VS","SH",0.2,281,21260281,TRUE,TRUE,TRUE,TRUE,TRUE,TRUE,TRUE,TRUE,""
"VS_SH_A","VS","SH",0.2,282,21260282,TRUE,TRUE,TRUE,TRUE,TRUE,TRUE,TRUE,TRUE,""
"VS_SH_A","VS","SH",0.2,283,21260283,TRUE,TRUE,TRUE,TRUE,TRUE,TRUE,TRUE,TRUE,""
"VS_SH_A","VS","SH",0.2,284,21260284,TRUE,TRUE,TRUE,TRUE,TRUE,TRUE,TRUE,TRUE,""
"VS_SH_A","VS","SH",0.2,285,21260285,TRUE,TRUE,TRUE,TRUE,TRUE,TRUE,TRUE,TRUE,""
"VS_SH_A","VS","SH",0.2,286,21260286,TRUE,TRUE,TRUE,TRUE,TRUE,TRUE,TRUE,TRUE,""
"VS_SH_A","VS","SH",0.2,287,21260287,TRUE,TRUE,TRUE,TRUE,TRUE,TRUE,TRUE,TRUE,""
"VS_SH_A","VS","SH",0.2,288,21260288,TRUE,TRUE,TRUE,TRUE,TRUE,TRUE,TRUE,TRUE,""
"VS_SH_A","VS","SH",0.2,289,21260289,TRUE,TRUE,TRUE,TRUE,TRUE,TRUE,TRUE,TRUE,""
"VS_SH_A","VS","SH",0.2,290,21260290,TRUE,TRUE,TRUE,TRUE,TRUE,TRUE,TRUE,TRUE,""
"VS_SH_A","VS","SH",0.2,291,21260291,TRUE,TRUE,TRUE,TRUE,TRUE,TRUE,TRUE,TRUE,""
"VS_SH_A","VS","SH",0.2,292,21260292,TRUE,TRUE,TRUE,TRUE,TRUE,TRUE,TRUE,TRUE,""
"VS_SH_A","VS","SH",0.2,293,21260293,TRUE,TRUE,TRUE,TRUE,TRUE,TRUE,TRUE,TRUE,""
"VS_SH_A","VS","SH",0.2,294,21260294,TRUE,TRUE,TRUE,TRUE,TRUE,TRUE,TRUE,TRUE,""
"VS_SH_A","VS","SH",0.2,295,21260295,TRUE,TRUE,TRUE,TRUE,TRUE,TRUE,TRUE,TRUE,""
"VS_SH_A","VS","SH",0.2,296,21260296,TRUE,TRUE,TRUE,TRUE,TRUE,TRUE,TRUE,TRUE,""
"VS_SH_A","VS","SH",0.2,297,21260297,TRUE,TRUE,TRUE,TRUE,TRUE,TRUE,TRUE,TRUE,""
"VS_SH_A","VS","SH",0.2,298,21260298,TRUE,TRUE,TRUE,TRUE,TRUE,TRUE,TRUE,TRUE,""
"VS_SH_A","VS","SH",0.2,299,21260299,TRUE,TRUE,TRUE,TRUE,TRUE,TRUE,TRUE,TRUE,""
"VS_SH_A","VS","SH",0.2,300,21260300,TRUE,TRUE,TRUE,TRUE,TRUE,TRUE,TRUE,TRUE,""
"VS_SH_A","VS","SH",0.2,301,21260301,TRUE,TRUE,TRUE,TRUE,TRUE,TRUE,TRUE,TRUE,""
"VS_SH_A","VS","SH",0.2,302,21260302,TRUE,TRUE,TRUE,TRUE,TRUE,TRUE,TRUE,TRUE,""
"VS_SH_A","VS","SH",0.2,303,21260303,TRUE,TRUE,TRUE,TRUE,TRUE,TRUE,TRUE,TRUE,""
"VS_SH_A","VS","SH",0.2,304,21260304,TRUE,TRUE,TRUE,TRUE,TRUE,TRUE,TRUE,TRUE,""
"VS_SH_A","VS","SH",0.2,305,21260305,TRUE,TRUE,TRUE,TRUE,TRUE,TRUE,TRUE,TRUE,""
"VS_SH_A","VS","SH",0.2,306,21260306,TRUE,TRUE,TRUE,TRUE,TRUE,TRUE,TRUE,TRUE,""
"VS_SH_A","VS","SH",0.2,307,21260307,TRUE,TRUE,TRUE,TRUE,TRUE,TRUE,TRUE,TRUE,""
"VS_SH_A","VS","SH",0.2,308,21260308,TRUE,TRUE,TRUE,TRUE,TRUE,TRUE,TRUE,TRUE,""
"VS_SH_A","VS","SH",0.2,309,21260309,TRUE,TRUE,TRUE,TRUE,TRUE,TRUE,TRUE,TRUE,""
"VS_SH_A","VS","SH",0.2,310,21260310,TRUE,TRUE,TRUE,TRUE,TRUE,TRUE,TRUE,TRUE,""
"VS_SH_A","VS","SH",0.2,311,21260311,TRUE,TRUE,TRUE,TRUE,TRUE,TRUE,TRUE,TRUE,""
"VS_SH_A","VS","SH",0.2,312,21260312,TRUE,TRUE,TRUE,TRUE,TRUE,TRUE,TRUE,TRUE,""
"VS_SH_A","VS","SH",0.2,313,21260313,TRUE,TRUE,TRUE,TRUE,TRUE,TRUE,TRUE,TRUE,""
"VS_SH_A","VS","SH",0.2,314,21260314,TRUE,TRUE,TRUE,TRUE,TRUE,TRUE,TRUE,TRUE,""
"VS_SH_A","VS","SH",0.2,315,21260315,TRUE,TRUE,TRUE,TRUE,TRUE,TRUE,TRUE,TRUE,""
"VS_SH_A","VS","SH",0.2,316,21260316,TRUE,TRUE,TRUE,TRUE,TRUE,TRUE,TRUE,TRUE,""
"VS_SH_A","VS","SH",0.2,317,21260317,TRUE,TRUE,TRUE,TRUE,TRUE,TRUE,TRUE,TRUE,""
"VS_SH_A","VS","SH",0.2,318,21260318,TRUE,TRUE,TRUE,TRUE,TRUE,TRUE,TRUE,TRUE,""
"VS_SH_A","VS","SH",0.2,319,21260319,TRUE,TRUE,TRUE,TRUE,TRUE,TRUE,TRUE,TRUE,""
"VS_SH_A","VS","SH",0.2,320,21260320,TRUE,TRUE,TRUE,TRUE,TRUE,TRUE,TRUE,TRUE,""
"VS_SH_A","VS","SH",0.2,321,21260321,TRUE,TRUE,TRUE,TRUE,TRUE,TRUE,TRUE,TRUE,""
"VS_SH_A","VS","SH",0.2,322,21260322,TRUE,TRUE,TRUE,TRUE,TRUE,TRUE,TRUE,TRUE,""
"VS_SH_A","VS","SH",0.2,323,21260323,TRUE,TRUE,TRUE,TRUE,TRUE,TRUE,TRUE,TRUE,""
"VS_SH_A","VS","SH",0.2,324,21260324,TRUE,TRUE,TRUE,TRUE,TRUE,TRUE,TRUE,TRUE,""
"VS_SH_A","VS","SH",0.2,325,21260325,TRUE,TRUE,TRUE,TRUE,TRUE,TRUE,TRUE,TRUE,""
"VS_SH_A","VS","SH",0.2,326,21260326,TRUE,TRUE,TRUE,TRUE,TRUE,TRUE,TRUE,TRUE,""
"VS_SH_A","VS","SH",0.2,327,21260327,TRUE,TRUE,TRUE,TRUE,TRUE,TRUE,TRUE,TRUE,""
"VS_SH_A","VS","SH",0.2,328,21260328,TRUE,TRUE,TRUE,TRUE,TRUE,TRUE,TRUE,TRUE,""
"VS_SH_A","VS","SH",0.2,329,21260329,TRUE,TRUE,TRUE,TRUE,TRUE,TRUE,TRUE,TRUE,""
"VS_SH_A","VS","SH",0.2,330,21260330,TRUE,TRUE,TRUE,TRUE,TRUE,TRUE,TRUE,TRUE,""
"VS_SH_A","VS","SH",0.2,331,21260331,TRUE,TRUE,TRUE,TRUE,TRUE,TRUE,TRUE,TRUE,""
"VS_SH_A","VS","SH",0.2,332,21260332,TRUE,TRUE,TRUE,TRUE,TRUE,TRUE,TRUE,TRUE,""
"VS_SH_A","VS","SH",0.2,333,21260333,TRUE,TRUE,TRUE,TRUE,TRUE,TRUE,TRUE,TRUE,""
"VS_SH_A","VS","SH",0.2,334,21260334,TRUE,TRUE,TRUE,TRUE,TRUE,TRUE,TRUE,TRUE,""
"VS_SH_A","VS","SH",0.2,335,21260335,TRUE,TRUE,TRUE,TRUE,TRUE,TRUE,TRUE,TRUE,""
"VS_SH_A","VS","SH",0.2,336,21260336,TRUE,TRUE,TRUE,TRUE,TRUE,TRUE,TRUE,TRUE,""
"VS_SH_A","VS","SH",0.2,337,21260337,TRUE,TRUE,TRUE,TRUE,TRUE,TRUE,TRUE,TRUE,""
"VS_SH_A","VS","SH",0.2,338,21260338,TRUE,TRUE,TRUE,TRUE,TRUE,TRUE,TRUE,TRUE,""
"VS_SH_A","VS","SH",0.2,339,21260339,TRUE,TRUE,TRUE,TRUE,TRUE,TRUE,TRUE,TRUE,""
"VS_SH_A","VS","SH",0.2,340,21260340,TRUE,TRUE,TRUE,TRUE,TRUE,TRUE,TRUE,TRUE,""
"VS_SH_A","VS","SH",0.2,341,21260341,TRUE,TRUE,TRUE,TRUE,TRUE,TRUE,TRUE,TRUE,""
"VS_SH_A","VS","SH",0.2,342,21260342,TRUE,TRUE,TRUE,TRUE,TRUE,TRUE,TRUE,TRUE,""
"VS_SH_A","VS","SH",0.2,343,21260343,TRUE,TRUE,TRUE,TRUE,TRUE,TRUE,TRUE,TRUE,""
"VS_SH_A","VS","SH",0.2,344,21260344,TRUE,TRUE,TRUE,TRUE,TRUE,TRUE,TRUE,TRUE,""
"VS_SH_A","VS","SH",0.2,345,21260345,TRUE,TRUE,TRUE,TRUE,TRUE,TRUE,TRUE,TRUE,""
"VS_SH_A","VS","SH",0.2,346,21260346,TRUE,TRUE,TRUE,TRUE,TRUE,TRUE,TRUE,TRUE,""
"VS_SH_A","VS","SH",0.2,347,21260347,TRUE,TRUE,TRUE,TRUE,TRUE,TRUE,TRUE,TRUE,""
"VS_SH_A","VS","SH",0.2,348,21260348,TRUE,TRUE,TRUE,TRUE,TRUE,TRUE,TRUE,TRUE,""
"VS_SH_A","VS","SH",0.2,349,21260349,TRUE,TRUE,TRUE,TRUE,TRUE,TRUE,TRUE,TRUE,""
"VS_SH_A","VS","SH",0.2,350,21260350,TRUE,TRUE,TRUE,TRUE,TRUE,TRUE,TRUE,TRUE,""
"VS_SH_A","VS","SH",0.2,351,21260351,TRUE,TRUE,TRUE,TRUE,TRUE,TRUE,TRUE,TRUE,""
"VS_SH_A","VS","SH",0.2,352,21260352,TRUE,TRUE,TRUE,TRUE,TRUE,TRUE,TRUE,TRUE,""
"VS_SH_A","VS","SH",0.2,353,21260353,TRUE,TRUE,TRUE,TRUE,TRUE,TRUE,TRUE,TRUE,""
"VS_SH_A","VS","SH",0.2,354,21260354,TRUE,TRUE,TRUE,TRUE,TRUE,TRUE,TRUE,TRUE,""
"VS_SH_A","VS","SH",0.2,355,21260355,TRUE,TRUE,TRUE,TRUE,TRUE,TRUE,TRUE,TRUE,""
"VS_SH_A","VS","SH",0.2,356,21260356,TRUE,TRUE,TRUE,TRUE,TRUE,TRUE,TRUE,TRUE,""
"VS_SH_A","VS","SH",0.2,357,21260357,TRUE,TRUE,TRUE,TRUE,TRUE,TRUE,TRUE,TRUE,""
"VS_SH_A","VS","SH",0.2,358,21260358,TRUE,TRUE,TRUE,TRUE,TRUE,TRUE,TRUE,TRUE,""
"VS_SH_A","VS","SH",0.2,359,21260359,TRUE,TRUE,TRUE,TRUE,TRUE,TRUE,TRUE,TRUE,""
"VS_SH_A","VS","SH",0.2,360,21260360,TRUE,TRUE,TRUE,TRUE,TRUE,TRUE,TRUE,TRUE,""
"VS_SH_A","VS","SH",0.2,361,21260361,TRUE,TRUE,TRUE,TRUE,TRUE,TRUE,TRUE,TRUE,""
"VS_SH_A","VS","SH",0.2,362,21260362,TRUE,TRUE,TRUE,TRUE,TRUE,TRUE,TRUE,TRUE,""
"VS_SH_A","VS","SH",0.2,363,21260363,TRUE,TRUE,TRUE,TRUE,TRUE,TRUE,TRUE,TRUE,""
"VS_SH_A","VS","SH",0.2,364,21260364,TRUE,TRUE,TRUE,TRUE,TRUE,TRUE,TRUE,TRUE,""
"VS_SH_A","VS","SH",0.2,365,21260365,TRUE,TRUE,TRUE,TRUE,TRUE,TRUE,TRUE,TRUE,""
"VS_SH_A","VS","SH",0.2,366,21260366,TRUE,TRUE,TRUE,TRUE,TRUE,TRUE,TRUE,TRUE,""
"VS_SH_A","VS","SH",0.2,367,21260367,TRUE,TRUE,TRUE,TRUE,TRUE,TRUE,TRUE,TRUE,""
"VS_SH_A","VS","SH",0.2,368,21260368,TRUE,TRUE,TRUE,TRUE,TRUE,TRUE,TRUE,TRUE,""
"VS_SH_A","VS","SH",0.2,369,21260369,TRUE,TRUE,TRUE,TRUE,TRUE,TRUE,TRUE,TRUE,""
"VS_SH_A","VS","SH",0.2,370,21260370,TRUE,TRUE,TRUE,TRUE,TRUE,TRUE,TRUE,TRUE,""
"VS_SH_A","VS","SH",0.2,371,21260371,TRUE,TRUE,TRUE,TRUE,TRUE,TRUE,TRUE,TRUE,""
"VS_SH_A","VS","SH",0.2,372,21260372,TRUE,TRUE,TRUE,TRUE,TRUE,TRUE,TRUE,TRUE,""
"VS_SH_A","VS","SH",0.2,373,21260373,TRUE,TRUE,TRUE,TRUE,TRUE,TRUE,TRUE,TRUE,""
"VS_SH_A","VS","SH",0.2,374,21260374,TRUE,TRUE,TRUE,TRUE,TRUE,TRUE,TRUE,TRUE,""
"VS_SH_A","VS","SH",0.2,375,21260375,TRUE,TRUE,TRUE,TRUE,TRUE,TRUE,TRUE,TRUE,""
"VS_SH_A","VS","SH",0.2,376,21260376,TRUE,TRUE,TRUE,TRUE,TRUE,TRUE,TRUE,TRUE,""
"VS_SH_A","VS","SH",0.2,377,21260377,TRUE,TRUE,TRUE,TRUE,TRUE,TRUE,TRUE,TRUE,""
"VS_SH_A","VS","SH",0.2,378,21260378,TRUE,TRUE,TRUE,TRUE,TRUE,TRUE,TRUE,TRUE,""
"VS_SH_A","VS","SH",0.2,379,21260379,TRUE,TRUE,TRUE,TRUE,TRUE,TRUE,TRUE,TRUE,""
"VS_SH_A","VS","SH",0.2,380,21260380,TRUE,TRUE,TRUE,TRUE,TRUE,TRUE,TRUE,TRUE,""
"VS_SH_A","VS","SH",0.2,381,21260381,TRUE,TRUE,TRUE,TRUE,TRUE,TRUE,TRUE,TRUE,""
"VS_SH_A","VS","SH",0.2,382,21260382,TRUE,TRUE,TRUE,TRUE,TRUE,TRUE,TRUE,TRUE,""
"VS_SH_A","VS","SH",0.2,383,21260383,TRUE,TRUE,TRUE,TRUE,TRUE,TRUE,TRUE,TRUE,""
"VS_SH_A","VS","SH",0.2,384,21260384,TRUE,TRUE,TRUE,TRUE,TRUE,TRUE,TRUE,TRUE,""
"VS_SH_A","VS","SH",0.2,385,21260385,TRUE,TRUE,TRUE,TRUE,TRUE,TRUE,TRUE,TRUE,""
"VS_SH_A","VS","SH",0.2,386,21260386,TRUE,TRUE,TRUE,TRUE,TRUE,TRUE,TRUE,TRUE,""
"VS_SH_A","VS","SH",0.2,387,21260387,TRUE,TRUE,TRUE,TRUE,TRUE,TRUE,TRUE,TRUE,""
"VS_SH_A","VS","SH",0.2,388,21260388,TRUE,TRUE,TRUE,TRUE,TRUE,TRUE,TRUE,TRUE,""
"VS_SH_A","VS","SH",0.2,389,21260389,TRUE,TRUE,TRUE,TRUE,TRUE,TRUE,TRUE,TRUE,""
"VS_SH_A","VS","SH",0.2,390,21260390,TRUE,TRUE,TRUE,TRUE,TRUE,TRUE,TRUE,TRUE,""
"VS_SH_A","VS","SH",0.2,391,21260391,TRUE,TRUE,TRUE,TRUE,TRUE,TRUE,TRUE,TRUE,""
"VS_SH_A","VS","SH",0.2,392,21260392,TRUE,TRUE,TRUE,TRUE,TRUE,TRUE,TRUE,TRUE,""
"VS_SH_A","VS","SH",0.2,393,21260393,TRUE,TRUE,TRUE,TRUE,TRUE,TRUE,TRUE,TRUE,""
"VS_SH_A","VS","SH",0.2,394,21260394,TRUE,TRUE,TRUE,TRUE,TRUE,TRUE,TRUE,TRUE,""
"VS_SH_A","VS","SH",0.2,395,21260395,TRUE,TRUE,TRUE,TRUE,TRUE,TRUE,TRUE,TRUE,""
"VS_SH_A","VS","SH",0.2,396,21260396,TRUE,TRUE,TRUE,TRUE,TRUE,TRUE,TRUE,TRUE,""
"VS_SH_A","VS","SH",0.2,397,21260397,TRUE,TRUE,TRUE,TRUE,TRUE,TRUE,TRUE,TRUE,""
"VS_SH_A","VS","SH",0.2,398,21260398,TRUE,TRUE,TRUE,TRUE,TRUE,TRUE,TRUE,TRUE,""
"VS_SH_A","VS","SH",0.2,399,21260399,TRUE,TRUE,TRUE,TRUE,TRUE,TRUE,TRUE,TRUE,""
"VS_SH_A","VS","SH",0.2,400,21260400,TRUE,TRUE,TRUE,TRUE,TRUE,TRUE,TRUE,TRUE,""
"VS_SH_A","VS","SH",0.2,401,21260401,TRUE,TRUE,TRUE,TRUE,TRUE,TRUE,TRUE,TRUE,""
"VS_SH_A","VS","SH",0.2,402,21260402,TRUE,TRUE,TRUE,TRUE,TRUE,TRUE,TRUE,TRUE,""
"VS_SH_A","VS","SH",0.2,403,21260403,TRUE,TRUE,TRUE,TRUE,TRUE,TRUE,TRUE,TRUE,""
"VS_SH_A","VS","SH",0.2,404,21260404,TRUE,TRUE,TRUE,TRUE,TRUE,TRUE,TRUE,TRUE,""
"VS_SH_A","VS","SH",0.2,405,21260405,TRUE,TRUE,TRUE,TRUE,TRUE,TRUE,TRUE,TRUE,""
"VS_SH_A","VS","SH",0.2,406,21260406,TRUE,TRUE,TRUE,TRUE,TRUE,TRUE,TRUE,TRUE,""
"VS_SH_A","VS","SH",0.2,407,21260407,TRUE,TRUE,TRUE,TRUE,TRUE,TRUE,TRUE,TRUE,""
"VS_SH_A","VS","SH",0.2,408,21260408,TRUE,TRUE,TRUE,TRUE,TRUE,TRUE,TRUE,TRUE,""
"VS_SH_A","VS","SH",0.2,409,21260409,TRUE,TRUE,TRUE,TRUE,TRUE,TRUE,TRUE,TRUE,""
"VS_SH_A","VS","SH",0.2,410,21260410,TRUE,TRUE,TRUE,TRUE,TRUE,TRUE,TRUE,TRUE,""
"VS_SH_A","VS","SH",0.2,411,21260411,TRUE,TRUE,TRUE,TRUE,TRUE,TRUE,TRUE,TRUE,""
"VS_SH_A","VS","SH",0.2,412,21260412,TRUE,TRUE,TRUE,TRUE,TRUE,TRUE,TRUE,TRUE,""
"VS_SH_A","VS","SH",0.2,413,21260413,TRUE,TRUE,TRUE,TRUE,TRUE,TRUE,TRUE,TRUE,""
"VS_SH_A","VS","SH",0.2,414,21260414,TRUE,TRUE,TRUE,TRUE,TRUE,TRUE,TRUE,TRUE,""
"VS_SH_A","VS","SH",0.2,415,21260415,TRUE,TRUE,TRUE,TRUE,TRUE,TRUE,TRUE,TRUE,""
"VS_SH_A","VS","SH",0.2,416,21260416,TRUE,TRUE,TRUE,TRUE,TRUE,TRUE,TRUE,TRUE,""
"VS_SH_A","VS","SH",0.2,417,21260417,TRUE,TRUE,TRUE,TRUE,TRUE,TRUE,TRUE,TRUE,""
"VS_SH_A","VS","SH",0.2,418,21260418,TRUE,TRUE,TRUE,TRUE,TRUE,TRUE,TRUE,TRUE,""
"VS_SH_A","VS","SH",0.2,419,21260419,TRUE,TRUE,TRUE,TRUE,TRUE,TRUE,TRUE,TRUE,""
"VS_SH_A","VS","SH",0.2,420,21260420,TRUE,TRUE,TRUE,TRUE,TRUE,TRUE,TRUE,TRUE,""
"VS_SH_A","VS","SH",0.2,421,21260421,TRUE,TRUE,TRUE,TRUE,TRUE,TRUE,TRUE,TRUE,""
"VS_SH_A","VS","SH",0.2,422,21260422,TRUE,TRUE,TRUE,TRUE,TRUE,TRUE,TRUE,TRUE,""
"VS_SH_A","VS","SH",0.2,423,21260423,TRUE,TRUE,TRUE,TRUE,TRUE,TRUE,TRUE,TRUE,""
"VS_SH_A","VS","SH",0.2,424,21260424,TRUE,TRUE,TRUE,TRUE,TRUE,TRUE,TRUE,TRUE,""
"VS_SH_A","VS","SH",0.2,425,21260425,TRUE,TRUE,TRUE,TRUE,TRUE,TRUE,TRUE,TRUE,""
"VS_SH_A","VS","SH",0.2,426,21260426,TRUE,TRUE,TRUE,TRUE,TRUE,TRUE,TRUE,TRUE,""
"VS_SH_A","VS","SH",0.2,427,21260427,TRUE,TRUE,TRUE,TRUE,TRUE,TRUE,TRUE,TRUE,""
"VS_SH_A","VS","SH",0.2,428,21260428,TRUE,TRUE,TRUE,TRUE,TRUE,TRUE,TRUE,TRUE,""
"VS_SH_A","VS","SH",0.2,429,21260429,TRUE,TRUE,TRUE,TRUE,TRUE,TRUE,TRUE,TRUE,""
"VS_SH_A","VS","SH",0.2,430,21260430,TRUE,TRUE,TRUE,TRUE,TRUE,TRUE,TRUE,TRUE,""
"VS_SH_A","VS","SH",0.2,431,21260431,TRUE,TRUE,TRUE,TRUE,TRUE,TRUE,TRUE,TRUE,""
"VS_SH_A","VS","SH",0.2,432,21260432,TRUE,TRUE,TRUE,TRUE,TRUE,TRUE,TRUE,TRUE,""
"VS_SH_A","VS","SH",0.2,433,21260433,TRUE,TRUE,TRUE,TRUE,TRUE,TRUE,TRUE,TRUE,""
"VS_SH_A","VS","SH",0.2,434,21260434,TRUE,TRUE,TRUE,TRUE,TRUE,TRUE,TRUE,TRUE,""
"VS_SH_A","VS","SH",0.2,435,21260435,TRUE,TRUE,TRUE,TRUE,TRUE,TRUE,TRUE,TRUE,""
"VS_SH_A","VS","SH",0.2,436,21260436,TRUE,TRUE,TRUE,TRUE,TRUE,TRUE,TRUE,TRUE,""
"VS_SH_A","VS","SH",0.2,437,21260437,TRUE,TRUE,TRUE,TRUE,TRUE,TRUE,TRUE,TRUE,""
"VS_SH_A","VS","SH",0.2,438,21260438,TRUE,TRUE,TRUE,TRUE,TRUE,TRUE,TRUE,TRUE,""
"VS_SH_A","VS","SH",0.2,439,21260439,TRUE,TRUE,TRUE,TRUE,TRUE,TRUE,TRUE,TRUE,""
"VS_SH_A","VS","SH",0.2,440,21260440,TRUE,TRUE,TRUE,TRUE,TRUE,TRUE,TRUE,TRUE,""
"VS_SH_A","VS","SH",0.2,441,21260441,TRUE,TRUE,TRUE,TRUE,TRUE,TRUE,TRUE,TRUE,""
"VS_SH_A","VS","SH",0.2,442,21260442,TRUE,TRUE,TRUE,TRUE,TRUE,TRUE,TRUE,TRUE,""
"VS_SH_A","VS","SH",0.2,443,21260443,TRUE,TRUE,TRUE,TRUE,TRUE,TRUE,TRUE,TRUE,""
"VS_SH_A","VS","SH",0.2,444,21260444,TRUE,TRUE,TRUE,TRUE,TRUE,TRUE,TRUE,TRUE,""
"VS_SH_A","VS","SH",0.2,445,21260445,TRUE,TRUE,TRUE,TRUE,TRUE,TRUE,TRUE,TRUE,""
"VS_SH_A","VS","SH",0.2,446,21260446,TRUE,TRUE,TRUE,TRUE,TRUE,TRUE,TRUE,TRUE,""
"VS_SH_A","VS","SH",0.2,447,21260447,TRUE,TRUE,TRUE,TRUE,TRUE,TRUE,TRUE,TRUE,""
"VS_SH_A","VS","SH",0.2,448,21260448,TRUE,TRUE,TRUE,TRUE,TRUE,TRUE,TRUE,TRUE,""
"VS_SH_A","VS","SH",0.2,449,21260449,TRUE,TRUE,TRUE,TRUE,TRUE,TRUE,TRUE,TRUE,""
"VS_SH_A","VS","SH",0.2,450,21260450,TRUE,TRUE,TRUE,TRUE,TRUE,TRUE,TRUE,TRUE,""
"VS_SH_A","VS","SH",0.2,451,21260451,TRUE,TRUE,TRUE,TRUE,TRUE,TRUE,TRUE,TRUE,""
"VS_SH_A","VS","SH",0.2,452,21260452,TRUE,TRUE,TRUE,TRUE,TRUE,TRUE,TRUE,TRUE,""
"VS_SH_A","VS","SH",0.2,453,21260453,TRUE,TRUE,TRUE,TRUE,TRUE,TRUE,TRUE,TRUE,""
"VS_SH_A","VS","SH",0.2,454,21260454,TRUE,TRUE,TRUE,TRUE,TRUE,TRUE,TRUE,TRUE,""
"VS_SH_A","VS","SH",0.2,455,21260455,TRUE,TRUE,TRUE,TRUE,TRUE,TRUE,TRUE,TRUE,""
"VS_SH_A","VS","SH",0.2,456,21260456,TRUE,TRUE,TRUE,TRUE,TRUE,TRUE,TRUE,TRUE,""
"VS_SH_A","VS","SH",0.2,457,21260457,TRUE,TRUE,TRUE,TRUE,TRUE,TRUE,TRUE,TRUE,""
"VS_SH_A","VS","SH",0.2,458,21260458,TRUE,TRUE,TRUE,TRUE,TRUE,TRUE,TRUE,TRUE,""
"VS_SH_A","VS","SH",0.2,459,21260459,TRUE,TRUE,TRUE,TRUE,TRUE,TRUE,TRUE,TRUE,""
"VS_SH_A","VS","SH",0.2,460,21260460,TRUE,TRUE,TRUE,TRUE,TRUE,TRUE,TRUE,TRUE,""
"VS_SH_A","VS","SH",0.2,461,21260461,TRUE,TRUE,TRUE,TRUE,TRUE,TRUE,TRUE,TRUE,""
"VS_SH_A","VS","SH",0.2,462,21260462,TRUE,TRUE,TRUE,TRUE,TRUE,TRUE,TRUE,TRUE,""
"VS_SH_A","VS","SH",0.2,463,21260463,TRUE,TRUE,TRUE,TRUE,TRUE,TRUE,TRUE,TRUE,""
"VS_SH_A","VS","SH",0.2,464,21260464,TRUE,TRUE,TRUE,TRUE,TRUE,TRUE,TRUE,TRUE,""
"VS_SH_A","VS","SH",0.2,465,21260465,TRUE,TRUE,TRUE,TRUE,TRUE,TRUE,TRUE,TRUE,""
"VS_SH_A","VS","SH",0.2,466,21260466,TRUE,TRUE,TRUE,TRUE,TRUE,TRUE,TRUE,TRUE,""
"VS_SH_A","VS","SH",0.2,467,21260467,TRUE,TRUE,TRUE,TRUE,TRUE,TRUE,TRUE,TRUE,""
"VS_SH_A","VS","SH",0.2,468,21260468,TRUE,TRUE,TRUE,TRUE,TRUE,TRUE,TRUE,TRUE,""
"VS_SH_A","VS","SH",0.2,469,21260469,TRUE,TRUE,TRUE,TRUE,TRUE,TRUE,TRUE,TRUE,""
"VS_SH_A","VS","SH",0.2,470,21260470,TRUE,TRUE,TRUE,TRUE,TRUE,TRUE,TRUE,TRUE,""
"VS_SH_A","VS","SH",0.2,471,21260471,TRUE,TRUE,TRUE,TRUE,TRUE,TRUE,TRUE,TRUE,""
"VS_SH_A","VS","SH",0.2,472,21260472,TRUE,TRUE,TRUE,TRUE,TRUE,TRUE,TRUE,TRUE,""
"VS_SH_A","VS","SH",0.2,473,21260473,TRUE,TRUE,TRUE,TRUE,TRUE,TRUE,TRUE,TRUE,""
"VS_SH_A","VS","SH",0.2,474,21260474,TRUE,TRUE,TRUE,TRUE,TRUE,TRUE,TRUE,TRUE,""
"VS_SH_A","VS","SH",0.2,475,21260475,TRUE,TRUE,TRUE,TRUE,TRUE,TRUE,TRUE,TRUE,""
"VS_SH_A","VS","SH",0.2,476,21260476,TRUE,TRUE,TRUE,TRUE,TRUE,TRUE,TRUE,TRUE,""
"VS_SH_A","VS","SH",0.2,477,21260477,TRUE,TRUE,TRUE,TRUE,TRUE,TRUE,TRUE,TRUE,""
"VS_SH_A","VS","SH",0.2,478,21260478,TRUE,TRUE,TRUE,TRUE,TRUE,TRUE,TRUE,TRUE,""
"VS_SH_A","VS","SH",0.2,479,21260479,TRUE,TRUE,TRUE,TRUE,TRUE,TRUE,TRUE,TRUE,""
"VS_SH_A","VS","SH",0.2,480,21260480,TRUE,TRUE,TRUE,TRUE,TRUE,TRUE,TRUE,TRUE,""
"VS_SH_A","VS","SH",0.2,481,21260481,TRUE,TRUE,TRUE,TRUE,TRUE,TRUE,TRUE,TRUE,""
"VS_SH_A","VS","SH",0.2,482,21260482,TRUE,TRUE,TRUE,TRUE,TRUE,TRUE,TRUE,TRUE,""
"VS_SH_A","VS","SH",0.2,483,21260483,TRUE,TRUE,TRUE,TRUE,TRUE,TRUE,TRUE,TRUE,""
"VS_SH_A","VS","SH",0.2,484,21260484,TRUE,TRUE,TRUE,TRUE,TRUE,TRUE,TRUE,TRUE,""
"VS_SH_A","VS","SH",0.2,485,21260485,TRUE,TRUE,TRUE,TRUE,TRUE,TRUE,TRUE,TRUE,""
"VS_SH_A","VS","SH",0.2,486,21260486,TRUE,TRUE,TRUE,TRUE,TRUE,TRUE,TRUE,TRUE,""
"VS_SH_A","VS","SH",0.2,487,21260487,TRUE,TRUE,TRUE,TRUE,TRUE,TRUE,TRUE,TRUE,""
"VS_SH_A","VS","SH",0.2,488,21260488,TRUE,TRUE,TRUE,TRUE,TRUE,TRUE,TRUE,TRUE,""
"VS_SH_A","VS","SH",0.2,489,21260489,TRUE,TRUE,TRUE,TRUE,TRUE,TRUE,TRUE,TRUE,""
"VS_SH_A","VS","SH",0.2,490,21260490,TRUE,TRUE,TRUE,TRUE,TRUE,TRUE,TRUE,TRUE,""
"VS_SH_A","VS","SH",0.2,491,21260491,TRUE,TRUE,TRUE,TRUE,TRUE,TRUE,TRUE,TRUE,""
"VS_SH_A","VS","SH",0.2,492,21260492,TRUE,TRUE,TRUE,TRUE,TRUE,TRUE,TRUE,TRUE,""
"VS_SH_A","VS","SH",0.2,493,21260493,TRUE,TRUE,TRUE,TRUE,TRUE,TRUE,TRUE,TRUE,""
"VS_SH_A","VS","SH",0.2,494,21260494,TRUE,TRUE,TRUE,TRUE,TRUE,TRUE,TRUE,TRUE,""
"VS_SH_A","VS","SH",0.2,495,21260495,TRUE,TRUE,TRUE,TRUE,TRUE,TRUE,TRUE,TRUE,""
"VS_SH_A","VS","SH",0.2,496,21260496,TRUE,TRUE,TRUE,TRUE,TRUE,TRUE,TRUE,TRUE,""
"VS_SH_A","VS","SH",0.2,497,21260497,TRUE,TRUE,TRUE,TRUE,TRUE,TRUE,TRUE,TRUE,""
"VS_SH_A","VS","SH",0.2,498,21260498,TRUE,TRUE,TRUE,TRUE,TRUE,TRUE,TRUE,TRUE,""
"VS_SH_A","VS","SH",0.2,499,21260499,TRUE,TRUE,TRUE,TRUE,TRUE,TRUE,TRUE,TRUE,""
"VS_SH_A","VS","SH",0.2,500,21260500,TRUE,TRUE,TRUE,TRUE,TRUE,TRUE,TRUE,TRUE,""
"VS_SH_A","VS","SH",0.2,501,21260501,TRUE,TRUE,TRUE,TRUE,TRUE,TRUE,TRUE,TRUE,""
"VS_SH_A","VS","SH",0.2,502,21260502,TRUE,TRUE,TRUE,TRUE,TRUE,TRUE,TRUE,TRUE,""
"VS_SH_A","VS","SH",0.2,503,21260503,TRUE,TRUE,TRUE,TRUE,TRUE,TRUE,TRUE,TRUE,""
"VS_SH_A","VS","SH",0.2,504,21260504,TRUE,TRUE,TRUE,TRUE,TRUE,TRUE,TRUE,TRUE,""
"VS_SH_A","VS","SH",0.2,505,21260505,TRUE,TRUE,TRUE,TRUE,TRUE,TRUE,TRUE,TRUE,""
"VS_SH_A","VS","SH",0.2,506,21260506,TRUE,TRUE,TRUE,TRUE,TRUE,TRUE,TRUE,TRUE,""
"VS_SH_A","VS","SH",0.2,507,21260507,TRUE,TRUE,TRUE,TRUE,TRUE,TRUE,TRUE,TRUE,""
"VS_SH_A","VS","SH",0.2,508,21260508,TRUE,TRUE,TRUE,TRUE,TRUE,TRUE,TRUE,TRUE,""
"VS_SH_A","VS","SH",0.2,509,21260509,TRUE,TRUE,TRUE,TRUE,TRUE,TRUE,TRUE,TRUE,""
"VS_SH_A","VS","SH",0.2,510,21260510,TRUE,TRUE,TRUE,TRUE,TRUE,TRUE,TRUE,TRUE,""
"VS_SH_A","VS","SH",0.2,511,21260511,TRUE,TRUE,TRUE,TRUE,TRUE,TRUE,TRUE,TRUE,""
"VS_SH_A","VS","SH",0.2,512,21260512,TRUE,TRUE,TRUE,TRUE,TRUE,TRUE,TRUE,TRUE,""
"VS_SH_A","VS","SH",0.2,513,21260513,TRUE,TRUE,TRUE,TRUE,TRUE,TRUE,TRUE,TRUE,""
"VS_SH_A","VS","SH",0.2,514,21260514,TRUE,TRUE,TRUE,TRUE,TRUE,TRUE,TRUE,TRUE,""
"VS_SH_A","VS","SH",0.2,515,21260515,TRUE,TRUE,TRUE,TRUE,TRUE,TRUE,TRUE,TRUE,""
"VS_SH_A","VS","SH",0.2,516,21260516,TRUE,TRUE,TRUE,TRUE,TRUE,TRUE,TRUE,TRUE,""
"VS_SH_A","VS","SH",0.2,517,21260517,TRUE,TRUE,TRUE,TRUE,TRUE,TRUE,TRUE,TRUE,""
"VS_SH_A","VS","SH",0.2,518,21260518,TRUE,TRUE,TRUE,TRUE,TRUE,TRUE,TRUE,TRUE,""
"VS_SH_A","VS","SH",0.2,519,21260519,TRUE,TRUE,TRUE,TRUE,TRUE,TRUE,TRUE,TRUE,""
"VS_SH_A","VS","SH",0.2,520,21260520,TRUE,TRUE,TRUE,TRUE,TRUE,TRUE,TRUE,TRUE,""
"VS_SH_A","VS","SH",0.2,521,21260521,TRUE,TRUE,TRUE,TRUE,TRUE,TRUE,TRUE,TRUE,""
"VS_SH_A","VS","SH",0.2,522,21260522,TRUE,TRUE,TRUE,TRUE,TRUE,TRUE,TRUE,TRUE,""
"VS_SH_A","VS","SH",0.2,523,21260523,TRUE,TRUE,TRUE,TRUE,TRUE,TRUE,TRUE,TRUE,""
"VS_SH_A","VS","SH",0.2,524,21260524,TRUE,TRUE,TRUE,TRUE,TRUE,TRUE,TRUE,TRUE,""
"VS_SH_A","VS","SH",0.2,525,21260525,TRUE,TRUE,TRUE,TRUE,TRUE,TRUE,TRUE,TRUE,""
"VS_SH_A","VS","SH",0.2,526,21260526,TRUE,TRUE,TRUE,TRUE,TRUE,TRUE,TRUE,TRUE,""
"VS_SH_A","VS","SH",0.2,527,21260527,TRUE,TRUE,TRUE,TRUE,TRUE,TRUE,TRUE,TRUE,""
"VS_SH_A","VS","SH",0.2,528,21260528,TRUE,TRUE,TRUE,TRUE,TRUE,TRUE,TRUE,TRUE,""
"VS_SH_A","VS","SH",0.2,529,21260529,TRUE,TRUE,TRUE,TRUE,TRUE,TRUE,TRUE,TRUE,""
"VS_SH_A","VS","SH",0.2,530,21260530,TRUE,TRUE,TRUE,TRUE,TRUE,TRUE,TRUE,TRUE,""
"VS_SH_A","VS","SH",0.2,531,21260531,TRUE,TRUE,TRUE,TRUE,TRUE,TRUE,TRUE,TRUE,""
"VS_SH_A","VS","SH",0.2,532,21260532,TRUE,TRUE,TRUE,TRUE,TRUE,TRUE,TRUE,TRUE,""
"VS_SH_A","VS","SH",0.2,533,21260533,TRUE,TRUE,TRUE,TRUE,TRUE,TRUE,TRUE,TRUE,""
"VS_SH_A","VS","SH",0.2,534,21260534,TRUE,TRUE,TRUE,TRUE,TRUE,TRUE,TRUE,TRUE,""
"VS_SH_A","VS","SH",0.2,535,21260535,TRUE,TRUE,TRUE,TRUE,TRUE,TRUE,TRUE,TRUE,""
"VS_SH_A","VS","SH",0.2,536,21260536,TRUE,TRUE,TRUE,TRUE,TRUE,TRUE,TRUE,TRUE,""
"VS_SH_A","VS","SH",0.2,537,21260537,TRUE,TRUE,TRUE,TRUE,TRUE,TRUE,TRUE,TRUE,""
"VS_SH_A","VS","SH",0.2,538,21260538,TRUE,TRUE,TRUE,TRUE,TRUE,TRUE,TRUE,TRUE,""
"VS_SH_A","VS","SH",0.2,539,21260539,TRUE,TRUE,TRUE,TRUE,TRUE,TRUE,TRUE,TRUE,""
"VS_SH_A","VS","SH",0.2,540,21260540,TRUE,TRUE,TRUE,TRUE,TRUE,TRUE,TRUE,TRUE,""
"VS_SH_A","VS","SH",0.2,541,21260541,TRUE,TRUE,TRUE,TRUE,TRUE,TRUE,TRUE,TRUE,""
"VS_SH_A","VS","SH",0.2,542,21260542,TRUE,TRUE,TRUE,TRUE,TRUE,TRUE,TRUE,TRUE,""
"VS_SH_A","VS","SH",0.2,543,21260543,TRUE,TRUE,TRUE,TRUE,TRUE,TRUE,TRUE,TRUE,""
"VS_SH_A","VS","SH",0.2,544,21260544,TRUE,TRUE,TRUE,TRUE,TRUE,TRUE,TRUE,TRUE,""
"VS_SH_A","VS","SH",0.2,545,21260545,TRUE,TRUE,TRUE,TRUE,TRUE,TRUE,TRUE,TRUE,""
"VS_SH_A","VS","SH",0.2,546,21260546,TRUE,TRUE,TRUE,TRUE,TRUE,TRUE,TRUE,TRUE,""
"VS_SH_A","VS","SH",0.2,547,21260547,TRUE,TRUE,TRUE,TRUE,TRUE,TRUE,TRUE,TRUE,""
"VS_SH_A","VS","SH",0.2,548,21260548,TRUE,TRUE,TRUE,TRUE,TRUE,TRUE,TRUE,TRUE,""
"VS_SH_A","VS","SH",0.2,549,21260549,TRUE,TRUE,TRUE,TRUE,TRUE,TRUE,TRUE,TRUE,""
"VS_SH_A","VS","SH",0.2,550,21260550,TRUE,TRUE,TRUE,TRUE,TRUE,TRUE,TRUE,TRUE,""
"VS_SH_A","VS","SH",0.2,551,21260551,TRUE,TRUE,TRUE,TRUE,TRUE,TRUE,TRUE,TRUE,""
"VS_SH_A","VS","SH",0.2,552,21260552,TRUE,TRUE,TRUE,TRUE,TRUE,TRUE,TRUE,TRUE,""
"VS_SH_A","VS","SH",0.2,553,21260553,TRUE,TRUE,TRUE,TRUE,TRUE,TRUE,TRUE,TRUE,""
"VS_SH_A","VS","SH",0.2,554,21260554,TRUE,TRUE,TRUE,TRUE,TRUE,TRUE,TRUE,TRUE,""
"VS_SH_A","VS","SH",0.2,555,21260555,TRUE,TRUE,TRUE,TRUE,TRUE,TRUE,TRUE,TRUE,""
"VS_SH_A","VS","SH",0.2,556,21260556,TRUE,TRUE,TRUE,TRUE,TRUE,TRUE,TRUE,TRUE,""
"VS_SH_A","VS","SH",0.2,557,21260557,TRUE,TRUE,TRUE,TRUE,TRUE,TRUE,TRUE,TRUE,""
"VS_SH_A","VS","SH",0.2,558,21260558,TRUE,TRUE,TRUE,TRUE,TRUE,TRUE,TRUE,TRUE,""
"VS_SH_A","VS","SH",0.2,559,21260559,TRUE,TRUE,TRUE,TRUE,TRUE,TRUE,TRUE,TRUE,""
"VS_SH_A","VS","SH",0.2,560,21260560,TRUE,TRUE,TRUE,TRUE,TRUE,TRUE,TRUE,TRUE,""
"VS_SH_A","VS","SH",0.2,561,21260561,TRUE,TRUE,TRUE,TRUE,TRUE,TRUE,TRUE,TRUE,""
"VS_SH_A","VS","SH",0.2,562,21260562,TRUE,TRUE,TRUE,TRUE,TRUE,TRUE,TRUE,TRUE,""
"VS_SH_A","VS","SH",0.2,563,21260563,TRUE,TRUE,TRUE,TRUE,TRUE,TRUE,TRUE,TRUE,""
"VS_SH_A","VS","SH",0.2,564,21260564,TRUE,TRUE,TRUE,TRUE,TRUE,TRUE,TRUE,TRUE,""
"VS_SH_A","VS","SH",0.2,565,21260565,TRUE,TRUE,TRUE,TRUE,TRUE,TRUE,TRUE,TRUE,""
"VS_SH_A","VS","SH",0.2,566,21260566,TRUE,TRUE,TRUE,TRUE,TRUE,TRUE,TRUE,TRUE,""
"VS_SH_A","VS","SH",0.2,567,21260567,TRUE,TRUE,TRUE,TRUE,TRUE,TRUE,TRUE,TRUE,""
"VS_SH_A","VS","SH",0.2,568,21260568,TRUE,TRUE,TRUE,TRUE,TRUE,TRUE,TRUE,TRUE,""
"VS_SH_A","VS","SH",0.2,569,21260569,TRUE,TRUE,TRUE,TRUE,TRUE,TRUE,TRUE,TRUE,""
"VS_SH_A","VS","SH",0.2,570,21260570,TRUE,TRUE,TRUE,TRUE,TRUE,TRUE,TRUE,TRUE,""
"VS_SH_A","VS","SH",0.2,571,21260571,TRUE,TRUE,TRUE,TRUE,TRUE,TRUE,TRUE,TRUE,""
"VS_SH_A","VS","SH",0.2,572,21260572,TRUE,TRUE,TRUE,TRUE,TRUE,TRUE,TRUE,TRUE,""
"VS_SH_A","VS","SH",0.2,573,21260573,TRUE,TRUE,TRUE,TRUE,TRUE,TRUE,TRUE,TRUE,""
"VS_SH_A","VS","SH",0.2,574,21260574,TRUE,TRUE,TRUE,TRUE,TRUE,TRUE,TRUE,TRUE,""
"VS_SH_A","VS","SH",0.2,575,21260575,TRUE,TRUE,TRUE,TRUE,TRUE,TRUE,TRUE,TRUE,""
"VS_SH_A","VS","SH",0.2,576,21260576,TRUE,TRUE,TRUE,TRUE,TRUE,TRUE,TRUE,TRUE,""
"VS_SH_A","VS","SH",0.2,577,21260577,TRUE,TRUE,TRUE,TRUE,TRUE,TRUE,TRUE,TRUE,""
"VS_SH_A","VS","SH",0.2,578,21260578,TRUE,TRUE,TRUE,TRUE,TRUE,TRUE,TRUE,TRUE,""
"VS_SH_A","VS","SH",0.2,579,21260579,TRUE,TRUE,TRUE,TRUE,TRUE,TRUE,TRUE,TRUE,""
"VS_SH_A","VS","SH",0.2,580,21260580,TRUE,TRUE,TRUE,TRUE,TRUE,TRUE,TRUE,TRUE,""
"VS_SH_A","VS","SH",0.2,581,21260581,TRUE,TRUE,TRUE,TRUE,TRUE,TRUE,TRUE,TRUE,""
"VS_SH_A","VS","SH",0.2,582,21260582,TRUE,TRUE,TRUE,TRUE,TRUE,TRUE,TRUE,TRUE,""
"VS_SH_A","VS","SH",0.2,583,21260583,TRUE,TRUE,TRUE,TRUE,TRUE,TRUE,TRUE,TRUE,""
"VS_SH_A","VS","SH",0.2,584,21260584,TRUE,TRUE,TRUE,TRUE,TRUE,TRUE,TRUE,TRUE,""
"VS_SH_A","VS","SH",0.2,585,21260585,TRUE,TRUE,TRUE,TRUE,TRUE,TRUE,TRUE,TRUE,""
"VS_SH_A","VS","SH",0.2,586,21260586,TRUE,TRUE,TRUE,TRUE,TRUE,TRUE,TRUE,TRUE,""
"VS_SH_A","VS","SH",0.2,587,21260587,TRUE,TRUE,TRUE,TRUE,TRUE,TRUE,TRUE,TRUE,""
"VS_SH_A","VS","SH",0.2,588,21260588,TRUE,TRUE,TRUE,TRUE,TRUE,TRUE,TRUE,TRUE,""
"VS_SH_A","VS","SH",0.2,589,21260589,TRUE,TRUE,TRUE,TRUE,TRUE,TRUE,TRUE,TRUE,""
"VS_SH_A","VS","SH",0.2,590,21260590,TRUE,TRUE,TRUE,TRUE,TRUE,TRUE,TRUE,TRUE,""
"VS_SH_A","VS","SH",0.2,591,21260591,TRUE,TRUE,TRUE,TRUE,TRUE,TRUE,TRUE,TRUE,""
"VS_SH_A","VS","SH",0.2,592,21260592,TRUE,TRUE,TRUE,TRUE,TRUE,TRUE,TRUE,TRUE,""
"VS_SH_A","VS","SH",0.2,593,21260593,TRUE,TRUE,TRUE,TRUE,TRUE,TRUE,TRUE,TRUE,""
"VS_SH_A","VS","SH",0.2,594,21260594,TRUE,TRUE,TRUE,TRUE,TRUE,TRUE,TRUE,TRUE,""
"VS_SH_A","VS","SH",0.2,595,21260595,TRUE,TRUE,TRUE,TRUE,TRUE,TRUE,TRUE,TRUE,""
"VS_SH_A","VS","SH",0.2,596,21260596,TRUE,TRUE,TRUE,TRUE,TRUE,TRUE,TRUE,TRUE,""
"VS_SH_A","VS","SH",0.2,597,21260597,TRUE,TRUE,TRUE,TRUE,TRUE,TRUE,TRUE,TRUE,""
"VS_SH_A","VS","SH",0.2,598,21260598,TRUE,TRUE,TRUE,TRUE,TRUE,TRUE,TRUE,TRUE,""
"VS_SH_A","VS","SH",0.2,599,21260599,TRUE,TRUE,TRUE,TRUE,TRUE,TRUE,TRUE,TRUE,""
"VS_SH_A","VS","SH",0.2,600,21260600,TRUE,TRUE,TRUE,TRUE,TRUE,TRUE,TRUE,TRUE,""
"VS_SH_A","VS","SH",0.2,601,21260601,TRUE,TRUE,TRUE,TRUE,TRUE,TRUE,TRUE,TRUE,""
"VS_SH_A","VS","SH",0.2,602,21260602,TRUE,TRUE,TRUE,TRUE,TRUE,TRUE,TRUE,TRUE,""
"VS_SH_A","VS","SH",0.2,603,21260603,TRUE,TRUE,TRUE,TRUE,TRUE,TRUE,TRUE,TRUE,""
"VS_SH_A","VS","SH",0.2,604,21260604,TRUE,TRUE,TRUE,TRUE,TRUE,TRUE,TRUE,TRUE,""
"VS_SH_A","VS","SH",0.2,605,21260605,TRUE,TRUE,TRUE,TRUE,TRUE,TRUE,TRUE,TRUE,""
"VS_SH_A","VS","SH",0.2,606,21260606,TRUE,TRUE,TRUE,TRUE,TRUE,TRUE,TRUE,TRUE,""
"VS_SH_A","VS","SH",0.2,607,21260607,TRUE,TRUE,TRUE,TRUE,TRUE,TRUE,TRUE,TRUE,""
"VS_SH_A","VS","SH",0.2,608,21260608,TRUE,TRUE,TRUE,TRUE,TRUE,TRUE,TRUE,TRUE,""
"VS_SH_A","VS","SH",0.2,609,21260609,TRUE,TRUE,TRUE,TRUE,TRUE,TRUE,TRUE,TRUE,""
"VS_SH_A","VS","SH",0.2,610,21260610,TRUE,TRUE,TRUE,TRUE,TRUE,TRUE,TRUE,TRUE,""
"VS_SH_A","VS","SH",0.2,611,21260611,TRUE,TRUE,TRUE,TRUE,TRUE,TRUE,TRUE,TRUE,""
"VS_SH_A","VS","SH",0.2,612,21260612,TRUE,TRUE,TRUE,TRUE,TRUE,TRUE,TRUE,TRUE,""
"VS_SH_A","VS","SH",0.2,613,21260613,TRUE,TRUE,TRUE,TRUE,TRUE,TRUE,TRUE,TRUE,""
"VS_SH_A","VS","SH",0.2,614,21260614,TRUE,TRUE,TRUE,TRUE,TRUE,TRUE,TRUE,TRUE,""
"VS_SH_A","VS","SH",0.2,615,21260615,TRUE,TRUE,TRUE,TRUE,TRUE,TRUE,TRUE,TRUE,""
"VS_SH_A","VS","SH",0.2,616,21260616,TRUE,TRUE,TRUE,TRUE,TRUE,TRUE,TRUE,TRUE,""
"VS_SH_A","VS","SH",0.2,617,21260617,TRUE,TRUE,TRUE,TRUE,TRUE,TRUE,TRUE,TRUE,""
"VS_SH_A","VS","SH",0.2,618,21260618,TRUE,TRUE,TRUE,TRUE,TRUE,TRUE,TRUE,TRUE,""
"VS_SH_A","VS","SH",0.2,619,21260619,TRUE,TRUE,TRUE,TRUE,TRUE,TRUE,TRUE,TRUE,""
"VS_SH_A","VS","SH",0.2,620,21260620,TRUE,TRUE,TRUE,TRUE,TRUE,TRUE,TRUE,TRUE,""
"VS_SH_A","VS","SH",0.2,621,21260621,TRUE,TRUE,TRUE,TRUE,TRUE,TRUE,TRUE,TRUE,""
"VS_SH_A","VS","SH",0.2,622,21260622,TRUE,TRUE,TRUE,TRUE,TRUE,TRUE,TRUE,TRUE,""
"VS_SH_A","VS","SH",0.2,623,21260623,TRUE,TRUE,TRUE,TRUE,TRUE,TRUE,TRUE,TRUE,""
"VS_SH_A","VS","SH",0.2,624,21260624,TRUE,TRUE,TRUE,TRUE,TRUE,TRUE,TRUE,TRUE,""
"VS_SH_A","VS","SH",0.2,625,21260625,TRUE,TRUE,TRUE,TRUE,TRUE,TRUE,TRUE,TRUE,""
"VS_SH_A","VS","SH",0.2,626,21260626,TRUE,TRUE,TRUE,TRUE,TRUE,TRUE,TRUE,TRUE,""
"VS_SH_A","VS","SH",0.2,627,21260627,TRUE,TRUE,TRUE,TRUE,TRUE,TRUE,TRUE,TRUE,""
"VS_SH_A","VS","SH",0.2,628,21260628,TRUE,TRUE,TRUE,TRUE,TRUE,TRUE,TRUE,TRUE,""
"VS_SH_A","VS","SH",0.2,629,21260629,TRUE,TRUE,TRUE,TRUE,TRUE,TRUE,TRUE,TRUE,""
"VS_SH_A","VS","SH",0.2,630,21260630,TRUE,TRUE,TRUE,TRUE,TRUE,TRUE,TRUE,TRUE,""
"VS_SH_A","VS","SH",0.2,631,21260631,TRUE,TRUE,TRUE,TRUE,TRUE,TRUE,TRUE,TRUE,""
"VS_SH_A","VS","SH",0.2,632,21260632,TRUE,TRUE,TRUE,TRUE,TRUE,TRUE,TRUE,TRUE,""
"VS_SH_A","VS","SH",0.2,633,21260633,TRUE,TRUE,TRUE,TRUE,TRUE,TRUE,TRUE,TRUE,""
"VS_SH_A","VS","SH",0.2,634,21260634,TRUE,TRUE,TRUE,TRUE,TRUE,TRUE,TRUE,TRUE,""
"VS_SH_A","VS","SH",0.2,635,21260635,TRUE,TRUE,TRUE,TRUE,TRUE,TRUE,TRUE,TRUE,""
"VS_SH_A","VS","SH",0.2,636,21260636,TRUE,TRUE,TRUE,TRUE,TRUE,TRUE,TRUE,TRUE,""
"VS_SH_A","VS","SH",0.2,637,21260637,TRUE,TRUE,TRUE,TRUE,TRUE,TRUE,TRUE,TRUE,""
"VS_SH_A","VS","SH",0.2,638,21260638,TRUE,TRUE,TRUE,TRUE,TRUE,TRUE,TRUE,TRUE,""
"VS_SH_A","VS","SH",0.2,639,21260639,TRUE,TRUE,TRUE,TRUE,TRUE,TRUE,TRUE,TRUE,""
"VS_SH_A","VS","SH",0.2,640,21260640,TRUE,TRUE,TRUE,TRUE,TRUE,TRUE,TRUE,TRUE,""
"VS_SH_A","VS","SH",0.2,641,21260641,TRUE,TRUE,TRUE,TRUE,TRUE,TRUE,TRUE,TRUE,""
"VS_SH_A","VS","SH",0.2,642,21260642,TRUE,TRUE,TRUE,TRUE,TRUE,TRUE,TRUE,TRUE,""
"VS_SH_A","VS","SH",0.2,643,21260643,TRUE,TRUE,TRUE,TRUE,TRUE,TRUE,TRUE,TRUE,""
"VS_SH_A","VS","SH",0.2,644,21260644,TRUE,TRUE,TRUE,TRUE,TRUE,TRUE,TRUE,TRUE,""
"VS_SH_A","VS","SH",0.2,645,21260645,TRUE,TRUE,TRUE,TRUE,TRUE,TRUE,TRUE,TRUE,""
"VS_SH_A","VS","SH",0.2,646,21260646,TRUE,TRUE,TRUE,TRUE,TRUE,TRUE,TRUE,TRUE,""
"VS_SH_A","VS","SH",0.2,647,21260647,TRUE,TRUE,TRUE,TRUE,TRUE,TRUE,TRUE,TRUE,""
"VS_SH_A","VS","SH",0.2,648,21260648,TRUE,TRUE,TRUE,TRUE,TRUE,TRUE,TRUE,TRUE,""
"VS_SH_A","VS","SH",0.2,649,21260649,TRUE,TRUE,TRUE,TRUE,TRUE,TRUE,TRUE,TRUE,""
"VS_SH_A","VS","SH",0.2,650,21260650,TRUE,TRUE,TRUE,TRUE,TRUE,TRUE,TRUE,TRUE,""
"VS_SH_A","VS","SH",0.2,651,21260651,TRUE,TRUE,TRUE,TRUE,TRUE,TRUE,TRUE,TRUE,""
"VS_SH_A","VS","SH",0.2,652,21260652,TRUE,TRUE,TRUE,TRUE,TRUE,TRUE,TRUE,TRUE,""
"VS_SH_A","VS","SH",0.2,653,21260653,TRUE,TRUE,TRUE,TRUE,TRUE,TRUE,TRUE,TRUE,""
"VS_SH_A","VS","SH",0.2,654,21260654,TRUE,TRUE,TRUE,TRUE,TRUE,TRUE,TRUE,TRUE,""
"VS_SH_A","VS","SH",0.2,655,21260655,TRUE,TRUE,TRUE,TRUE,TRUE,TRUE,TRUE,TRUE,""
"VS_SH_A","VS","SH",0.2,656,21260656,TRUE,TRUE,TRUE,TRUE,TRUE,TRUE,TRUE,TRUE,""
"VS_SH_A","VS","SH",0.2,657,21260657,TRUE,TRUE,TRUE,TRUE,TRUE,TRUE,TRUE,TRUE,""
"VS_SH_A","VS","SH",0.2,658,21260658,TRUE,TRUE,TRUE,TRUE,TRUE,TRUE,TRUE,TRUE,""
"VS_SH_A","VS","SH",0.2,659,21260659,TRUE,TRUE,TRUE,TRUE,TRUE,TRUE,TRUE,TRUE,""
"VS_SH_A","VS","SH",0.2,660,21260660,TRUE,TRUE,TRUE,TRUE,TRUE,TRUE,TRUE,TRUE,""
"VS_SH_A","VS","SH",0.2,661,21260661,TRUE,TRUE,TRUE,TRUE,TRUE,TRUE,TRUE,TRUE,""
"VS_SH_A","VS","SH",0.2,662,21260662,TRUE,TRUE,TRUE,TRUE,TRUE,TRUE,TRUE,TRUE,""
"VS_SH_A","VS","SH",0.2,663,21260663,TRUE,TRUE,TRUE,TRUE,TRUE,TRUE,TRUE,TRUE,""
"VS_SH_A","VS","SH",0.2,664,21260664,TRUE,TRUE,TRUE,TRUE,TRUE,TRUE,TRUE,TRUE,""
"VS_SH_A","VS","SH",0.2,665,21260665,TRUE,TRUE,TRUE,TRUE,TRUE,TRUE,TRUE,TRUE,""
"VS_SH_A","VS","SH",0.2,666,21260666,TRUE,TRUE,TRUE,TRUE,TRUE,TRUE,TRUE,TRUE,""
"VS_SH_A","VS","SH",0.2,667,21260667,TRUE,TRUE,TRUE,TRUE,TRUE,TRUE,TRUE,TRUE,""
"VS_SH_A","VS","SH",0.2,668,21260668,TRUE,TRUE,TRUE,TRUE,TRUE,TRUE,TRUE,TRUE,""
"VS_SH_A","VS","SH",0.2,669,21260669,TRUE,TRUE,TRUE,TRUE,TRUE,TRUE,TRUE,TRUE,""
"VS_SH_A","VS","SH",0.2,670,21260670,TRUE,TRUE,TRUE,TRUE,TRUE,TRUE,TRUE,TRUE,""
"VS_SH_A","VS","SH",0.2,671,21260671,TRUE,TRUE,TRUE,TRUE,TRUE,TRUE,TRUE,TRUE,""
"VS_SH_A","VS","SH",0.2,672,21260672,TRUE,TRUE,TRUE,TRUE,TRUE,TRUE,TRUE,TRUE,""
"VS_SH_A","VS","SH",0.2,673,21260673,TRUE,TRUE,TRUE,TRUE,TRUE,TRUE,TRUE,TRUE,""
"VS_SH_A","VS","SH",0.2,674,21260674,TRUE,TRUE,TRUE,TRUE,TRUE,TRUE,TRUE,TRUE,""
"VS_SH_A","VS","SH",0.2,675,21260675,TRUE,TRUE,TRUE,TRUE,TRUE,TRUE,TRUE,TRUE,""
"VS_SH_A","VS","SH",0.2,676,21260676,TRUE,TRUE,TRUE,TRUE,TRUE,TRUE,TRUE,TRUE,""
"VS_SH_A","VS","SH",0.2,677,21260677,TRUE,TRUE,TRUE,TRUE,TRUE,TRUE,TRUE,TRUE,""
"VS_SH_A","VS","SH",0.2,678,21260678,TRUE,TRUE,TRUE,TRUE,TRUE,TRUE,TRUE,TRUE,""
"VS_SH_A","VS","SH",0.2,679,21260679,TRUE,TRUE,TRUE,TRUE,TRUE,TRUE,TRUE,TRUE,""
"VS_SH_A","VS","SH",0.2,680,21260680,TRUE,TRUE,TRUE,TRUE,TRUE,TRUE,TRUE,TRUE,""
"VS_SH_A","VS","SH",0.2,681,21260681,TRUE,TRUE,TRUE,TRUE,TRUE,TRUE,TRUE,TRUE,""
"VS_SH_A","VS","SH",0.2,682,21260682,TRUE,TRUE,TRUE,TRUE,TRUE,TRUE,TRUE,TRUE,""
"VS_SH_A","VS","SH",0.2,683,21260683,TRUE,TRUE,TRUE,TRUE,TRUE,TRUE,TRUE,TRUE,""
"VS_SH_A","VS","SH",0.2,684,21260684,TRUE,TRUE,TRUE,TRUE,TRUE,TRUE,TRUE,TRUE,""
"VS_SH_A","VS","SH",0.2,685,21260685,TRUE,TRUE,TRUE,TRUE,TRUE,TRUE,TRUE,TRUE,""
"VS_SH_A","VS","SH",0.2,686,21260686,TRUE,TRUE,TRUE,TRUE,TRUE,TRUE,TRUE,TRUE,""
"VS_SH_A","VS","SH",0.2,687,21260687,TRUE,TRUE,TRUE,TRUE,TRUE,TRUE,TRUE,TRUE,""
"VS_SH_A","VS","SH",0.2,688,21260688,TRUE,TRUE,TRUE,TRUE,TRUE,TRUE,TRUE,TRUE,""
"VS_SH_A","VS","SH",0.2,689,21260689,TRUE,TRUE,TRUE,TRUE,TRUE,TRUE,TRUE,TRUE,""
"VS_SH_A","VS","SH",0.2,690,21260690,TRUE,TRUE,TRUE,TRUE,TRUE,TRUE,TRUE,TRUE,""
"VS_SH_A","VS","SH",0.2,691,21260691,TRUE,TRUE,TRUE,TRUE,TRUE,TRUE,TRUE,TRUE,""
"VS_SH_A","VS","SH",0.2,692,21260692,TRUE,TRUE,TRUE,TRUE,TRUE,TRUE,TRUE,TRUE,""
"VS_SH_A","VS","SH",0.2,693,21260693,TRUE,TRUE,TRUE,TRUE,TRUE,TRUE,TRUE,TRUE,""
"VS_SH_A","VS","SH",0.2,694,21260694,TRUE,TRUE,TRUE,TRUE,TRUE,TRUE,TRUE,TRUE,""
"VS_SH_A","VS","SH",0.2,695,21260695,TRUE,TRUE,TRUE,TRUE,TRUE,TRUE,TRUE,TRUE,""
"VS_SH_A","VS","SH",0.2,696,21260696,TRUE,TRUE,TRUE,TRUE,TRUE,TRUE,TRUE,TRUE,""
"VS_SH_A","VS","SH",0.2,697,21260697,TRUE,TRUE,TRUE,TRUE,TRUE,TRUE,TRUE,TRUE,""
"VS_SH_A","VS","SH",0.2,698,21260698,TRUE,TRUE,TRUE,TRUE,TRUE,TRUE,TRUE,TRUE,""
"VS_SH_A","VS","SH",0.2,699,21260699,TRUE,TRUE,TRUE,TRUE,TRUE,TRUE,TRUE,TRUE,""
"VS_SH_A","VS","SH",0.2,700,21260700,TRUE,TRUE,TRUE,TRUE,TRUE,TRUE,TRUE,TRUE,""
"VS_SH_A","VS","SH",0.2,701,21260701,TRUE,TRUE,TRUE,TRUE,TRUE,TRUE,TRUE,TRUE,""
"VS_SH_A","VS","SH",0.2,702,21260702,TRUE,TRUE,TRUE,TRUE,TRUE,TRUE,TRUE,TRUE,""
"VS_SH_A","VS","SH",0.2,703,21260703,TRUE,TRUE,TRUE,TRUE,TRUE,TRUE,TRUE,TRUE,""
"VS_SH_A","VS","SH",0.2,704,21260704,TRUE,TRUE,TRUE,TRUE,TRUE,TRUE,TRUE,TRUE,""
"VS_SH_A","VS","SH",0.2,705,21260705,TRUE,TRUE,TRUE,TRUE,TRUE,TRUE,TRUE,TRUE,""
"VS_SH_A","VS","SH",0.2,706,21260706,TRUE,TRUE,TRUE,TRUE,TRUE,TRUE,TRUE,TRUE,""
"VS_SH_A","VS","SH",0.2,707,21260707,TRUE,TRUE,TRUE,TRUE,TRUE,TRUE,TRUE,TRUE,""
"VS_SH_A","VS","SH",0.2,708,21260708,TRUE,TRUE,TRUE,TRUE,TRUE,TRUE,TRUE,TRUE,""
"VS_SH_A","VS","SH",0.2,709,21260709,TRUE,TRUE,TRUE,TRUE,TRUE,TRUE,TRUE,TRUE,""
"VS_SH_A","VS","SH",0.2,710,21260710,TRUE,TRUE,TRUE,TRUE,TRUE,TRUE,TRUE,TRUE,""
"VS_SH_A","VS","SH",0.2,711,21260711,TRUE,TRUE,TRUE,TRUE,TRUE,TRUE,TRUE,TRUE,""
"VS_SH_A","VS","SH",0.2,712,21260712,TRUE,TRUE,TRUE,TRUE,TRUE,TRUE,TRUE,TRUE,""
"VS_SH_A","VS","SH",0.2,713,21260713,TRUE,TRUE,TRUE,TRUE,TRUE,TRUE,TRUE,TRUE,""
"VS_SH_A","VS","SH",0.2,714,21260714,TRUE,TRUE,TRUE,TRUE,TRUE,TRUE,TRUE,TRUE,""
"VS_SH_A","VS","SH",0.2,715,21260715,TRUE,TRUE,TRUE,TRUE,TRUE,TRUE,TRUE,TRUE,""
"VS_SH_A","VS","SH",0.2,716,21260716,TRUE,TRUE,TRUE,TRUE,TRUE,TRUE,TRUE,TRUE,""
"VS_SH_A","VS","SH",0.2,717,21260717,TRUE,TRUE,TRUE,TRUE,TRUE,TRUE,TRUE,TRUE,""
"VS_SH_A","VS","SH",0.2,718,21260718,TRUE,TRUE,TRUE,TRUE,TRUE,TRUE,TRUE,TRUE,""
"VS_SH_A","VS","SH",0.2,719,21260719,TRUE,TRUE,TRUE,TRUE,TRUE,TRUE,TRUE,TRUE,""
"VS_SH_A","VS","SH",0.2,720,21260720,TRUE,TRUE,TRUE,TRUE,TRUE,TRUE,TRUE,TRUE,""
"VS_SH_A","VS","SH",0.2,721,21260721,TRUE,TRUE,TRUE,TRUE,TRUE,TRUE,TRUE,TRUE,""
"VS_SH_A","VS","SH",0.2,722,21260722,TRUE,TRUE,TRUE,TRUE,TRUE,TRUE,TRUE,TRUE,""
"VS_SH_A","VS","SH",0.2,723,21260723,TRUE,TRUE,TRUE,TRUE,TRUE,TRUE,TRUE,TRUE,""
"VS_SH_A","VS","SH",0.2,724,21260724,TRUE,TRUE,TRUE,TRUE,TRUE,TRUE,TRUE,TRUE,""
"VS_SH_A","VS","SH",0.2,725,21260725,TRUE,TRUE,TRUE,TRUE,TRUE,TRUE,TRUE,TRUE,""
"VS_SH_A","VS","SH",0.2,726,21260726,TRUE,TRUE,TRUE,TRUE,TRUE,TRUE,TRUE,TRUE,""
"VS_SH_A","VS","SH",0.2,727,21260727,TRUE,TRUE,TRUE,TRUE,TRUE,TRUE,TRUE,TRUE,""
"VS_SH_A","VS","SH",0.2,728,21260728,TRUE,TRUE,TRUE,TRUE,TRUE,TRUE,TRUE,TRUE,""
"VS_SH_A","VS","SH",0.2,729,21260729,TRUE,TRUE,TRUE,TRUE,TRUE,TRUE,TRUE,TRUE,""
"VS_SH_A","VS","SH",0.2,730,21260730,TRUE,TRUE,TRUE,TRUE,TRUE,TRUE,TRUE,TRUE,""
"VS_SH_A","VS","SH",0.2,731,21260731,TRUE,TRUE,TRUE,TRUE,TRUE,TRUE,TRUE,TRUE,""
"VS_SH_A","VS","SH",0.2,732,21260732,TRUE,TRUE,TRUE,TRUE,TRUE,TRUE,TRUE,TRUE,""
"VS_SH_A","VS","SH",0.2,733,21260733,TRUE,TRUE,TRUE,TRUE,TRUE,TRUE,TRUE,TRUE,""
"VS_SH_A","VS","SH",0.2,734,21260734,TRUE,TRUE,TRUE,TRUE,TRUE,TRUE,TRUE,TRUE,""
"VS_SH_A","VS","SH",0.2,735,21260735,TRUE,TRUE,TRUE,TRUE,TRUE,TRUE,TRUE,TRUE,""
"VS_SH_A","VS","SH",0.2,736,21260736,TRUE,TRUE,TRUE,TRUE,TRUE,TRUE,TRUE,TRUE,""
"VS_SH_A","VS","SH",0.2,737,21260737,TRUE,TRUE,TRUE,TRUE,TRUE,TRUE,TRUE,TRUE,""
"VS_SH_A","VS","SH",0.2,738,21260738,TRUE,TRUE,TRUE,TRUE,TRUE,TRUE,TRUE,TRUE,""
"VS_SH_A","VS","SH",0.2,739,21260739,TRUE,TRUE,TRUE,TRUE,TRUE,TRUE,TRUE,TRUE,""
"VS_SH_A","VS","SH",0.2,740,21260740,TRUE,TRUE,TRUE,TRUE,TRUE,TRUE,TRUE,TRUE,""
"VS_SH_A","VS","SH",0.2,741,21260741,TRUE,TRUE,TRUE,TRUE,TRUE,TRUE,TRUE,TRUE,""
"VS_SH_A","VS","SH",0.2,742,21260742,TRUE,TRUE,TRUE,TRUE,TRUE,TRUE,TRUE,TRUE,""
"VS_SH_A","VS","SH",0.2,743,21260743,TRUE,TRUE,TRUE,TRUE,TRUE,TRUE,TRUE,TRUE,""
"VS_SH_A","VS","SH",0.2,744,21260744,TRUE,TRUE,TRUE,TRUE,TRUE,TRUE,TRUE,TRUE,""
"VS_SH_A","VS","SH",0.2,745,21260745,TRUE,TRUE,TRUE,TRUE,TRUE,TRUE,TRUE,TRUE,""
"VS_SH_A","VS","SH",0.2,746,21260746,TRUE,TRUE,TRUE,TRUE,TRUE,TRUE,TRUE,TRUE,""
"VS_SH_A","VS","SH",0.2,747,21260747,TRUE,TRUE,TRUE,TRUE,TRUE,TRUE,TRUE,TRUE,""
"VS_SH_A","VS","SH",0.2,748,21260748,TRUE,TRUE,TRUE,TRUE,TRUE,TRUE,TRUE,TRUE,""
"VS_SH_A","VS","SH",0.2,749,21260749,TRUE,TRUE,TRUE,TRUE,TRUE,TRUE,TRUE,TRUE,""
"VS_SH_A","VS","SH",0.2,750,21260750,TRUE,TRUE,TRUE,TRUE,TRUE,TRUE,TRUE,TRUE,""
"VS_SH_A","VS","SH",0.2,751,21260751,TRUE,TRUE,TRUE,TRUE,TRUE,TRUE,TRUE,TRUE,""
"VS_SH_A","VS","SH",0.2,752,21260752,TRUE,TRUE,TRUE,TRUE,TRUE,TRUE,TRUE,TRUE,""
"VS_SH_A","VS","SH",0.2,753,21260753,TRUE,TRUE,TRUE,TRUE,TRUE,TRUE,TRUE,TRUE,""
"VS_SH_A","VS","SH",0.2,754,21260754,TRUE,TRUE,TRUE,TRUE,TRUE,TRUE,TRUE,TRUE,""
"VS_SH_A","VS","SH",0.2,755,21260755,TRUE,TRUE,TRUE,TRUE,TRUE,TRUE,TRUE,TRUE,""
"VS_SH_A","VS","SH",0.2,756,21260756,TRUE,TRUE,TRUE,TRUE,TRUE,TRUE,TRUE,TRUE,""
"VS_SH_A","VS","SH",0.2,757,21260757,TRUE,TRUE,TRUE,TRUE,TRUE,TRUE,TRUE,TRUE,""
"VS_SH_A","VS","SH",0.2,758,21260758,TRUE,TRUE,TRUE,TRUE,TRUE,TRUE,TRUE,TRUE,""
"VS_SH_A","VS","SH",0.2,759,21260759,TRUE,TRUE,TRUE,TRUE,TRUE,TRUE,TRUE,TRUE,""
"VS_SH_A","VS","SH",0.2,760,21260760,TRUE,TRUE,TRUE,TRUE,TRUE,TRUE,TRUE,TRUE,""
"VS_SH_A","VS","SH",0.2,761,21260761,TRUE,TRUE,TRUE,TRUE,TRUE,TRUE,TRUE,TRUE,""
"VS_SH_A","VS","SH",0.2,762,21260762,TRUE,TRUE,TRUE,TRUE,TRUE,TRUE,TRUE,TRUE,""
"VS_SH_A","VS","SH",0.2,763,21260763,TRUE,TRUE,TRUE,TRUE,TRUE,TRUE,TRUE,TRUE,""
"VS_SH_A","VS","SH",0.2,764,21260764,TRUE,TRUE,TRUE,TRUE,TRUE,TRUE,TRUE,TRUE,""
"VS_SH_A","VS","SH",0.2,765,21260765,TRUE,TRUE,TRUE,TRUE,TRUE,TRUE,TRUE,TRUE,""
"VS_SH_A","VS","SH",0.2,766,21260766,TRUE,TRUE,TRUE,TRUE,TRUE,TRUE,TRUE,TRUE,""
"VS_SH_A","VS","SH",0.2,767,21260767,TRUE,TRUE,TRUE,TRUE,TRUE,TRUE,TRUE,TRUE,""
"VS_SH_A","VS","SH",0.2,768,21260768,TRUE,TRUE,TRUE,TRUE,TRUE,TRUE,TRUE,TRUE,""
"VS_SH_A","VS","SH",0.2,769,21260769,TRUE,TRUE,TRUE,TRUE,TRUE,TRUE,TRUE,TRUE,""
"VS_SH_A","VS","SH",0.2,770,21260770,TRUE,TRUE,TRUE,TRUE,TRUE,TRUE,TRUE,TRUE,""
"VS_SH_A","VS","SH",0.2,771,21260771,TRUE,TRUE,TRUE,TRUE,TRUE,TRUE,TRUE,TRUE,""
"VS_SH_A","VS","SH",0.2,772,21260772,TRUE,TRUE,TRUE,TRUE,TRUE,TRUE,TRUE,TRUE,""
"VS_SH_A","VS","SH",0.2,773,21260773,TRUE,TRUE,TRUE,TRUE,TRUE,TRUE,TRUE,TRUE,""
"VS_SH_A","VS","SH",0.2,774,21260774,TRUE,TRUE,TRUE,TRUE,TRUE,TRUE,TRUE,TRUE,""
"VS_SH_A","VS","SH",0.2,775,21260775,TRUE,TRUE,TRUE,TRUE,TRUE,TRUE,TRUE,TRUE,""
"VS_SH_A","VS","SH",0.2,776,21260776,TRUE,TRUE,TRUE,TRUE,TRUE,TRUE,TRUE,TRUE,""
"VS_SH_A","VS","SH",0.2,777,21260777,TRUE,TRUE,TRUE,TRUE,TRUE,TRUE,TRUE,TRUE,""
"VS_SH_A","VS","SH",0.2,778,21260778,TRUE,TRUE,TRUE,TRUE,TRUE,TRUE,TRUE,TRUE,""
"VS_SH_A","VS","SH",0.2,779,21260779,TRUE,TRUE,TRUE,TRUE,TRUE,TRUE,TRUE,TRUE,""
"VS_SH_A","VS","SH",0.2,780,21260780,TRUE,TRUE,TRUE,TRUE,TRUE,TRUE,TRUE,TRUE,""
"VS_SH_A","VS","SH",0.2,781,21260781,TRUE,TRUE,TRUE,TRUE,TRUE,TRUE,TRUE,TRUE,""
"VS_SH_A","VS","SH",0.2,782,21260782,TRUE,TRUE,TRUE,TRUE,TRUE,TRUE,TRUE,TRUE,""
"VS_SH_A","VS","SH",0.2,783,21260783,TRUE,TRUE,TRUE,TRUE,TRUE,TRUE,TRUE,TRUE,""
"VS_SH_A","VS","SH",0.2,784,21260784,TRUE,TRUE,TRUE,TRUE,TRUE,TRUE,TRUE,TRUE,""
"VS_SH_A","VS","SH",0.2,785,21260785,TRUE,TRUE,TRUE,TRUE,TRUE,TRUE,TRUE,TRUE,""
"VS_SH_A","VS","SH",0.2,786,21260786,TRUE,TRUE,TRUE,TRUE,TRUE,TRUE,TRUE,TRUE,""
"VS_SH_A","VS","SH",0.2,787,21260787,TRUE,TRUE,TRUE,TRUE,TRUE,TRUE,TRUE,TRUE,""
"VS_SH_A","VS","SH",0.2,788,21260788,TRUE,TRUE,TRUE,TRUE,TRUE,TRUE,TRUE,TRUE,""
"VS_SH_A","VS","SH",0.2,789,21260789,TRUE,TRUE,TRUE,TRUE,TRUE,TRUE,TRUE,TRUE,""
"VS_SH_A","VS","SH",0.2,790,21260790,TRUE,TRUE,TRUE,TRUE,TRUE,TRUE,TRUE,TRUE,""
"VS_SH_A","VS","SH",0.2,791,21260791,TRUE,TRUE,TRUE,TRUE,TRUE,TRUE,TRUE,TRUE,""
"VS_SH_A","VS","SH",0.2,792,21260792,TRUE,TRUE,TRUE,TRUE,TRUE,TRUE,TRUE,TRUE,""
"VS_SH_A","VS","SH",0.2,793,21260793,TRUE,TRUE,TRUE,TRUE,TRUE,TRUE,TRUE,TRUE,""
"VS_SH_A","VS","SH",0.2,794,21260794,TRUE,TRUE,TRUE,TRUE,TRUE,TRUE,TRUE,TRUE,""
"VS_SH_A","VS","SH",0.2,795,21260795,TRUE,TRUE,TRUE,TRUE,TRUE,TRUE,TRUE,TRUE,""
"VS_SH_A","VS","SH",0.2,796,21260796,TRUE,TRUE,TRUE,TRUE,TRUE,TRUE,TRUE,TRUE,""
"VS_SH_A","VS","SH",0.2,797,21260797,TRUE,TRUE,TRUE,TRUE,TRUE,TRUE,TRUE,TRUE,""
"VS_SH_A","VS","SH",0.2,798,21260798,TRUE,TRUE,TRUE,TRUE,TRUE,TRUE,TRUE,TRUE,""
"VS_SH_A","VS","SH",0.2,799,21260799,TRUE,TRUE,TRUE,TRUE,TRUE,TRUE,TRUE,TRUE,""
"VS_SH_A","VS","SH",0.2,800,21260800,TRUE,TRUE,TRUE,TRUE,TRUE,TRUE,TRUE,TRUE,""
"VS_SH_A","VS","SH",0.2,801,21260801,TRUE,TRUE,TRUE,TRUE,TRUE,TRUE,TRUE,TRUE,""
"VS_SH_A","VS","SH",0.2,802,21260802,TRUE,TRUE,TRUE,TRUE,TRUE,TRUE,TRUE,TRUE,""
"VS_SH_A","VS","SH",0.2,803,21260803,TRUE,TRUE,TRUE,TRUE,TRUE,TRUE,TRUE,TRUE,""
"VS_SH_A","VS","SH",0.2,804,21260804,TRUE,TRUE,TRUE,TRUE,TRUE,TRUE,TRUE,TRUE,""
"VS_SH_A","VS","SH",0.2,805,21260805,TRUE,TRUE,TRUE,TRUE,TRUE,TRUE,TRUE,TRUE,""
"VS_SH_A","VS","SH",0.2,806,21260806,TRUE,TRUE,TRUE,TRUE,TRUE,TRUE,TRUE,TRUE,""
"VS_SH_A","VS","SH",0.2,807,21260807,TRUE,TRUE,TRUE,TRUE,TRUE,TRUE,TRUE,TRUE,""
"VS_SH_A","VS","SH",0.2,808,21260808,TRUE,TRUE,TRUE,TRUE,TRUE,TRUE,TRUE,TRUE,""
"VS_SH_A","VS","SH",0.2,809,21260809,TRUE,TRUE,TRUE,TRUE,TRUE,TRUE,TRUE,TRUE,""
"VS_SH_A","VS","SH",0.2,810,21260810,TRUE,TRUE,TRUE,TRUE,TRUE,TRUE,TRUE,TRUE,""
"VS_SH_A","VS","SH",0.2,811,21260811,TRUE,TRUE,TRUE,TRUE,TRUE,TRUE,TRUE,TRUE,""
"VS_SH_A","VS","SH",0.2,812,21260812,TRUE,TRUE,TRUE,TRUE,TRUE,TRUE,TRUE,TRUE,""
"VS_SH_A","VS","SH",0.2,813,21260813,TRUE,TRUE,TRUE,TRUE,TRUE,TRUE,TRUE,TRUE,""
"VS_SH_A","VS","SH",0.2,814,21260814,TRUE,TRUE,TRUE,TRUE,TRUE,TRUE,TRUE,TRUE,""
"VS_SH_A","VS","SH",0.2,815,21260815,TRUE,TRUE,TRUE,TRUE,TRUE,TRUE,TRUE,TRUE,""
"VS_SH_A","VS","SH",0.2,816,21260816,TRUE,TRUE,TRUE,TRUE,TRUE,TRUE,TRUE,TRUE,""
"VS_SH_A","VS","SH",0.2,817,21260817,TRUE,TRUE,TRUE,TRUE,TRUE,TRUE,TRUE,TRUE,""
"VS_SH_A","VS","SH",0.2,818,21260818,TRUE,TRUE,TRUE,TRUE,TRUE,TRUE,TRUE,TRUE,""
"VS_SH_A","VS","SH",0.2,819,21260819,TRUE,TRUE,TRUE,TRUE,TRUE,TRUE,TRUE,TRUE,""
"VS_SH_A","VS","SH",0.2,820,21260820,TRUE,TRUE,TRUE,TRUE,TRUE,TRUE,TRUE,TRUE,""
"VS_SH_A","VS","SH",0.2,821,21260821,TRUE,TRUE,TRUE,TRUE,TRUE,TRUE,TRUE,TRUE,""
"VS_SH_A","VS","SH",0.2,822,21260822,TRUE,TRUE,TRUE,TRUE,TRUE,TRUE,TRUE,TRUE,""
"VS_SH_A","VS","SH",0.2,823,21260823,TRUE,TRUE,TRUE,TRUE,TRUE,TRUE,TRUE,TRUE,""
"VS_SH_A","VS","SH",0.2,824,21260824,TRUE,TRUE,TRUE,TRUE,TRUE,TRUE,TRUE,TRUE,""
"VS_SH_A","VS","SH",0.2,825,21260825,TRUE,TRUE,TRUE,TRUE,TRUE,TRUE,TRUE,TRUE,""
"VS_SH_A","VS","SH",0.2,826,21260826,TRUE,TRUE,TRUE,TRUE,TRUE,TRUE,TRUE,TRUE,""
"VS_SH_A","VS","SH",0.2,827,21260827,TRUE,TRUE,TRUE,TRUE,TRUE,TRUE,TRUE,TRUE,""
"VS_SH_A","VS","SH",0.2,828,21260828,TRUE,TRUE,TRUE,TRUE,TRUE,TRUE,TRUE,TRUE,""
"VS_SH_A","VS","SH",0.2,829,21260829,TRUE,TRUE,TRUE,TRUE,TRUE,TRUE,TRUE,TRUE,""
"VS_SH_A","VS","SH",0.2,830,21260830,TRUE,TRUE,TRUE,TRUE,TRUE,TRUE,TRUE,TRUE,""
"VS_SH_A","VS","SH",0.2,831,21260831,TRUE,TRUE,TRUE,TRUE,TRUE,TRUE,TRUE,TRUE,""
"VS_SH_A","VS","SH",0.2,832,21260832,TRUE,TRUE,TRUE,TRUE,TRUE,TRUE,TRUE,TRUE,""
"VS_SH_A","VS","SH",0.2,833,21260833,TRUE,TRUE,TRUE,TRUE,TRUE,TRUE,TRUE,TRUE,""
"VS_SH_A","VS","SH",0.2,834,21260834,TRUE,TRUE,TRUE,TRUE,TRUE,TRUE,TRUE,TRUE,""
"VS_SH_A","VS","SH",0.2,835,21260835,TRUE,TRUE,TRUE,TRUE,TRUE,TRUE,TRUE,TRUE,""
"VS_SH_A","VS","SH",0.2,836,21260836,TRUE,TRUE,TRUE,TRUE,TRUE,TRUE,TRUE,TRUE,""
"VS_SH_A","VS","SH",0.2,837,21260837,TRUE,TRUE,TRUE,TRUE,TRUE,TRUE,TRUE,TRUE,""
"VS_SH_A","VS","SH",0.2,838,21260838,TRUE,TRUE,TRUE,TRUE,TRUE,TRUE,TRUE,TRUE,""
"VS_SH_A","VS","SH",0.2,839,21260839,TRUE,TRUE,TRUE,TRUE,TRUE,TRUE,TRUE,TRUE,""
"VS_SH_A","VS","SH",0.2,840,21260840,TRUE,TRUE,TRUE,TRUE,TRUE,TRUE,TRUE,TRUE,""
"VS_SH_A","VS","SH",0.2,841,21260841,TRUE,TRUE,TRUE,TRUE,TRUE,TRUE,TRUE,TRUE,""
"VS_SH_A","VS","SH",0.2,842,21260842,TRUE,TRUE,TRUE,TRUE,TRUE,TRUE,TRUE,TRUE,""
"VS_SH_A","VS","SH",0.2,843,21260843,TRUE,TRUE,TRUE,TRUE,TRUE,TRUE,TRUE,TRUE,""
"VS_SH_A","VS","SH",0.2,844,21260844,TRUE,TRUE,TRUE,TRUE,TRUE,TRUE,TRUE,TRUE,""
"VS_SH_A","VS","SH",0.2,845,21260845,TRUE,TRUE,TRUE,TRUE,TRUE,TRUE,TRUE,TRUE,""
"VS_SH_A","VS","SH",0.2,846,21260846,TRUE,TRUE,TRUE,TRUE,TRUE,TRUE,TRUE,TRUE,""
"VS_SH_A","VS","SH",0.2,847,21260847,TRUE,TRUE,TRUE,TRUE,TRUE,TRUE,TRUE,TRUE,""
"VS_SH_A","VS","SH",0.2,848,21260848,TRUE,TRUE,TRUE,TRUE,TRUE,TRUE,TRUE,TRUE,""
"VS_SH_A","VS","SH",0.2,849,21260849,TRUE,TRUE,TRUE,TRUE,TRUE,TRUE,TRUE,TRUE,""
"VS_SH_A","VS","SH",0.2,850,21260850,TRUE,TRUE,TRUE,TRUE,TRUE,TRUE,TRUE,TRUE,""
"VS_SH_A","VS","SH",0.2,851,21260851,TRUE,TRUE,TRUE,TRUE,TRUE,TRUE,TRUE,TRUE,""
"VS_SH_A","VS","SH",0.2,852,21260852,TRUE,TRUE,TRUE,TRUE,TRUE,TRUE,TRUE,TRUE,""
"VS_SH_A","VS","SH",0.2,853,21260853,TRUE,TRUE,TRUE,TRUE,TRUE,TRUE,TRUE,TRUE,""
"VS_SH_A","VS","SH",0.2,854,21260854,TRUE,TRUE,TRUE,TRUE,TRUE,TRUE,TRUE,TRUE,""
"VS_SH_A","VS","SH",0.2,855,21260855,TRUE,TRUE,TRUE,TRUE,TRUE,TRUE,TRUE,TRUE,""
"VS_SH_A","VS","SH",0.2,856,21260856,TRUE,TRUE,TRUE,TRUE,TRUE,TRUE,TRUE,TRUE,""
"VS_SH_A","VS","SH",0.2,857,21260857,TRUE,TRUE,TRUE,TRUE,TRUE,TRUE,TRUE,TRUE,""
"VS_SH_A","VS","SH",0.2,858,21260858,TRUE,TRUE,TRUE,TRUE,TRUE,TRUE,TRUE,TRUE,""
"VS_SH_A","VS","SH",0.2,859,21260859,TRUE,TRUE,TRUE,TRUE,TRUE,TRUE,TRUE,TRUE,""
"VS_SH_A","VS","SH",0.2,860,21260860,TRUE,TRUE,TRUE,TRUE,TRUE,TRUE,TRUE,TRUE,""
"VS_SH_A","VS","SH",0.2,861,21260861,TRUE,TRUE,TRUE,TRUE,TRUE,TRUE,TRUE,TRUE,""
"VS_SH_A","VS","SH",0.2,862,21260862,TRUE,TRUE,TRUE,TRUE,TRUE,TRUE,TRUE,TRUE,""
"VS_SH_A","VS","SH",0.2,863,21260863,TRUE,TRUE,TRUE,TRUE,TRUE,TRUE,TRUE,TRUE,""
"VS_SH_A","VS","SH",0.2,864,21260864,TRUE,TRUE,TRUE,TRUE,TRUE,TRUE,TRUE,TRUE,""
"VS_SH_A","VS","SH",0.2,865,21260865,TRUE,TRUE,TRUE,TRUE,TRUE,TRUE,TRUE,TRUE,""
"VS_SH_A","VS","SH",0.2,866,21260866,TRUE,TRUE,TRUE,TRUE,TRUE,TRUE,TRUE,TRUE,""
"VS_SH_A","VS","SH",0.2,867,21260867,TRUE,TRUE,TRUE,TRUE,TRUE,TRUE,TRUE,TRUE,""
"VS_SH_A","VS","SH",0.2,868,21260868,TRUE,TRUE,TRUE,TRUE,TRUE,TRUE,TRUE,TRUE,""
"VS_SH_A","VS","SH",0.2,869,21260869,TRUE,TRUE,TRUE,TRUE,TRUE,TRUE,TRUE,TRUE,""
"VS_SH_A","VS","SH",0.2,870,21260870,TRUE,TRUE,TRUE,TRUE,TRUE,TRUE,TRUE,TRUE,""
"VS_SH_A","VS","SH",0.2,871,21260871,TRUE,TRUE,TRUE,TRUE,TRUE,TRUE,TRUE,TRUE,""
"VS_SH_A","VS","SH",0.2,872,21260872,TRUE,TRUE,TRUE,TRUE,TRUE,TRUE,TRUE,TRUE,""
"VS_SH_A","VS","SH",0.2,873,21260873,TRUE,TRUE,TRUE,TRUE,TRUE,TRUE,TRUE,TRUE,""
"VS_SH_A","VS","SH",0.2,874,21260874,TRUE,TRUE,TRUE,TRUE,TRUE,TRUE,TRUE,TRUE,""
"VS_SH_A","VS","SH",0.2,875,21260875,TRUE,TRUE,TRUE,TRUE,TRUE,TRUE,TRUE,TRUE,""
"VS_SH_A","VS","SH",0.2,876,21260876,TRUE,TRUE,TRUE,TRUE,TRUE,TRUE,TRUE,TRUE,""
"VS_SH_A","VS","SH",0.2,877,21260877,TRUE,TRUE,TRUE,TRUE,TRUE,TRUE,TRUE,TRUE,""
"VS_SH_A","VS","SH",0.2,878,21260878,TRUE,TRUE,TRUE,TRUE,TRUE,TRUE,TRUE,TRUE,""
"VS_SH_A","VS","SH",0.2,879,21260879,TRUE,TRUE,TRUE,TRUE,TRUE,TRUE,TRUE,TRUE,""
"VS_SH_A","VS","SH",0.2,880,21260880,TRUE,TRUE,TRUE,TRUE,TRUE,TRUE,TRUE,TRUE,""
"VS_SH_A","VS","SH",0.2,881,21260881,TRUE,TRUE,TRUE,TRUE,TRUE,TRUE,TRUE,TRUE,""
"VS_SH_A","VS","SH",0.2,882,21260882,TRUE,TRUE,TRUE,TRUE,TRUE,TRUE,TRUE,TRUE,""
"VS_SH_A","VS","SH",0.2,883,21260883,TRUE,TRUE,TRUE,TRUE,TRUE,TRUE,TRUE,TRUE,""
"VS_SH_A","VS","SH",0.2,884,21260884,TRUE,TRUE,TRUE,TRUE,TRUE,TRUE,TRUE,TRUE,""
"VS_SH_A","VS","SH",0.2,885,21260885,TRUE,TRUE,TRUE,TRUE,TRUE,TRUE,TRUE,TRUE,""
"VS_SH_A","VS","SH",0.2,886,21260886,TRUE,TRUE,TRUE,TRUE,TRUE,TRUE,TRUE,TRUE,""
"VS_SH_A","VS","SH",0.2,887,21260887,TRUE,TRUE,TRUE,TRUE,TRUE,TRUE,TRUE,TRUE,""
"VS_SH_A","VS","SH",0.2,888,21260888,TRUE,TRUE,TRUE,TRUE,TRUE,TRUE,TRUE,TRUE,""
"VS_SH_A","VS","SH",0.2,889,21260889,TRUE,TRUE,TRUE,TRUE,TRUE,TRUE,TRUE,TRUE,""
"VS_SH_A","VS","SH",0.2,890,21260890,TRUE,TRUE,TRUE,TRUE,TRUE,TRUE,TRUE,TRUE,""
"VS_SH_A","VS","SH",0.2,891,21260891,TRUE,TRUE,TRUE,TRUE,TRUE,TRUE,TRUE,TRUE,""
"VS_SH_A","VS","SH",0.2,892,21260892,TRUE,TRUE,TRUE,TRUE,TRUE,TRUE,TRUE,TRUE,""
"VS_SH_A","VS","SH",0.2,893,21260893,TRUE,TRUE,TRUE,TRUE,TRUE,TRUE,TRUE,TRUE,""
"VS_SH_A","VS","SH",0.2,894,21260894,TRUE,TRUE,TRUE,TRUE,TRUE,TRUE,TRUE,TRUE,""
"VS_SH_A","VS","SH",0.2,895,21260895,TRUE,TRUE,TRUE,TRUE,TRUE,TRUE,TRUE,TRUE,""
"VS_SH_A","VS","SH",0.2,896,21260896,TRUE,TRUE,TRUE,TRUE,TRUE,TRUE,TRUE,TRUE,""
"VS_SH_A","VS","SH",0.2,897,21260897,TRUE,TRUE,TRUE,TRUE,TRUE,TRUE,TRUE,TRUE,""
"VS_SH_A","VS","SH",0.2,898,21260898,TRUE,TRUE,TRUE,TRUE,TRUE,TRUE,TRUE,TRUE,""
"VS_SH_A","VS","SH",0.2,899,21260899,TRUE,TRUE,TRUE,TRUE,TRUE,TRUE,TRUE,TRUE,""
"VS_SH_A","VS","SH",0.2,900,21260900,TRUE,TRUE,TRUE,TRUE,TRUE,TRUE,TRUE,TRUE,""
"VS_SH_A","VS","SH",0.2,901,21260901,TRUE,TRUE,TRUE,TRUE,TRUE,TRUE,TRUE,TRUE,""
"VS_SH_A","VS","SH",0.2,902,21260902,TRUE,TRUE,TRUE,TRUE,TRUE,TRUE,TRUE,TRUE,""
"VS_SH_A","VS","SH",0.2,903,21260903,TRUE,TRUE,TRUE,TRUE,TRUE,TRUE,TRUE,TRUE,""
"VS_SH_A","VS","SH",0.2,904,21260904,TRUE,TRUE,TRUE,TRUE,TRUE,TRUE,TRUE,TRUE,""
"VS_SH_A","VS","SH",0.2,905,21260905,TRUE,TRUE,TRUE,TRUE,TRUE,TRUE,TRUE,TRUE,""
"VS_SH_A","VS","SH",0.2,906,21260906,TRUE,TRUE,TRUE,TRUE,TRUE,TRUE,TRUE,TRUE,""
"VS_SH_A","VS","SH",0.2,907,21260907,TRUE,TRUE,TRUE,TRUE,TRUE,TRUE,TRUE,TRUE,""
"VS_SH_A","VS","SH",0.2,908,21260908,TRUE,TRUE,TRUE,TRUE,TRUE,TRUE,TRUE,TRUE,""
"VS_SH_A","VS","SH",0.2,909,21260909,TRUE,TRUE,TRUE,TRUE,TRUE,TRUE,TRUE,TRUE,""
"VS_SH_A","VS","SH",0.2,910,21260910,TRUE,TRUE,TRUE,TRUE,TRUE,TRUE,TRUE,TRUE,""
"VS_SH_A","VS","SH",0.2,911,21260911,TRUE,TRUE,TRUE,TRUE,TRUE,TRUE,TRUE,TRUE,""
"VS_SH_A","VS","SH",0.2,912,21260912,TRUE,TRUE,TRUE,TRUE,TRUE,TRUE,TRUE,TRUE,""
"VS_SH_A","VS","SH",0.2,913,21260913,TRUE,TRUE,TRUE,TRUE,TRUE,TRUE,TRUE,TRUE,""
"VS_SH_A","VS","SH",0.2,914,21260914,TRUE,TRUE,TRUE,TRUE,TRUE,TRUE,TRUE,TRUE,""
"VS_SH_A","VS","SH",0.2,915,21260915,TRUE,TRUE,TRUE,TRUE,TRUE,TRUE,TRUE,TRUE,""
"VS_SH_A","VS","SH",0.2,916,21260916,TRUE,TRUE,TRUE,TRUE,TRUE,TRUE,TRUE,TRUE,""
"VS_SH_A","VS","SH",0.2,917,21260917,TRUE,TRUE,TRUE,TRUE,TRUE,TRUE,TRUE,TRUE,""
"VS_SH_A","VS","SH",0.2,918,21260918,TRUE,TRUE,TRUE,TRUE,TRUE,TRUE,TRUE,TRUE,""
"VS_SH_A","VS","SH",0.2,919,21260919,TRUE,TRUE,TRUE,TRUE,TRUE,TRUE,TRUE,TRUE,""
"VS_SH_A","VS","SH",0.2,920,21260920,TRUE,TRUE,TRUE,TRUE,TRUE,TRUE,TRUE,TRUE,""
"VS_SH_A","VS","SH",0.2,921,21260921,TRUE,TRUE,TRUE,TRUE,TRUE,TRUE,TRUE,TRUE,""
"VS_SH_A","VS","SH",0.2,922,21260922,TRUE,TRUE,TRUE,TRUE,TRUE,TRUE,TRUE,TRUE,""
"VS_SH_A","VS","SH",0.2,923,21260923,TRUE,TRUE,TRUE,TRUE,TRUE,TRUE,TRUE,TRUE,""
"VS_SH_A","VS","SH",0.2,924,21260924,TRUE,TRUE,TRUE,TRUE,TRUE,TRUE,TRUE,TRUE,""
"VS_SH_A","VS","SH",0.2,925,21260925,TRUE,TRUE,TRUE,TRUE,TRUE,TRUE,TRUE,TRUE,""
"VS_SH_A","VS","SH",0.2,926,21260926,TRUE,TRUE,TRUE,TRUE,TRUE,TRUE,TRUE,TRUE,""
"VS_SH_A","VS","SH",0.2,927,21260927,TRUE,TRUE,TRUE,TRUE,TRUE,TRUE,TRUE,TRUE,""
"VS_SH_A","VS","SH",0.2,928,21260928,TRUE,TRUE,TRUE,TRUE,TRUE,TRUE,TRUE,TRUE,""
"VS_SH_A","VS","SH",0.2,929,21260929,TRUE,TRUE,TRUE,TRUE,TRUE,TRUE,TRUE,TRUE,""
"VS_SH_A","VS","SH",0.2,930,21260930,TRUE,TRUE,TRUE,TRUE,TRUE,TRUE,TRUE,TRUE,""
"VS_SH_A","VS","SH",0.2,931,21260931,TRUE,TRUE,TRUE,TRUE,TRUE,TRUE,TRUE,TRUE,""
"VS_SH_A","VS","SH",0.2,932,21260932,TRUE,TRUE,TRUE,TRUE,TRUE,TRUE,TRUE,TRUE,""
"VS_SH_A","VS","SH",0.2,933,21260933,TRUE,TRUE,TRUE,TRUE,TRUE,TRUE,TRUE,TRUE,""
"VS_SH_A","VS","SH",0.2,934,21260934,TRUE,TRUE,TRUE,TRUE,TRUE,TRUE,TRUE,TRUE,""
"VS_SH_A","VS","SH",0.2,935,21260935,TRUE,TRUE,TRUE,TRUE,TRUE,TRUE,TRUE,TRUE,""
"VS_SH_A","VS","SH",0.2,936,21260936,TRUE,TRUE,TRUE,TRUE,TRUE,TRUE,TRUE,TRUE,""
"VS_SH_A","VS","SH",0.2,937,21260937,TRUE,TRUE,TRUE,TRUE,TRUE,TRUE,TRUE,TRUE,""
"VS_SH_A","VS","SH",0.2,938,21260938,TRUE,TRUE,TRUE,TRUE,TRUE,TRUE,TRUE,TRUE,""
"VS_SH_A","VS","SH",0.2,939,21260939,TRUE,TRUE,TRUE,TRUE,TRUE,TRUE,TRUE,TRUE,""
"VS_SH_A","VS","SH",0.2,940,21260940,TRUE,TRUE,TRUE,TRUE,TRUE,TRUE,TRUE,TRUE,""
"VS_SH_A","VS","SH",0.2,941,21260941,TRUE,TRUE,TRUE,TRUE,TRUE,TRUE,TRUE,TRUE,""
"VS_SH_A","VS","SH",0.2,942,21260942,TRUE,TRUE,TRUE,TRUE,TRUE,TRUE,TRUE,TRUE,""
"VS_SH_A","VS","SH",0.2,943,21260943,TRUE,TRUE,TRUE,TRUE,TRUE,TRUE,TRUE,TRUE,""
"VS_SH_A","VS","SH",0.2,944,21260944,TRUE,TRUE,TRUE,TRUE,TRUE,TRUE,TRUE,TRUE,""
"VS_SH_A","VS","SH",0.2,945,21260945,TRUE,TRUE,TRUE,TRUE,TRUE,TRUE,TRUE,TRUE,""
"VS_SH_A","VS","SH",0.2,946,21260946,TRUE,TRUE,TRUE,TRUE,TRUE,TRUE,TRUE,TRUE,""
"VS_SH_A","VS","SH",0.2,947,21260947,TRUE,TRUE,TRUE,TRUE,TRUE,TRUE,TRUE,TRUE,""
"VS_SH_A","VS","SH",0.2,948,21260948,TRUE,TRUE,TRUE,TRUE,TRUE,TRUE,TRUE,TRUE,""
"VS_SH_A","VS","SH",0.2,949,21260949,TRUE,TRUE,TRUE,TRUE,TRUE,TRUE,TRUE,TRUE,""
"VS_SH_A","VS","SH",0.2,950,21260950,TRUE,TRUE,TRUE,TRUE,TRUE,TRUE,TRUE,TRUE,""
"VS_SH_A","VS","SH",0.2,951,21260951,TRUE,TRUE,TRUE,TRUE,TRUE,TRUE,TRUE,TRUE,""
"VS_SH_A","VS","SH",0.2,952,21260952,TRUE,TRUE,TRUE,TRUE,TRUE,TRUE,TRUE,TRUE,""
"VS_SH_A","VS","SH",0.2,953,21260953,TRUE,TRUE,TRUE,TRUE,TRUE,TRUE,TRUE,TRUE,""
"VS_SH_A","VS","SH",0.2,954,21260954,TRUE,TRUE,TRUE,TRUE,TRUE,TRUE,TRUE,TRUE,""
"VS_SH_A","VS","SH",0.2,955,21260955,TRUE,TRUE,TRUE,TRUE,TRUE,TRUE,TRUE,TRUE,""
"VS_SH_A","VS","SH",0.2,956,21260956,TRUE,TRUE,TRUE,TRUE,TRUE,TRUE,TRUE,TRUE,""
"VS_SH_A","VS","SH",0.2,957,21260957,TRUE,TRUE,TRUE,TRUE,TRUE,TRUE,TRUE,TRUE,""
"VS_SH_A","VS","SH",0.2,958,21260958,TRUE,TRUE,TRUE,TRUE,TRUE,TRUE,TRUE,TRUE,""
"VS_SH_A","VS","SH",0.2,959,21260959,TRUE,TRUE,TRUE,TRUE,TRUE,TRUE,TRUE,TRUE,""
"VS_SH_A","VS","SH",0.2,960,21260960,TRUE,TRUE,TRUE,TRUE,TRUE,TRUE,TRUE,TRUE,""
"VS_SH_A","VS","SH",0.2,961,21260961,TRUE,TRUE,TRUE,TRUE,TRUE,TRUE,TRUE,TRUE,""
"VS_SH_A","VS","SH",0.2,962,21260962,TRUE,TRUE,TRUE,TRUE,TRUE,TRUE,TRUE,TRUE,""
"VS_SH_A","VS","SH",0.2,963,21260963,TRUE,TRUE,TRUE,TRUE,TRUE,TRUE,TRUE,TRUE,""
"VS_SH_A","VS","SH",0.2,964,21260964,TRUE,TRUE,TRUE,TRUE,TRUE,TRUE,TRUE,TRUE,""
"VS_SH_A","VS","SH",0.2,965,21260965,TRUE,TRUE,TRUE,TRUE,TRUE,TRUE,TRUE,TRUE,""
"VS_SH_A","VS","SH",0.2,966,21260966,TRUE,TRUE,TRUE,TRUE,TRUE,TRUE,TRUE,TRUE,""
"VS_SH_A","VS","SH",0.2,967,21260967,TRUE,TRUE,TRUE,TRUE,TRUE,TRUE,TRUE,TRUE,""
"VS_SH_A","VS","SH",0.2,968,21260968,TRUE,TRUE,TRUE,TRUE,TRUE,TRUE,TRUE,TRUE,""
"VS_SH_A","VS","SH",0.2,969,21260969,TRUE,TRUE,TRUE,TRUE,TRUE,TRUE,TRUE,TRUE,""
"VS_SH_A","VS","SH",0.2,970,21260970,TRUE,TRUE,TRUE,TRUE,TRUE,TRUE,TRUE,TRUE,""
"VS_SH_A","VS","SH",0.2,971,21260971,TRUE,TRUE,TRUE,TRUE,TRUE,TRUE,TRUE,TRUE,""
"VS_SH_A","VS","SH",0.2,972,21260972,TRUE,TRUE,TRUE,TRUE,TRUE,TRUE,TRUE,TRUE,""
"VS_SH_A","VS","SH",0.2,973,21260973,TRUE,TRUE,TRUE,TRUE,TRUE,TRUE,TRUE,TRUE,""
"VS_SH_A","VS","SH",0.2,974,21260974,TRUE,TRUE,TRUE,TRUE,TRUE,TRUE,TRUE,TRUE,""
"VS_SH_A","VS","SH",0.2,975,21260975,TRUE,TRUE,TRUE,TRUE,TRUE,TRUE,TRUE,TRUE,""
"VS_SH_A","VS","SH",0.2,976,21260976,TRUE,TRUE,TRUE,TRUE,TRUE,TRUE,TRUE,TRUE,""
"VS_SH_A","VS","SH",0.2,977,21260977,TRUE,TRUE,TRUE,TRUE,TRUE,TRUE,TRUE,TRUE,""
"VS_SH_A","VS","SH",0.2,978,21260978,TRUE,TRUE,TRUE,TRUE,TRUE,TRUE,TRUE,TRUE,""
"VS_SH_A","VS","SH",0.2,979,21260979,TRUE,TRUE,TRUE,TRUE,TRUE,TRUE,TRUE,TRUE,""
"VS_SH_A","VS","SH",0.2,980,21260980,TRUE,TRUE,TRUE,TRUE,TRUE,TRUE,TRUE,TRUE,""
"VS_SH_A","VS","SH",0.2,981,21260981,TRUE,TRUE,TRUE,TRUE,TRUE,TRUE,TRUE,TRUE,""
"VS_SH_A","VS","SH",0.2,982,21260982,TRUE,TRUE,TRUE,TRUE,TRUE,TRUE,TRUE,TRUE,""
"VS_SH_A","VS","SH",0.2,983,21260983,TRUE,TRUE,TRUE,TRUE,TRUE,TRUE,TRUE,TRUE,""
"VS_SH_A","VS","SH",0.2,984,21260984,TRUE,TRUE,TRUE,TRUE,TRUE,TRUE,TRUE,TRUE,""
"VS_SH_A","VS","SH",0.2,985,21260985,TRUE,TRUE,TRUE,TRUE,TRUE,TRUE,TRUE,TRUE,""
"VS_SH_A","VS","SH",0.2,986,21260986,TRUE,TRUE,TRUE,TRUE,TRUE,TRUE,TRUE,TRUE,""
"VS_SH_A","VS","SH",0.2,987,21260987,TRUE,TRUE,TRUE,TRUE,TRUE,TRUE,TRUE,TRUE,""
"VS_SH_A","VS","SH",0.2,988,21260988,TRUE,TRUE,TRUE,TRUE,TRUE,TRUE,TRUE,TRUE,""
"VS_SH_A","VS","SH",0.2,989,21260989,TRUE,TRUE,TRUE,TRUE,TRUE,TRUE,TRUE,TRUE,""
"VS_SH_A","VS","SH",0.2,990,21260990,TRUE,TRUE,TRUE,TRUE,TRUE,TRUE,TRUE,TRUE,""
"VS_SH_A","VS","SH",0.2,991,21260991,TRUE,TRUE,TRUE,TRUE,TRUE,TRUE,TRUE,TRUE,""
"VS_SH_A","VS","SH",0.2,992,21260992,TRUE,TRUE,TRUE,TRUE,TRUE,TRUE,TRUE,TRUE,""
"VS_SH_A","VS","SH",0.2,993,21260993,TRUE,TRUE,TRUE,TRUE,TRUE,TRUE,TRUE,TRUE,""
"VS_SH_A","VS","SH",0.2,994,21260994,TRUE,TRUE,TRUE,TRUE,TRUE,TRUE,TRUE,TRUE,""
"VS_SH_A","VS","SH",0.2,995,21260995,TRUE,TRUE,TRUE,TRUE,TRUE,TRUE,TRUE,TRUE,""
"VS_SH_A","VS","SH",0.2,996,21260996,TRUE,TRUE,TRUE,TRUE,TRUE,TRUE,TRUE,TRUE,""
"VS_SH_A","VS","SH",0.2,997,21260997,TRUE,TRUE,TRUE,TRUE,TRUE,TRUE,TRUE,TRUE,""
"VS_SH_A","VS","SH",0.2,998,21260998,TRUE,TRUE,TRUE,TRUE,TRUE,TRUE,TRUE,TRUE,""
"VS_SH_A","VS","SH",0.2,999,21260999,TRUE,TRUE,TRUE,TRUE,TRUE,TRUE,TRUE,TRUE,""
"VS_SH_A","VS","SH",0.2,1000,21261000,TRUE,TRUE,TRUE,TRUE,TRUE,TRUE,TRUE,TRUE,""
